experiment_family,orbit_unit_id,A_id,A_name,B_class,B_identity_or_perturbation_definition,segment_or_pass_id,evaluation_time,A_GP_ID,A_GP_EPOCH,A_GP_CREATION_DATE,element_age_hours,publication_age_hours,A_state_reconstruction_identity,B_state_reconstruction_identity,synthetic_construction_anchor_time,altitude_offset_km,phase_offset_s,inclination_offset_deg,physical_position_separation_km,physical_velocity_separation_km_s,delta_R_km,delta_T_km,delta_N_km,orbit_score_vector_R_km,orbit_score_vector_T_km,orbit_score_vector_N_km,freshness_bin,orbit_support_status,D2,c95,c99,rho95,rho99,orbit_decision,rtn_orthonormality_error,sign_mapping_error_km,future_publication_violation,SupGP_operational_use,orbit_scoring_status,planned_observation_rows,completed_observation_rows,condition_count,n_realizations,n_accept,n_reject,n_verifier_defer,controlled_observation_acceptance_fraction,endpoint_interpretation
active_compensation_first_pass,orbit_unit_01da1cd7d49a5bcb2184f5d8,65410,STARLINK-35024,REAL_B,44714,full_pass:65410,2026-03-10T06:43:17.500000Z,315434688,2026-03-09T16:20:35.643840,2026-03-10T03:44:43,14.378293377777778,2.97625,CAUSAL_GP:65410:315434688,STATIC_TLE:data/tle/starlink_tle.txt:44714,,0.0,0.0,0.0,13674.669227680704,14.219587196765836,-13648.459287065598,-802.3584500073548,-268.99534102320195,13648.459287065598,802.3584500073548,268.99534102320195,12-18 h,WITHIN_CALIBRATED_SUPPORT,7635692666.604853,29.005502435074128,1099.4845501122445,16224.974524905609,2635.2975266570124,ORBIT_DISTINCT,8.751006412148382e-17,0.0,0,0,SCORED,6,6,6,3,1,2,0,0.3333333333333333,conditional verifier acceptance fraction under the controlled observation model
active_compensation_first_pass,orbit_unit_0e31ce3ba8102f845414472b,47383,STARLINK-2103,REAL_B,47767,full_pass:47383,2026-03-10T15:51:15Z,315494855,2026-03-10T06:10:56.016192,2026-03-10T15:47:10,9.671939946666665,0.06805555555555555,CAUSAL_GP:47383:315494855,STATIC_TLE:data/tle/starlink_tle.txt:47767,,0.0,0.0,0.0,7184.224305216214,9.776118215363155,-3761.469972957936,-5515.401739316427,-2654.197838168916,3761.469972957936,5515.401739316427,2654.197838168916,9-12 h,WITHIN_CALIBRATED_SUPPORT,854670276.860507,31.32749048335574,948.5696084793932,5223.198091967217,949.2152289250039,ORBIT_DISTINCT,7.364392534712851e-17,0.0,0,0,SCORED,6,6,6,3,1,2,0,0.3333333333333333,conditional verifier acceptance fraction under the controlled observation model
active_compensation_first_pass,orbit_unit_4049d2046071d80eef315b42,65411,STARLINK-34983,REAL_B,47767,full_pass:65411,2026-03-10T06:25:06Z,315434188,2026-03-09T16:02:59.594784,2026-03-10T03:44:43,14.368445893333334,2.6730555555555555,CAUSAL_GP:65411:315434188,STATIC_TLE:data/tle/starlink_tle.txt:47767,,0.0,0.0,0.0,11012.67420126063,12.391117597965874,-8851.88094167205,6026.7450855256175,-2569.346323808335,8851.88094167205,-6026.7450855256175,2569.346323808335,12-18 h,WITHIN_CALIBRATED_SUPPORT,3139251158.96568,29.005502435074128,1099.4845501122445,10403.341030224728,1689.7344796342686,ORBIT_DISTINCT,2.220446049250313e-16,0.0,0,0,SCORED,6,6,6,3,1,2,0,0.3333333333333333,conditional verifier acceptance fraction under the controlled observation model
active_compensation_first_pass,orbit_unit_46004e393d4efcc97179894e,44714,STARLINK-1008,REAL_B,65411,full_pass:44714,2026-03-10T02:36:50.500000Z,315393241,2026-03-09T13:49:15.828096,2026-03-09T22:56:35,12.792964417777778,3.6709722222222223,CAUSAL_GP:44714:315393241,STATIC_TLE:data/tle/starlink_tle.txt:65411,,0.0,0.0,0.0,11958.091975708046,12.327656684873062,-10434.069644271103,-5728.383902516793,-1145.3262519387035,10434.069644271103,5728.383902516793,1145.3262519387035,12-18 h,WITHIN_CALIBRATED_SUPPORT,4436110290.407791,29.005502435074128,1099.4845501122445,12366.903476518219,2008.6607898242028,ORBIT_DISTINCT,2.220446049250313e-16,0.0,0,0,SCORED,6,6,6,3,1,2,0,0.3333333333333333,conditional verifier acceptance fraction under the controlled observation model
active_compensation_first_pass,orbit_unit_47032e8a69da01ccc8443696,65421,STARLINK-35146,REAL_B,65410,full_pass:65421,2026-03-10T06:45:29.500000Z,315434193,2026-03-09T17:56:44.636640,2026-03-10T03:44:43,12.812462044444445,3.0129166666666665,CAUSAL_GP:65421:315434193,STATIC_TLE:data/tle/starlink_tle.txt:65410,,0.0,0.0,0.0,974.3568494166067,1.0854269752706063,-69.61187282175655,971.8669735577679,0.2070627154952831,69.61187282175655,-971.8669735577679,-0.2070627154952831,12-18 h,WITHIN_CALIBRATED_SUPPORT,168191.9358300756,29.005502435074128,1099.4845501122445,76.14868153604311,12.368243278415527,ORBIT_DISTINCT,3.3306690738754696e-16,0.0,0,0,SCORED,6,6,6,3,0,3,0,0.0,conditional verifier acceptance fraction under the controlled observation model
active_compensation_first_pass,orbit_unit_5190660b1c6f5be5ed6beb87,45230,STARLINK-1227,REAL_B,47844,full_pass:45230,2026-03-10T15:10:45Z,315473124,2026-03-10T05:29:47.380704,2026-03-10T09:52:28,9.682672026666665,5.304722222222222,CAUSAL_GP:45230:315473124,STATIC_TLE:data/tle/starlink_tle.txt:47844,,0.0,0.0,0.0,11282.577764856604,12.367147683074617,-9294.669463923907,16.520181655051942,6395.733551363377,9294.669463923907,-16.520181655051942,-6395.733551363377,9-12 h,WITHIN_CALIBRATED_SUPPORT,6657046879.533952,31.32749048335574,948.5696084793932,14577.330633836196,2649.147895805891,ORBIT_DISTINCT,2.220446049250313e-16,0.0,0,0,SCORED,6,6,6,3,1,2,0,0.3333333333333333,conditional verifier acceptance fraction under the controlled observation model
active_compensation_first_pass,orbit_unit_564d0c7d33492d7174a4c984,65686,STARLINK-35137,REAL_B,48309,full_pass:65686,2026-03-10T13:17:56.500000Z,315485957,2026-03-10T00:29:40.547616,2026-03-10T09:52:28,12.804431217777777,3.4245833333333335,CAUSAL_GP:65686:315485957,STATIC_TLE:data/tle/starlink_tle.txt:48309,,0.0,0.0,0.0,9361.76440861754,2.9015567485827396,-6390.824008586625,-973.6224295033367,-6771.414970188945,6390.824008586625,973.6224295033367,6771.414970188945,12-18 h,WITHIN_CALIBRATED_SUPPORT,3230915985.51637,29.005502435074128,1099.4845501122445,10554.134784754599,1714.2267466475635,ORBIT_DISTINCT,2.220446049250313e-16,0.0,0,0,SCORED,6,6,6,3,1,2,0,0.3333333333333333,conditional verifier acceptance fraction under the controlled observation model
active_compensation_first_pass,orbit_unit_56d26dde1e75e9a35b0af9c6,44714,STARLINK-1008,REAL_B,47844,full_pass:44714,2026-03-10T02:36:50.500000Z,315393241,2026-03-09T13:49:15.828096,2026-03-09T22:56:35,12.792964417777778,3.6709722222222223,CAUSAL_GP:44714:315393241,STATIC_TLE:data/tle/starlink_tle.txt:47844,,0.0,0.0,0.0,4823.6171294105525,4.102163234688689,-1693.8811319141055,1159.7382111945394,-4364.980664743382,1693.8811319141055,-1159.7382111945394,4364.980664743382,12-18 h,WITHIN_CALIBRATED_SUPPORT,920420810.2337391,29.005502435074128,1099.4845501122445,5633.17208216144,914.95271271865,ORBIT_DISTINCT,2.220446049250313e-16,0.0,0,0,SCORED,6,6,6,3,0,3,0,0.0,conditional verifier acceptance fraction under the controlled observation model
active_compensation_first_pass,orbit_unit_5a59587eea3a53e86c0d8f3e,47749,STARLINK-2163,REAL_B,65686,full_pass:47749,2026-03-10T04:40:56Z,315422051,2026-03-09T15:51:19.111968,2026-03-10T03:44:43,12.826913342222223,0.9369444444444445,CAUSAL_GP:47749:315422051,STATIC_TLE:data/tle/starlink_tle.txt:65686,,0.0,0.0,0.0,10560.920875123415,7.279670002275467,-8136.0922677834005,-5677.17279376463,-3620.3261469750673,8136.0922677834005,5677.17279376463,3620.3261469750673,12-18 h,WITHIN_CALIBRATED_SUPPORT,2957644199.31571,29.005502435074128,1099.4845501122445,10097.939572874366,1640.1304753902286,ORBIT_DISTINCT,2.220446049250313e-16,0.0,0,0,SCORED,6,6,6,3,1,2,0,0.3333333333333333,conditional verifier acceptance fraction under the controlled observation model
active_compensation_first_pass,orbit_unit_5f74b87c88ce26a869b02d29,47383,STARLINK-2103,REAL_B,65409,full_pass:47383,2026-03-10T15:51:15Z,315494855,2026-03-10T06:10:56.016192,2026-03-10T15:47:10,9.671939946666665,0.06805555555555555,CAUSAL_GP:47383:315494855,STATIC_TLE:data/tle/starlink_tle.txt:65409,,0.0,0.0,0.0,12602.27440030722,11.627373324774174,-11595.31396124156,3629.2489514793856,3345.8281858250148,11595.31396124156,-3629.2489514793856,-3345.8281858250148,9-12 h,WITHIN_CALIBRATED_SUPPORT,6924903406.281723,31.32749048335574,948.5696084793932,14867.709149519214,2701.918574686107,ORBIT_DISTINCT,7.364392534712851e-17,0.0,0,0,SCORED,6,6,6,3,1,2,0,0.3333333333333333,conditional verifier acceptance fraction under the controlled observation model
active_compensation_first_pass,orbit_unit_5fd8bdd961cbabb35eae6be3,65421,STARLINK-35146,REAL_B,65411,full_pass:65421,2026-03-10T06:45:29.500000Z,315434193,2026-03-09T17:56:44.636640,2026-03-10T03:44:43,12.812462044444445,3.0129166666666665,CAUSAL_GP:65421:315434193,STATIC_TLE:data/tle/starlink_tle.txt:65411,,0.0,0.0,0.0,8399.282617161147,9.35563632737393,-5151.216912177994,6634.210672666248,-12.710519975611419,5151.216912177994,-6634.210672666248,12.710519975611419,12-18 h,WITHIN_CALIBRATED_SUPPORT,1054472941.622598,29.005502435074128,1099.4845501122445,6029.447578023313,979.3166864504146,ORBIT_DISTINCT,3.3306690738754696e-16,0.0,0,0,SCORED,6,6,6,3,1,2,0,0.3333333333333333,conditional verifier acceptance fraction under the controlled observation model
active_compensation_first_pass,orbit_unit_76c02f6fa9e7d19d30d96093,65686,STARLINK-35137,REAL_B,44714,full_pass:65686,2026-03-10T13:17:56.500000Z,315485957,2026-03-10T00:29:40.547616,2026-03-10T09:52:28,12.804431217777777,3.4245833333333335,CAUSAL_GP:65686:315485957,STATIC_TLE:data/tle/starlink_tle.txt:44714,,0.0,0.0,0.0,12504.517009427484,10.793871104946025,-11414.682632222179,4861.152521617589,1561.1413152810806,11414.682632222179,-4861.152521617589,-1561.1413152810806,12-18 h,WITHIN_CALIBRATED_SUPPORT,5694409047.033736,29.005502435074128,1099.4845501122445,14011.483959559457,2275.7773188945116,ORBIT_DISTINCT,2.220446049250313e-16,0.0,0,0,SCORED,6,6,6,3,1,2,0,0.3333333333333333,conditional verifier acceptance fraction under the controlled observation model
active_compensation_first_pass,orbit_unit_7eb62bffa9207967c37ce987,48309,STARLINK-2517,REAL_B,45230,full_pass:48309,2026-03-10T01:24:47Z,315394250,2026-03-09T20:00:00.999360,2026-03-09T22:56:35,5.412777955555555,2.47,CAUSAL_GP:48309:315394250,STATIC_TLE:data/tle/starlink_tle.txt:45230,,0.0,0.0,0.0,4466.07672204375,7.694791390285349,-1453.6706544777235,-3542.328865259261,-2298.8234220666855,1453.6706544777235,3542.328865259261,2298.8234220666855,0-6 h,WITHIN_CALIBRATED_SUPPORT,273916369.02528554,47.98776059005807,926.7323687698332,2389.1518375879928,543.6655658155909,ORBIT_DISTINCT,1.1102230246251565e-16,0.0,0,0,SCORED,6,6,6,3,1,2,0,0.3333333333333333,conditional verifier acceptance fraction under the controlled observation model
active_compensation_first_pass,orbit_unit_812f05a5b480962313951faf,65409,STARLINK-35022,REAL_B,65410,full_pass:65409,2026-03-10T06:43:59Z,315434187,2026-03-09T17:55:17.144544,2026-03-10T03:44:43,12.811626515555554,2.9877777777777776,CAUSAL_GP:65409:315434187,STATIC_TLE:data/tle/starlink_tle.txt:65410,,0.0,0.0,0.0,306.7891796139443,0.34229156444679726,-6.818981268131367,306.71326582841317,0.27347309018351496,6.818981268131367,-306.71326582841317,-0.27347309018351496,12-18 h,WITHIN_CALIBRATED_SUPPORT,4275.98879723855,29.005502435074128,1099.4845501122445,12.141660439634034,1.9720762998401695,ORBIT_DISTINCT,4.440892098500626e-16,0.0,0,0,SCORED,6,6,6,3,0,3,0,0.0,conditional verifier acceptance fraction under the controlled observation model
active_compensation_first_pass,orbit_unit_87895c702277a03d0e6cbe7c,65410,STARLINK-35024,REAL_B,65409,full_pass:65410,2026-03-10T06:43:17.500000Z,315434688,2026-03-09T16:20:35.643840,2026-03-10T03:44:43,14.378293377777778,2.97625,CAUSAL_GP:65410:315434688,STATIC_TLE:data/tle/starlink_tle.txt:65409,,0.0,0.0,0.0,314.6632563007331,0.35044837473496215,-6.941896219860581,-314.58666563118254,0.0689181259388505,6.941896219860581,314.58666563118254,-0.0689181259388505,12-18 h,WITHIN_CALIBRATED_SUPPORT,9498.870705892186,29.005502435074128,1099.4845501122445,18.09655019536946,2.9392831340152172,ORBIT_DISTINCT,8.751006412148382e-17,0.0,0,0,SCORED,6,6,6,3,1,2,0,0.3333333333333333,conditional verifier acceptance fraction under the controlled observation model
active_compensation_first_pass,orbit_unit_882293466ac455e595fbea29,48309,STARLINK-2517,REAL_B,65409,full_pass:48309,2026-03-10T01:24:47Z,315394250,2026-03-09T20:00:00.999360,2026-03-09T22:56:35,5.412777955555555,2.47,CAUSAL_GP:48309:315394250,STATIC_TLE:data/tle/starlink_tle.txt:65409,,0.0,0.0,0.0,11048.577811915471,5.1608416634535885,-8906.243053368631,-908.5944305368264,-6474.902509001297,8906.243053368631,908.5944305368264,6474.902509001297,0-6 h,WITHIN_CALIBRATED_SUPPORT,4346782294.490128,47.98776059005807,926.7323687698332,9517.408340810622,2165.742297872795,ORBIT_DISTINCT,1.1102230246251565e-16,0.0,0,0,SCORED,6,6,6,3,1,2,0,0.3333333333333333,conditional verifier acceptance fraction under the controlled observation model
active_compensation_first_pass,orbit_unit_8e054c39b424dc0133febc2d,65421,STARLINK-35146,REAL_B,65409,full_pass:65421,2026-03-10T06:45:29.500000Z,315434193,2026-03-09T17:56:44.636640,2026-03-10T03:44:43,12.812462044444445,3.0129166666666665,CAUSAL_GP:65421:315434193,STATIC_TLE:data/tle/starlink_tle.txt:65409,,0.0,0.0,0.0,665.1980857815463,0.7405415970033626,-32.46401053021279,664.4053784298035,0.2728759370632048,32.46401053021279,-664.4053784298035,-0.2728759370632048,12-18 h,WITHIN_CALIBRATED_SUPPORT,40577.67498414121,29.005502435074128,1099.4845501122445,37.402736978740364,6.075038213402107,ORBIT_DISTINCT,3.3306690738754696e-16,0.0,0,0,SCORED,6,6,6,3,1,2,0,0.3333333333333333,conditional verifier acceptance fraction under the controlled observation model
active_compensation_first_pass,orbit_unit_908414ff730463d4c3dca03d,48309,STARLINK-2517,REAL_B,65411,full_pass:48309,2026-03-10T01:24:47Z,315394250,2026-03-09T20:00:00.999360,2026-03-09T22:56:35,5.412777955555555,2.47,CAUSAL_GP:48309:315394250,STATIC_TLE:data/tle/starlink_tle.txt:65411,,0.0,0.0,0.0,7303.819589915447,8.441963983698301,-3888.076090145956,4641.616373261284,-4084.6104297399943,3888.076090145956,-4641.616373261284,4084.6104297399943,0-6 h,WITHIN_CALIBRATED_SUPPORT,1114851916.2258554,47.98776059005807,926.7323687698332,4819.959072839079,1096.810062598852,ORBIT_DISTINCT,1.1102230246251565e-16,0.0,0,0,SCORED,6,6,6,3,1,2,0,0.3333333333333333,conditional verifier acceptance fraction under the controlled observation model
active_compensation_first_pass,orbit_unit_914f4fbcf2c7f5d611adc32b,45230,STARLINK-1227,REAL_B,47767,full_pass:45230,2026-03-10T15:10:45Z,315473124,2026-03-10T05:29:47.380704,2026-03-10T09:52:28,9.682672026666665,5.304722222222222,CAUSAL_GP:45230:315473124,STATIC_TLE:data/tle/starlink_tle.txt:47767,,0.0,0.0,0.0,10686.506093218135,13.362007909591293,-8340.38567884704,3262.2775223770564,5830.688173403283,8340.38567884704,-3262.2775223770564,-5830.688173403283,9-12 h,WITHIN_CALIBRATED_SUPPORT,5390086126.555926,31.32749048335574,948.5696084793932,13117.01602101004,2383.763959545063,ORBIT_DISTINCT,2.220446049250313e-16,0.0,0,0,SCORED,6,6,6,3,1,2,0,0.3333333333333333,conditional verifier acceptance fraction under the controlled observation model
active_compensation_first_pass,orbit_unit_980127a2f9e6c46c3a1fbfaa,47749,STARLINK-2163,REAL_B,65411,full_pass:47749,2026-03-10T04:40:56Z,315422051,2026-03-09T15:51:19.111968,2026-03-10T03:44:43,12.826913342222223,0.9369444444444445,CAUSAL_GP:47749:315422051,STATIC_TLE:data/tle/starlink_tle.txt:65411,,0.0,0.0,0.0,3517.098496482501,3.9326971637381023,-898.2566488522687,-1876.225018380685,-2836.0000894137083,898.2566488522687,1876.225018380685,2836.0000894137083,12-18 h,WITHIN_CALIBRATED_SUPPORT,382287819.17813194,29.005502435074128,1099.4845501122445,3630.4046415298976,589.6586375468307,ORBIT_DISTINCT,2.220446049250313e-16,0.0,0,0,SCORED,6,6,6,3,1,2,0,0.3333333333333333,conditional verifier acceptance fraction under the controlled observation model
active_compensation_first_pass,orbit_unit_9dbb8257ea09b6ccfdfdcdf0,45230,STARLINK-1227,REAL_B,47749,full_pass:45230,2026-03-10T15:10:45Z,315473124,2026-03-10T05:29:47.380704,2026-03-10T09:52:28,9.682672026666665,5.304722222222222,CAUSAL_GP:45230:315473124,STATIC_TLE:data/tle/starlink_tle.txt:47749,,0.0,0.0,0.0,12390.398539010108,7.556316294185812,-11204.554956885255,4286.865850227423,-3098.823221126976,11204.554956885255,-4286.865850227423,3098.823221126976,9-12 h,WITHIN_CALIBRATED_SUPPORT,5440296020.9349985,31.32749048335574,948.5696084793932,13177.968417124455,2394.8408786303735,ORBIT_DISTINCT,2.220446049250313e-16,0.0,0,0,SCORED,6,6,6,3,0,3,0,0.0,conditional verifier acceptance fraction under the controlled observation model
active_compensation_first_pass,orbit_unit_9ec992b05608500bb3c0c8d2,65686,STARLINK-35137,REAL_B,65421,full_pass:65686,2026-03-10T13:17:56.500000Z,315485957,2026-03-10T00:29:40.547616,2026-03-10T09:52:28,12.804431217777777,3.4245833333333335,CAUSAL_GP:65686:315485957,STATIC_TLE:data/tle/starlink_tle.txt:65421,,0.0,0.0,0.0,1142.5495239333763,9.609293758555348,-94.20976703251478,-1138.655524066292,-2.7444397209391695,94.20976703251478,1138.655524066292,2.7444397209391695,12-18 h,WITHIN_CALIBRATED_SUPPORT,552715.9358497836,29.005502435074128,1099.4845501122445,138.04185820671248,22.42107480346899,ORBIT_DISTINCT,2.220446049250313e-16,0.0,0,0,SCORED,6,6,6,3,1,2,0,0.3333333333333333,conditional verifier acceptance fraction under the controlled observation model
active_compensation_first_pass,orbit_unit_aefff8a8a226f04ac8eef7cb,47749,STARLINK-2163,REAL_B,65407,full_pass:47749,2026-03-10T04:40:56Z,315422051,2026-03-09T15:51:19.111968,2026-03-10T03:44:43,12.826913342222223,0.9369444444444445,CAUSAL_GP:47749:315422051,STATIC_TLE:data/tle/starlink_tle.txt:65407,,0.0,0.0,0.0,13461.026507133076,14.885382215730463,-13227.822886426344,633.0842092517482,2413.1184585657584,13227.822886426344,-633.0842092517482,-2413.1184585657584,12-18 h,WITHIN_CALIBRATED_SUPPORT,7970496361.31303,29.005502435074128,1099.4845501122445,16576.868317311528,2692.4529224543858,ORBIT_DISTINCT,2.220446049250313e-16,0.0,0,0,SCORED,6,6,6,3,1,2,0,0.3333333333333333,conditional verifier acceptance fraction under the controlled observation model
active_compensation_first_pass,orbit_unit_bad0101daeedaba5b2591566,47383,STARLINK-2103,REAL_B,65686,full_pass:47383,2026-03-10T15:51:15Z,315494855,2026-03-10T06:10:56.016192,2026-03-10T15:47:10,9.671939946666665,0.06805555555555555,CAUSAL_GP:47383:315494855,STATIC_TLE:data/tle/starlink_tle.txt:65686,,0.0,0.0,0.0,13436.797147225354,14.411147036823685,-13178.129195082263,-2582.442187979025,464.1345054507592,13178.129195082263,2582.442187979025,-464.1345054507592,9-12 h,WITHIN_CALIBRATED_SUPPORT,7715843674.723241,31.32749048335574,948.5696084793932,15693.828655775904,2852.0498165888075,ORBIT_DISTINCT,7.364392534712851e-17,0.0,0,0,SCORED,6,6,6,3,0,3,0,0.0,conditional verifier acceptance fraction under the controlled observation model
active_compensation_first_pass,orbit_unit_d23e0d0252de24848cc52f85,65411,STARLINK-34983,REAL_B,48672,full_pass:65411,2026-03-10T06:25:06Z,315434188,2026-03-09T16:02:59.594784,2026-03-10T03:44:43,14.368445893333334,2.6730555555555555,CAUSAL_GP:65411:315434188,STATIC_TLE:data/tle/starlink_tle.txt:48672,,0.0,0.0,0.0,6746.010259721554,12.498898660980464,-3326.1170901742407,-1252.2661127953565,5733.8842950886,3326.1170901742407,1252.2661127953565,-5733.8842950886,12-18 h,WITHIN_CALIBRATED_SUPPORT,2337684572.1737766,29.005502435074128,1099.4845501122445,8977.445120882403,1458.1371999348698,ORBIT_DISTINCT,2.220446049250313e-16,0.0,0,0,SCORED,6,6,6,3,1,2,0,0.3333333333333333,conditional verifier acceptance fraction under the controlled observation model
active_compensation_first_pass,orbit_unit_dbeb05d0681cba5b1dc7478b,65409,STARLINK-35022,REAL_B,47749,full_pass:65409,2026-03-10T06:43:59Z,315434187,2026-03-09T17:55:17.144544,2026-03-10T03:44:43,12.811626515555554,2.9877777777777776,CAUSAL_GP:65409:315434187,STATIC_TLE:data/tle/starlink_tle.txt:47749,,0.0,0.0,0.0,9651.670877256254,11.081704458859086,-6797.787943062761,5967.637066326038,-3366.3240557971603,6797.787943062761,-5967.637066326038,3366.3240557971603,12-18 h,WITHIN_CALIBRATED_SUPPORT,2056108491.2081394,29.005502435074128,1099.4845501122445,8419.432450685588,1367.5035038784815,ORBIT_DISTINCT,4.440892098500626e-16,0.0,0,0,SCORED,6,6,6,3,1,2,0,0.3333333333333333,conditional verifier acceptance fraction under the controlled observation model
active_compensation_first_pass,orbit_unit_e2b37b89d4b81f8ac8862c45,44714,STARLINK-1008,REAL_B,47383,full_pass:44714,2026-03-10T02:36:50.500000Z,315393241,2026-03-09T13:49:15.828096,2026-03-09T22:56:35,12.792964417777778,3.6709722222222223,CAUSAL_GP:44714:315393241,STATIC_TLE:data/tle/starlink_tle.txt:47383,,0.0,0.0,0.0,10716.116032861048,5.518267895491907,-8376.835395607373,-939.0731736923708,-6616.790245964612,8376.835395607373,939.0731736923708,6616.790245964612,12-18 h,WITHIN_CALIBRATED_SUPPORT,4155071442.345272,29.005502435074128,1099.4845501122445,11968.75704695101,1943.992934754527,ORBIT_DISTINCT,2.220446049250313e-16,0.0,0,0,SCORED,6,6,6,3,1,2,0,0.3333333333333333,conditional verifier acceptance fraction under the controlled observation model
active_compensation_first_pass,orbit_unit_eb1128fc4b1dd9e1e9207806,65410,STARLINK-35024,REAL_B,45230,full_pass:65410,2026-03-10T06:43:17.500000Z,315434688,2026-03-09T16:20:35.643840,2026-03-10T03:44:43,14.378293377777778,2.97625,CAUSAL_GP:65410:315434688,STATIC_TLE:data/tle/starlink_tle.txt:45230,,0.0,0.0,0.0,10312.006344914493,4.090970012933194,-7756.251775869432,-3132.451367228105,-6030.404769070632,7756.251775869432,3132.451367228105,6030.404769070632,12-18 h,WITHIN_CALIBRATED_SUPPORT,3535753590.6366425,29.005502435074128,1099.4845501122445,11040.806515792303,1793.273083954833,ORBIT_DISTINCT,8.751006412148382e-17,0.0,0,0,SCORED,6,6,6,3,1,2,0,0.3333333333333333,conditional verifier acceptance fraction under the controlled observation model
active_compensation_first_pass,orbit_unit_f3e2e8716089c32e74376a09,65409,STARLINK-35022,REAL_B,65686,full_pass:65409,2026-03-10T06:43:59Z,315434187,2026-03-09T17:55:17.144544,2026-03-10T03:44:43,12.811626515555554,2.9877777777777776,CAUSAL_GP:65409:315434187,STATIC_TLE:data/tle/starlink_tle.txt:65686,,0.0,0.0,0.0,7548.48059400171,4.6404047065437855,-4154.4733955951015,2568.850166233844,-5755.07766296453,4154.4733955951015,-2568.850166233844,5755.07766296453,12-18 h,WITHIN_CALIBRATED_SUPPORT,1928712693.3299396,29.005502435074128,1099.4845501122445,8154.429324127579,1324.4610890566462,ORBIT_DISTINCT,4.440892098500626e-16,0.0,0,0,SCORED,6,6,6,3,1,2,0,0.3333333333333333,conditional verifier acceptance fraction under the controlled observation model
active_compensation_first_pass,orbit_unit_f72f9c4076eb5344fbd47a41,65411,STARLINK-34983,REAL_B,65409,full_pass:65411,2026-03-10T06:25:06Z,315434188,2026-03-09T16:02:59.594784,2026-03-10T03:44:43,14.368445893333334,2.6730555555555555,CAUSAL_GP:65411:315434188,STATIC_TLE:data/tle/starlink_tle.txt:65409,,0.0,0.0,0.0,7864.204755452809,8.762718834176113,-4509.89247567806,-6442.550464603064,-11.393180058065354,4509.89247567806,6442.550464603064,11.393180058065354,12-18 h,WITHIN_CALIBRATED_SUPPORT,873516522.606071,29.005502435074128,1099.4845501122445,5487.763233096736,891.3350743854714,ORBIT_DISTINCT,2.220446049250313e-16,0.0,0,0,SCORED,6,6,6,3,1,2,0,0.3333333333333333,conditional verifier acceptance fraction under the controlled observation model
controlled_altitude_difference_synthetic_B,orbit_unit_014b0ae5ec235b24b834462a,65409,STARLINK-35022,SYNTHETIC_RELATIVE_TO_A,same_plane_altitude_offset:-1km,same_tle_65409_20260312T054045Z:segment:2,2026-03-12T05:43:14.500000Z,315679331,2026-03-11T20:03:20.806272,2026-03-12T03:14:55,9.664914924444444,2.4720833333333334,CAUSAL_GP:65409:315679331,SYNTHETIC_RELATIVE_TO_CAUSAL_A:FROZEN_ORIGINAL_PERTURBATION_RULE,2026-03-12T05:43:15Z,-1.0,0.0,0.0,1.0026705277691372,0.005493374460424152,-1.002670523822463,8.895914179279929e-05,-8.361052395988722e-07,1.002670523822463,-8.895914179279929e-05,8.361052395988722e-07,9-12 h,WITHIN_CALIBRATED_SUPPORT,45.78887162273936,31.32749048335574,948.5696084793932,1.2089745740201985,0.21970774549178146,AMBIGUOUS,2.220446049250313e-16,0.0,0,0,SCORED,60,60,3,60,54,6,0,0.9,conditional verifier acceptance fraction under the controlled observation model
controlled_altitude_difference_synthetic_B,orbit_unit_03779746f55e02ccb0c3d491,65410,STARLINK-35024,SYNTHETIC_RELATIVE_TO_A,same_plane_altitude_offset:+50km,same_tle_65410_20260311T110240Z:segment:3,2026-03-11T11:06:09.500000Z,315555532,2026-03-10T17:24:38.025504,2026-03-11T02:43:10,17.69207624888889,8.383194444444445,CAUSAL_GP:65410:315555532,SYNTHETIC_RELATIVE_TO_CAUSAL_A:FROZEN_ORIGINAL_PERTURBATION_RULE,2026-03-11T11:06:10Z,50.0,0.0,0.0,50.0015251971302,0.02913508543748053,50.00150724797837,0.042367081628844616,2.70178454542247e-06,-50.00150724797837,-0.042367081628844616,-2.70178454542247e-06,12-18 h,WITHIN_CALIBRATED_SUPPORT,102904.47040267938,29.005502435074128,1099.4845501122445,59.56304949838591,9.674366932428743,ORBIT_DISTINCT,1.1102230246251565e-16,0.0,0,0,SCORED,60,60,3,60,15,45,0,0.25,conditional verifier acceptance fraction under the controlled observation model
controlled_altitude_difference_synthetic_B,orbit_unit_048236fb17f762f9eb125d3c,65410,STARLINK-35024,SYNTHETIC_RELATIVE_TO_A,same_plane_altitude_offset:+1km,same_tle_65410_20260310T064015Z:segment:3,2026-03-10T06:43:44.500000Z,315434688,2026-03-09T16:20:35.643840,2026-03-10T03:44:43,14.385793377777778,2.98375,CAUSAL_GP:65410:315434688,SYNTHETIC_RELATIVE_TO_CAUSAL_A:FROZEN_ORIGINAL_PERTURBATION_RULE,2026-03-10T06:43:45Z,1.0,0.0,0.0,0.9979154962901691,0.004703754185666542,0.9979141435725806,0.0016431048439896345,-5.736894456154218e-07,-0.9979141435725806,-0.0016431048439896345,5.736894456154218e-07,12-18 h,WITHIN_CALIBRATED_SUPPORT,39.00398431491155,29.005502435074128,1099.4845501122445,1.15961624354287,0.18834752644997452,AMBIGUOUS,4.440892098500626e-16,0.0,0,0,SCORED,60,60,3,60,54,6,0,0.9,conditional verifier acceptance fraction under the controlled observation model
controlled_altitude_difference_synthetic_B,orbit_unit_05a56ce33e45876cb6ec1a67,65409,STARLINK-35022,SYNTHETIC_RELATIVE_TO_A,same_plane_altitude_offset:+1km,same_tle_65409_20260310T113340Z:segment:3,2026-03-10T11:37:09.500000Z,315434187,2026-03-09T17:55:17.144544,2026-03-10T03:44:43,17.697876515555556,7.874027777777778,CAUSAL_GP:65409:315434187,SYNTHETIC_RELATIVE_TO_CAUSAL_A:FROZEN_ORIGINAL_PERTURBATION_RULE,2026-03-10T11:37:10Z,1.0,0.0,0.0,1.0018884689443244,0.004136838013787838,1.001887487840633,0.0014021071619151615,2.7375820539909945e-06,-1.001887487840633,-0.0014021071619151615,-2.7375820539909945e-06,12-18 h,WITHIN_CALIBRATED_SUPPORT,39.32168294659802,29.005502435074128,1099.4845501122445,1.1643293689061185,0.18911304306718255,AMBIGUOUS,2.220446049250313e-16,0.0,0,0,SCORED,60,60,3,60,50,10,0,0.8333333333333334,conditional verifier acceptance fraction under the controlled observation model
controlled_altitude_difference_synthetic_B,orbit_unit_079d8cca96262f8e28da8b4a,65410,STARLINK-35024,SYNTHETIC_RELATIVE_TO_A,same_plane_altitude_offset:-100km,same_tle_65410_20260312T085425Z:segment:3,2026-03-12T08:57:54.500000Z,315679831,2026-03-11T16:54:40.030272,2026-03-12T03:14:55,16.054019368888888,5.716527777777777,CAUSAL_GP:65410:315679831,SYNTHETIC_RELATIVE_TO_CAUSAL_A:FROZEN_ORIGINAL_PERTURBATION_RULE,2026-03-12T08:57:55Z,-100.0,0.0,0.0,100.0000652476888,0.05532515035979712,-100.00003043766472,-0.08343864898928355,1.376514191520073e-06,100.00003043766472,0.08343864898928355,-1.376514191520073e-06,12-18 h,WITHIN_CALIBRATED_SUPPORT,412298.01245903515,29.005502435074128,1099.4845501122445,119.22447651801222,19.36471256719724,ORBIT_DISTINCT,2.220446049250313e-16,0.0,0,0,SCORED,60,60,3,60,30,30,0,0.5,conditional verifier acceptance fraction under the controlled observation model
controlled_altitude_difference_synthetic_B,orbit_unit_07a9f0974b302b53b5a7a64a,65410,STARLINK-35024,SYNTHETIC_RELATIVE_TO_A,same_plane_altitude_offset:+2km,same_tle_65410_20260311T110240Z:segment:3,2026-03-11T11:06:09.500000Z,315555532,2026-03-10T17:24:38.025504,2026-03-11T02:43:10,17.69207624888889,8.383194444444445,CAUSAL_GP:65410:315555532,SYNTHETIC_RELATIVE_TO_CAUSAL_A:FROZEN_ORIGINAL_PERTURBATION_RULE,2026-03-11T11:06:10Z,2.0,0.0,0.0,2.001508689138323,0.003825915901745285,2.0015073777892534,0.0022911447015713238,2.711822384537932e-06,-2.0015073777892534,-0.0022911447015713238,-2.711822384537932e-06,12-18 h,WITHIN_CALIBRATED_SUPPORT,160.68217507517565,29.005502435074128,1099.4845501122445,2.353659609475375,0.3822867849759567,AMBIGUOUS,1.1102230246251565e-16,0.0,0,0,SCORED,60,60,3,60,52,8,0,0.8666666666666667,conditional verifier acceptance fraction under the controlled observation model
controlled_altitude_difference_synthetic_B,orbit_unit_08104ebe27c3d3f0bd5b6d7a,65686,STARLINK-35137,SYNTHETIC_RELATIVE_TO_A,same_plane_altitude_offset:-10km,same_tle_65686_20260312T121505Z:segment:2,2026-03-12T12:17:34.500000Z,315682814,2026-03-11T21:55:43.056192,2026-03-12T07:26:32,14.364289946666668,4.850694444444445,CAUSAL_GP:65686:315682814,SYNTHETIC_RELATIVE_TO_CAUSAL_A:FROZEN_ORIGINAL_PERTURBATION_RULE,2026-03-12T12:17:35Z,-10.0,0.0,0.0,10.002997709137087,0.007059376227607311,-10.002994938369211,-0.007445264339579261,-8.282850947338716e-07,10.002994938369211,0.007445264339579261,8.282850947338716e-07,12-18 h,WITHIN_CALIBRATED_SUPPORT,4146.929627032866,29.005502435074128,1099.4845501122445,11.957024975150514,1.9420873847796438,ORBIT_DISTINCT,3.3306690738754696e-16,0.0,0,0,SCORED,60,60,3,60,42,18,0,0.7,conditional verifier acceptance fraction under the controlled observation model
controlled_altitude_difference_synthetic_B,orbit_unit_0850cd1e6005e545dbf2f917,65421,STARLINK-35146,SYNTHETIC_RELATIVE_TO_A,same_plane_altitude_offset:-5km,same_tle_65421_20260310T131350Z:segment:2,2026-03-10T13:16:19.500000Z,315434193,2026-03-09T17:56:44.636640,2026-03-10T03:44:43,19.326350933333334,9.526805555555555,CAUSAL_GP:65421:315434193,SYNTHETIC_RELATIVE_TO_CAUSAL_A:FROZEN_ORIGINAL_PERTURBATION_RULE,2026-03-10T13:16:20Z,-5.0,0.0,0.0,4.997054473981594,0.005937606729955547,-4.9970534500958745,-0.0031988768092294784,3.39701031348838e-06,4.9970534500958745,0.0031988768092294784,-3.39701031348838e-06,18-24 h,WITHIN_CALIBRATED_SUPPORT,1394.3592708034762,37.65263471646583,1467.668474883233,6.0854074068037765,0.9747053758828365,AMBIGUOUS,2.220446049250313e-16,0.0,0,0,SCORED,60,60,3,60,49,11,0,0.8166666666666667,conditional verifier acceptance fraction under the controlled observation model
controlled_altitude_difference_synthetic_B,orbit_unit_0896674fef775013dcd4a2dc,65421,STARLINK-35146,SYNTHETIC_RELATIVE_TO_A,same_plane_altitude_offset:+50km,same_tle_65421_20260310T064225Z:segment:3,2026-03-10T06:45:54.500000Z,315434193,2026-03-09T17:56:44.636640,2026-03-10T03:44:43,12.81940648888889,3.019861111111111,CAUSAL_GP:65421:315434193,SYNTHETIC_RELATIVE_TO_CAUSAL_A:FROZEN_ORIGINAL_PERTURBATION_RULE,2026-03-10T06:45:55Z,50.0,0.0,0.0,49.997714546901776,0.02973881481886945,49.99769642210107,0.04257225498440498,-6.238017036253041e-07,-49.99769642210107,-0.04257225498440498,6.238017036253041e-07,12-18 h,WITHIN_CALIBRATED_SUPPORT,102888.79134671605,29.005502435074128,1099.4845501122445,59.55851165878257,9.673629886126164,ORBIT_DISTINCT,1.1102230246251565e-16,0.0,0,0,SCORED,60,60,3,60,23,37,0,0.38333333333333336,conditional verifier acceptance fraction under the controlled observation model
controlled_altitude_difference_synthetic_B,orbit_unit_0a7d5bcb7b2b1613a7fad7f9,44714,STARLINK-1008,SYNTHETIC_RELATIVE_TO_A,same_plane_altitude_offset:-50km,same_tle_44714_20260310T090420Z:segment:3,2026-03-10T09:07:49.500000Z,315443210,2026-03-09T21:39:16.344864,2026-03-10T08:26:21,11.475876426666668,0.69125,CAUSAL_GP:44714:315443210,SYNTHETIC_RELATIVE_TO_CAUSAL_A:FROZEN_ORIGINAL_PERTURBATION_RULE,2026-03-10T09:07:50Z,-50.0,0.0,0.0,49.997310180828016,0.026604675317162707,-49.99729343765769,-0.04091731501424434,3.4231219920854983e-06,49.99729343765769,0.04091731501424434,-3.4231219920854983e-06,9-12 h,WITHIN_CALIBRATED_SUPPORT,109236.28615092247,31.32749048335574,948.5696084793932,59.05010305093766,10.731214114154005,ORBIT_DISTINCT,2.220446049250313e-16,0.0,0,0,SCORED,60,60,3,60,12,48,0,0.2,conditional verifier acceptance fraction under the controlled observation model
controlled_altitude_difference_synthetic_B,orbit_unit_0be345ff0c35b47addd05814,65410,STARLINK-35024,SYNTHETIC_RELATIVE_TO_A,same_plane_altitude_offset:+20km,same_tle_65410_20260310T131135Z:segment:2,2026-03-10T13:14:04.500000Z,315434688,2026-03-09T16:20:35.643840,2026-03-10T03:44:43,20.891348933333333,9.489305555555555,CAUSAL_GP:65410:315434688,SYNTHETIC_RELATIVE_TO_CAUSAL_A:FROZEN_ORIGINAL_PERTURBATION_RULE,2026-03-10T13:14:05Z,20.0,0.0,0.0,20.003020056569344,0.014214762386751532,20.003012329544596,0.017582024679763997,3.243460961144251e-06,-20.003012329544596,-0.017582024679763997,-3.243460961144251e-06,18-24 h,WITHIN_CALIBRATED_SUPPORT,22710.30271222999,37.65263471646583,1467.668474883233,24.559175128613266,3.9336659692403857,ORBIT_DISTINCT,2.220446049250313e-16,0.0,0,0,SCORED,60,60,3,60,34,26,0,0.5666666666666667,conditional verifier acceptance fraction under the controlled observation model
controlled_altitude_difference_synthetic_B,orbit_unit_0cf791521928209967a08a48,44714,STARLINK-1008,SYNTHETIC_RELATIVE_TO_A,same_plane_altitude_offset:+5km,same_tle_44714_20260311T034020Z:segment:3,2026-03-11T03:43:49.500000Z,315542230,2026-03-10T16:27:18.322272,2026-03-11T02:43:10,11.275327146666667,1.0109722222222222,CAUSAL_GP:44714:315542230,SYNTHETIC_RELATIVE_TO_CAUSAL_A:FROZEN_ORIGINAL_PERTURBATION_RULE,2026-03-11T03:43:50Z,5.0,0.0,0.0,4.997927865763655,0.006030605105734098,4.997925389918613,0.004974754631082989,-3.1128111199763e-07,-4.997925389918613,-0.004974754631082989,3.1128111199763e-07,9-12 h,WITHIN_CALIBRATED_SUPPORT,1082.6831547921431,31.32749048335574,948.5696084793932,5.878789184483632,1.0683562298993297,ORBIT_DISTINCT,2.220446049250313e-16,0.0,0,0,SCORED,60,60,3,60,55,5,0,0.9166666666666666,conditional verifier acceptance fraction under the controlled observation model
controlled_altitude_difference_synthetic_B,orbit_unit_0d66fdb2340fc6341cd1ed9e,65686,STARLINK-35137,SYNTHETIC_RELATIVE_TO_A,same_plane_altitude_offset:-2km,same_tle_65686_20260312T152900Z:segment:3,2026-03-12T15:32:29.500000Z,315682814,2026-03-11T21:55:43.056192,2026-03-12T07:26:32,17.61290105777778,8.099305555555556,CAUSAL_GP:65686:315682814,SYNTHETIC_RELATIVE_TO_CAUSAL_A:FROZEN_ORIGINAL_PERTURBATION_RULE,2026-03-12T15:32:30Z,-2.0,0.0,0.0,2.0005129944333984,0.0010304334683352648,-2.000512666056811,-0.0011462293648055316,1.1810634973352663e-06,2.000512666056811,0.0011462293648055316,-1.1810634973352663e-06,12-18 h,WITHIN_CALIBRATED_SUPPORT,169.93096416249065,29.005502435074128,1099.4845501122445,2.4204497140131402,0.3931349867419043,AMBIGUOUS,2.220446049250313e-16,0.0,0,0,SCORED,60,60,3,60,49,11,0,0.8166666666666667,conditional verifier acceptance fraction under the controlled observation model
controlled_altitude_difference_synthetic_B,orbit_unit_0d7f59dc2c168fe16e2ac110,44714,STARLINK-1008,SYNTHETIC_RELATIVE_TO_A,same_plane_altitude_offset:-10km,same_tle_44714_20260310T023440Z:segment:2,2026-03-10T02:37:09.500000Z,315393241,2026-03-09T13:49:15.828096,2026-03-09T22:56:35,12.798242195555556,3.67625,CAUSAL_GP:44714:315393241,SYNTHETIC_RELATIVE_TO_CAUSAL_A:FROZEN_ORIGINAL_PERTURBATION_RULE,2026-03-10T02:37:10Z,-10.0,0.0,0.0,10.002920265104246,0.006821463428728282,-10.002917568760974,-0.007344562976713043,-9.587903839758383e-07,10.002917568760974,0.007344562976713043,9.587903839758383e-07,12-18 h,WITHIN_CALIBRATED_SUPPORT,4146.864479177558,29.005502435074128,1099.4845501122445,11.956931052940291,1.9420721297191246,ORBIT_DISTINCT,2.6059418842835023e-17,0.0,0,0,SCORED,60,60,3,60,38,22,0,0.6333333333333333,conditional verifier acceptance fraction under the controlled observation model
controlled_altitude_difference_synthetic_B,orbit_unit_0e680a091ecbb149a3721ae2,44714,STARLINK-1008,SYNTHETIC_RELATIVE_TO_A,same_plane_altitude_offset:+0km,same_tle_44714_20260311T034020Z:segment:3,2026-03-11T03:43:49.500000Z,315542230,2026-03-10T16:27:18.322272,2026-03-11T02:43:10,11.275327146666667,1.0109722222222222,CAUSAL_GP:44714:315542230,SYNTHETIC_RELATIVE_TO_CAUSAL_A:FROZEN_ORIGINAL_PERTURBATION_RULE,2026-03-11T03:43:50Z,0.0,0.0,0.0,0.0022209577802955256,0.004443381232629114,-0.0020746083201432413,0.0007928768409618619,-3.080811699117999e-07,0.0020746083201432413,-0.0007928768409618619,3.080811699117999e-07,9-12 h,WITHIN_CALIBRATED_SUPPORT,0.2304396697314603,31.32749048335574,948.5696084793932,0.08576613093199051,0.015586335454483888,NOT_ORBIT_DISTINCT,2.220446049250313e-16,0.0,0,0,SCORED,60,60,3,0,0,0,0,,conditional verifier acceptance fraction under the controlled observation model
controlled_altitude_difference_synthetic_B,orbit_unit_104a12044c8bcebaae8a485b,65686,STARLINK-35137,SYNTHETIC_RELATIVE_TO_A,same_plane_altitude_offset:-20km,same_tle_65686_20260312T152900Z:segment:3,2026-03-12T15:32:29.500000Z,315682814,2026-03-11T21:55:43.056192,2026-03-12T07:26:32,17.61290105777778,8.099305555555556,CAUSAL_GP:65686:315682814,SYNTHETIC_RELATIVE_TO_CAUSAL_A:FROZEN_ORIGINAL_PERTURBATION_RULE,2026-03-12T15:32:30Z,-20.0,0.0,0.0,20.00051925949159,0.010166082560169707,-20.000512685231676,-0.01621657113205366,1.1892909448363298e-06,20.000512685231676,0.01621657113205366,-1.1892909448363298e-06,12-18 h,WITHIN_CALIBRATED_SUPPORT,16530.69214544081,29.005502435074128,1099.4845501122445,23.872907903375975,3.8774923840592814,ORBIT_DISTINCT,2.220446049250313e-16,0.0,0,0,SCORED,60,60,3,60,34,26,0,0.5666666666666667,conditional verifier acceptance fraction under the controlled observation model
controlled_altitude_difference_synthetic_B,orbit_unit_10780a34d54db871a7ed064a,65686,STARLINK-35137,SYNTHETIC_RELATIVE_TO_A,same_plane_altitude_offset:-50km,same_tle_65686_20260311T142130Z:segment:3,2026-03-11T14:24:59.500000Z,315558516,2026-03-10T22:25:41.529216,2026-03-11T07:06:59,15.988325217777778,7.300138888888889,CAUSAL_GP:65686:315558516,SYNTHETIC_RELATIVE_TO_CAUSAL_A:FROZEN_ORIGINAL_PERTURBATION_RULE,2026-03-11T14:25:00Z,-50.0,0.0,0.0,50.00154392121619,0.02682785947339463,-50.001526934476985,-0.04121560485331521,9.274643275603012e-10,50.001526934476985,0.04121560485331521,-9.274643275603012e-10,12-18 h,WITHIN_CALIBRATED_SUPPORT,103139.75963815836,29.005502435074128,1099.4845501122445,59.63110554332003,9.685420751133584,ORBIT_DISTINCT,3.3306690738754696e-16,0.0,0,0,SCORED,60,60,3,60,0,60,0,0.0,conditional verifier acceptance fraction under the controlled observation model
controlled_altitude_difference_synthetic_B,orbit_unit_113aa09bd9189ab226f50cd1,65686,STARLINK-35137,SYNTHETIC_RELATIVE_TO_A,same_plane_altitude_offset:-20km,same_tle_65686_20260312T121505Z:segment:2,2026-03-12T12:17:34.500000Z,315682814,2026-03-11T21:55:43.056192,2026-03-12T07:26:32,14.364289946666668,4.850694444444445,CAUSAL_GP:65686:315682814,SYNTHETIC_RELATIVE_TO_CAUSAL_A:FROZEN_ORIGINAL_PERTURBATION_RULE,2026-03-12T12:17:35Z,-20.0,0.0,0.0,20.003001206871872,0.011087851172119283,-20.002994952645903,-0.015817918302902356,-8.215667168798291e-07,20.002994952645903,0.015817918302902356,8.215667168798291e-07,12-18 h,WITHIN_CALIBRATED_SUPPORT,16534.77976946491,29.005502435074128,1099.4845501122445,23.875859305509476,3.8779717575541763,ORBIT_DISTINCT,3.3306690738754696e-16,0.0,0,0,SCORED,60,60,3,60,32,28,0,0.5333333333333333,conditional verifier acceptance fraction under the controlled observation model
controlled_altitude_difference_synthetic_B,orbit_unit_1248193680489a0bbb080cd9,65409,STARLINK-35022,SYNTHETIC_RELATIVE_TO_A,same_plane_altitude_offset:+5km,same_tle_65409_20260310T064055Z:segment:3,2026-03-10T06:44:24.500000Z,315434187,2026-03-09T17:55:17.144544,2026-03-10T03:44:43,12.818709848888888,2.994861111111111,CAUSAL_GP:65409:315434187,SYNTHETIC_RELATIVE_TO_CAUSAL_A:FROZEN_ORIGINAL_PERTURBATION_RULE,2026-03-10T06:44:25Z,5.0,0.0,0.0,4.997898784048135,0.006096547327852991,4.997896290665556,0.004992328208400343,-5.834932848003405e-07,-4.997896290665556,-0.004992328208400343,5.834932848003405e-07,12-18 h,WITHIN_CALIBRATED_SUPPORT,1017.8515477479513,29.005502435074128,1099.4845501122445,5.923822327619222,0.962160791338521,AMBIGUOUS,4.440892098500626e-16,0.0,0,0,SCORED,60,60,3,60,50,10,0,0.8333333333333334,conditional verifier acceptance fraction under the controlled observation model
controlled_altitude_difference_synthetic_B,orbit_unit_1266d01a3134a6027999109d,65421,STARLINK-35146,SYNTHETIC_RELATIVE_TO_A,same_plane_altitude_offset:-100km,same_tle_65421_20260312T085635Z:segment:3,2026-03-12T09:00:04.500000Z,315679337,2026-03-11T13:48:47.386944,2026-03-12T03:14:55,19.18808696,5.752638888888889,CAUSAL_GP:65421:315679337,SYNTHETIC_RELATIVE_TO_CAUSAL_A:FROZEN_ORIGINAL_PERTURBATION_RULE,2026-03-12T09:00:05Z,-100.0,0.0,0.0,99.99956993536664,0.05553012907024683,-99.99953504448149,-0.08353529670370163,1.4133584897990659e-06,99.99953504448149,0.08353529670370163,-1.4133584897990659e-06,18-24 h,WITHIN_CALIBRATED_SUPPORT,565329.9665541447,37.65263471646583,1467.668474883233,122.53307090686057,19.62623616667263,ORBIT_DISTINCT,1.1102230246251565e-16,0.0,0,0,SCORED,60,60,3,60,23,37,0,0.38333333333333336,conditional verifier acceptance fraction under the controlled observation model
controlled_altitude_difference_synthetic_B,orbit_unit_126fb126e25f4fcb1512de00,65421,STARLINK-35146,SYNTHETIC_RELATIVE_TO_A,same_plane_altitude_offset:+50km,same_tle_65421_20260310T131350Z:segment:2,2026-03-10T13:16:19.500000Z,315434193,2026-03-09T17:56:44.636640,2026-03-10T03:44:43,19.326350933333334,9.526805555555555,CAUSAL_GP:65421:315434193,SYNTHETIC_RELATIVE_TO_CAUSAL_A:FROZEN_ORIGINAL_PERTURBATION_RULE,2026-03-10T13:16:20Z,50.0,0.0,0.0,50.0029646714666,0.030284119379031166,50.00294641827129,0.04272502095755826,3.3947109727705538e-06,-50.00294641827129,-0.04272502095755826,-3.3947109727705538e-06,18-24 h,WITHIN_CALIBRATED_SUPPORT,141630.97631502166,37.65263471646583,1467.668474883233,61.331196723789596,9.823474939273384,ORBIT_DISTINCT,2.220446049250313e-16,0.0,0,0,SCORED,60,60,3,60,21,39,0,0.35,conditional verifier acceptance fraction under the controlled observation model
controlled_altitude_difference_synthetic_B,orbit_unit_132dffb681ee839bb071cf98,65421,STARLINK-35146,SYNTHETIC_RELATIVE_TO_A,same_plane_altitude_offset:-100km,same_tle_65421_20260310T131350Z:segment:2,2026-03-10T13:16:19.500000Z,315434193,2026-03-09T17:56:44.636640,2026-03-10T03:44:43,19.326350933333334,9.526805555555555,CAUSAL_GP:65421:315434193,SYNTHETIC_RELATIVE_TO_CAUSAL_A:FROZEN_ORIGINAL_PERTURBATION_RULE,2026-03-10T13:16:20Z,-100.0,0.0,0.0,99.99708837252274,0.05469682050103991,-99.99705395956397,-0.0829601721794404,3.4012645286907173e-06,99.99705395956397,0.0829601721794404,-3.4012645286907173e-06,18-24 h,WITHIN_CALIBRATED_SUPPORT,565301.827101567,37.65263471646583,1467.668474883233,122.53002131047482,19.625747709977333,ORBIT_DISTINCT,2.220446049250313e-16,0.0,0,0,SCORED,60,60,3,60,0,60,0,0.0,conditional verifier acceptance fraction under the controlled observation model
controlled_altitude_difference_synthetic_B,orbit_unit_137260a1123a0f3748758fa0,65686,STARLINK-35137,SYNTHETIC_RELATIVE_TO_A,same_plane_altitude_offset:+0km,same_tle_65686_20260311T142130Z:segment:3,2026-03-11T14:24:59.500000Z,315558516,2026-03-10T22:25:41.529216,2026-03-11T07:06:59,15.988325217777778,7.300138888888889,CAUSAL_GP:65686:315558516,SYNTHETIC_RELATIVE_TO_CAUSAL_A:FROZEN_ORIGINAL_PERTURBATION_RULE,2026-03-11T14:25:00Z,0.0,0.0,0.0,0.00167445600298711,0.003351967884422495,-0.0015268094823870679,0.0006874996069497572,-2.960457678460003e-08,0.0015268094823870679,-0.0006874996069497572,2.960457678460003e-08,12-18 h,WITHIN_CALIBRATED_SUPPORT,0.3199528843116508,29.005502435074128,1099.4845501122445,0.10502744932550187,0.01705879889140843,NOT_ORBIT_DISTINCT,3.3306690738754696e-16,0.0,0,0,SCORED,60,60,3,0,0,0,0,,conditional verifier acceptance fraction under the controlled observation model
controlled_altitude_difference_synthetic_B,orbit_unit_149230a58adce7a7a059dca0,65409,STARLINK-35022,SYNTHETIC_RELATIVE_TO_A,same_plane_altitude_offset:+0km,same_tle_65409_20260310T064055Z:segment:3,2026-03-10T06:44:24.500000Z,315434187,2026-03-09T17:55:17.144544,2026-03-10T03:44:43,12.818709848888888,2.994861111111111,CAUSAL_GP:65409:315434187,SYNTHETIC_RELATIVE_TO_CAUSAL_A:FROZEN_ORIGINAL_PERTURBATION_RULE,2026-03-10T06:44:25Z,0.0,0.0,0.0,0.002254615365531861,0.004509715411888893,-0.0021037075627571605,0.0008109898891206976,-5.802022859631786e-07,0.0021037075627571605,-0.0008109898891206976,5.802022859631786e-07,12-18 h,WITHIN_CALIBRATED_SUPPORT,0.3214172920857356,29.005502435074128,1099.4845501122445,0.10526752752967695,0.01709779294324473,NOT_ORBIT_DISTINCT,4.440892098500626e-16,0.0,0,0,SCORED,60,60,3,0,0,0,0,,conditional verifier acceptance fraction under the controlled observation model
controlled_altitude_difference_synthetic_B,orbit_unit_154e14b7a22c30461694b5f5,44714,STARLINK-1008,SYNTHETIC_RELATIVE_TO_A,same_plane_altitude_offset:+10km,same_tle_44714_20260310T023440Z:segment:2,2026-03-10T02:37:09.500000Z,315393241,2026-03-09T13:49:15.828096,2026-03-09T22:56:35,12.798242195555556,3.67625,CAUSAL_GP:44714:315393241,SYNTHETIC_RELATIVE_TO_CAUSAL_A:FROZEN_ORIGINAL_PERTURBATION_RULE,2026-03-10T02:37:10Z,10.0,0.0,0.0,9.997086832939104,0.009592223104632217,9.997082428761614,0.009383915454775238,-9.726143073152116e-07,-9.997082428761614,-0.009383915454775238,9.726143073152116e-07,12-18 h,WITHIN_CALIBRATED_SUPPORT,4095.0266064806315,29.005502435074128,1099.4845501122445,11.881962230623433,1.9298955218776306,ORBIT_DISTINCT,2.6059418842835023e-17,0.0,0,0,SCORED,60,60,3,60,46,14,0,0.7666666666666667,conditional verifier acceptance fraction under the controlled observation model
controlled_altitude_difference_synthetic_B,orbit_unit_172edf74dc3868de3ce2944e,44714,STARLINK-1008,SYNTHETIC_RELATIVE_TO_A,same_plane_altitude_offset:+20km,same_tle_44714_20260312T044740Z:segment:3,2026-03-12T04:51:09.500000Z,315665530,2026-03-11T12:49:19.719264,2026-03-12T03:14:55,16.03049464888889,1.6040277777777778,CAUSAL_GP:44714:315665530,SYNTHETIC_RELATIVE_TO_CAUSAL_A:FROZEN_ORIGINAL_PERTURBATION_RULE,2026-03-12T04:51:10Z,20.0,0.0,0.0,19.998980199785212,0.012528454455581064,19.99897269093448,0.01733028150613869,8.070131478632447e-07,-19.99897269093448,-0.01733028150613869,-8.070131478632447e-07,12-18 h,WITHIN_CALIBRATED_SUPPORT,16434.074082273073,29.005502435074128,1099.4845501122445,23.803039857092653,3.866144255944802,ORBIT_DISTINCT,2.220446049250313e-16,0.0,0,0,SCORED,60,60,3,60,34,26,0,0.5666666666666667,conditional verifier acceptance fraction under the controlled observation model
controlled_altitude_difference_synthetic_B,orbit_unit_175781d0994bf0d32ce39ec4,44714,STARLINK-1008,SYNTHETIC_RELATIVE_TO_A,same_plane_altitude_offset:+10km,same_tle_44714_20260312T044740Z:segment:3,2026-03-12T04:51:09.500000Z,315665530,2026-03-11T12:49:19.719264,2026-03-12T03:14:55,16.03049464888889,1.6040277777777778,CAUSAL_GP:44714:315665530,SYNTHETIC_RELATIVE_TO_CAUSAL_A:FROZEN_ORIGINAL_PERTURBATION_RULE,2026-03-12T04:51:10Z,10.0,0.0,0.0,9.998976733503353,0.0071043836868489455,9.998972706941164,0.008973460111995513,8.120712360337734e-07,-9.998972706941164,-0.008973460111995513,-8.120712360337734e-07,12-18 h,WITHIN_CALIBRATED_SUPPORT,4096.574491251579,29.005502435074128,1099.4845501122445,11.884207658124359,1.9302602293556237,ORBIT_DISTINCT,2.220446049250313e-16,0.0,0,0,SCORED,60,60,3,60,49,11,0,0.8166666666666667,conditional verifier acceptance fraction under the controlled observation model
controlled_altitude_difference_synthetic_B,orbit_unit_18ca0f468fe7f62d4fae1b6e,65686,STARLINK-35137,SYNTHETIC_RELATIVE_TO_A,same_plane_altitude_offset:+1km,same_tle_65686_20260312T152900Z:segment:3,2026-03-12T15:32:29.500000Z,315682814,2026-03-11T21:55:43.056192,2026-03-12T07:26:32,17.61290105777778,8.099305555555556,CAUSAL_GP:65686:315682814,SYNTHETIC_RELATIVE_TO_CAUSAL_A:FROZEN_ORIGINAL_PERTURBATION_RULE,2026-03-12T15:32:30Z,1.0,0.0,0.0,0.9994882640344781,0.0019204943858643398,0.9994873339039221,0.0013635640405365926,1.1796934809016335e-06,-0.9994873339039221,-0.0013635640405365926,-1.1796934809016335e-06,12-18 h,WITHIN_CALIBRATED_SUPPORT,39.1293616147176,29.005502435074128,1099.4845501122445,1.161478526405084,0.18865000269813098,AMBIGUOUS,2.220446049250313e-16,0.0,0,0,SCORED,60,60,3,60,48,12,0,0.8,conditional verifier acceptance fraction under the controlled observation model
controlled_altitude_difference_synthetic_B,orbit_unit_1914dd2da65b26dad8845e23,65410,STARLINK-35024,SYNTHETIC_RELATIVE_TO_A,same_plane_altitude_offset:-5km,same_tle_65410_20260310T064015Z:segment:3,2026-03-10T06:43:44.500000Z,315434688,2026-03-09T16:20:35.643840,2026-03-10T03:44:43,14.385793377777778,2.98375,CAUSAL_GP:65410:315434688,SYNTHETIC_RELATIVE_TO_CAUSAL_A:FROZEN_ORIGINAL_PERTURBATION_RULE,2026-03-10T06:43:45Z,-5.0,0.0,0.0,5.00208699637683,0.004331454410578781,-5.002085857063991,-0.003376074977783361,-5.697442069241276e-07,5.002085857063991,0.003376074977783361,5.697442069241276e-07,12-18 h,WITHIN_CALIBRATED_SUPPORT,1043.0949133518457,29.005502435074128,1099.4845501122445,5.996829722688869,0.9740188196737506,AMBIGUOUS,4.440892098500626e-16,0.0,0,0,SCORED,60,60,3,60,50,10,0,0.8333333333333334,conditional verifier acceptance fraction under the controlled observation model
controlled_altitude_difference_synthetic_B,orbit_unit_193838f67fb99f57f6d11648,44714,STARLINK-1008,SYNTHETIC_RELATIVE_TO_A,same_plane_altitude_offset:+100km,same_tle_44714_20260310T023440Z:segment:2,2026-03-10T02:37:09.500000Z,315393241,2026-03-09T13:49:15.828096,2026-03-09T22:56:35,12.798242195555556,3.67625,CAUSAL_GP:44714:315393241,SYNTHETIC_RELATIVE_TO_CAUSAL_A:FROZEN_ORIGINAL_PERTURBATION_RULE,2026-03-10T02:37:10Z,100.0,0.0,0.0,99.99711750958389,0.0574903870611316,99.99708192272917,0.08436328893381173,-1.034627281626399e-06,-99.99708192272917,-0.08436328893381173,1.034627281626399e-06,12-18 h,WITHIN_CALIBRATED_SUPPORT,411803.2955826596,29.005502435074128,1099.4845501122445,119.15292625254666,19.35309120918995,ORBIT_DISTINCT,2.6059418842835023e-17,0.0,0,0,SCORED,60,60,3,60,7,53,0,0.11666666666666667,conditional verifier acceptance fraction under the controlled observation model
controlled_altitude_difference_synthetic_B,orbit_unit_19b54ae915fb4b12e26fbc62,65421,STARLINK-35146,SYNTHETIC_RELATIVE_TO_A,same_plane_altitude_offset:-10km,same_tle_65421_20260310T064225Z:segment:3,2026-03-10T06:45:54.500000Z,315434193,2026-03-09T17:56:44.636640,2026-03-10T03:44:43,12.81940648888889,3.019861111111111,CAUSAL_GP:65421:315434193,SYNTHETIC_RELATIVE_TO_CAUSAL_A:FROZEN_ORIGINAL_PERTURBATION_RULE,2026-03-10T06:45:55Z,-10.0,0.0,0.0,10.002306293287488,0.006052606375106851,-10.002303450610846,-0.007540997051169729,-5.842162078550928e-07,10.002303450610846,0.007540997051169729,5.842162078550928e-07,12-18 h,WITHIN_CALIBRATED_SUPPORT,4146.35913043394,29.005502435074128,1099.4845501122445,11.956202477867084,1.9419537928868875,ORBIT_DISTINCT,1.1102230246251565e-16,0.0,0,0,SCORED,60,60,3,60,57,3,0,0.95,conditional verifier acceptance fraction under the controlled observation model
controlled_altitude_difference_synthetic_B,orbit_unit_1a3847d3ce2dbf750f30c99f,65410,STARLINK-35024,SYNTHETIC_RELATIVE_TO_A,same_plane_altitude_offset:-1km,same_tle_65410_20260312T085425Z:segment:3,2026-03-12T08:57:54.500000Z,315679831,2026-03-11T16:54:40.030272,2026-03-12T03:14:55,16.054019368888888,5.716527777777777,CAUSAL_GP:65410:315679831,SYNTHETIC_RELATIVE_TO_CAUSAL_A:FROZEN_ORIGINAL_PERTURBATION_RULE,2026-03-12T08:57:55Z,-1.0,0.0,0.0,1.0000299707330467,0.0005029427277252182,-1.0000299214523696,-0.0003139466967693738,1.3332429168455562e-06,1.0000299214523696,0.0003139466967693738,-1.3332429168455562e-06,12-18 h,WITHIN_CALIBRATED_SUPPORT,43.87706630389768,29.005502435074128,1099.4845501122445,1.2299249021981413,0.19976721983515633,AMBIGUOUS,2.220446049250313e-16,0.0,0,0,SCORED,60,60,3,60,55,5,0,0.9166666666666666,conditional verifier acceptance fraction under the controlled observation model
controlled_altitude_difference_synthetic_B,orbit_unit_1a61d163e1d68cf96e38cb99,65686,STARLINK-35137,SYNTHETIC_RELATIVE_TO_A,same_plane_altitude_offset:+2km,same_tle_65686_20260312T121505Z:segment:2,2026-03-12T12:17:34.500000Z,315682814,2026-03-11T21:55:43.056192,2026-03-12T07:26:32,14.364289946666668,4.850694444444445,CAUSAL_GP:65686:315682814,SYNTHETIC_RELATIVE_TO_CAUSAL_A:FROZEN_ORIGINAL_PERTURBATION_RULE,2026-03-12T12:17:35Z,2.0,0.0,0.0,1.9970067497046484,0.0066783183915789905,1.997005065194875,0.0025938294542104945,-8.36343728494171e-07,-1.997005065194875,-0.0025938294542104945,8.36343728494171e-07,12-18 h,WITHIN_CALIBRATED_SUPPORT,159.95182531930868,29.005502435074128,1099.4845501122445,2.3483044650363287,0.38141699014987257,AMBIGUOUS,3.3306690738754696e-16,0.0,0,0,SCORED,60,60,3,60,50,10,0,0.8333333333333334,conditional verifier acceptance fraction under the controlled observation model
controlled_altitude_difference_synthetic_B,orbit_unit_1ad0338c12e81dcf562a18aa,65410,STARLINK-35024,SYNTHETIC_RELATIVE_TO_A,same_plane_altitude_offset:-2km,same_tle_65410_20260311T110240Z:segment:3,2026-03-11T11:06:09.500000Z,315555532,2026-03-10T17:24:38.025504,2026-03-11T02:43:10,17.69207624888889,8.383194444444445,CAUSAL_GP:65410:315555532,SYNTHETIC_RELATIVE_TO_CAUSAL_A:FROZEN_ORIGINAL_PERTURBATION_RULE,2026-03-11T11:06:10Z,-2.0,0.0,0.0,1.9984929002889875,0.0030094960082592843,-1.998492621908837,-0.0010548336706053818,2.7126631831908554e-06,1.998492621908837,0.0010548336706053818,-2.7126631831908554e-06,12-18 h,WITHIN_CALIBRATED_SUPPORT,169.59319723221807,29.005502435074128,1099.4845501122445,2.418042988045892,0.3927440807975471,AMBIGUOUS,1.1102230246251565e-16,0.0,0,0,SCORED,60,60,3,60,56,4,0,0.9333333333333333,conditional verifier acceptance fraction under the controlled observation model
controlled_altitude_difference_synthetic_B,orbit_unit_1af9047b5f1a3511468caf8c,65409,STARLINK-35022,SYNTHETIC_RELATIVE_TO_A,same_plane_altitude_offset:+50km,same_tle_65409_20260310T064055Z:segment:3,2026-03-10T06:44:24.500000Z,315434187,2026-03-09T17:55:17.144544,2026-03-10T03:44:43,12.818709848888888,2.994861111111111,CAUSAL_GP:65409:315434187,SYNTHETIC_RELATIVE_TO_CAUSAL_A:FROZEN_ORIGINAL_PERTURBATION_RULE,2026-03-10T06:44:25Z,50.0,0.0,0.0,49.997914272109746,0.029652074889386842,49.99789616113787,0.042556096031511004,-6.130668097625858e-07,-49.99789616113787,-0.042556096031511004,6.130668097625858e-07,12-18 h,WITHIN_CALIBRATED_SUPPORT,102889.61291940117,29.005502435074128,1099.4845501122445,59.55874944731145,9.673668508283694,ORBIT_DISTINCT,4.440892098500626e-16,0.0,0,0,SCORED,60,60,3,60,15,45,0,0.25,conditional verifier acceptance fraction under the controlled observation model
controlled_altitude_difference_synthetic_B,orbit_unit_1c3afa2b436f61e9a34d497e,65421,STARLINK-35146,SYNTHETIC_RELATIVE_TO_A,same_plane_altitude_offset:+10km,same_tle_65421_20260312T085635Z:segment:3,2026-03-12T09:00:04.500000Z,315679337,2026-03-11T13:48:47.386944,2026-03-12T03:14:55,19.18808696,5.752638888888889,CAUSAL_GP:65421:315679337,SYNTHETIC_RELATIVE_TO_CAUSAL_A:FROZEN_ORIGINAL_PERTURBATION_RULE,2026-03-12T09:00:05Z,10.0,0.0,0.0,10.000469325321856,0.006494416982767349,10.000465467296518,0.00878431052000378,1.3658972815022707e-06,-10.000465467296518,-0.00878431052000378,-1.3658972815022707e-06,18-24 h,WITHIN_CALIBRATED_SUPPORT,5695.389140864941,37.65263471646583,1467.668474883233,12.298836155694296,1.9699160494422379,ORBIT_DISTINCT,1.1102230246251565e-16,0.0,0,0,SCORED,60,60,3,60,37,23,0,0.6166666666666667,conditional verifier acceptance fraction under the controlled observation model
controlled_altitude_difference_synthetic_B,orbit_unit_1d4cd5e8f7bed996791dac46,65686,STARLINK-35137,SYNTHETIC_RELATIVE_TO_A,same_plane_altitude_offset:-10km,same_tle_65686_20260310T131505Z:segment:2,2026-03-10T13:17:34.500000Z,315485957,2026-03-10T00:29:40.547616,2026-03-10T09:52:28,12.798320106666665,3.4184722222222224,CAUSAL_GP:65686:315485957,SYNTHETIC_RELATIVE_TO_CAUSAL_A:FROZEN_ORIGINAL_PERTURBATION_RULE,2026-03-10T13:17:35Z,-10.0,0.0,0.0,10.002789512735644,0.0066679017174602895,-10.002786769874252,-0.007407598940252669,-8.741901229569748e-07,10.002786769874252,0.007407598940252669,8.741901229569748e-07,12-18 h,WITHIN_CALIBRATED_SUPPORT,4146.757090188604,29.005502435074128,1099.4845501122445,11.956776231019251,1.9420469831880802,ORBIT_DISTINCT,2.220446049250313e-16,0.0,0,0,SCORED,60,60,3,60,48,12,0,0.8,conditional verifier acceptance fraction under the controlled observation model
controlled_altitude_difference_synthetic_B,orbit_unit_1db8dbc83919c44a023b10ce,65410,STARLINK-35024,SYNTHETIC_RELATIVE_TO_A,same_plane_altitude_offset:+0km,same_tle_65410_20260312T085425Z:segment:3,2026-03-12T08:57:54.500000Z,315679831,2026-03-11T16:54:40.030272,2026-03-12T03:14:55,16.054019368888888,5.716527777777777,CAUSAL_GP:65410:315679831,SYNTHETIC_RELATIVE_TO_CAUSAL_A:FROZEN_ORIGINAL_PERTURBATION_RULE,2026-03-12T08:57:55Z,0.0,0.0,0.0,0.0005234605385645248,0.0010584583004783375,-2.992146418012635e-05,0.0005226029707506653,1.3328083729705164e-06,2.992146418012635e-05,-0.0005226029707506653,-1.3328083729705164e-06,12-18 h,WITHIN_CALIBRATED_SUPPORT,0.31630838437070397,29.005502435074128,1099.4845501122445,0.10442756599919391,0.016961364467479104,NOT_ORBIT_DISTINCT,2.220446049250313e-16,0.0,0,0,SCORED,60,60,3,0,0,0,0,,conditional verifier acceptance fraction under the controlled observation model
controlled_altitude_difference_synthetic_B,orbit_unit_1f6bde3e365d98903139cf85,65410,STARLINK-35024,SYNTHETIC_RELATIVE_TO_A,same_plane_altitude_offset:-10km,same_tle_65410_20260311T110240Z:segment:3,2026-03-11T11:06:09.500000Z,315555532,2026-03-10T17:24:38.025504,2026-03-11T02:43:10,17.69207624888889,8.383194444444445,CAUSAL_GP:65410:315555532,SYNTHETIC_RELATIVE_TO_CAUSAL_A:FROZEN_ORIGINAL_PERTURBATION_RULE,2026-03-11T11:06:10Z,-10.0,0.0,0.0,9.998495629588161,0.0052721144624210715,-9.998492626221896,-0.007749727258270056,2.7143476541979794e-06,9.998492626221896,0.007749727258270056,-2.7143476541979794e-06,12-18 h,WITHIN_CALIBRATED_SUPPORT,4143.212413460533,29.005502435074128,1099.4845501122445,11.951664770822687,1.9412167681148338,ORBIT_DISTINCT,1.1102230246251565e-16,0.0,0,0,SCORED,60,60,3,60,46,14,0,0.7666666666666667,conditional verifier acceptance fraction under the controlled observation model
controlled_altitude_difference_synthetic_B,orbit_unit_2096590a2716ff52b2c471a7,44714,STARLINK-1008,SYNTHETIC_RELATIVE_TO_A,same_plane_altitude_offset:-1km,same_tle_44714_20260312T044740Z:segment:3,2026-03-12T04:51:09.500000Z,315665530,2026-03-11T12:49:19.719264,2026-03-12T03:14:55,16.03049464888889,1.6040277777777778,CAUSAL_GP:44714:315665530,SYNTHETIC_RELATIVE_TO_CAUSAL_A:FROZEN_ORIGINAL_PERTURBATION_RULE,2026-03-12T04:51:10Z,-1.0,0.0,0.0,1.0010273127176703,0.0021644143836379065,-1.0010272871878905,-0.0002260781829394043,8.176399158288383e-07,1.0010272871878905,0.0002260781829394043,-8.176399158288383e-07,12-18 h,WITHIN_CALIBRATED_SUPPORT,43.9615539975485,29.005502435074128,1099.4845501122445,1.231108476584606,0.1999594586980573,AMBIGUOUS,2.220446049250313e-16,0.0,0,0,SCORED,60,60,3,60,55,5,0,0.9166666666666666,conditional verifier acceptance fraction under the controlled observation model
controlled_altitude_difference_synthetic_B,orbit_unit_20aac10f8879d59b257891be,65686,STARLINK-35137,SYNTHETIC_RELATIVE_TO_A,same_plane_altitude_offset:-5km,same_tle_65686_20260312T121505Z:segment:2,2026-03-12T12:17:34.500000Z,315682814,2026-03-11T21:55:43.056192,2026-03-12T07:26:32,14.364289946666668,4.850694444444445,CAUSAL_GP:65686:315682814,SYNTHETIC_RELATIVE_TO_CAUSAL_A:FROZEN_ORIGINAL_PERTURBATION_RULE,2026-03-12T12:17:35Z,-5.0,0.0,0.0,5.002995998022354,0.006062435575799089,-5.002994935091822,-0.0032612378879142145,-8.316441491018622e-07,5.002994935091822,0.0032612378879142145,8.316441491018622e-07,12-18 h,WITHIN_CALIBRATED_SUPPORT,1043.471159121749,29.005502435074128,1099.4845501122445,5.9979111575433635,0.974194468799912,AMBIGUOUS,3.3306690738754696e-16,0.0,0,0,SCORED,60,60,3,60,48,12,0,0.8,conditional verifier acceptance fraction under the controlled observation model
controlled_altitude_difference_synthetic_B,orbit_unit_21fe09de21d8bac2d32a9fe7,65409,STARLINK-35022,SYNTHETIC_RELATIVE_TO_A,same_plane_altitude_offset:-100km,same_tle_65409_20260310T113340Z:segment:3,2026-03-10T11:37:09.500000Z,315434187,2026-03-09T17:55:17.144544,2026-03-10T03:44:43,17.697876515555556,7.874027777777778,CAUSAL_GP:65409:315434187,SYNTHETIC_RELATIVE_TO_CAUSAL_A:FROZEN_ORIGINAL_PERTURBATION_RULE,2026-03-10T11:37:10Z,-100.0,0.0,0.0,99.99814779424284,0.0553545163026971,-99.99811302754046,-0.08338591292474007,2.7582468788978076e-06,99.99811302754046,0.08338591292474007,-2.7582468788978076e-06,12-18 h,WITHIN_CALIBRATED_SUPPORT,412282.202376448,29.005502435074128,1099.4845501122445,119.22219059031706,19.36434128158493,ORBIT_DISTINCT,2.220446049250313e-16,0.0,0,0,SCORED,60,60,3,60,0,60,0,0.0,conditional verifier acceptance fraction under the controlled observation model
controlled_altitude_difference_synthetic_B,orbit_unit_23235fe4183d87fb128c05e8,65409,STARLINK-35022,SYNTHETIC_RELATIVE_TO_A,same_plane_altitude_offset:-20km,same_tle_65409_20260312T054045Z:segment:2,2026-03-12T05:43:14.500000Z,315679331,2026-03-11T20:03:20.806272,2026-03-12T03:14:55,9.664914924444444,2.4720833333333334,CAUSAL_GP:65409:315679331,SYNTHETIC_RELATIVE_TO_CAUSAL_A:FROZEN_ORIGINAL_PERTURBATION_RULE,2026-03-12T05:43:15Z,-20.0,0.0,0.0,20.002676793594375,0.010744521895893706,-20.002670542145054,-0.015814278385304803,-8.233177233307742e-07,20.002670542145054,0.015814278385304803,8.233177233307742e-07,9-12 h,WITHIN_CALIBRATED_SUPPORT,17504.453627605944,31.32749048335574,948.5696084793932,23.63804071745564,4.295756706119398,ORBIT_DISTINCT,2.220446049250313e-16,0.0,0,0,SCORED,60,60,3,60,33,27,0,0.55,conditional verifier acceptance fraction under the controlled observation model
controlled_altitude_difference_synthetic_B,orbit_unit_2454efedbe2b4c146ac36c1c,65410,STARLINK-35024,SYNTHETIC_RELATIVE_TO_A,same_plane_altitude_offset:+1km,same_tle_65410_20260310T131135Z:segment:2,2026-03-10T13:14:04.500000Z,315434688,2026-03-09T16:20:35.643840,2026-03-10T03:44:43,20.891348933333333,9.489305555555555,CAUSAL_GP:65410:315434688,SYNTHETIC_RELATIVE_TO_CAUSAL_A:FROZEN_ORIGINAL_PERTURBATION_RULE,2026-03-10T13:14:05Z,1.0,0.0,0.0,1.003013801494774,0.0064451067089155755,1.0030123518475365,0.0017052916885759717,3.244731792528821e-06,-1.0030123518475365,-0.0017052916885759717,-3.244731792528821e-06,18-24 h,WITHIN_CALIBRATED_SUPPORT,61.08382033369554,37.65263471646583,1467.668474883233,1.2736949004809879,0.2040088992801603,AMBIGUOUS,2.220446049250313e-16,0.0,0,0,SCORED,60,60,3,60,51,9,0,0.85,conditional verifier acceptance fraction under the controlled observation model
controlled_altitude_difference_synthetic_B,orbit_unit_2476edfaa6d10a6b15667dd5,65421,STARLINK-35146,SYNTHETIC_RELATIVE_TO_A,same_plane_altitude_offset:-100km,same_tle_65421_20260310T064225Z:segment:3,2026-03-10T06:45:54.500000Z,315434193,2026-03-09T17:56:44.636640,2026-03-10T03:44:43,12.81940648888889,3.019861111111111,CAUSAL_GP:65421:315434193,SYNTHETIC_RELATIVE_TO_CAUSAL_A:FROZEN_ORIGINAL_PERTURBATION_RULE,2026-03-10T06:45:55Z,-100.0,0.0,0.0,100.00233850791513,0.05491191953750117,-100.00230395876062,-0.08312635740917429,-5.245537479936502e-07,100.00230395876062,0.08312635740917429,5.245537479936502e-07,12-18 h,WITHIN_CALIBRATED_SUPPORT,412316.7148803929,29.005502435074128,1099.4845501122445,119.22718058284231,19.36515176760077,ORBIT_DISTINCT,1.1102230246251565e-16,0.0,0,0,SCORED,60,60,3,60,0,60,0,0.0,conditional verifier acceptance fraction under the controlled observation model
controlled_altitude_difference_synthetic_B,orbit_unit_24dc44c52e25ef861f0f786a,65409,STARLINK-35022,SYNTHETIC_RELATIVE_TO_A,same_plane_altitude_offset:-5km,same_tle_65409_20260312T054045Z:segment:2,2026-03-12T05:43:14.500000Z,315679331,2026-03-11T20:03:20.806272,2026-03-12T03:14:55,9.664914924444444,2.4720833333333334,CAUSAL_GP:65409:315679331,SYNTHETIC_RELATIVE_TO_CAUSAL_A:FROZEN_ORIGINAL_PERTURBATION_RULE,2026-03-12T05:43:15Z,-5.0,0.0,0.0,5.002671585000618,0.005421011926000144,-5.002670524597724,-0.0032572523758247485,-8.334142296284597e-07,5.002670524597724,0.0032572523758247485,8.334142296284597e-07,9-12 h,WITHIN_CALIBRATED_SUPPORT,1101.3378159771817,31.32749048335574,948.5696084793932,5.929218737987062,1.07752082586726,ORBIT_DISTINCT,2.220446049250313e-16,0.0,0,0,SCORED,60,60,3,60,42,18,0,0.7,conditional verifier acceptance fraction under the controlled observation model
controlled_altitude_difference_synthetic_B,orbit_unit_262e462ce54f12f06223a1fb,65410,STARLINK-35024,SYNTHETIC_RELATIVE_TO_A,same_plane_altitude_offset:-50km,same_tle_65410_20260312T085425Z:segment:3,2026-03-12T08:57:54.500000Z,315679831,2026-03-11T16:54:40.030272,2026-03-12T03:14:55,16.054019368888888,5.716527777777777,CAUSAL_GP:65410:315679831,SYNTHETIC_RELATIVE_TO_CAUSAL_A:FROZEN_ORIGINAL_PERTURBATION_RULE,2026-03-12T08:57:55Z,-50.0,0.0,0.0,50.000047170683516,0.02697876285740198,-50.000030047476045,-0.041380213481511,1.3546028903022034e-06,50.000030047476045,0.041380213481511,-1.3546028903022034e-06,12-18 h,WITHIN_CALIBRATED_SUPPORT,103133.59867287448,29.005502435074128,1099.4845501122445,59.629324510191275,9.685131471653243,ORBIT_DISTINCT,2.220446049250313e-16,0.0,0,0,SCORED,60,60,3,60,37,23,0,0.6166666666666667,conditional verifier acceptance fraction under the controlled observation model
controlled_altitude_difference_synthetic_B,orbit_unit_26335abb52c1f826482f9e03,65421,STARLINK-35146,SYNTHETIC_RELATIVE_TO_A,same_plane_altitude_offset:-1km,same_tle_65421_20260312T085635Z:segment:3,2026-03-12T09:00:04.500000Z,315679337,2026-03-11T13:48:47.386944,2026-03-12T03:14:55,19.18808696,5.752638888888889,CAUSAL_GP:65421:315679337,SYNTHETIC_RELATIVE_TO_CAUSAL_A:FROZEN_ORIGINAL_PERTURBATION_RULE,2026-03-12T09:00:05Z,-1.0,0.0,0.0,0.9995346128250318,0.0009743836412527897,-0.9995345270857102,-0.00041400115086035524,1.3706176640870815e-06,0.9995345270857102,0.00041400115086035524,-1.3706176640870815e-06,18-24 h,WITHIN_CALIBRATED_SUPPORT,53.20892966432833,37.65263471646583,1467.668474883233,1.1887610746570334,0.1904049692405139,AMBIGUOUS,1.1102230246251565e-16,0.0,0,0,SCORED,60,60,3,60,50,10,0,0.8333333333333334,conditional verifier acceptance fraction under the controlled observation model
controlled_altitude_difference_synthetic_B,orbit_unit_2a0f2654b7f8156be143251e,44714,STARLINK-1008,SYNTHETIC_RELATIVE_TO_A,same_plane_altitude_offset:+1km,same_tle_44714_20260310T023440Z:segment:2,2026-03-10T02:37:09.500000Z,315393241,2026-03-09T13:49:15.828096,2026-03-09T22:56:35,12.798242195555556,3.67625,CAUSAL_GP:44714:315393241,SYNTHETIC_RELATIVE_TO_CAUSAL_A:FROZEN_ORIGINAL_PERTURBATION_RULE,2026-03-10T02:37:10Z,1.0,0.0,0.0,0.9970841681590861,0.006387879100618213,0.9970824349324008,0.001859123943510288,-9.663957237227017e-07,-0.9970824349324008,-0.001859123943510288,9.663957237227017e-07,12-18 h,WITHIN_CALIBRATED_SUPPORT,38.937867261596764,29.005502435074128,1099.4845501122445,1.1586329731205696,0.18818782141574183,AMBIGUOUS,2.6059418842835023e-17,0.0,0,0,SCORED,60,60,3,60,43,17,0,0.7166666666666667,conditional verifier acceptance fraction under the controlled observation model
controlled_altitude_difference_synthetic_B,orbit_unit_2a3462e7cdd9353d1c919dc8,65686,STARLINK-35137,SYNTHETIC_RELATIVE_TO_A,same_plane_altitude_offset:+5km,same_tle_65686_20260310T131505Z:segment:2,2026-03-10T13:17:34.500000Z,315485957,2026-03-10T00:29:40.547616,2026-03-10T09:52:28,12.798320106666665,3.4184722222222224,CAUSAL_GP:65686:315485957,SYNTHETIC_RELATIVE_TO_CAUSAL_A:FROZEN_ORIGINAL_PERTURBATION_RULE,2026-03-10T13:17:35Z,5.0,0.0,0.0,4.997215876267902,0.0072914233433750905,4.997213232210575,0.005140607234378924,-8.843788870116498e-07,-4.997213232210575,-0.005140607234378924,8.843788870116498e-07,12-18 h,WITHIN_CALIBRATED_SUPPORT,1017.5727529057441,29.005502435074128,1099.4845501122445,5.9230109891578415,0.9620290118872019,AMBIGUOUS,2.220446049250313e-16,0.0,0,0,SCORED,60,60,3,60,53,7,0,0.8833333333333333,conditional verifier acceptance fraction under the controlled observation model
controlled_altitude_difference_synthetic_B,orbit_unit_2aec8a4115d346f393ab960d,44714,STARLINK-1008,SYNTHETIC_RELATIVE_TO_A,same_plane_altitude_offset:-20km,same_tle_44714_20260310T023440Z:segment:2,2026-03-10T02:37:09.500000Z,315393241,2026-03-09T13:49:15.828096,2026-03-09T22:56:35,12.798242195555556,3.67625,CAUSAL_GP:44714:315393241,SYNTHETIC_RELATIVE_TO_CAUSAL_A:FROZEN_ORIGINAL_PERTURBATION_RULE,2026-03-10T02:37:10Z,-20.0,0.0,0.0,20.002923758393734,0.010834045746384368,-20.00291758291635,-0.0157179886610761,-9.51871975019003e-07,20.00291758291635,0.0157179886610761,9.51871975019003e-07,12-18 h,WITHIN_CALIBRATED_SUPPORT,16534.649674679327,29.005502435074128,1099.4845501122445,23.875765378316313,3.8779565016843165,ORBIT_DISTINCT,2.6059418842835023e-17,0.0,0,0,SCORED,60,60,3,60,32,28,0,0.5333333333333333,conditional verifier acceptance fraction under the controlled observation model
controlled_altitude_difference_synthetic_B,orbit_unit_2ba38718dd0b0a254d662465,65409,STARLINK-35022,SYNTHETIC_RELATIVE_TO_A,same_plane_altitude_offset:+1km,same_tle_65409_20260312T054045Z:segment:2,2026-03-12T05:43:14.500000Z,315679331,2026-03-11T20:03:20.806272,2026-03-12T03:14:55,9.664914924444444,2.4720833333333334,CAUSAL_GP:65409:315679331,SYNTHETIC_RELATIVE_TO_CAUSAL_A:FROZEN_ORIGINAL_PERTURBATION_RULE,2026-03-12T05:43:15Z,1.0,0.0,0.0,0.9973310318960272,0.005856876157166866,0.9973294759515257,0.0017616981433530854,-8.374501783148247e-07,-0.9973294759515257,-0.0017616981433530854,8.374501783148247e-07,9-12 h,WITHIN_CALIBRATED_SUPPORT,42.00627518160865,31.32749048335574,948.5696084793932,1.1579619346349808,0.21043718494256994,AMBIGUOUS,2.220446049250313e-16,0.0,0,0,SCORED,60,60,3,60,51,9,0,0.85,conditional verifier acceptance fraction under the controlled observation model
controlled_altitude_difference_synthetic_B,orbit_unit_2d8b60f97c93de2a7a2494e8,44714,STARLINK-1008,SYNTHETIC_RELATIVE_TO_A,same_plane_altitude_offset:-10km,same_tle_44714_20260310T090420Z:segment:3,2026-03-10T09:07:49.500000Z,315443210,2026-03-09T21:39:16.344864,2026-03-10T08:26:21,11.475876426666668,0.69125,CAUSAL_GP:44714:315443210,SYNTHETIC_RELATIVE_TO_CAUSAL_A:FROZEN_ORIGINAL_PERTURBATION_RULE,2026-03-10T09:07:50Z,-10.0,0.0,0.0,9.997296046410884,0.006492630645373633,-9.997293318434782,-0.007385441780491497,3.4206522983026844e-06,9.997293318434782,0.007385441780491497,-3.4206522983026844e-06,9-12 h,WITHIN_CALIBRATED_SUPPORT,4381.038680458483,31.32749048335574,948.5696084793932,11.825669585222471,2.149086721369337,ORBIT_DISTINCT,2.220446049250313e-16,0.0,0,0,SCORED,60,60,3,60,50,10,0,0.8333333333333334,conditional verifier acceptance fraction under the controlled observation model
controlled_altitude_difference_synthetic_B,orbit_unit_2f2a32c7c28867ee9878c1bb,65686,STARLINK-35137,SYNTHETIC_RELATIVE_TO_A,same_plane_altitude_offset:+50km,same_tle_65686_20260312T152900Z:segment:3,2026-03-12T15:32:29.500000Z,315682814,2026-03-11T21:55:43.056192,2026-03-12T07:26:32,17.61290105777778,8.099305555555556,CAUSAL_GP:65686:315682814,SYNTHETIC_RELATIVE_TO_CAUSAL_A:FROZEN_ORIGINAL_PERTURBATION_RULE,2026-03-12T15:32:30Z,50.0,0.0,0.0,49.99950508007498,0.028813440681546242,49.99948720437514,0.042279450903894844,1.1573790992258637e-06,-49.99948720437514,-0.042279450903894844,-1.1573790992258637e-06,12-18 h,WITHIN_CALIBRATED_SUPPORT,102896.14735411016,29.005502435074128,1099.4845501122445,59.560640680884966,9.673975686772694,ORBIT_DISTINCT,2.220446049250313e-16,0.0,0,0,SCORED,60,60,3,60,28,32,0,0.4666666666666667,conditional verifier acceptance fraction under the controlled observation model
controlled_altitude_difference_synthetic_B,orbit_unit_30656c2d9b66677759aa2aba,65409,STARLINK-35022,SYNTHETIC_RELATIVE_TO_A,same_plane_altitude_offset:+100km,same_tle_65409_20260312T054045Z:segment:2,2026-03-12T05:43:14.500000Z,315679331,2026-03-11T20:03:20.806272,2026-03-12T03:14:55,9.664914924444444,2.4720833333333334,CAUSAL_GP:65409:315679331,SYNTHETIC_RELATIVE_TO_CAUSAL_A:FROZEN_ORIGINAL_PERTURBATION_RULE,2026-03-12T05:43:15Z,100.0,0.0,0.0,99.99736446511746,0.05724537580792077,99.99732896498611,0.08426053575092496,-9.038420856199991e-07,-99.99732896498611,-0.08426053575092496,9.038420856199991e-07,9-12 h,WITHIN_CALIBRATED_SUPPORT,436470.9599547332,31.32749048335574,948.5696084793932,118.03610594279915,21.45077926418674,ORBIT_DISTINCT,2.220446049250313e-16,0.0,0,0,SCORED,60,60,3,60,14,46,0,0.23333333333333334,conditional verifier acceptance fraction under the controlled observation model
controlled_altitude_difference_synthetic_B,orbit_unit_32d463784d9947bb0a181940,65421,STARLINK-35146,SYNTHETIC_RELATIVE_TO_A,same_plane_altitude_offset:+1km,same_tle_65421_20260312T085635Z:segment:3,2026-03-12T09:00:04.500000Z,315679337,2026-03-11T13:48:47.386944,2026-03-12T03:14:55,19.18808696,5.752638888888889,CAUSAL_GP:65421:315679337,SYNTHETIC_RELATIVE_TO_CAUSAL_A:FROZEN_ORIGINAL_PERTURBATION_RULE,2026-03-12T09:00:05Z,1.0,0.0,0.0,1.0004662649431348,0.0016919574474529564,1.0004654728103943,0.0012589684923762327,1.3697588898686774e-06,-1.0004654728103943,-0.0012589684923762327,-1.3697588898686774e-06,18-24 h,WITHIN_CALIBRATED_SUPPORT,60.784962214071776,37.65263471646583,1467.668474883233,1.2705752462137498,0.20350922134869215,AMBIGUOUS,1.1102230246251565e-16,0.0,0,0,SCORED,60,60,3,60,48,12,0,0.8,conditional verifier acceptance fraction under the controlled observation model
controlled_altitude_difference_synthetic_B,orbit_unit_33043f44db0192a738508f4c,65409,STARLINK-35022,SYNTHETIC_RELATIVE_TO_A,same_plane_altitude_offset:-100km,same_tle_65409_20260311T110325Z:segment:3,2026-03-11T11:06:54.500000Z,315556031,2026-03-10T20:33:19.547136,2026-03-11T02:43:10,14.559709128888889,8.395694444444445,CAUSAL_GP:65409:315556031,SYNTHETIC_RELATIVE_TO_CAUSAL_A:FROZEN_ORIGINAL_PERTURBATION_RULE,2026-03-11T11:06:55Z,-100.0,0.0,0.0,99.99824913590788,0.055327895656289525,-99.99821437335856,-0.08338097455984794,2.711526583709656e-06,99.99821437335856,0.08338097455984794,-2.711526583709656e-06,12-18 h,WITHIN_CALIBRATED_SUPPORT,412283.0371539461,29.005502435074128,1099.4845501122445,119.22231128913819,19.364360885763926,ORBIT_DISTINCT,3.3306690738754696e-16,0.0,0,0,SCORED,60,60,3,60,0,60,0,0.0,conditional verifier acceptance fraction under the controlled observation model
controlled_altitude_difference_synthetic_B,orbit_unit_333fddf931c9de1837636614,65686,STARLINK-35137,SYNTHETIC_RELATIVE_TO_A,same_plane_altitude_offset:-2km,same_tle_65686_20260312T121505Z:segment:2,2026-03-12T12:17:34.500000Z,315682814,2026-03-11T21:55:43.056192,2026-03-12T07:26:32,14.364289946666668,4.850694444444445,CAUSAL_GP:65686:315682814,SYNTHETIC_RELATIVE_TO_CAUSAL_A:FROZEN_ORIGINAL_PERTURBATION_RULE,2026-03-12T12:17:35Z,-2.0,0.0,0.0,2.002995075352604,0.006032022122095786,-2.002994934354255,-0.0007515565714795169,-8.33658070797938e-07,2.002994934354255,0.0007515565714795169,8.33658070797938e-07,12-18 h,WITHIN_CALIBRATED_SUPPORT,170.34537402431863,29.005502435074128,1099.4845501122445,2.423399286631215,0.3936140630827131,AMBIGUOUS,3.3306690738754696e-16,0.0,0,0,SCORED,60,60,3,60,53,7,0,0.8833333333333333,conditional verifier acceptance fraction under the controlled observation model
controlled_altitude_difference_synthetic_B,orbit_unit_33c927fc472951a1d7040d0f,65410,STARLINK-35024,SYNTHETIC_RELATIVE_TO_A,same_plane_altitude_offset:-1km,same_tle_65410_20260310T064015Z:segment:3,2026-03-10T06:43:44.500000Z,315434688,2026-03-09T16:20:35.643840,2026-03-10T03:44:43,14.385793377777778,2.98375,CAUSAL_GP:65410:315434688,SYNTHETIC_RELATIVE_TO_CAUSAL_A:FROZEN_ORIGINAL_PERTURBATION_RULE,2026-03-10T06:43:45Z,-1.0,0.0,0.0,1.0020858566708015,0.00430304396047727,-1.002085856230198,-2.9710564631163505e-05,-5.723746529517904e-07,1.002085856230198,2.9710564631163505e-05,5.723746529517904e-07,12-18 h,WITHIN_CALIBRATED_SUPPORT,44.05119871838874,29.005502435074128,1099.4845501122445,1.2323630520179412,0.2001632297136233,AMBIGUOUS,4.440892098500626e-16,0.0,0,0,SCORED,60,60,3,60,51,9,0,0.85,conditional verifier acceptance fraction under the controlled observation model
controlled_altitude_difference_synthetic_B,orbit_unit_34cead39e2db07e8bbc9ec3b,65421,STARLINK-35146,SYNTHETIC_RELATIVE_TO_A,same_plane_altitude_offset:+20km,same_tle_65421_20260312T085635Z:segment:3,2026-03-12T09:00:04.500000Z,315679337,2026-03-11T13:48:47.386944,2026-03-12T03:14:55,19.18808696,5.752638888888889,CAUSAL_GP:65421:315679337,SYNTHETIC_RELATIVE_TO_CAUSAL_A:FROZEN_ORIGINAL_PERTURBATION_RULE,2026-03-12T09:00:05Z,20.0,0.0,0.0,20.000472795857135,0.012021590111170148,20.000465451524043,0.01714001787126959,1.3616103178293315e-06,-20.000465451524043,-0.01714001787126959,-1.3616103178293315e-06,18-24 h,WITHIN_CALIBRATED_SUPPORT,22704.51768610697,37.65263471646583,1467.668474883233,24.556046933441213,3.933164923304233,ORBIT_DISTINCT,1.1102230246251565e-16,0.0,0,0,SCORED,60,60,3,60,36,24,0,0.6,conditional verifier acceptance fraction under the controlled observation model
controlled_altitude_difference_synthetic_B,orbit_unit_36b185c7d6e107dc2106fede,65421,STARLINK-35146,SYNTHETIC_RELATIVE_TO_A,same_plane_altitude_offset:+5km,same_tle_65421_20260310T131350Z:segment:2,2026-03-10T13:16:19.500000Z,315434193,2026-03-09T17:56:44.636640,2026-03-10T03:44:43,19.326350933333334,9.526805555555555,CAUSAL_GP:65421:315434193,SYNTHETIC_RELATIVE_TO_CAUSAL_A:FROZEN_ORIGINAL_PERTURBATION_RULE,2026-03-10T13:16:20Z,5.0,0.0,0.0,5.002949214427605,0.00757472699447063,5.002946548705509,0.005164583806134715,3.3965834851379384e-06,-5.002946548705509,-0.005164583806134715,-3.3965834851379384e-06,18-24 h,WITHIN_CALIBRATED_SUPPORT,1435.0541294601833,37.65263471646583,1467.668474883233,6.1735711232125,0.9888266405076691,AMBIGUOUS,2.220446049250313e-16,0.0,0,0,SCORED,60,60,3,60,38,22,0,0.6333333333333333,conditional verifier acceptance fraction under the controlled observation model
controlled_altitude_difference_synthetic_B,orbit_unit_3731f08bfb3dfb7e4c13ac57,65421,STARLINK-35146,SYNTHETIC_RELATIVE_TO_A,same_plane_altitude_offset:+0km,same_tle_65421_20260310T131350Z:segment:2,2026-03-10T13:16:19.500000Z,315434193,2026-03-09T17:56:44.636640,2026-03-10T03:44:43,19.326350933333334,9.526805555555555,CAUSAL_GP:65421:315434193,SYNTHETIC_RELATIVE_TO_CAUSAL_A:FROZEN_ORIGINAL_PERTURBATION_RULE,2026-03-10T13:16:20Z,0.0,0.0,0.0,0.003106392504728769,0.006209077037188655,0.0029465505815442117,0.0009836170624827325,3.3967969301108977e-06,-0.0029465505815442117,-0.0009836170624827325,-3.3967969301108977e-06,18-24 h,WITHIN_CALIBRATED_SUPPORT,0.43597789895052175,37.65263471646583,1467.668474883233,0.10760552024347368,0.017235276464599266,NOT_ORBIT_DISTINCT,2.220446049250313e-16,0.0,0,0,SCORED,60,60,3,0,0,0,0,,conditional verifier acceptance fraction under the controlled observation model
controlled_altitude_difference_synthetic_B,orbit_unit_374f85e3dc0faa5c6be0ac97,65421,STARLINK-35146,SYNTHETIC_RELATIVE_TO_A,same_plane_altitude_offset:-1km,same_tle_65421_20260310T064225Z:segment:3,2026-03-10T06:45:54.500000Z,315434193,2026-03-09T17:56:44.636640,2026-03-10T03:44:43,12.81940648888889,3.019861111111111,CAUSAL_GP:65421:315434193,SYNTHETIC_RELATIVE_TO_CAUSAL_A:FROZEN_ORIGINAL_PERTURBATION_RULE,2026-03-10T06:45:55Z,-1.0,0.0,0.0,1.0023034465009077,0.004734575235731405,-1.0023034464503167,-1.0053218061828462e-05,-5.901634017035917e-07,1.0023034464503167,1.0053218061828462e-05,5.901634017035917e-07,12-18 h,WITHIN_CALIBRATED_SUPPORT,44.06966185775136,29.005502435074128,1099.4845501122445,1.2326212845722708,0.20020517243659539,AMBIGUOUS,1.1102230246251565e-16,0.0,0,0,SCORED,60,60,3,60,58,2,0,0.9666666666666667,conditional verifier acceptance fraction under the controlled observation model
controlled_altitude_difference_synthetic_B,orbit_unit_377425f9759cc344a1c9fe9d,65410,STARLINK-35024,SYNTHETIC_RELATIVE_TO_A,same_plane_altitude_offset:-1km,same_tle_65410_20260311T110240Z:segment:3,2026-03-11T11:06:09.500000Z,315555532,2026-03-10T17:24:38.025504,2026-03-11T02:43:10,17.69207624888889,8.383194444444445,CAUSAL_GP:65410:315555532,SYNTHETIC_RELATIVE_TO_CAUSAL_A:FROZEN_ORIGINAL_PERTURBATION_RULE,2026-03-11T11:06:10Z,-1.0,0.0,0.0,0.998492645686104,0.003085400967461171,-0.9984926218305019,-0.00021824740175002688,2.7124531898903292e-06,0.9984926218305019,0.00021824740175002688,-2.7124531898903292e-06,12-18 h,WITHIN_CALIBRATED_SUPPORT,43.74678115530328,29.005502435074128,1099.4845501122445,1.228097522990327,0.19947041271849644,AMBIGUOUS,1.1102230246251565e-16,0.0,0,0,SCORED,60,60,3,60,57,3,0,0.95,conditional verifier acceptance fraction under the controlled observation model
controlled_altitude_difference_synthetic_B,orbit_unit_39faf6b4d77b52d69d47a835,65421,STARLINK-35146,SYNTHETIC_RELATIVE_TO_A,same_plane_altitude_offset:+20km,same_tle_65421_20260311T110455Z:segment:3,2026-03-11T11:08:24.500000Z,315556037,2026-03-10T20:34:46.163136,2026-03-11T02:43:10,14.560649128888889,8.420694444444445,CAUSAL_GP:65421:315556037,SYNTHETIC_RELATIVE_TO_CAUSAL_A:FROZEN_ORIGINAL_PERTURBATION_RULE,2026-03-11T11:08:25Z,20.0,0.0,0.0,20.001716280561947,0.012915366669975042,20.001708733704792,0.017375273429709015,2.760419762992683e-06,-20.001708733704792,-0.017375273429709015,-2.760419762992683e-06,12-18 h,WITHIN_CALIBRATED_SUPPORT,16438.577817452104,29.005502435074128,1099.4845501122445,23.806301228672268,3.866673975387139,ORBIT_DISTINCT,2.220446049250313e-16,0.0,0,0,SCORED,60,60,3,60,26,34,0,0.43333333333333335,conditional verifier acceptance fraction under the controlled observation model
controlled_altitude_difference_synthetic_B,orbit_unit_3a08c48ab686f0a11ddb65d1,65686,STARLINK-35137,SYNTHETIC_RELATIVE_TO_A,same_plane_altitude_offset:-50km,same_tle_65686_20260312T121505Z:segment:2,2026-03-12T12:17:34.500000Z,315682814,2026-03-11T21:55:43.056192,2026-03-12T07:26:32,14.364289946666668,4.850694444444445,CAUSAL_GP:65686:315682814,SYNTHETIC_RELATIVE_TO_CAUSAL_A:FROZEN_ORIGINAL_PERTURBATION_RULE,2026-03-12T12:17:35Z,-50.0,0.0,0.0,50.00301184462332,0.026861274134640033,-50.00299505785317,-0.04097289166371354,-8.013842567322627e-07,50.00299505785317,0.04097289166371354,8.013842567322627e-07,12-18 h,WITHIN_CALIBRATED_SUPPORT,103145.79803950092,29.005502435074128,1099.4845501122445,59.63285109362452,9.685704267412332,ORBIT_DISTINCT,3.3306690738754696e-16,0.0,0,0,SCORED,60,60,3,60,26,34,0,0.43333333333333335,conditional verifier acceptance fraction under the controlled observation model
controlled_altitude_difference_synthetic_B,orbit_unit_3a6d8ae8cc5ab39c37dff701,65409,STARLINK-35022,SYNTHETIC_RELATIVE_TO_A,same_plane_altitude_offset:+50km,same_tle_65409_20260311T110325Z:segment:3,2026-03-11T11:06:54.500000Z,315556031,2026-03-10T20:33:19.547136,2026-03-11T02:43:10,14.559709128888889,8.395694444444445,CAUSAL_GP:65409:315556031,SYNTHETIC_RELATIVE_TO_CAUSAL_A:FROZEN_ORIGINAL_PERTURBATION_RULE,2026-03-11T11:06:55Z,50.0,0.0,0.0,50.001803920866806,0.02910935022363052,50.001786012218645,0.04231937026535171,2.6794287180109677e-06,-50.001786012218645,-0.04231937026535171,-2.6794287180109677e-06,12-18 h,WITHIN_CALIBRATED_SUPPORT,102905.61565830841,29.005502435074128,1099.4845501122445,59.56338094524948,9.674420766787525,ORBIT_DISTINCT,3.3306690738754696e-16,0.0,0,0,SCORED,60,60,3,60,19,41,0,0.31666666666666665,conditional verifier acceptance fraction under the controlled observation model
controlled_altitude_difference_synthetic_B,orbit_unit_3ac46a5572e9ad1ab171b4e8,65686,STARLINK-35137,SYNTHETIC_RELATIVE_TO_A,same_plane_altitude_offset:-100km,same_tle_65686_20260312T121505Z:segment:2,2026-03-12T12:17:34.500000Z,315682814,2026-03-11T21:55:43.056192,2026-03-12T07:26:32,14.364289946666668,4.850694444444445,CAUSAL_GP:65686:315682814,SYNTHETIC_RELATIVE_TO_CAUSAL_A:FROZEN_ORIGINAL_PERTURBATION_RULE,2026-03-12T12:17:35Z,-100.0,0.0,0.0,100.00302990801676,0.054851747617024535,-100.00299544530365,-0.08302258889388625,-7.676663784650373e-07,100.00299544530365,0.08302258889388625,7.676663784650373e-07,12-18 h,WITHIN_CALIBRATED_SUPPORT,412322.40275025024,29.005502435074128,1099.4845501122445,119.22800294381314,19.365285337353324,ORBIT_DISTINCT,3.3306690738754696e-16,0.0,0,0,SCORED,60,60,3,60,0,60,0,0.0,conditional verifier acceptance fraction under the controlled observation model
controlled_altitude_difference_synthetic_B,orbit_unit_3ad3a1928f08326bf59dab43,65421,STARLINK-35146,SYNTHETIC_RELATIVE_TO_A,same_plane_altitude_offset:+1km,same_tle_65421_20260311T110455Z:segment:3,2026-03-11T11:08:24.500000Z,315556037,2026-03-10T20:34:46.163136,2026-03-11T02:43:10,14.560649128888889,8.420694444444445,CAUSAL_GP:65421:315556037,SYNTHETIC_RELATIVE_TO_CAUSAL_A:FROZEN_ORIGINAL_PERTURBATION_RULE,2026-03-11T11:08:25Z,1.0,0.0,0.0,1.0017098691273698,0.003896395239891234,1.0017087555350668,0.0014936478565098221,2.764235869479048e-06,-1.0017087555350668,-0.0014936478565098221,-2.764235869479048e-06,12-18 h,WITHIN_CALIBRATED_SUPPORT,39.307471293646316,29.005502435074128,1099.4845501122445,1.1641189437786588,0.18907886533598858,AMBIGUOUS,2.220446049250313e-16,0.0,0,0,SCORED,60,60,3,60,50,10,0,0.8333333333333334,conditional verifier acceptance fraction under the controlled observation model
controlled_altitude_difference_synthetic_B,orbit_unit_3cb046c8ac4f719077e78b42,65421,STARLINK-35146,SYNTHETIC_RELATIVE_TO_A,same_plane_altitude_offset:-50km,same_tle_65421_20260311T110455Z:segment:3,2026-03-11T11:08:24.500000Z,315556037,2026-03-10T20:34:46.163136,2026-03-11T02:43:10,14.560649128888889,8.420694444444445,CAUSAL_GP:65421:315556037,SYNTHETIC_RELATIVE_TO_CAUSAL_A:FROZEN_ORIGINAL_PERTURBATION_RULE,2026-03-11T11:08:25Z,-50.0,0.0,0.0,49.99830838196127,0.02692156466526261,-49.998291369510305,-0.04124545117627498,2.774558712559383e-06,49.998291369510305,0.04124545117627498,-2.774558712559383e-06,12-18 h,WITHIN_CALIBRATED_SUPPORT,103126.42355394989,29.005502435074128,1099.4845501122445,59.62725023496974,9.684794563120505,ORBIT_DISTINCT,2.220446049250313e-16,0.0,0,0,SCORED,60,60,3,60,2,58,0,0.03333333333333333,conditional verifier acceptance fraction under the controlled observation model
controlled_altitude_difference_synthetic_B,orbit_unit_3cd7392133f06e862307b00d,65421,STARLINK-35146,SYNTHETIC_RELATIVE_TO_A,same_plane_altitude_offset:+1km,same_tle_65421_20260310T064225Z:segment:3,2026-03-10T06:45:54.500000Z,315434193,2026-03-09T17:56:44.636640,2026-03-10T03:44:43,12.81940648888889,3.019861111111111,CAUSAL_GP:65421:315434193,SYNTHETIC_RELATIVE_TO_CAUSAL_A:FROZEN_ORIGINAL_PERTURBATION_RULE,2026-03-10T06:45:55Z,1.0,0.0,0.0,0.9976979390184504,0.005109410997619497,0.9976965533473119,0.0016628169496457346,-5.914849465771255e-07,-0.9976965533473119,-0.0016628169496457346,5.914849465771255e-07,12-18 h,WITHIN_CALIBRATED_SUPPORT,38.986630418210524,29.005502435074128,1099.4845501122445,1.1593582429851919,0.18830562140842994,AMBIGUOUS,1.1102230246251565e-16,0.0,0,0,SCORED,60,60,3,60,51,9,0,0.85,conditional verifier acceptance fraction under the controlled observation model
controlled_altitude_difference_synthetic_B,orbit_unit_3d1f2dc02af11ab000a3a7c2,65410,STARLINK-35024,SYNTHETIC_RELATIVE_TO_A,same_plane_altitude_offset:+20km,same_tle_65410_20260312T085425Z:segment:3,2026-03-12T08:57:54.500000Z,315679831,2026-03-11T16:54:40.030272,2026-03-12T03:14:55,16.054019368888888,5.716527777777777,CAUSAL_GP:65410:315679831,SYNTHETIC_RELATIVE_TO_CAUSAL_A:FROZEN_ORIGINAL_PERTURBATION_RULE,2026-03-12T08:57:55Z,20.0,0.0,0.0,19.99997748803277,0.012184870342552195,19.999970056900338,0.01724079190879707,1.3241229339655547e-06,-19.999970056900338,-0.01724079190879707,-1.3241229339655547e-06,12-18 h,WITHIN_CALIBRATED_SUPPORT,16435.713303077624,29.005502435074128,1099.4845501122445,23.80422694755551,3.866337065896884,ORBIT_DISTINCT,2.220446049250313e-16,0.0,0,0,SCORED,60,60,3,60,37,23,0,0.6166666666666667,conditional verifier acceptance fraction under the controlled observation model
controlled_altitude_difference_synthetic_B,orbit_unit_3d22c5180c6c8b757969d4b6,65421,STARLINK-35146,SYNTHETIC_RELATIVE_TO_A,same_plane_altitude_offset:+0km,same_tle_65421_20260312T085635Z:segment:3,2026-03-12T09:00:04.500000Z,315679337,2026-03-11T13:48:47.386944,2026-03-12T03:14:55,19.18808696,5.752638888888889,CAUSAL_GP:65421:315679337,SYNTHETIC_RELATIVE_TO_CAUSAL_A:FROZEN_ORIGINAL_PERTURBATION_RULE,2026-03-12T09:00:05Z,0.0,0.0,0.0,0.0006286375605791992,0.0012630285219826847,0.0004654729137291047,0.00042251422667098615,1.3701883528515401e-06,-0.0004654729137291047,-0.00042251422667098615,-1.3701883528515401e-06,18-24 h,WITHIN_CALIBRATED_SUPPORT,0.42611682914344395,37.65263471646583,1467.668474883233,0.10638163426751099,0.01703924550718059,NOT_ORBIT_DISTINCT,1.1102230246251565e-16,0.0,0,0,SCORED,60,60,3,0,0,0,0,,conditional verifier acceptance fraction under the controlled observation model
controlled_altitude_difference_synthetic_B,orbit_unit_3eec782b0536289e00dd7045,65421,STARLINK-35146,SYNTHETIC_RELATIVE_TO_A,same_plane_altitude_offset:-10km,same_tle_65421_20260311T110455Z:segment:3,2026-03-11T11:08:24.500000Z,315556037,2026-03-10T20:34:46.163136,2026-03-11T02:43:10,14.560649128888889,8.420694444444445,CAUSAL_GP:65421:315556037,SYNTHETIC_RELATIVE_TO_CAUSAL_A:FROZEN_ORIGINAL_PERTURBATION_RULE,2026-03-11T11:08:25Z,-10.0,0.0,0.0,9.998294222173744,0.005450406417158559,-9.998291248653087,-0.00771104742001083,2.766452763758309e-06,9.998291248653087,0.00771104742001083,-2.766452763758309e-06,12-18 h,WITHIN_CALIBRATED_SUPPORT,4143.045568962849,29.005502435074128,1099.4845501122445,11.951424125475361,1.941177681946308,ORBIT_DISTINCT,2.220446049250313e-16,0.0,0,0,SCORED,60,60,3,60,38,22,0,0.6333333333333333,conditional verifier acceptance fraction under the controlled observation model
controlled_altitude_difference_synthetic_B,orbit_unit_4065e50930179a8ac67f3734,65421,STARLINK-35146,SYNTHETIC_RELATIVE_TO_A,same_plane_altitude_offset:+100km,same_tle_65421_20260312T085635Z:segment:3,2026-03-12T09:00:04.500000Z,315679337,2026-03-11T13:48:47.386944,2026-03-12T03:14:55,19.18808696,5.752638888888889,CAUSAL_GP:65421:315679337,SYNTHETIC_RELATIVE_TO_CAUSAL_A:FROZEN_ORIGINAL_PERTURBATION_RULE,2026-03-12T09:00:05Z,100.0,0.0,0.0,100.00050005375459,0.05602335237893162,100.00046496760504,0.08376910987085684,1.3274788202011223e-06,-100.00046496760504,-0.08376910987085684,-1.3274788202011223e-06,18-24 h,WITHIN_CALIBRATED_SUPPORT,566087.469218989,37.65263471646583,1467.668474883233,122.61513630340754,19.639380657721635,ORBIT_DISTINCT,1.1102230246251565e-16,0.0,0,0,SCORED,60,60,3,60,32,28,0,0.5333333333333333,conditional verifier acceptance fraction under the controlled observation model
controlled_altitude_difference_synthetic_B,orbit_unit_41bebe4dbe561745e3373b05,44714,STARLINK-1008,SYNTHETIC_RELATIVE_TO_A,same_plane_altitude_offset:+20km,same_tle_44714_20260310T023440Z:segment:2,2026-03-10T02:37:09.500000Z,315393241,2026-03-09T13:49:15.828096,2026-03-09T22:56:35,12.798242195555556,3.67625,CAUSAL_GP:44714:315393241,SYNTHETIC_RELATIVE_TO_CAUSAL_A:FROZEN_ORIGINAL_PERTURBATION_RULE,2026-03-10T02:37:10Z,20.0,0.0,0.0,19.997090280224914,0.014405422342258658,19.997082412264255,0.01773901283429602,-9.795205002660623e-07,-19.997082412264255,-0.01773901283429602,9.795205002660623e-07,12-18 h,WITHIN_CALIBRATED_SUPPORT,16430.97344802373,29.005502435074128,1099.4845501122445,23.80079427873598,3.8657795239644734,ORBIT_DISTINCT,2.6059418842835023e-17,0.0,0,0,SCORED,60,60,3,60,32,28,0,0.5333333333333333,conditional verifier acceptance fraction under the controlled observation model
controlled_altitude_difference_synthetic_B,orbit_unit_429d035eb7777e87c43b3cf2,65421,STARLINK-35146,SYNTHETIC_RELATIVE_TO_A,same_plane_altitude_offset:+2km,same_tle_65421_20260312T085635Z:segment:3,2026-03-12T09:00:04.500000Z,315679337,2026-03-11T13:48:47.386944,2026-03-12T03:14:55,19.18808696,5.752638888888889,CAUSAL_GP:65421:315679337,SYNTHETIC_RELATIVE_TO_CAUSAL_A:FROZEN_ORIGINAL_PERTURBATION_RULE,2026-03-12T09:00:05Z,2.0,0.0,0.0,2.000466569986088,0.002179782476616703,2.000465472606191,0.002095361667711978,1.3693294661498712e-06,-2.000465472606191,-0.002095361667711978,-1.3693294661498712e-06,18-24 h,WITHIN_CALIBRATED_SUPPORT,234.2854655176904,37.65263471646583,1467.668474883233,2.494451061287733,0.399538551288354,AMBIGUOUS,1.1102230246251565e-16,0.0,0,0,SCORED,60,60,3,60,41,19,0,0.6833333333333333,conditional verifier acceptance fraction under the controlled observation model
controlled_altitude_difference_synthetic_B,orbit_unit_44ec0da0cd3264a2a475a8bb,44714,STARLINK-1008,SYNTHETIC_RELATIVE_TO_A,same_plane_altitude_offset:-5km,same_tle_44714_20260310T023440Z:segment:2,2026-03-10T02:37:09.500000Z,315393241,2026-03-09T13:49:15.828096,2026-03-09T22:56:35,12.798242195555556,3.67625,CAUSAL_GP:44714:315393241,SYNTHETIC_RELATIVE_TO_CAUSAL_A:FROZEN_ORIGINAL_PERTURBATION_RULE,2026-03-10T02:37:10Z,-5.0,0.0,0.0,5.002918563617643,0.005880736176410568,-5.002917565544637,-0.003160150949184981,-9.622476144777181e-07,5.002917565544637,0.003160150949184981,9.622476144777181e-07,12-18 h,WITHIN_CALIBRATED_SUPPORT,1043.4384914825487,29.005502435074128,1099.4845501122445,5.997817269404002,0.9741792192732602,AMBIGUOUS,2.6059418842835023e-17,0.0,0,0,SCORED,60,60,3,60,42,18,0,0.7,conditional verifier acceptance fraction under the controlled observation model
controlled_altitude_difference_synthetic_B,orbit_unit_455dcf449c6edd8723567a25,65686,STARLINK-35137,SYNTHETIC_RELATIVE_TO_A,same_plane_altitude_offset:+20km,same_tle_65686_20260310T131505Z:segment:2,2026-03-10T13:17:34.500000Z,315485957,2026-03-10T00:29:40.547616,2026-03-10T09:52:28,12.798320106666665,3.4184722222222224,CAUSAL_GP:65686:315485957,SYNTHETIC_RELATIVE_TO_CAUSAL_A:FROZEN_ORIGINAL_PERTURBATION_RULE,2026-03-10T13:17:35Z,20.0,0.0,0.0,19.997221022693523,0.014183475001883092,19.997213211383915,0.017675092864318565,-8.945597524956383e-07,-19.997213211383915,-0.017675092864318565,8.945597524956383e-07,12-18 h,WITHIN_CALIBRATED_SUPPORT,16431.187157023924,29.005502435074128,1099.4845501122445,23.80094906041785,3.8658046639597794,ORBIT_DISTINCT,2.220446049250313e-16,0.0,0,0,SCORED,60,60,3,60,37,23,0,0.6166666666666667,conditional verifier acceptance fraction under the controlled observation model
controlled_altitude_difference_synthetic_B,orbit_unit_45a2a7296a677a37424e5509,44714,STARLINK-1008,SYNTHETIC_RELATIVE_TO_A,same_plane_altitude_offset:-2km,same_tle_44714_20260312T044740Z:segment:3,2026-03-12T04:51:09.500000Z,315665530,2026-03-11T12:49:19.719264,2026-03-12T03:14:55,16.03049464888889,1.6040277777777778,CAUSAL_GP:44714:315665530,SYNTHETIC_RELATIVE_TO_CAUSAL_A:FROZEN_ORIGINAL_PERTURBATION_RULE,2026-03-12T04:51:10Z,-2.0,0.0,0.0,2.001027569489877,0.0020607405751390116,-2.0010272872666572,-0.0010627662672962057,8.181464776768621e-07,2.0010272872666572,0.0010627662672962057,-8.181464776768621e-07,12-18 h,WITHIN_CALIBRATED_SUPPORT,170.016835860698,29.005502435074128,1099.4845501122445,2.4210612031461034,0.39323430620753436,AMBIGUOUS,2.220446049250313e-16,0.0,0,0,SCORED,60,60,3,60,51,9,0,0.85,conditional verifier acceptance fraction under the controlled observation model
controlled_altitude_difference_synthetic_B,orbit_unit_47d2904e124351a13d898c9a,65686,STARLINK-35137,SYNTHETIC_RELATIVE_TO_A,same_plane_altitude_offset:-1km,same_tle_65686_20260312T152900Z:segment:3,2026-03-12T15:32:29.500000Z,315682814,2026-03-11T21:55:43.056192,2026-03-12T07:26:32,17.61290105777778,8.099305555555556,CAUSAL_GP:65686:315682814,SYNTHETIC_RELATIVE_TO_CAUSAL_A:FROZEN_ORIGINAL_PERTURBATION_RULE,2026-03-12T15:32:30Z,-1.0,0.0,0.0,1.0005127138608172,0.0011468698172547567,-1.0005126659677495,-0.0003095704280845629,1.1806067324870995e-06,1.0005126659677495,0.0003095704280845629,-1.1806067324870995e-06,12-18 h,WITHIN_CALIBRATED_SUPPORT,43.91798936089956,29.005502435074128,1099.4845501122445,1.2304983288270024,0.19986035710168562,AMBIGUOUS,2.220446049250313e-16,0.0,0,0,SCORED,60,60,3,60,45,15,0,0.75,conditional verifier acceptance fraction under the controlled observation model
controlled_altitude_difference_synthetic_B,orbit_unit_4a5b52abd5385ab8156c9faf,65409,STARLINK-35022,SYNTHETIC_RELATIVE_TO_A,same_plane_altitude_offset:-2km,same_tle_65409_20260311T110325Z:segment:3,2026-03-11T11:06:54.500000Z,315556031,2026-03-10T20:33:19.547136,2026-03-11T02:43:10,14.559709128888889,8.395694444444445,CAUSAL_GP:65409:315556031,SYNTHETIC_RELATIVE_TO_CAUSAL_A:FROZEN_ORIGINAL_PERTURBATION_RULE,2026-03-11T11:06:55Z,-2.0,0.0,0.0,1.9982141607733943,0.003566052635465489,-1.9982138579736266,-0.0011000501070296265,2.690442223896028e-06,1.9982138579736266,0.0011000501070296265,-2.690442223896028e-06,12-18 h,WITHIN_CALIBRATED_SUPPORT,169.54672993018383,29.005502435074128,1099.4845501122445,2.417711702259679,0.39269027260131945,AMBIGUOUS,3.3306690738754696e-16,0.0,0,0,SCORED,60,60,3,60,54,6,0,0.9,conditional verifier acceptance fraction under the controlled observation model
controlled_altitude_difference_synthetic_B,orbit_unit_4b69abaa58302fb09430ff00,65409,STARLINK-35022,SYNTHETIC_RELATIVE_TO_A,same_plane_altitude_offset:-20km,same_tle_65409_20260310T113340Z:segment:3,2026-03-10T11:37:09.500000Z,315434187,2026-03-09T17:55:17.144544,2026-03-10T03:44:43,17.697876515555556,7.874027777777778,CAUSAL_GP:65409:315434187,SYNTHETIC_RELATIVE_TO_CAUSAL_A:FROZEN_ORIGINAL_PERTURBATION_RULE,2026-03-10T11:37:10Z,-20.0,0.0,0.0,19.99811907257239,0.01071202108779268,-19.99811253118562,-0.016175005803551468,2.7418405377233057e-06,19.99811253118562,0.016175005803551468,-2.7418405377233057e-06,12-18 h,WITHIN_CALIBRATED_SUPPORT,16526.730142108965,29.005502435074128,1099.4845501122445,23.870046855335687,3.8770276860831676,ORBIT_DISTINCT,2.220446049250313e-16,0.0,0,0,SCORED,60,60,3,60,17,43,0,0.2833333333333333,conditional verifier acceptance fraction under the controlled observation model
controlled_altitude_difference_synthetic_B,orbit_unit_4dde5bce86c59845e53e857c,65409,STARLINK-35022,SYNTHETIC_RELATIVE_TO_A,same_plane_altitude_offset:+2km,same_tle_65409_20260311T110325Z:segment:3,2026-03-11T11:06:54.500000Z,315556031,2026-03-10T20:33:19.547136,2026-03-11T02:43:10,14.559709128888889,8.395694444444445,CAUSAL_GP:65409:315556031,SYNTHETIC_RELATIVE_TO_CAUSAL_A:FROZEN_ORIGINAL_PERTURBATION_RULE,2026-03-11T11:06:55Z,2.0,0.0,0.0,2.001787401454623,0.004231346153511448,2.0017861417458245,0.002245735866670928,2.6895911579005727e-06,-2.0017861417458245,-0.002245735866670928,-2.6895911579005727e-06,12-18 h,WITHIN_CALIBRATED_SUPPORT,160.72738949274176,29.005502435074128,1099.4845501122445,2.3539907347636952,0.3823405671037489,AMBIGUOUS,3.3306690738754696e-16,0.0,0,0,SCORED,60,60,3,60,55,5,0,0.9166666666666666,conditional verifier acceptance fraction under the controlled observation model
controlled_altitude_difference_synthetic_B,orbit_unit_4dffdfe84e5f4e8552a533a1,65409,STARLINK-35022,SYNTHETIC_RELATIVE_TO_A,same_plane_altitude_offset:-2km,same_tle_65409_20260310T064055Z:segment:3,2026-03-10T06:44:24.500000Z,315434187,2026-03-09T17:55:17.144544,2026-03-10T03:44:43,12.818709848888888,2.994861111111111,CAUSAL_GP:65409:315434187,SYNTHETIC_RELATIVE_TO_CAUSAL_A:FROZEN_ORIGINAL_PERTURBATION_RULE,2026-03-10T06:44:25Z,-2.0,0.0,0.0,2.002103893123304,0.004236933393518636,-2.002103707569057,-0.0008619729634800621,-5.788860369948523e-07,2.002103707569057,0.0008619729634800621,5.788860369948523e-07,12-18 h,WITHIN_CALIBRATED_SUPPORT,170.19644422298848,29.005502435074128,1099.4845501122445,2.422339688457518,0.39344196072026516,AMBIGUOUS,4.440892098500626e-16,0.0,0,0,SCORED,60,60,3,60,52,8,0,0.8666666666666667,conditional verifier acceptance fraction under the controlled observation model
controlled_altitude_difference_synthetic_B,orbit_unit_4ebe83456a8267863b89afd6,65686,STARLINK-35137,SYNTHETIC_RELATIVE_TO_A,same_plane_altitude_offset:-50km,same_tle_65686_20260312T152900Z:segment:3,2026-03-12T15:32:29.500000Z,315682814,2026-03-11T21:55:43.056192,2026-03-12T07:26:32,17.61290105777778,8.099305555555556,CAUSAL_GP:65686:315682814,SYNTHETIC_RELATIVE_TO_CAUSAL_A:FROZEN_ORIGINAL_PERTURBATION_RULE,2026-03-12T15:32:30Z,-50.0,0.0,0.0,50.00052991336283,0.02699254834723054,-50.000512791984846,-0.04137820258859448,1.203035807861852e-06,50.000512791984846,0.04137820258859448,-1.203035807861852e-06,12-18 h,WITHIN_CALIBRATED_SUPPORT,103135.58876870452,29.005502435074128,1099.4845501122445,59.62989981978546,9.685224914755313,ORBIT_DISTINCT,2.220446049250313e-16,0.0,0,0,SCORED,60,60,3,60,31,29,0,0.5166666666666667,conditional verifier acceptance fraction under the controlled observation model
controlled_altitude_difference_synthetic_B,orbit_unit_52300a8d3394b0274bf369a1,44714,STARLINK-1008,SYNTHETIC_RELATIVE_TO_A,same_plane_altitude_offset:+20km,same_tle_44714_20260311T034020Z:segment:3,2026-03-11T03:43:49.500000Z,315542230,2026-03-10T16:27:18.322272,2026-03-11T02:43:10,11.275327146666667,1.0109722222222222,CAUSAL_GP:44714:315542230,SYNTHETIC_RELATIVE_TO_CAUSAL_A:FROZEN_ORIGINAL_PERTURBATION_RULE,2026-03-11T03:43:50Z,20.0,0.0,0.0,19.99793303627668,0.013377339174127105,19.997925369386618,0.017511249224164693,-3.208775449792256e-07,-19.997925369386618,-0.017511249224164693,3.208775449792256e-07,9-12 h,WITHIN_CALIBRATED_SUPPORT,17429.837912970917,31.32749048335574,948.5696084793932,23.587606326678102,4.286591231070459,ORBIT_DISTINCT,2.220446049250313e-16,0.0,0,0,SCORED,60,60,3,60,35,25,0,0.5833333333333334,conditional verifier acceptance fraction under the controlled observation model
controlled_altitude_difference_synthetic_B,orbit_unit_52dd9da1ac920c7f9faeecf4,65410,STARLINK-35024,SYNTHETIC_RELATIVE_TO_A,same_plane_altitude_offset:-50km,same_tle_65410_20260311T110240Z:segment:3,2026-03-11T11:06:09.500000Z,315555532,2026-03-10T17:24:38.025504,2026-03-11T02:43:10,17.69207624888889,8.383194444444445,CAUSAL_GP:65410:315555532,SYNTHETIC_RELATIVE_TO_CAUSAL_A:FROZEN_ORIGINAL_PERTURBATION_RULE,2026-03-11T11:06:10Z,-50.0,0.0,0.0,49.998509790890246,0.026950804922866414,-49.99849274726543,-0.04128330639858291,2.7228115726529722e-06,49.99849274726543,0.04128330639858291,-2.7228115726529722e-06,12-18 h,WITHIN_CALIBRATED_SUPPORT,103127.25597001717,29.005502435074128,1099.4845501122445,59.627490884161645,9.684833649913475,ORBIT_DISTINCT,1.1102230246251565e-16,0.0,0,0,SCORED,60,60,3,60,13,47,0,0.21666666666666667,conditional verifier acceptance fraction under the controlled observation model
controlled_altitude_difference_synthetic_B,orbit_unit_53b482385a42aebc5cfa3313,65410,STARLINK-35024,SYNTHETIC_RELATIVE_TO_A,same_plane_altitude_offset:-20km,same_tle_65410_20260310T064015Z:segment:3,2026-03-10T06:43:44.500000Z,315434688,2026-03-09T16:20:35.643840,2026-03-10T03:44:43,14.385793377777778,2.98375,CAUSAL_GP:65410:315434688,SYNTHETIC_RELATIVE_TO_CAUSAL_A:FROZEN_ORIGINAL_PERTURBATION_RULE,2026-03-10T06:43:45Z,-20.0,0.0,0.0,20.00209222121987,0.010426905932534657,-20.00208587483253,-0.015933675312517437,-5.598737757850358e-07,20.00208587483253,0.015933675312517437,5.598737757850358e-07,12-18 h,WITHIN_CALIBRATED_SUPPORT,16533.281853244083,29.005502435074128,1099.4845501122445,23.874777801931632,3.877796097265811,ORBIT_DISTINCT,4.440892098500626e-16,0.0,0,0,SCORED,60,60,3,60,31,29,0,0.5166666666666667,conditional verifier acceptance fraction under the controlled observation model
controlled_altitude_difference_synthetic_B,orbit_unit_546bd79ec3e684234865610d,65409,STARLINK-35022,SYNTHETIC_RELATIVE_TO_A,same_plane_altitude_offset:+2km,same_tle_65409_20260310T064055Z:segment:3,2026-03-10T06:44:24.500000Z,315434187,2026-03-09T17:55:17.144544,2026-03-10T03:44:43,12.818709848888888,2.994861111111111,CAUSAL_GP:65409:315434187,SYNTHETIC_RELATIVE_TO_CAUSAL_A:FROZEN_ORIGINAL_PERTURBATION_RULE,2026-03-10T06:44:25Z,2.0,0.0,0.0,1.9978978358587614,0.005020821198910841,1.9978962920335994,0.0024837083520526937,-5.815197998693122e-07,-1.9978962920335994,-0.0024837083520526937,5.815197998693122e-07,12-18 h,WITHIN_CALIBRATED_SUPPORT,160.09615081626842,29.005502435074128,1099.4845501122445,2.3493636708012136,0.3815890287763824,AMBIGUOUS,4.440892098500626e-16,0.0,0,0,SCORED,60,60,3,60,50,10,0,0.8333333333333334,conditional verifier acceptance fraction under the controlled observation model
controlled_altitude_difference_synthetic_B,orbit_unit_54956deef91c612834296dea,65686,STARLINK-35137,SYNTHETIC_RELATIVE_TO_A,same_plane_altitude_offset:-1km,same_tle_65686_20260310T131505Z:segment:2,2026-03-10T13:17:34.500000Z,315485957,2026-03-10T00:29:40.547616,2026-03-10T09:52:28,12.798320106666665,3.4184722222222224,CAUSAL_GP:65686:315485957,SYNTHETIC_RELATIVE_TO_CAUSAL_A:FROZEN_ORIGINAL_PERTURBATION_RULE,2026-03-10T13:17:35Z,-1.0,0.0,0.0,1.0027867734017133,0.005734979895025411,-1.002786765860861,0.0001229754396054883,-8.803045650207508e-07,1.002786765860861,-0.0001229754396054883,8.803045650207508e-07,12-18 h,WITHIN_CALIBRATED_SUPPORT,44.110593457812534,29.005502435074128,1099.4845501122445,1.2331935768207278,0.20029812545446107,AMBIGUOUS,2.220446049250313e-16,0.0,0,0,SCORED,60,60,3,60,54,6,0,0.9,conditional verifier acceptance fraction under the controlled observation model
controlled_altitude_difference_synthetic_B,orbit_unit_549f0e03e67523d6c9f32874,65410,STARLINK-35024,SYNTHETIC_RELATIVE_TO_A,same_plane_altitude_offset:-2km,same_tle_65410_20260312T085425Z:segment:3,2026-03-12T08:57:54.500000Z,315679831,2026-03-11T16:54:40.030272,2026-03-12T03:14:55,16.054019368888888,5.716527777777777,CAUSAL_GP:65410:315679831,SYNTHETIC_RELATIVE_TO_CAUSAL_A:FROZEN_ORIGINAL_PERTURBATION_RULE,2026-03-12T08:57:55Z,-2.0,0.0,0.0,2.0000302524825795,8.729491794109282e-05,-2.000029921541473,-0.0011505575004651623,1.3336779852712866e-06,2.000029921541473,0.0011505575004651623,-1.3336779852712866e-06,12-18 h,WITHIN_CALIBRATED_SUPPORT,169.85026480886185,29.005502435074128,1099.4845501122445,2.4198749161120086,0.3930416267501919,AMBIGUOUS,2.220446049250313e-16,0.0,0,0,SCORED,60,60,3,60,57,3,0,0.95,conditional verifier acceptance fraction under the controlled observation model
controlled_altitude_difference_synthetic_B,orbit_unit_54cd20037cb97e3e1dbe3a74,65409,STARLINK-35022,SYNTHETIC_RELATIVE_TO_A,same_plane_altitude_offset:-2km,same_tle_65409_20260310T113340Z:segment:3,2026-03-10T11:37:09.500000Z,315434187,2026-03-09T17:55:17.144544,2026-03-10T03:44:43,17.697876515555556,7.874027777777778,CAUSAL_GP:65409:315434187,SYNTHETIC_RELATIVE_TO_CAUSAL_A:FROZEN_ORIGINAL_PERTURBATION_RULE,2026-03-10T11:37:10Z,-2.0,0.0,0.0,1.9981128188995063,0.003768822050224991,-1.9981125121047152,-0.001107254992741058,2.738189309514638e-06,1.9981125121047152,0.001107254992741058,-2.738189309514638e-06,12-18 h,WITHIN_CALIBRATED_SUPPORT,169.52981991481246,29.005502435074128,1099.4845501122445,2.4175911320737695,0.3926706893155505,AMBIGUOUS,2.220446049250313e-16,0.0,0,0,SCORED,60,60,3,60,43,17,0,0.7166666666666667,conditional verifier acceptance fraction under the controlled observation model
controlled_altitude_difference_synthetic_B,orbit_unit_55ab7194ab8f9da70fe934d4,44714,STARLINK-1008,SYNTHETIC_RELATIVE_TO_A,same_plane_altitude_offset:+1km,same_tle_44714_20260311T034020Z:segment:3,2026-03-11T03:43:49.500000Z,315542230,2026-03-10T16:27:18.322272,2026-03-11T02:43:10,11.275327146666667,1.0109722222222222,CAUSAL_GP:44714:315542230,SYNTHETIC_RELATIVE_TO_CAUSAL_A:FROZEN_ORIGINAL_PERTURBATION_RULE,2026-03-11T03:43:50Z,1.0,0.0,0.0,0.9979267217202682,0.0046719636087052515,0.9979253915308014,0.0016293745312566943,-3.087214711650077e-07,-0.9979253915308014,-0.0016293745312566943,3.087214711650077e-07,9-12 h,WITHIN_CALIBRATED_SUPPORT,42.05702506112932,31.32749048335574,948.5696084793932,1.1586612193188492,0.21056426640867457,AMBIGUOUS,2.220446049250313e-16,0.0,0,0,SCORED,60,60,3,60,57,3,0,0.95,conditional verifier acceptance fraction under the controlled observation model
controlled_altitude_difference_synthetic_B,orbit_unit_5601cfc277bf6e4a3af6af28,65686,STARLINK-35137,SYNTHETIC_RELATIVE_TO_A,same_plane_altitude_offset:-10km,same_tle_65686_20260311T142130Z:segment:3,2026-03-11T14:24:59.500000Z,315558516,2026-03-10T22:25:41.529216,2026-03-11T07:06:59,15.988325217777778,7.300138888888889,CAUSAL_GP:65686:315558516,SYNTHETIC_RELATIVE_TO_CAUSAL_A:FROZEN_ORIGINAL_PERTURBATION_RULE,2026-03-11T14:25:00Z,-10.0,0.0,0.0,10.001529763055414,0.005193992525129912,-10.00152681376484,-0.007680808953368867,-2.35070478638022e-08,10.00152681376484,0.007680808953368867,2.35070478638022e-08,12-18 h,WITHIN_CALIBRATED_SUPPORT,4145.718848390933,29.005502435074128,1099.4845501122445,11.955279302007712,1.941803848549216,ORBIT_DISTINCT,3.3306690738754696e-16,0.0,0,0,SCORED,60,60,3,60,33,27,0,0.55,conditional verifier acceptance fraction under the controlled observation model
controlled_altitude_difference_synthetic_B,orbit_unit_56de11d55567524279cf1ab5,65421,STARLINK-35146,SYNTHETIC_RELATIVE_TO_A,same_plane_altitude_offset:-10km,same_tle_65421_20260312T085635Z:segment:3,2026-03-12T09:00:04.500000Z,315679337,2026-03-11T13:48:47.386944,2026-03-12T03:14:55,19.18808696,5.752638888888889,CAUSAL_GP:65421:315679337,SYNTHETIC_RELATIVE_TO_CAUSAL_A:FROZEN_ORIGINAL_PERTURBATION_RULE,2026-03-12T09:00:05Z,-10.0,0.0,0.0,9.999537688303297,0.004814499699453583,-9.999534531693053,-0.00794539327817187,1.3744844142848933e-06,9.999534531693053,0.00794539327817187,-1.3744844142848933e-06,18-24 h,WITHIN_CALIBRATED_SUPPORT,5619.628914944251,37.65263471646583,1467.668474883233,12.216762574123925,1.956770247390405,ORBIT_DISTINCT,1.1102230246251565e-16,0.0,0,0,SCORED,60,60,3,60,35,25,0,0.5833333333333334,conditional verifier acceptance fraction under the controlled observation model
controlled_altitude_difference_synthetic_B,orbit_unit_57147c979fdf97b212f01541,44714,STARLINK-1008,SYNTHETIC_RELATIVE_TO_A,same_plane_altitude_offset:-50km,same_tle_44714_20260312T044740Z:segment:3,2026-03-12T04:51:09.500000Z,315665530,2026-03-11T12:49:19.719264,2026-03-12T03:14:55,16.03049464888889,1.6040277777777778,CAUSAL_GP:44714:315665530,SYNTHETIC_RELATIVE_TO_CAUSAL_A:FROZEN_ORIGINAL_PERTURBATION_RULE,2026-03-12T04:51:10Z,-50.0,0.0,0.0,50.00104446606942,0.026886956200575525,-50.0010274127101,-0.04129614102221879,8.425142787871209e-07,50.0010274127101,0.04129614102221879,-8.425142787871209e-07,12-18 h,WITHIN_CALIBRATED_SUPPORT,103137.7054599541,29.005502435074128,1099.4845501122445,59.630511720299474,9.685324301038397,ORBIT_DISTINCT,2.220446049250313e-16,0.0,0,0,SCORED,60,60,3,60,12,48,0,0.2,conditional verifier acceptance fraction under the controlled observation model
controlled_altitude_difference_synthetic_B,orbit_unit_5738b61622e8c6cdbc9219fa,65686,STARLINK-35137,SYNTHETIC_RELATIVE_TO_A,same_plane_altitude_offset:-2km,same_tle_65686_20260310T131505Z:segment:2,2026-03-10T13:17:34.500000Z,315485957,2026-03-10T00:29:40.547616,2026-03-10T09:52:28,12.798320106666665,3.4184722222222224,CAUSAL_GP:65686:315485957,SYNTHETIC_RELATIVE_TO_CAUSAL_A:FROZEN_ORIGINAL_PERTURBATION_RULE,2026-03-10T13:17:35Z,-2.0,0.0,0.0,2.0027868929948824,0.005628848886359854,-2.0027867658975538,-0.0007135102940509785,-8.796254739040776e-07,2.0027867658975538,0.0007135102940509785,8.796254739040776e-07,12-18 h,WITHIN_CALIBRATED_SUPPORT,170.31043983003852,29.005502435074128,1099.4845501122445,2.423150780198648,0.39357370009871606,AMBIGUOUS,2.220446049250313e-16,0.0,0,0,SCORED,60,60,3,60,56,4,0,0.9333333333333333,conditional verifier acceptance fraction under the controlled observation model
controlled_altitude_difference_synthetic_B,orbit_unit_57d91d6d38693904d559a0a1,65421,STARLINK-35146,SYNTHETIC_RELATIVE_TO_A,same_plane_altitude_offset:+50km,same_tle_65421_20260311T110455Z:segment:3,2026-03-11T11:08:24.500000Z,315556037,2026-03-10T20:34:46.163136,2026-03-11T02:43:10,14.560649128888889,8.420694444444445,CAUSAL_GP:65421:315556037,SYNTHETIC_RELATIVE_TO_CAUSAL_A:FROZEN_ORIGINAL_PERTURBATION_RULE,2026-03-11T11:08:25Z,50.0,0.0,0.0,50.00172660817058,0.029257543633430656,50.00170862525775,0.0424069929470523,2.754425885598266e-06,-50.00170862525775,-0.0424069929470523,-2.754425885598266e-06,12-18 h,WITHIN_CALIBRATED_SUPPORT,102905.30205734533,29.005502435074128,1099.4845501122445,59.56329018660749,9.674406025561005,ORBIT_DISTINCT,2.220446049250313e-16,0.0,0,0,SCORED,60,60,3,60,10,50,0,0.16666666666666666,conditional verifier acceptance fraction under the controlled observation model
controlled_altitude_difference_synthetic_B,orbit_unit_58417bee57b5777299e69185,65409,STARLINK-35022,SYNTHETIC_RELATIVE_TO_A,same_plane_altitude_offset:+2km,same_tle_65409_20260310T113340Z:segment:3,2026-03-10T11:37:09.500000Z,315434187,2026-03-09T17:55:17.144544,2026-03-10T03:44:43,17.697876515555556,7.874027777777778,CAUSAL_GP:65409:315434187,SYNTHETIC_RELATIVE_TO_CAUSAL_A:FROZEN_ORIGINAL_PERTURBATION_RULE,2026-03-10T11:37:10Z,2.0,0.0,0.0,2.0018887390908415,0.004396122448653761,2.0018874876181125,0.0022384390244667984,2.737379288020314e-06,-2.0018874876181125,-0.0022384390244667984,-2.737379288020314e-06,12-18 h,WITHIN_CALIBRATED_SUPPORT,160.74385068716097,29.005502435074128,1099.4845501122445,2.3541112758462344,0.3823601456624818,AMBIGUOUS,2.220446049250313e-16,0.0,0,0,SCORED,60,60,3,60,47,13,0,0.7833333333333333,conditional verifier acceptance fraction under the controlled observation model
controlled_altitude_difference_synthetic_B,orbit_unit_59c924067fc2035a2b837d37,65410,STARLINK-35024,SYNTHETIC_RELATIVE_TO_A,same_plane_altitude_offset:-5km,same_tle_65410_20260312T085425Z:segment:3,2026-03-12T08:57:54.500000Z,315679831,2026-03-11T16:54:40.030272,2026-03-12T03:14:55,16.054019368888888,5.716527777777777,CAUSAL_GP:65410:315679831,SYNTHETIC_RELATIVE_TO_CAUSAL_A:FROZEN_ORIGINAL_PERTURBATION_RULE,2026-03-12T08:57:55Z,-5.0,0.0,0.0,5.000031262530919,0.0017343677282095815,-5.00002992242479,-0.003660756956521731,1.3349827434616657e-06,5.00002992242479,0.003660756956521731,-1.3349827434616657e-06,12-18 h,WITHIN_CALIBRATED_SUPPORT,1042.2445062466795,29.005502435074128,1099.4845501122445,5.994384697607887,0.9736216930996142,AMBIGUOUS,2.220446049250313e-16,0.0,0,0,SCORED,60,60,3,60,51,9,0,0.85,conditional verifier acceptance fraction under the controlled observation model
controlled_altitude_difference_synthetic_B,orbit_unit_5a543377fc82a96ff609c475,44714,STARLINK-1008,SYNTHETIC_RELATIVE_TO_A,same_plane_altitude_offset:-10km,same_tle_44714_20260311T034020Z:segment:3,2026-03-11T03:43:49.500000Z,315542230,2026-03-10T16:27:18.322272,2026-03-11T02:43:10,11.275327146666667,1.0109722222222222,CAUSAL_GP:44714:315542230,SYNTHETIC_RELATIVE_TO_CAUSAL_A:FROZEN_ORIGINAL_PERTURBATION_RULE,2026-03-11T03:43:50Z,-10.0,0.0,0.0,10.002077481261685,0.005758119989032106,-10.00207461247388,-0.007575464836487633,-3.0167628839450344e-07,10.00207461247388,0.007575464836487633,3.0167628839450344e-07,9-12 h,WITHIN_CALIBRATED_SUPPORT,4385.22348160028,31.32749048335574,948.5696084793932,11.831316221441263,2.1501128882878997,ORBIT_DISTINCT,2.220446049250313e-16,0.0,0,0,SCORED,60,60,3,60,54,6,0,0.9,conditional verifier acceptance fraction under the controlled observation model
controlled_altitude_difference_synthetic_B,orbit_unit_5bb5ec8d685de748f82525eb,65686,STARLINK-35137,SYNTHETIC_RELATIVE_TO_A,same_plane_altitude_offset:+20km,same_tle_65686_20260312T121505Z:segment:2,2026-03-12T12:17:34.500000Z,315682814,2026-03-11T21:55:43.056192,2026-03-12T07:26:32,14.364289946666668,4.850694444444445,CAUSAL_GP:65686:315682814,SYNTHETIC_RELATIVE_TO_CAUSAL_A:FROZEN_ORIGINAL_PERTURBATION_RULE,2026-03-12T12:17:35Z,20.0,0.0,0.0,19.99701281990793,0.014283153576796366,19.99700504303169,0.017636000859900136,-8.484190292534777e-07,-19.99700504303169,-0.017636000859900136,8.484190292534777e-07,12-18 h,WITHIN_CALIBRATED_SUPPORT,16430.843647231857,29.005502435074128,1099.4845501122445,23.80070026823637,3.8657642545637896,ORBIT_DISTINCT,3.3306690738754696e-16,0.0,0,0,SCORED,60,60,3,60,36,24,0,0.6,conditional verifier acceptance fraction under the controlled observation model
controlled_altitude_difference_synthetic_B,orbit_unit_5c19ca81588b971979a2107e,65410,STARLINK-35024,SYNTHETIC_RELATIVE_TO_A,same_plane_altitude_offset:+5km,same_tle_65410_20260310T064015Z:segment:3,2026-03-10T06:43:44.500000Z,315434688,2026-03-09T16:20:35.643840,2026-03-10T03:44:43,14.385793377777778,2.98375,CAUSAL_GP:65410:315434688,SYNTHETIC_RELATIVE_TO_CAUSAL_A:FROZEN_ORIGINAL_PERTURBATION_RULE,2026-03-10T06:43:45Z,5.0,0.0,0.0,4.9979166310079846,0.006065536535939103,4.997914141952855,0.004988002958294491,-5.7631823269233e-07,-4.997914141952855,-0.004988002958294491,5.7631823269233e-07,12-18 h,WITHIN_CALIBRATED_SUPPORT,1017.858831708435,29.005502435074128,1099.4845501122445,5.923843523642674,0.9621642340452007,AMBIGUOUS,4.440892098500626e-16,0.0,0,0,SCORED,60,60,3,60,50,10,0,0.8333333333333334,conditional verifier acceptance fraction under the controlled observation model
controlled_altitude_difference_synthetic_B,orbit_unit_5d7e7c74eb762baff9a75dbf,65421,STARLINK-35146,SYNTHETIC_RELATIVE_TO_A,same_plane_altitude_offset:+2km,same_tle_65421_20260310T131350Z:segment:2,2026-03-10T13:16:19.500000Z,315434193,2026-03-09T17:56:44.636640,2026-03-10T03:44:43,19.326350933333334,9.526805555555555,CAUSAL_GP:65421:315434193,SYNTHETIC_RELATIVE_TO_CAUSAL_A:FROZEN_ORIGINAL_PERTURBATION_RULE,2026-03-10T13:16:20Z,2.0,0.0,0.0,2.002948311377062,0.006649952625570898,2.002946550137586,0.0026561868594020543,3.3967112180732784e-06,-2.002946550137586,-0.0026561868594020543,-3.3967112180732784e-06,18-24 h,WITHIN_CALIBRATED_SUPPORT,234.85826729827613,37.65263471646583,1467.668474883233,2.4974985267852707,0.40002666667730014,AMBIGUOUS,2.220446049250313e-16,0.0,0,0,SCORED,60,60,3,60,49,11,0,0.8166666666666667,conditional verifier acceptance fraction under the controlled observation model
controlled_altitude_difference_synthetic_B,orbit_unit_5db90911a1b79e57791dee31,44714,STARLINK-1008,SYNTHETIC_RELATIVE_TO_A,same_plane_altitude_offset:+0km,same_tle_44714_20260310T090420Z:segment:3,2026-03-10T09:07:49.500000Z,315443210,2026-03-09T21:39:16.344864,2026-03-10T08:26:21,11.475876426666668,0.69125,CAUSAL_GP:44714:315443210,SYNTHETIC_RELATIVE_TO_CAUSAL_A:FROZEN_ORIGINAL_PERTURBATION_RULE,2026-03-10T09:07:50Z,0.0,0.0,0.0,0.0028793673512049396,0.005753789704946822,0.0027066854843801327,0.0009821396719017267,3.420044971243056e-06,-0.0027066854843801327,-0.0009821396719017267,-3.420044971243056e-06,9-12 h,WITHIN_CALIBRATED_SUPPORT,0.22269697012883705,31.32749048335574,948.5696084793932,0.0843129627828793,0.015322250249780192,NOT_ORBIT_DISTINCT,2.220446049250313e-16,0.0,0,0,SCORED,60,60,3,0,0,0,0,,conditional verifier acceptance fraction under the controlled observation model
controlled_altitude_difference_synthetic_B,orbit_unit_5e2e89ecf755055eacabe7cd,65409,STARLINK-35022,SYNTHETIC_RELATIVE_TO_A,same_plane_altitude_offset:+0km,same_tle_65409_20260312T054045Z:segment:2,2026-03-12T05:43:14.500000Z,315679331,2026-03-11T20:03:20.806272,2026-03-12T03:14:55,9.664914924444444,2.4720833333333334,CAUSAL_GP:65409:315679331,SYNTHETIC_RELATIVE_TO_CAUSAL_A:FROZEN_ORIGINAL_PERTURBATION_RULE,2026-03-12T05:43:15Z,0.0,0.0,0.0,0.0028263029107177683,0.005650620301146494,-0.002670523884454424,0.0009253591872855594,-8.36777384615058e-07,0.002670523884454424,-0.0009253591872855594,8.36777384615058e-07,9-12 h,WITHIN_CALIBRATED_SUPPORT,0.23158394211206848,31.32749048335574,948.5696084793932,0.08597880760694973,0.015624985326679794,NOT_ORBIT_DISTINCT,2.220446049250313e-16,0.0,0,0,SCORED,60,60,3,0,0,0,0,,conditional verifier acceptance fraction under the controlled observation model
controlled_altitude_difference_synthetic_B,orbit_unit_5e673c39ab7b2ba78646e251,65686,STARLINK-35137,SYNTHETIC_RELATIVE_TO_A,same_plane_altitude_offset:-20km,same_tle_65686_20260311T142130Z:segment:3,2026-03-11T14:24:59.500000Z,315558516,2026-03-10T22:25:41.529216,2026-03-11T07:06:59,15.988325217777778,7.300138888888889,CAUSAL_GP:65686:315558516,SYNTHETIC_RELATIVE_TO_CAUSAL_A:FROZEN_ORIGINAL_PERTURBATION_RULE,2026-03-11T14:25:00Z,-20.0,0.0,0.0,20.00153327212073,0.01026078415375814,-20.00152682833648,-0.016055251124619474,-1.7404769181439406e-08,20.00152682833648,0.016055251124619474,1.7404769181439406e-08,12-18 h,WITHIN_CALIBRATED_SUPPORT,16532.36202140176,29.005502435074128,1099.4845501122445,23.874113654108413,3.8776882248550915,ORBIT_DISTINCT,3.3306690738754696e-16,0.0,0,0,SCORED,60,60,3,60,21,39,0,0.35,conditional verifier acceptance fraction under the controlled observation model
controlled_altitude_difference_synthetic_B,orbit_unit_5e8187a17d635ce1d8040da5,65410,STARLINK-35024,SYNTHETIC_RELATIVE_TO_A,same_plane_altitude_offset:-10km,same_tle_65410_20260310T064015Z:segment:3,2026-03-10T06:43:44.500000Z,315434688,2026-03-09T16:20:35.643840,2026-03-10T03:44:43,14.385793377777778,2.98375,CAUSAL_GP:65410:315434688,SYNTHETIC_RELATIVE_TO_CAUSAL_A:FROZEN_ORIGINAL_PERTURBATION_RULE,2026-03-10T06:43:45Z,-10.0,0.0,0.0,10.00208871780354,0.005752918929811502,-10.002085860411615,-0.007560407830934146,-5.664543767380792e-07,10.002085860411615,0.007560407830934146,5.664543767380792e-07,12-18 h,WITHIN_CALIBRATED_SUPPORT,4146.179487459077,29.005502435074128,1099.4845501122445,11.955943470991624,1.9419117243969035,ORBIT_DISTINCT,4.440892098500626e-16,0.0,0,0,SCORED,60,60,3,60,46,14,0,0.7666666666666667,conditional verifier acceptance fraction under the controlled observation model
controlled_altitude_difference_synthetic_B,orbit_unit_5f44327eab46bf94763fc186,44714,STARLINK-1008,SYNTHETIC_RELATIVE_TO_A,same_plane_altitude_offset:-20km,same_tle_44714_20260311T034020Z:segment:3,2026-03-11T03:43:49.500000Z,315542230,2026-03-10T16:27:18.322272,2026-03-11T02:43:10,11.275327146666667,1.0109722222222222,CAUSAL_GP:44714:315542230,SYNTHETIC_RELATIVE_TO_CAUSAL_A:FROZEN_ORIGINAL_PERTURBATION_RULE,2026-03-11T03:43:50Z,-20.0,0.0,0.0,20.002080986270016,0.010446322301736567,-20.00207462691606,-0.01594993997700156,-2.9526686873282415e-07,20.00207462691606,0.01594993997700156,2.9526686873282415e-07,9-12 h,WITHIN_CALIBRATED_SUPPORT,17503.41467160545,31.32749048335574,948.5696084793932,23.63733920316698,4.295629219465747,ORBIT_DISTINCT,2.220446049250313e-16,0.0,0,0,SCORED,60,60,3,60,38,22,0,0.6333333333333333,conditional verifier acceptance fraction under the controlled observation model
controlled_altitude_difference_synthetic_B,orbit_unit_6050ae6129c9cb335d3c7a5f,65421,STARLINK-35146,SYNTHETIC_RELATIVE_TO_A,same_plane_altitude_offset:-2km,same_tle_65421_20260311T110455Z:segment:3,2026-03-11T11:08:24.500000Z,315556037,2026-03-10T20:34:46.163136,2026-03-11T02:43:10,14.560649128888889,8.420694444444445,CAUSAL_GP:65421:315556037,SYNTHETIC_RELATIVE_TO_CAUSAL_A:FROZEN_ORIGINAL_PERTURBATION_RULE,2026-03-11T11:08:25Z,-2.0,0.0,0.0,1.9982915026580346,0.003415667282738489,-1.9982912443769263,-0.001015989259717076,2.7648390303891546e-06,1.9982912443769263,0.001015989259717076,-2.7648390303891546e-06,12-18 h,WITHIN_CALIBRATED_SUPPORT,169.55947614801795,29.005502435074128,1099.4845501122445,2.417802580157666,0.392705033197672,AMBIGUOUS,2.220446049250313e-16,0.0,0,0,SCORED,60,60,3,60,43,17,0,0.7166666666666667,conditional verifier acceptance fraction under the controlled observation model
controlled_altitude_difference_synthetic_B,orbit_unit_614cd40fb78f9fbeb6f96bea,65409,STARLINK-35022,SYNTHETIC_RELATIVE_TO_A,same_plane_altitude_offset:-10km,same_tle_65409_20260310T113340Z:segment:3,2026-03-10T11:37:09.500000Z,315434187,2026-03-09T17:55:17.144544,2026-03-10T03:44:43,17.697876515555556,7.874027777777778,CAUSAL_GP:65409:315434187,SYNTHETIC_RELATIVE_TO_CAUSAL_A:FROZEN_ORIGINAL_PERTURBATION_RULE,2026-03-10T11:37:10Z,-10.0,0.0,0.0,9.998115560275158,0.0058186064652661,-9.998112516468598,-0.007801579498726063,2.739810603280546e-06,9.998112516468598,0.007801579498726063,-2.739810603280546e-06,12-18 h,WITHIN_CALIBRATED_SUPPORT,4142.898922297712,29.005502435074128,1099.4845501122445,11.951212608129998,1.9411433268145801,ORBIT_DISTINCT,2.220446049250313e-16,0.0,0,0,SCORED,60,60,3,60,38,22,0,0.6333333333333333,conditional verifier acceptance fraction under the controlled observation model
controlled_altitude_difference_synthetic_B,orbit_unit_6154426ffc4dfe2debd7199a,65421,STARLINK-35146,SYNTHETIC_RELATIVE_TO_A,same_plane_altitude_offset:+10km,same_tle_65421_20260310T131350Z:segment:2,2026-03-10T13:16:19.500000Z,315434193,2026-03-09T17:56:44.636640,2026-03-10T03:44:43,19.326350933333334,9.526805555555555,CAUSAL_GP:65421:315434193,SYNTHETIC_RELATIVE_TO_CAUSAL_A:FROZEN_ORIGINAL_PERTURBATION_RULE,2026-03-10T13:16:20Z,10.0,0.0,0.0,10.002950908538303,0.009574745974256647,10.00294654428334,0.009344026206120848,3.396371684338817e-06,-10.00294654428334,-0.009344026206120848,-3.396371684338817e-06,18-24 h,WITHIN_CALIBRATED_SUPPORT,5698.2136878364745,37.65263471646583,1467.668474883233,12.301885493816092,1.9704044647711565,ORBIT_DISTINCT,2.220446049250313e-16,0.0,0,0,SCORED,60,60,3,60,36,24,0,0.6,conditional verifier acceptance fraction under the controlled observation model
controlled_altitude_difference_synthetic_B,orbit_unit_618c3fd462861a1a27fb9117,65409,STARLINK-35022,SYNTHETIC_RELATIVE_TO_A,same_plane_altitude_offset:+5km,same_tle_65409_20260311T110325Z:segment:3,2026-03-11T11:06:54.500000Z,315556031,2026-03-10T20:33:19.547136,2026-03-11T02:43:10,14.559709128888889,8.395694444444445,CAUSAL_GP:65409:315556031,SYNTHETIC_RELATIVE_TO_CAUSAL_A:FROZEN_ORIGINAL_PERTURBATION_RULE,2026-03-11T11:06:55Z,5.0,0.0,0.0,5.001788400121913,0.005321044806579069,5.001786140464516,0.0047544341382665944,2.6889534376906e-06,-5.001786140464516,-0.0047544341382665944,-2.6889534376906e-06,12-18 h,WITHIN_CALIBRATED_SUPPORT,1019.4435016997796,29.005502435074128,1099.4845501122445,5.9284530460575295,0.962912923234222,AMBIGUOUS,3.3306690738754696e-16,0.0,0,0,SCORED,60,60,3,60,52,8,0,0.8666666666666667,conditional verifier acceptance fraction under the controlled observation model
controlled_altitude_difference_synthetic_B,orbit_unit_639a56625115ba979ddf05cf,65410,STARLINK-35024,SYNTHETIC_RELATIVE_TO_A,same_plane_altitude_offset:+5km,same_tle_65410_20260312T085425Z:segment:3,2026-03-12T08:57:54.500000Z,315679831,2026-03-11T16:54:40.030272,2026-03-12T03:14:55,16.054019368888888,5.716527777777777,CAUSAL_GP:65410:315679831,SYNTHETIC_RELATIVE_TO_CAUSAL_A:FROZEN_ORIGINAL_PERTURBATION_RULE,2026-03-12T08:57:55Z,5.0,0.0,0.0,4.999972290122926,0.0038436591895042436,4.999970076939093,0.004704435036971301,1.3306354018638444e-06,-4.999970076939093,-0.004704435036971301,-1.3306354018638444e-06,12-18 h,WITHIN_CALIBRATED_SUPPORT,1018.699119146522,29.005502435074128,1099.4845501122445,5.9262882164785715,0.9625613066553295,AMBIGUOUS,2.220446049250313e-16,0.0,0,0,SCORED,60,60,3,60,53,7,0,0.8833333333333333,conditional verifier acceptance fraction under the controlled observation model
controlled_altitude_difference_synthetic_B,orbit_unit_656eba510980ed9de4797b2b,65686,STARLINK-35137,SYNTHETIC_RELATIVE_TO_A,same_plane_altitude_offset:-50km,same_tle_65686_20260310T131505Z:segment:2,2026-03-10T13:17:34.500000Z,315485957,2026-03-10T00:29:40.547616,2026-03-10T09:52:28,12.798320106666665,3.4184722222222224,CAUSAL_GP:65686:315485957,SYNTHETIC_RELATIVE_TO_CAUSAL_A:FROZEN_ORIGINAL_PERTURBATION_RULE,2026-03-10T13:17:35Z,-50.0,0.0,0.0,50.00280364674201,0.026698959838141932,-50.002786889188116,-0.040937135612931996,-8.469753360884624e-07,50.002786889188116,0.040937135612931996,8.469753360884624e-07,12-18 h,WITHIN_CALIBRATED_SUPPORT,103144.93759665759,29.005502435074128,1099.4845501122445,59.632602364311566,9.685663868227591,ORBIT_DISTINCT,2.220446049250313e-16,0.0,0,0,SCORED,60,60,3,60,21,39,0,0.35,conditional verifier acceptance fraction under the controlled observation model
controlled_altitude_difference_synthetic_B,orbit_unit_65d28d339ac425582109f70c,65421,STARLINK-35146,SYNTHETIC_RELATIVE_TO_A,same_plane_altitude_offset:+100km,same_tle_65421_20260311T110455Z:segment:3,2026-03-11T11:08:24.500000Z,315556037,2026-03-10T20:34:46.163136,2026-03-11T02:43:10,14.560649128888889,8.420694444444445,CAUSAL_GP:65421:315556037,SYNTHETIC_RELATIVE_TO_CAUSAL_A:FROZEN_ORIGINAL_PERTURBATION_RULE,2026-03-11T11:08:25Z,100.0,0.0,0.0,100.00174353260398,0.0565897581419765,100.00170824750624,0.08400679338194195,2.744523591502457e-06,-100.00170824750624,-0.08400679338194195,-2.744523591502457e-06,12-18 h,WITHIN_CALIBRATED_SUPPORT,411841.3629309074,29.005502435074128,1099.4845501122445,119.15843340992986,19.35398569430662,ORBIT_DISTINCT,2.220446049250313e-16,0.0,0,0,SCORED,60,60,3,60,0,60,0,0.0,conditional verifier acceptance fraction under the controlled observation model
controlled_altitude_difference_synthetic_B,orbit_unit_667a5e13fbf7ac8a24205d05,65686,STARLINK-35137,SYNTHETIC_RELATIVE_TO_A,same_plane_altitude_offset:-5km,same_tle_65686_20260311T142130Z:segment:3,2026-03-11T14:24:59.500000Z,315558516,2026-03-10T22:25:41.529216,2026-03-11T07:06:59,15.988325217777778,7.300138888888889,CAUSAL_GP:65686:315558516,SYNTHETIC_RELATIVE_TO_CAUSAL_A:FROZEN_ORIGINAL_PERTURBATION_RULE,2026-03-11T14:25:00Z,-5.0,0.0,0.0,5.00152803209287,0.0033633018799982457,-5.0015268103418435,-0.0034958893734872154,-2.6556643106800948e-08,5.0015268103418435,0.0034958893734872154,2.6556643106800948e-08,12-18 h,WITHIN_CALIBRATED_SUPPORT,1042.8638810633947,29.005502435074128,1099.4845501122445,5.99616557506406,0.9739109472952574,AMBIGUOUS,3.3306690738754696e-16,0.0,0,0,SCORED,60,60,3,60,48,12,0,0.8,conditional verifier acceptance fraction under the controlled observation model
controlled_altitude_difference_synthetic_B,orbit_unit_685ab98cbd5ea440981a6933,65409,STARLINK-35022,SYNTHETIC_RELATIVE_TO_A,same_plane_altitude_offset:+20km,same_tle_65409_20260310T064055Z:segment:3,2026-03-10T06:44:24.500000Z,315434187,2026-03-09T17:55:17.144544,2026-03-10T03:44:43,12.818709848888888,2.994861111111111,CAUSAL_GP:65409:315434187,SYNTHETIC_RELATIVE_TO_CAUSAL_A:FROZEN_ORIGINAL_PERTURBATION_RULE,2026-03-10T06:44:25Z,20.0,0.0,0.0,19.997903950988334,0.01342923849577028,19.997896270107766,0.017527206401009465,-5.93360519829389e-07,-19.997896270107766,-0.017527206401009465,5.93360519829389e-07,12-18 h,WITHIN_CALIBRATED_SUPPORT,16432.30765620943,29.005502435074128,1099.4845501122445,23.80176058088607,3.8659364729730665,ORBIT_DISTINCT,4.440892098500626e-16,0.0,0,0,SCORED,60,60,3,60,29,31,0,0.48333333333333334,conditional verifier acceptance fraction under the controlled observation model
controlled_altitude_difference_synthetic_B,orbit_unit_69663af7a25b4af65f866787,44714,STARLINK-1008,SYNTHETIC_RELATIVE_TO_A,same_plane_altitude_offset:+50km,same_tle_44714_20260310T023440Z:segment:2,2026-03-10T02:37:09.500000Z,315393241,2026-03-09T13:49:15.828096,2026-03-09T22:56:35,12.798242195555556,3.67625,CAUSAL_GP:44714:315393241,SYNTHETIC_RELATIVE_TO_CAUSAL_A:FROZEN_ORIGINAL_PERTURBATION_RULE,2026-03-10T02:37:10Z,50.0,0.0,0.0,49.997100594614736,0.03033570474169515,49.99708230252982,0.04276800304196726,-1.000215171131913e-06,-49.99708230252982,-0.04276800304196726,1.000215171131913e-06,12-18 h,WITHIN_CALIBRATED_SUPPORT,102886.27422314076,29.005502435074128,1099.4845501122445,59.557783119508464,9.6735115551085,ORBIT_DISTINCT,2.6059418842835023e-17,0.0,0,0,SCORED,60,60,3,60,25,35,0,0.4166666666666667,conditional verifier acceptance fraction under the controlled observation model
controlled_altitude_difference_synthetic_B,orbit_unit_6a8c565fad45bf383bfefa4c,65686,STARLINK-35137,SYNTHETIC_RELATIVE_TO_A,same_plane_altitude_offset:+50km,same_tle_65686_20260312T121505Z:segment:2,2026-03-12T12:17:34.500000Z,315682814,2026-03-11T21:55:43.056192,2026-03-12T07:26:32,14.364289946666668,4.850694444444445,CAUSAL_GP:65686:315682814,SYNTHETIC_RELATIVE_TO_CAUSAL_A:FROZEN_ORIGINAL_PERTURBATION_RULE,2026-03-12T12:17:35Z,50.0,0.0,0.0,49.99702313582574,0.030164545553021217,49.997004933689915,0.04266268720527755,-8.685170023170485e-07,-49.997004933689915,-0.04266268720527755,8.685170023170485e-07,12-18 h,WITHIN_CALIBRATED_SUPPORT,102885.94931257454,29.005502435074128,1099.4845501122445,59.5576890789357,9.673496280823265,ORBIT_DISTINCT,3.3306690738754696e-16,0.0,0,0,SCORED,60,60,3,60,21,39,0,0.35,conditional verifier acceptance fraction under the controlled observation model
controlled_altitude_difference_synthetic_B,orbit_unit_6b3f8dd565b62a459b080dd0,65409,STARLINK-35022,SYNTHETIC_RELATIVE_TO_A,same_plane_altitude_offset:+10km,same_tle_65409_20260310T113340Z:segment:3,2026-03-10T11:37:09.500000Z,315434187,2026-03-09T17:55:17.144544,2026-03-10T03:44:43,17.697876515555556,7.874027777777778,CAUSAL_GP:65409:315434187,SYNTHETIC_RELATIVE_TO_CAUSAL_A:FROZEN_ORIGINAL_PERTURBATION_RULE,2026-03-10T11:37:10Z,10.0,0.0,0.0,10.001891465894008,0.007702905733454586,10.001887482171195,0.008926897729325756,2.735762841155065e-06,-10.001887482171195,-0.008926897729325756,-2.735762841155065e-06,12-18 h,WITHIN_CALIBRATED_SUPPORT,4098.96899914715,29.005502435074128,1099.4845501122445,11.887680397603047,1.9308242796562798,ORBIT_DISTINCT,2.220446049250313e-16,0.0,0,0,SCORED,60,60,3,60,37,23,0,0.6166666666666667,conditional verifier acceptance fraction under the controlled observation model
controlled_altitude_difference_synthetic_B,orbit_unit_6b6addf52d23e271a1a78016,44714,STARLINK-1008,SYNTHETIC_RELATIVE_TO_A,same_plane_altitude_offset:+0km,same_tle_44714_20260310T023440Z:segment:2,2026-03-10T02:37:09.500000Z,315393241,2026-03-09T13:49:15.828096,2026-03-09T22:56:35,12.798242195555556,3.67625,CAUSAL_GP:44714:315393241,SYNTHETIC_RELATIVE_TO_CAUSAL_A:FROZEN_ORIGINAL_PERTURBATION_RULE,2026-03-10T02:37:10Z,0.0,0.0,0.0,0.0030916281142132716,0.006181728117192032,-0.0029175648911098266,0.001022730937329937,-9.657046350327377e-07,0.0029175648911098266,-0.001022730937329937,9.657046350327377e-07,12-18 h,WITHIN_CALIBRATED_SUPPORT,0.32353686700849055,29.005502435074128,1099.4845501122445,0.10561404867477436,0.01715407570135987,NOT_ORBIT_DISTINCT,2.6059418842835023e-17,0.0,0,0,SCORED,60,60,3,0,0,0,0,,conditional verifier acceptance fraction under the controlled observation model
controlled_altitude_difference_synthetic_B,orbit_unit_6c6f22037e3f5ea4fa507005,44714,STARLINK-1008,SYNTHETIC_RELATIVE_TO_A,same_plane_altitude_offset:-50km,same_tle_44714_20260310T023440Z:segment:2,2026-03-10T02:37:09.500000Z,315393241,2026-03-09T13:49:15.828096,2026-03-09T22:56:35,12.798242195555556,3.67625,CAUSAL_GP:44714:315393241,SYNTHETIC_RELATIVE_TO_CAUSAL_A:FROZEN_ORIGINAL_PERTURBATION_RULE,2026-03-10T02:37:10Z,-50.0,0.0,0.0,50.002934394680906,0.02663092918677328,-50.00291768777198,-0.040875281795480944,-9.310933215544992e-07,50.00291768777198,0.040875281795480944,9.310933215544992e-07,12-18 h,WITHIN_CALIBRATED_SUPPORT,103145.47321222693,29.005502435074128,1099.4845501122445,59.632757195510976,9.68568901626565,ORBIT_DISTINCT,2.6059418842835023e-17,0.0,0,0,SCORED,60,60,3,60,22,38,0,0.36666666666666664,conditional verifier acceptance fraction under the controlled observation model
controlled_altitude_difference_synthetic_B,orbit_unit_6d02281d2f644a27b485f288,65409,STARLINK-35022,SYNTHETIC_RELATIVE_TO_A,same_plane_altitude_offset:-10km,same_tle_65409_20260312T054045Z:segment:2,2026-03-12T05:43:14.500000Z,315679331,2026-03-11T20:03:20.806272,2026-03-12T03:14:55,9.664914924444444,2.4720833333333334,CAUSAL_GP:65409:315679331,SYNTHETIC_RELATIVE_TO_CAUSAL_A:FROZEN_ORIGINAL_PERTURBATION_RULE,2026-03-12T05:43:15Z,-10.0,0.0,0.0,10.002673295850325,0.006513443248099837,-10.00267052787267,-0.007441393957745124,-8.300498626212516e-07,10.00267052787267,0.007441393957745124,8.300498626212516e-07,9-12 h,WITHIN_CALIBRATED_SUPPORT,4385.743548730608,31.32749048335574,948.5696084793932,11.832017770208422,2.1502403812073516,ORBIT_DISTINCT,2.220446049250313e-16,0.0,0,0,SCORED,60,60,3,60,40,20,0,0.6666666666666666,conditional verifier acceptance fraction under the controlled observation model
controlled_altitude_difference_synthetic_B,orbit_unit_6d5a196be61a28182f6b34fb,65409,STARLINK-35022,SYNTHETIC_RELATIVE_TO_A,same_plane_altitude_offset:-100km,same_tle_65409_20260312T054045Z:segment:2,2026-03-12T05:43:14.500000Z,315679331,2026-03-11T20:03:20.806272,2026-03-12T03:14:55,9.664914924444444,2.4720833333333334,CAUSAL_GP:65409:315679331,SYNTHETIC_RELATIVE_TO_CAUSAL_A:FROZEN_ORIGINAL_PERTURBATION_RULE,2026-03-12T05:43:15Z,-100.0,0.0,0.0,100.00270549614,0.054778168467577285,-100.00267103479797,-0.08302080273390189,-7.693108585726804e-07,100.00267103479797,0.08302080273390189,7.693108585726804e-07,9-12 h,WITHIN_CALIBRATED_SUPPORT,436849.29339986446,31.32749048335574,948.5696084793932,118.08725176659425,21.460074028426465,ORBIT_DISTINCT,2.220446049250313e-16,0.0,0,0,SCORED,60,60,3,60,0,60,0,0.0,conditional verifier acceptance fraction under the controlled observation model
controlled_altitude_difference_synthetic_B,orbit_unit_6df6b15eb0c01fd010678ee8,65409,STARLINK-35022,SYNTHETIC_RELATIVE_TO_A,same_plane_altitude_offset:-5km,same_tle_65409_20260310T064055Z:segment:3,2026-03-10T06:44:24.500000Z,315434187,2026-03-09T17:55:17.144544,2026-03-10T03:44:43,12.818709848888888,2.994861111111111,CAUSAL_GP:65409:315434187,SYNTHETIC_RELATIVE_TO_CAUSAL_A:FROZEN_ORIGINAL_PERTURBATION_RULE,2026-03-10T06:44:25Z,-5.0,0.0,0.0,5.002104844823122,0.004363437735749971,-5.002103708346697,-0.003371875862179463,-5.769108035735826e-07,5.002103708346697,0.003371875862179463,5.769108035735826e-07,12-18 h,WITHIN_CALIBRATED_SUPPORT,1043.1022896872598,29.005502435074128,1099.4845501122445,5.99685092620002,0.9740222635965997,AMBIGUOUS,4.440892098500626e-16,0.0,0,0,SCORED,60,60,3,60,47,13,0,0.7833333333333333,conditional verifier acceptance fraction under the controlled observation model
controlled_altitude_difference_synthetic_B,orbit_unit_6e1f99c1bcc541b2adfa7138,65686,STARLINK-35137,SYNTHETIC_RELATIVE_TO_A,same_plane_altitude_offset:+10km,same_tle_65686_20260312T152900Z:segment:3,2026-03-12T15:32:29.500000Z,315682814,2026-03-11T21:55:43.056192,2026-03-12T07:26:32,17.61290105777778,8.099305555555556,CAUSAL_GP:65686:315682814,SYNTHETIC_RELATIVE_TO_CAUSAL_A:FROZEN_ORIGINAL_PERTURBATION_RULE,2026-03-12T15:32:30Z,10.0,0.0,0.0,9.999491279766849,0.006713727150658199,9.999487328273451,0.008889647379445142,1.17558746293156e-06,-9.999487328273451,-0.008889647379445142,-1.17558746293156e-06,12-18 h,WITHIN_CALIBRATED_SUPPORT,4096.996299779773,29.005502435074128,1099.4845501122445,11.884819477965502,1.9303596025356338,ORBIT_DISTINCT,2.220446049250313e-16,0.0,0,0,SCORED,60,60,3,60,45,15,0,0.75,conditional verifier acceptance fraction under the controlled observation model
controlled_altitude_difference_synthetic_B,orbit_unit_6e4d5e2959fb3e579de4f810,65421,STARLINK-35146,SYNTHETIC_RELATIVE_TO_A,same_plane_altitude_offset:+10km,same_tle_65421_20260311T110455Z:segment:3,2026-03-11T11:08:24.500000Z,315556037,2026-03-10T20:34:46.163136,2026-03-11T02:43:10,14.560649128888889,8.420694444444445,CAUSAL_GP:65421:315556037,SYNTHETIC_RELATIVE_TO_CAUSAL_A:FROZEN_ORIGINAL_PERTURBATION_RULE,2026-03-11T11:08:25Z,10.0,0.0,0.0,10.001712816423336,0.0076957277830903125,10.001708749763601,0.009019262797064442,2.7624258738256913e-06,-10.001708749763601,-0.009019262797064442,-2.7624258738256913e-06,12-18 h,WITHIN_CALIBRATED_SUPPORT,4098.823195359616,29.005502435074128,1099.4845501122445,11.887468968309358,1.9307899388261067,ORBIT_DISTINCT,2.220446049250313e-16,0.0,0,0,SCORED,60,60,3,60,36,24,0,0.6,conditional verifier acceptance fraction under the controlled observation model
controlled_altitude_difference_synthetic_B,orbit_unit_6ea7638a0d30e4c3ed873d1b,65686,STARLINK-35137,SYNTHETIC_RELATIVE_TO_A,same_plane_altitude_offset:+1km,same_tle_65686_20260311T142130Z:segment:3,2026-03-11T14:24:59.500000Z,315558516,2026-03-10T22:25:41.529216,2026-03-11T07:06:59,15.988325217777778,7.300138888888889,CAUSAL_GP:65686:315558516,SYNTHETIC_RELATIVE_TO_CAUSAL_A:FROZEN_ORIGINAL_PERTURBATION_RULE,2026-03-11T14:25:00Z,1.0,0.0,0.0,0.9984743534358582,0.003617556673097035,0.9984731903819508,0.0015239939771380662,-3.021384864521082e-08,-0.9984731903819508,-0.0015239939771380662,3.021384864521082e-08,12-18 h,WITHIN_CALIBRATED_SUPPORT,39.04848929363111,29.005502435074128,1099.4845501122445,1.160277637291311,0.18845495153756014,AMBIGUOUS,3.3306690738754696e-16,0.0,0,0,SCORED,60,60,3,60,45,15,0,0.75,conditional verifier acceptance fraction under the controlled observation model
controlled_altitude_difference_synthetic_B,orbit_unit_6f3262d3b84e804b4f2ef371,65421,STARLINK-35146,SYNTHETIC_RELATIVE_TO_A,same_plane_altitude_offset:-5km,same_tle_65421_20260312T085635Z:segment:3,2026-03-12T09:00:04.500000Z,315679337,2026-03-11T13:48:47.386944,2026-03-12T03:14:55,19.18808696,5.752638888888889,CAUSAL_GP:65421:315679337,SYNTHETIC_RELATIVE_TO_CAUSAL_A:FROZEN_ORIGINAL_PERTURBATION_RULE,2026-03-12T09:00:05Z,-5.0,0.0,0.0,4.999535942505761,0.00214265053599832,-4.999534528107035,-0.003760674228222724,1.3723356753203575e-06,4.999534528107035,0.003760674228222724,-1.3723356753203575e-06,18-24 h,WITHIN_CALIBRATED_SUPPORT,1395.756769245699,37.65263471646583,1467.668474883233,6.088456196933808,0.9751937034394036,AMBIGUOUS,1.1102230246251565e-16,0.0,0,0,SCORED,60,60,3,60,47,13,0,0.7833333333333333,conditional verifier acceptance fraction under the controlled observation model
controlled_altitude_difference_synthetic_B,orbit_unit_70008be25b86966e9b4c3afc,44714,STARLINK-1008,SYNTHETIC_RELATIVE_TO_A,same_plane_altitude_offset:+100km,same_tle_44714_20260312T044740Z:segment:3,2026-03-12T04:51:09.500000Z,315665530,2026-03-11T12:49:19.719264,2026-03-12T03:14:55,16.03049464888889,1.6040277777777778,CAUSAL_GP:44714:315665530,SYNTHETIC_RELATIVE_TO_CAUSAL_A:FROZEN_ORIGINAL_PERTURBATION_RULE,2026-03-12T04:51:10Z,100.0,0.0,0.0,99.99900745874594,0.05643019123164348,99.99897220505494,0.08396824979357032,7.667124108934331e-07,-99.99897220505494,-0.08396824979357032,-7.667124108934331e-07,12-18 h,WITHIN_CALIBRATED_SUPPORT,411818.81966547284,29.005502435074128,1099.4845501122445,119.15517213362868,19.353455990339626,ORBIT_DISTINCT,2.220446049250313e-16,0.0,0,0,SCORED,60,60,3,60,10,50,0,0.16666666666666666,conditional verifier acceptance fraction under the controlled observation model
controlled_altitude_difference_synthetic_B,orbit_unit_71174280d0d928f60ddbd680,44714,STARLINK-1008,SYNTHETIC_RELATIVE_TO_A,same_plane_altitude_offset:-50km,same_tle_44714_20260311T034020Z:segment:3,2026-03-11T03:43:49.500000Z,315542230,2026-03-10T16:27:18.322272,2026-03-11T02:43:10,11.275327146666667,1.0109722222222222,CAUSAL_GP:44714:315542230,SYNTHETIC_RELATIVE_TO_CAUSAL_A:FROZEN_ORIGINAL_PERTURBATION_RULE,2026-03-11T03:43:50Z,-50.0,0.0,0.0,50.00209163260398,0.026767987574901266,-50.00207473266502,-0.041110391720682316,-2.7601279839473136e-07,50.00207473266502,0.041110391720682316,2.7601279839473136e-07,9-12 h,WITHIN_CALIBRATED_SUPPORT,109257.17936862161,31.32749048335574,948.5696084793932,59.05574992760191,10.732240324768878,ORBIT_DISTINCT,2.220446049250313e-16,0.0,0,0,SCORED,60,60,3,60,9,51,0,0.15,conditional verifier acceptance fraction under the controlled observation model
controlled_altitude_difference_synthetic_B,orbit_unit_71bd63434566f6ecda92fc95,65410,STARLINK-35024,SYNTHETIC_RELATIVE_TO_A,same_plane_altitude_offset:+1km,same_tle_65410_20260312T085425Z:segment:3,2026-03-12T08:57:54.500000Z,315679831,2026-03-11T16:54:40.030272,2026-03-12T03:14:55,16.054019368888888,5.716527777777777,CAUSAL_GP:65410:315679831,SYNTHETIC_RELATIVE_TO_CAUSAL_A:FROZEN_ORIGINAL_PERTURBATION_RULE,2026-03-12T08:57:55Z,1.0,0.0,0.0,0.9999710020128462,0.0016153510949959496,0.9999700784198651,0.001359091523578996,1.3323736273163078e-06,-0.9999700784198651,-0.001359091523578996,-1.3323736273163078e-06,12-18 h,WITHIN_CALIBRATED_SUPPORT,39.16799080956904,29.005502435074128,1099.4845501122445,1.162051701005378,0.1887430990296031,AMBIGUOUS,2.220446049250313e-16,0.0,0,0,SCORED,60,60,3,60,52,8,0,0.8666666666666667,conditional verifier acceptance fraction under the controlled observation model
controlled_altitude_difference_synthetic_B,orbit_unit_73233ea59213bab316c0eb8b,65409,STARLINK-35022,SYNTHETIC_RELATIVE_TO_A,same_plane_altitude_offset:+5km,same_tle_65409_20260312T054045Z:segment:2,2026-03-12T05:43:14.500000Z,315679331,2026-03-11T20:03:20.806272,2026-03-12T03:14:55,9.664914924444444,2.4720833333333334,CAUSAL_GP:65409:315679331,SYNTHETIC_RELATIVE_TO_CAUSAL_A:FROZEN_ORIGINAL_PERTURBATION_RULE,2026-03-12T05:43:15Z,5.0,0.0,0.0,4.997332083244123,0.007071082405388831,4.997329474274723,0.0051064435236187755,-8.401403572833033e-07,-4.997329474274723,-0.0051064435236187755,8.401403572833033e-07,9-12 h,WITHIN_CALIBRATED_SUPPORT,1082.4248249161028,31.32749048335574,948.5696084793932,5.878087798545166,1.0682287665708432,ORBIT_DISTINCT,2.220446049250313e-16,0.0,0,0,SCORED,60,60,3,60,46,14,0,0.7666666666666667,conditional verifier acceptance fraction under the controlled observation model
controlled_altitude_difference_synthetic_B,orbit_unit_74d49d5f4743151fe9f9a525,65410,STARLINK-35024,SYNTHETIC_RELATIVE_TO_A,same_plane_altitude_offset:-20km,same_tle_65410_20260312T085425Z:segment:3,2026-03-12T08:57:54.500000Z,315679831,2026-03-11T16:54:40.030272,2026-03-12T03:14:55,16.054019368888888,5.716527777777777,CAUSAL_GP:65410:315679831,SYNTHETIC_RELATIVE_TO_CAUSAL_A:FROZEN_ORIGINAL_PERTURBATION_RULE,2026-03-12T08:57:55Z,-20.0,0.0,0.0,20.00003651794855,0.010120794611573109,-20.000029940723575,-0.016220031881819696,1.3415120267978864e-06,20.000029940723575,0.016220031881819696,-1.3415120267978864e-06,12-18 h,WITHIN_CALIBRATED_SUPPORT,16529.895453271627,29.005502435074128,1099.4845501122445,23.872332622323658,3.877398945593046,ORBIT_DISTINCT,2.220446049250313e-16,0.0,0,0,SCORED,60,60,3,60,38,22,0,0.6333333333333333,conditional verifier acceptance fraction under the controlled observation model
controlled_altitude_difference_synthetic_B,orbit_unit_7549509841383fbe04e6f679,65410,STARLINK-35024,SYNTHETIC_RELATIVE_TO_A,same_plane_altitude_offset:+1km,same_tle_65410_20260311T110240Z:segment:3,2026-03-11T11:06:09.500000Z,315555532,2026-03-10T17:24:38.025504,2026-03-11T02:43:10,17.69207624888889,8.383194444444445,CAUSAL_GP:65410:315555532,SYNTHETIC_RELATIVE_TO_CAUSAL_A:FROZEN_ORIGINAL_PERTURBATION_RULE,2026-03-11T11:06:10Z,1.0,0.0,0.0,1.0015084345655112,0.0035086166861699668,1.0015073780182107,0.001454741762230094,2.712032077578641e-06,-1.0015073780182107,-0.001454741762230094,-2.712032077578641e-06,12-18 h,WITHIN_CALIBRATED_SUPPORT,39.29127031753267,29.005502435074128,1099.4845501122445,1.1638790172926399,0.18903989592656276,AMBIGUOUS,1.1102230246251565e-16,0.0,0,0,SCORED,60,60,3,60,58,2,0,0.9666666666666667,conditional verifier acceptance fraction under the controlled observation model
controlled_altitude_difference_synthetic_B,orbit_unit_7586c33a864b05a7f5cc6a01,65410,STARLINK-35024,SYNTHETIC_RELATIVE_TO_A,same_plane_altitude_offset:-50km,same_tle_65410_20260310T131135Z:segment:2,2026-03-10T13:14:04.500000Z,315434688,2026-03-09T16:20:35.643840,2026-03-10T03:44:43,20.891348933333333,9.489305555555555,CAUSAL_GP:65410:315434688,SYNTHETIC_RELATIVE_TO_CAUSAL_A:FROZEN_ORIGINAL_PERTURBATION_RULE,2026-03-10T13:14:05Z,-50.0,0.0,0.0,49.997004599676195,0.026949767286856326,-49.99698777175942,-0.04102061154120129,3.2482132077404913e-06,49.99698777175942,0.04102061154120129,-3.2482132077404913e-06,18-24 h,WITHIN_CALIBRATED_SUPPORT,141223.675987204,37.65263471646583,1467.668474883233,61.242945542837866,9.809339665371182,ORBIT_DISTINCT,2.220446049250313e-16,0.0,0,0,SCORED,60,60,3,60,14,46,0,0.23333333333333334,conditional verifier acceptance fraction under the controlled observation model
controlled_altitude_difference_synthetic_B,orbit_unit_75902747bbb153b9dbe65e0e,65686,STARLINK-35137,SYNTHETIC_RELATIVE_TO_A,same_plane_altitude_offset:+100km,same_tle_65686_20260312T121505Z:segment:2,2026-03-12T12:17:34.500000Z,315682814,2026-03-11T21:55:43.056192,2026-03-12T07:26:32,14.364289946666668,4.850694444444445,CAUSAL_GP:65686:315682814,SYNTHETIC_RELATIVE_TO_CAUSAL_A:FROZEN_ORIGINAL_PERTURBATION_RULE,2026-03-12T12:17:35Z,100.0,0.0,0.0,99.99704004944523,0.05730007435263111,99.99700455458097,0.08425414805052966,-9.019332338766617e-07,-99.99700455458097,-0.08425414805052966,9.019332338766617e-07,12-18 h,WITHIN_CALIBRATED_SUPPORT,411802.64513331803,29.005502435074128,1099.4845501122445,119.15283215061272,19.353075924938295,ORBIT_DISTINCT,3.3306690738754696e-16,0.0,0,0,SCORED,60,60,3,60,12,48,0,0.2,conditional verifier acceptance fraction under the controlled observation model
controlled_altitude_difference_synthetic_B,orbit_unit_7598af76d21770482df3098d,65409,STARLINK-35022,SYNTHETIC_RELATIVE_TO_A,same_plane_altitude_offset:-10km,same_tle_65409_20260310T064055Z:segment:3,2026-03-10T06:44:24.500000Z,315434187,2026-03-09T17:55:17.144544,2026-03-10T03:44:43,12.818709848888888,2.994861111111111,CAUSAL_GP:65409:315434187,SYNTHETIC_RELATIVE_TO_CAUSAL_A:FROZEN_ORIGINAL_PERTURBATION_RULE,2026-03-10T06:44:25Z,-10.0,0.0,0.0,10.00210656595396,0.005772800457597817,-10.002103711692602,-0.007556271837661832,-5.736171484471697e-07,10.002103711692602,0.007556271837661832,5.736171484471697e-07,12-18 h,WITHIN_CALIBRATED_SUPPORT,4146.19419505331,29.005502435074128,1099.4845501122445,11.95596467641819,1.941915168630859,ORBIT_DISTINCT,4.440892098500626e-16,0.0,0,0,SCORED,60,60,3,60,44,16,0,0.7333333333333333,conditional verifier acceptance fraction under the controlled observation model
controlled_altitude_difference_synthetic_B,orbit_unit_765d1a487b0d18a38cc25698,44714,STARLINK-1008,SYNTHETIC_RELATIVE_TO_A,same_plane_altitude_offset:+100km,same_tle_44714_20260311T034020Z:segment:3,2026-03-11T03:43:49.500000Z,315542230,2026-03-10T16:27:18.322272,2026-03-11T02:43:10,11.275327146666667,1.0109722222222222,CAUSAL_GP:44714:315542230,SYNTHETIC_RELATIVE_TO_CAUSAL_A:FROZEN_ORIGINAL_PERTURBATION_RULE,2026-03-11T03:43:50Z,100.0,0.0,0.0,99.99796028351837,0.05689849988320565,99.99792488187671,0.0841438212773511,-3.718934991070455e-07,-99.99792488187671,-0.0841438212773511,3.718934991070455e-07,9-12 h,WITHIN_CALIBRATED_SUPPORT,436476.14989003364,31.32749048335574,948.5696084793932,118.03680770533106,21.450906795953795,ORBIT_DISTINCT,2.220446049250313e-16,0.0,0,0,SCORED,60,60,3,60,2,58,0,0.03333333333333333,conditional verifier acceptance fraction under the controlled observation model
controlled_altitude_difference_synthetic_B,orbit_unit_7779864f9a1ecb22ee55d9fc,44714,STARLINK-1008,SYNTHETIC_RELATIVE_TO_A,same_plane_altitude_offset:-1km,same_tle_44714_20260310T090420Z:segment:3,2026-03-10T09:07:49.500000Z,315443210,2026-03-09T21:39:16.344864,2026-03-10T08:26:21,11.475876426666668,0.69125,CAUSAL_GP:44714:315443210,SYNTHETIC_RELATIVE_TO_CAUSAL_A:FROZEN_ORIGINAL_PERTURBATION_RULE,2026-03-10T09:07:50Z,-1.0,0.0,0.0,0.9972933250888926,0.005586473971761651,-0.9972933144462808,0.00014565683646250438,3.4201049511906056e-06,0.9972933144462808,-0.00014565683646250438,-3.4201049511906056e-06,9-12 h,WITHIN_CALIBRATED_SUPPORT,45.31038581251785,31.32749048335574,948.5696084793932,1.202641197013949,0.21855677671766946,AMBIGUOUS,2.220446049250313e-16,0.0,0,0,SCORED,60,60,3,60,58,2,0,0.9666666666666667,conditional verifier acceptance fraction under the controlled observation model
controlled_altitude_difference_synthetic_B,orbit_unit_7858aa3348ccf371734b1982,65686,STARLINK-35137,SYNTHETIC_RELATIVE_TO_A,same_plane_altitude_offset:+10km,same_tle_65686_20260311T142130Z:segment:3,2026-03-11T14:24:59.500000Z,315558516,2026-03-10T22:25:41.529216,2026-03-11T07:06:59,15.988325217777778,7.300138888888889,CAUSAL_GP:65686:315558516,SYNTHETIC_RELATIVE_TO_CAUSAL_A:FROZEN_ORIGINAL_PERTURBATION_RULE,2026-03-11T14:25:00Z,10.0,0.0,0.0,9.998477280052786,0.00759261659173808,9.998473184577586,0.009049696939541496,-3.569750273157979e-08,-9.998473184577586,-0.009049696939541496,3.569750273157979e-08,12-18 h,WITHIN_CALIBRATED_SUPPORT,4096.165093539478,29.005502435074128,1099.4845501122445,11.883613809654266,1.9301637751268639,ORBIT_DISTINCT,3.3306690738754696e-16,0.0,0,0,SCORED,60,60,3,60,37,23,0,0.6166666666666667,conditional verifier acceptance fraction under the controlled observation model
controlled_altitude_difference_synthetic_B,orbit_unit_78a988a0749abeb38e8bee5f,44714,STARLINK-1008,SYNTHETIC_RELATIVE_TO_A,same_plane_altitude_offset:-2km,same_tle_44714_20260310T090420Z:segment:3,2026-03-10T09:07:49.500000Z,315443210,2026-03-09T21:39:16.344864,2026-03-10T08:26:21,11.475876426666668,0.69125,CAUSAL_GP:44714:315443210,SYNTHETIC_RELATIVE_TO_CAUSAL_A:FROZEN_ORIGINAL_PERTURBATION_RULE,2026-03-10T09:07:50Z,-2.0,0.0,0.0,1.99729343397547,0.005471097733188639,-1.9972933144795775,-0.0006908871186472876,3.4201666024857857e-06,1.9972933144795775,0.0006908871186472876,-3.4201666024857857e-06,9-12 h,WITHIN_CALIBRATED_SUPPORT,177.73005395378854,31.32749048335574,948.5696084793932,2.3818676885761754,0.43285838359413586,AMBIGUOUS,2.220446049250313e-16,0.0,0,0,SCORED,60,60,3,60,52,8,0,0.8666666666666667,conditional verifier acceptance fraction under the controlled observation model
controlled_altitude_difference_synthetic_B,orbit_unit_79dc0d943b4bfa9999b5df6d,65421,STARLINK-35146,SYNTHETIC_RELATIVE_TO_A,same_plane_altitude_offset:-2km,same_tle_65421_20260310T131350Z:segment:2,2026-03-10T13:16:19.500000Z,315434193,2026-03-09T17:56:44.636640,2026-03-10T03:44:43,19.326350933333334,9.526805555555555,CAUSAL_GP:65421:315434193,SYNTHETIC_RELATIVE_TO_CAUSAL_A:FROZEN_ORIGINAL_PERTURBATION_RULE,2026-03-10T13:16:20Z,-2.0,0.0,0.0,1.997053568308473,0.005947068635209649,-1.997053449382229,-0.0006891970741276232,3.396881463557655e-06,1.997053449382229,0.0006891970741276232,-3.396881463557655e-06,18-24 h,WITHIN_CALIBRATED_SUPPORT,218.5803196130452,37.65263471646583,1467.668474883233,2.409394101536189,0.385914898772766,AMBIGUOUS,2.220446049250313e-16,0.0,0,0,SCORED,60,60,3,60,47,13,0,0.7833333333333333,conditional verifier acceptance fraction under the controlled observation model
controlled_altitude_difference_synthetic_B,orbit_unit_79fc674aa26d84230d0ff60a,65409,STARLINK-35022,SYNTHETIC_RELATIVE_TO_A,same_plane_altitude_offset:-50km,same_tle_65409_20260311T110325Z:segment:3,2026-03-11T11:06:54.500000Z,315556031,2026-03-10T20:33:19.547136,2026-03-11T02:43:10,14.559709128888889,8.395694444444445,CAUSAL_GP:65409:315556031,SYNTHETIC_RELATIVE_TO_CAUSAL_A:FROZEN_ORIGINAL_PERTURBATION_RULE,2026-03-11T11:06:55Z,-50.0,0.0,0.0,49.998231062741034,0.02710480041722398,-49.998213983579376,-0.041326207699832196,2.700715221237715e-06,49.998213983579376,0.041326207699832196,-2.700715221237715e-06,12-18 h,WITHIN_CALIBRATED_SUPPORT,103126.10918177284,29.005502435074128,1099.4845501122445,59.62715935058674,9.68477980147084,ORBIT_DISTINCT,3.3306690738754696e-16,0.0,0,0,SCORED,60,60,3,60,2,58,0,0.03333333333333333,conditional verifier acceptance fraction under the controlled observation model
controlled_altitude_difference_synthetic_B,orbit_unit_7a41e2b448ffe108474da8fe,44714,STARLINK-1008,SYNTHETIC_RELATIVE_TO_A,same_plane_altitude_offset:+2km,same_tle_44714_20260312T044740Z:segment:3,2026-03-12T04:51:09.500000Z,315665530,2026-03-11T12:49:19.719264,2026-03-12T03:14:55,16.03049464888889,1.6040277777777778,CAUSAL_GP:44714:315665530,SYNTHETIC_RELATIVE_TO_CAUSAL_A:FROZEN_ORIGINAL_PERTURBATION_RULE,2026-03-12T04:51:10Z,2.0,0.0,0.0,1.998974016834575,0.003119263530546373,1.998972712435569,0.00228361929256532,8.161205442558384e-07,-1.998972712435569,-0.00228361929256532,-8.161205442558384e-07,12-18 h,WITHIN_CALIBRATED_SUPPORT,160.2703520509039,29.005502435074128,1099.4845501122445,2.3506414990956537,0.38179657657491123,AMBIGUOUS,2.220446049250313e-16,0.0,0,0,SCORED,60,60,3,60,54,6,0,0.9,conditional verifier acceptance fraction under the controlled observation model
controlled_altitude_difference_synthetic_B,orbit_unit_7a82d1cf7e0d34c77130d966,65421,STARLINK-35146,SYNTHETIC_RELATIVE_TO_A,same_plane_altitude_offset:+5km,same_tle_65421_20260310T064225Z:segment:3,2026-03-10T06:45:54.500000Z,315434193,2026-03-09T17:56:44.636640,2026-03-10T03:44:43,12.81940648888889,3.019861111111111,CAUSAL_GP:65421:315434193,SYNTHETIC_RELATIVE_TO_CAUSAL_A:FROZEN_ORIGINAL_PERTURBATION_RULE,2026-03-10T06:45:55Z,5.0,0.0,0.0,4.997699060705377,0.006397919022118434,4.997696551719438,0.005007824546603423,-5.941266469911e-07,-4.997696551719438,-0.005007824546603423,5.941266469911e-07,12-18 h,WITHIN_CALIBRATED_SUPPORT,1017.7698445087404,29.005502435074128,1099.4845501122445,5.923584569378961,0.9621221741005376,AMBIGUOUS,1.1102230246251565e-16,0.0,0,0,SCORED,60,60,3,60,47,13,0,0.7833333333333333,conditional verifier acceptance fraction under the controlled observation model
controlled_altitude_difference_synthetic_B,orbit_unit_7aed3a2600a13693d5faf597,65421,STARLINK-35146,SYNTHETIC_RELATIVE_TO_A,same_plane_altitude_offset:-100km,same_tle_65421_20260311T110455Z:segment:3,2026-03-11T11:08:24.500000Z,315556037,2026-03-10T20:34:46.163136,2026-03-11T02:43:10,14.560649128888889,8.420694444444445,CAUSAL_GP:65421:315556037,SYNTHETIC_RELATIVE_TO_CAUSAL_A:FROZEN_ORIGINAL_PERTURBATION_RULE,2026-03-11T11:08:25Z,-100.0,0.0,0.0,99.99832645694258,0.05515588335030893,-99.99829175884257,-0.08330367729620747,2.7847926418189672e-06,99.99829175884257,0.08330367729620747,-2.7847926418189672e-06,12-18 h,WITHIN_CALIBRATED_SUPPORT,412283.66611377045,29.005502435074128,1099.4845501122445,119.22240222910978,19.364375656442412,ORBIT_DISTINCT,2.220446049250313e-16,0.0,0,0,SCORED,60,60,3,60,0,60,0,0.0,conditional verifier acceptance fraction under the controlled observation model
controlled_altitude_difference_synthetic_B,orbit_unit_7bcc431b8d3436eadd039c39,65409,STARLINK-35022,SYNTHETIC_RELATIVE_TO_A,same_plane_altitude_offset:-2km,same_tle_65409_20260312T054045Z:segment:2,2026-03-12T05:43:14.500000Z,315679331,2026-03-11T20:03:20.806272,2026-03-12T03:14:55,9.664914924444444,2.4720833333333334,CAUSAL_GP:65409:315679331,SYNTHETIC_RELATIVE_TO_CAUSAL_A:FROZEN_ORIGINAL_PERTURBATION_RULE,2026-03-12T05:43:15Z,-2.0,0.0,0.0,2.0026706633661457,0.0053894681097701284,-2.002670523862435,-0.0007475020145242262,-8.354321595627212e-07,2.002670523862435,0.0007475020145242262,8.354321595627212e-07,9-12 h,WITHIN_CALIBRATED_SUPPORT,178.6781384448926,31.32749048335574,948.5696084793932,2.388212164976209,0.4340113694683896,AMBIGUOUS,2.220446049250313e-16,0.0,0,0,SCORED,60,60,3,60,46,14,0,0.7666666666666667,conditional verifier acceptance fraction under the controlled observation model
controlled_altitude_difference_synthetic_B,orbit_unit_7da69478417048031387aa8e,65409,STARLINK-35022,SYNTHETIC_RELATIVE_TO_A,same_plane_altitude_offset:-20km,same_tle_65409_20260311T110325Z:segment:3,2026-03-11T11:06:54.500000Z,315556031,2026-03-10T20:33:19.547136,2026-03-11T02:43:10,14.559709128888889,8.395694444444445,CAUSAL_GP:65409:315556031,SYNTHETIC_RELATIVE_TO_CAUSAL_A:FROZEN_ORIGINAL_PERTURBATION_RULE,2026-03-11T11:06:55Z,-20.0,0.0,0.0,19.99822041290233,0.010628749737532868,-19.99821387703991,-0.01616821525465406,2.694282343895793e-06,19.99821387703991,0.01616821525465406,-2.694282343895793e-06,12-18 h,WITHIN_CALIBRATED_SUPPORT,16526.897233317068,29.005502435074128,1099.4845501122445,23.870167522426247,3.8770472851084117,ORBIT_DISTINCT,3.3306690738754696e-16,0.0,0,0,SCORED,60,60,3,60,32,28,0,0.5333333333333333,conditional verifier acceptance fraction under the controlled observation model
controlled_altitude_difference_synthetic_B,orbit_unit_7fa107f4ff07ae402763820f,44714,STARLINK-1008,SYNTHETIC_RELATIVE_TO_A,same_plane_altitude_offset:-1km,same_tle_44714_20260310T023440Z:segment:2,2026-03-10T02:37:09.500000Z,315393241,2026-03-09T13:49:15.828096,2026-03-09T22:56:35,12.798242195555556,3.67625,CAUSAL_GP:44714:315393241,SYNTHETIC_RELATIVE_TO_CAUSAL_A:FROZEN_ORIGINAL_PERTURBATION_RULE,2026-03-10T02:37:10Z,-1.0,0.0,0.0,1.002917582117304,0.00602027234174385,-1.002917564817781,0.00018627683721694765,-9.650132768990183e-07,1.002917564817781,-0.00018627683721694765,9.650132768990183e-07,12-18 h,WITHIN_CALIBRATED_SUPPORT,44.12164659062868,29.005502435074128,1099.4845501122445,1.2333480725727302,0.20032321900838349,AMBIGUOUS,2.6059418842835023e-17,0.0,0,0,SCORED,60,60,3,60,50,10,0,0.8333333333333334,conditional verifier acceptance fraction under the controlled observation model
controlled_altitude_difference_synthetic_B,orbit_unit_80115f27590ee31635ea53ce,65421,STARLINK-35146,SYNTHETIC_RELATIVE_TO_A,same_plane_altitude_offset:+50km,same_tle_65421_20260312T085635Z:segment:3,2026-03-12T09:00:04.500000Z,315679337,2026-03-11T13:48:47.386944,2026-03-12T03:14:55,19.18808696,5.752638888888889,CAUSAL_GP:65421:315679337,SYNTHETIC_RELATIVE_TO_CAUSAL_A:FROZEN_ORIGINAL_PERTURBATION_RULE,2026-03-12T09:00:05Z,50.0,0.0,0.0,50.00048312755238,0.028601829787770122,50.00046534393431,0.042170827258448895,1.3487765180286715e-06,-50.00046534393431,-0.042170827258448895,-1.3487765180286715e-06,18-24 h,WITHIN_CALIBRATED_SUPPORT,141616.89346346783,37.65263471646583,1467.668474883233,61.32814746283966,9.822986536305153,ORBIT_DISTINCT,1.1102230246251565e-16,0.0,0,0,SCORED,60,60,3,60,31,29,0,0.5166666666666667,conditional verifier acceptance fraction under the controlled observation model
controlled_altitude_difference_synthetic_B,orbit_unit_806857481fdfe55b2d2e4824,44714,STARLINK-1008,SYNTHETIC_RELATIVE_TO_A,same_plane_altitude_offset:+5km,same_tle_44714_20260310T090420Z:segment:3,2026-03-10T09:07:49.500000Z,315443210,2026-03-09T21:39:16.344864,2026-03-10T08:26:21,11.475876426666668,0.69125,CAUSAL_GP:44714:315443210,SYNTHETIC_RELATIVE_TO_CAUSAL_A:FROZEN_ORIGINAL_PERTURBATION_RULE,2026-03-10T09:07:50Z,5.0,0.0,0.0,5.002709348482197,0.0072043858339016715,5.002706683608777,0.0051636378214483525,3.4197423786075376e-06,-5.002706683608777,-0.0051636378214483525,-3.4197423786075376e-06,9-12 h,WITHIN_CALIBRATED_SUPPORT,1084.7639344934257,31.32749048335574,948.5696084793932,5.884435616442221,1.0693823596975511,ORBIT_DISTINCT,2.220446049250313e-16,0.0,0,0,SCORED,60,60,3,60,55,5,0,0.9166666666666666,conditional verifier acceptance fraction under the controlled observation model
controlled_altitude_difference_synthetic_B,orbit_unit_808890f4a5e66eab17336d66,65410,STARLINK-35024,SYNTHETIC_RELATIVE_TO_A,same_plane_altitude_offset:+100km,same_tle_65410_20260310T131135Z:segment:2,2026-03-10T13:14:04.500000Z,315434688,2026-03-09T16:20:35.643840,2026-03-10T03:44:43,20.891348933333333,9.489305555555555,CAUSAL_GP:65410:315434688,SYNTHETIC_RELATIVE_TO_CAUSAL_A:FROZEN_ORIGINAL_PERTURBATION_RULE,2026-03-10T13:14:05Z,100.0,0.0,0.0,100.00304728302821,0.05721062326947281,100.00301184172768,0.0841930807138418,3.238265641414273e-06,-100.00301184172768,-0.0841930807138418,-3.238265641414273e-06,18-24 h,WITHIN_CALIBRATED_SUPPORT,566116.351174489,37.65263471646583,1467.668474883233,122.61826419435519,19.639881654929887,ORBIT_DISTINCT,2.220446049250313e-16,0.0,0,0,SCORED,60,60,3,60,7,53,0,0.11666666666666667,conditional verifier acceptance fraction under the controlled observation model
controlled_altitude_difference_synthetic_B,orbit_unit_808f8b07f02f09f6eca72b76,65686,STARLINK-35137,SYNTHETIC_RELATIVE_TO_A,same_plane_altitude_offset:+2km,same_tle_65686_20260312T152900Z:segment:3,2026-03-12T15:32:29.500000Z,315682814,2026-03-11T21:55:43.056192,2026-03-12T07:26:32,17.61290105777778,8.099305555555556,CAUSAL_GP:65686:315682814,SYNTHETIC_RELATIVE_TO_CAUSAL_A:FROZEN_ORIGINAL_PERTURBATION_RULE,2026-03-12T15:32:30Z,2.0,0.0,0.0,1.9994885440394643,0.002409761795471438,1.99948733368565,0.0022000396166874936,1.1792367384799718e-06,-1.99948733368565,-0.0022000396166874936,-1.1792367384799718e-06,12-18 h,WITHIN_CALIBRATED_SUPPORT,160.35370818855517,29.005502435074128,1099.4845501122445,2.351252700492162,0.3818958493057273,AMBIGUOUS,2.220446049250313e-16,0.0,0,0,SCORED,60,60,3,60,52,8,0,0.8666666666666667,conditional verifier acceptance fraction under the controlled observation model
controlled_altitude_difference_synthetic_B,orbit_unit_821dd2b9ed6a8d01abbbd3ca,65686,STARLINK-35137,SYNTHETIC_RELATIVE_TO_A,same_plane_altitude_offset:+2km,same_tle_65686_20260311T142130Z:segment:3,2026-03-11T14:24:59.500000Z,315558516,2026-03-10T22:25:41.529216,2026-03-11T07:06:59,15.988325217777778,7.300138888888889,CAUSAL_GP:65686:315558516,SYNTHETIC_RELATIVE_TO_CAUSAL_A:FROZEN_ORIGINAL_PERTURBATION_RULE,2026-03-11T14:25:00Z,2.0,0.0,0.0,1.9984745841130866,0.003944473716552185,1.9984731901452006,0.002360427257330433,-3.0823852359418424e-08,-1.9984731901452006,-0.002360427257330433,3.0823852359418424e-08,12-18 h,WITHIN_CALIBRATED_SUPPORT,160.18946582297372,29.005502435074128,1099.4845501122445,2.350048256124431,0.38170022069266507,AMBIGUOUS,3.3306690738754696e-16,0.0,0,0,SCORED,60,60,3,60,46,14,0,0.7666666666666667,conditional verifier acceptance fraction under the controlled observation model
controlled_altitude_difference_synthetic_B,orbit_unit_83c942a5250c389c10c17c72,44714,STARLINK-1008,SYNTHETIC_RELATIVE_TO_A,same_plane_altitude_offset:-20km,same_tle_44714_20260310T090420Z:segment:3,2026-03-10T09:07:49.500000Z,315443210,2026-03-09T21:39:16.344864,2026-03-10T08:26:21,11.475876426666668,0.69125,CAUSAL_GP:44714:315443210,SYNTHETIC_RELATIVE_TO_CAUSAL_A:FROZEN_ORIGINAL_PERTURBATION_RULE,2026-03-10T09:07:50Z,-20.0,0.0,0.0,19.99729954225526,0.010664622372032277,-19.997293332641068,-0.015759155426841254,3.421263652825246e-06,19.997293332641068,0.015759155426841254,-3.421263652825246e-06,9-12 h,WITHIN_CALIBRATED_SUPPORT,17495.05279379437,31.32749048335574,948.5696084793932,23.631692414880185,4.2946030249117655,ORBIT_DISTINCT,2.220446049250313e-16,0.0,0,0,SCORED,60,60,3,60,40,20,0,0.6666666666666666,conditional verifier acceptance fraction under the controlled observation model
controlled_altitude_difference_synthetic_B,orbit_unit_840eb4983df941d1874d4cfd,65409,STARLINK-35022,SYNTHETIC_RELATIVE_TO_A,same_plane_altitude_offset:+2km,same_tle_65409_20260312T054045Z:segment:2,2026-03-12T05:43:14.500000Z,315679331,2026-03-11T20:03:20.806272,2026-03-12T03:14:55,9.664914924444444,2.4720833333333334,CAUSAL_GP:65409:315679331,SYNTHETIC_RELATIVE_TO_CAUSAL_A:FROZEN_ORIGINAL_PERTURBATION_RULE,2026-03-12T05:43:15Z,2.0,0.0,0.0,1.9973311653101604,0.0061071450111508125,1.9973294756847386,0.0025979760329785107,-8.381224124720532e-07,-1.9973294756847386,-0.0025979760329785107,8.381224124720532e-07,9-12 h,WITHIN_CALIBRATED_SUPPORT,171.1129451197977,31.32749048335574,948.5696084793932,2.3371071806139456,0.424724027005687,AMBIGUOUS,2.220446049250313e-16,0.0,0,0,SCORED,60,60,3,60,44,16,0,0.7333333333333333,conditional verifier acceptance fraction under the controlled observation model
controlled_altitude_difference_synthetic_B,orbit_unit_84b211efa9cfce0cb6f1e20f,44714,STARLINK-1008,SYNTHETIC_RELATIVE_TO_A,same_plane_altitude_offset:+1km,same_tle_44714_20260312T044740Z:segment:3,2026-03-12T04:51:09.500000Z,315665530,2026-03-11T12:49:19.719264,2026-03-12T03:14:55,16.03049464888889,1.6040277777777778,CAUSAL_GP:44714:315665530,SYNTHETIC_RELATIVE_TO_CAUSAL_A:FROZEN_ORIGINAL_PERTURBATION_RULE,2026-03-12T04:51:10Z,1.0,0.0,0.0,0.9989737608088958,0.0027251926865143996,0.9989727126620678,0.001447114574474398,8.166264188202987e-07,-0.9989727126620678,-0.001447114574474398,-8.166264188202987e-07,12-18 h,WITHIN_CALIBRATED_SUPPORT,39.08831233328651,29.005502435074128,1099.4845501122445,1.1608691327450988,0.18855102358402182,AMBIGUOUS,2.220446049250313e-16,0.0,0,0,SCORED,60,60,3,60,52,8,0,0.8666666666666667,conditional verifier acceptance fraction under the controlled observation model
controlled_altitude_difference_synthetic_B,orbit_unit_85cfed6df633cc109b6c674c,65686,STARLINK-35137,SYNTHETIC_RELATIVE_TO_A,same_plane_altitude_offset:-2km,same_tle_65686_20260311T142130Z:segment:3,2026-03-11T14:24:59.500000Z,315558516,2026-03-10T22:25:41.529216,2026-03-11T07:06:59,15.988325217777778,7.300138888888889,CAUSAL_GP:65686:315558516,SYNTHETIC_RELATIVE_TO_CAUSAL_A:FROZEN_ORIGINAL_PERTURBATION_RULE,2026-03-11T14:25:00Z,-2.0,0.0,0.0,2.0015270522220936,0.003065722681867739,-2.001526809519822,-0.0009856724923805738,-2.838602342070118e-08,2.001526809519822,0.0009856724923805738,2.838602342070118e-08,12-18 h,WITHIN_CALIBRATED_SUPPORT,170.10020138818513,29.005502435074128,1099.4845501122445,2.42165469821903,0.39333070303671686,AMBIGUOUS,3.3306690738754696e-16,0.0,0,0,SCORED,60,60,3,60,47,13,0,0.7833333333333333,conditional verifier acceptance fraction under the controlled observation model
controlled_altitude_difference_synthetic_B,orbit_unit_86964b636c76e976216b8c48,65421,STARLINK-35146,SYNTHETIC_RELATIVE_TO_A,same_plane_altitude_offset:-50km,same_tle_65421_20260310T064225Z:segment:3,2026-03-10T06:45:54.500000Z,315434193,2026-03-09T17:56:44.636640,2026-03-10T03:44:43,12.81940648888889,3.019861111111111,CAUSAL_GP:65421:315434193,SYNTHETIC_RELATIVE_TO_CAUSAL_A:FROZEN_ORIGINAL_PERTURBATION_RULE,2026-03-10T06:45:55Z,-50.0,0.0,0.0,50.00232043906204,0.026775440986958228,-50.00230357059985,-0.04107218302432969,-5.577421617886102e-07,50.00230357059985,0.04107218302432969,5.577421617886102e-07,12-18 h,WITHIN_CALIBRATED_SUPPORT,103142.95294220957,29.005502435074128,1099.4845501122445,59.63202865375631,9.685570684845088,ORBIT_DISTINCT,1.1102230246251565e-16,0.0,0,0,SCORED,60,60,3,60,17,43,0,0.2833333333333333,conditional verifier acceptance fraction under the controlled observation model
controlled_altitude_difference_synthetic_B,orbit_unit_86effb69637119061146dd95,65686,STARLINK-35137,SYNTHETIC_RELATIVE_TO_A,same_plane_altitude_offset:-20km,same_tle_65686_20260310T131505Z:segment:2,2026-03-10T13:17:34.500000Z,315485957,2026-03-10T00:29:40.547616,2026-03-10T09:52:28,12.798320106666665,3.4184722222222224,CAUSAL_GP:65686:315485957,SYNTHETIC_RELATIVE_TO_CAUSAL_A:FROZEN_ORIGINAL_PERTURBATION_RULE,2026-03-10T13:17:35Z,-20.0,0.0,0.0,20.002793009022724,0.010804160521961575,-20.00278678410549,-0.015780729462924192,-8.67392957459856e-07,20.00278678410549,0.015780729462924192,8.67392957459856e-07,12-18 h,WITHIN_CALIBRATED_SUPPORT,16534.43523934231,29.005502435074128,1099.4845501122445,23.87561055724372,3.877931355291079,ORBIT_DISTINCT,2.220446049250313e-16,0.0,0,0,SCORED,60,60,3,60,34,26,0,0.5666666666666667,conditional verifier acceptance fraction under the controlled observation model
controlled_altitude_difference_synthetic_B,orbit_unit_895df5d59b89e801ac2c3f15,65421,STARLINK-35146,SYNTHETIC_RELATIVE_TO_A,same_plane_altitude_offset:-50km,same_tle_65421_20260312T085635Z:segment:3,2026-03-12T09:00:04.500000Z,315679337,2026-03-11T13:48:47.386944,2026-03-12T03:14:55,19.18808696,5.752638888888889,CAUSAL_GP:65421:315679337,SYNTHETIC_RELATIVE_TO_CAUSAL_A:FROZEN_ORIGINAL_PERTURBATION_RULE,2026-03-12T09:00:05Z,-50.0,0.0,0.0,49.99955185858967,0.02719245564366366,-49.999534653702526,-0.041478584782161265,1.3917148322661888e-06,49.999534653702526,0.041478584782161265,-1.3917148322661888e-06,18-24 h,WITHIN_CALIBRATED_SUPPORT,141238.10440421832,37.65263471646583,1467.668474883233,61.246073970782916,9.809840748590801,ORBIT_DISTINCT,1.1102230246251565e-16,0.0,0,0,SCORED,60,60,3,60,32,28,0,0.5333333333333333,conditional verifier acceptance fraction under the controlled observation model
controlled_altitude_difference_synthetic_B,orbit_unit_8982b8445a9f5ecf6ba8a9c0,65409,STARLINK-35022,SYNTHETIC_RELATIVE_TO_A,same_plane_altitude_offset:+100km,same_tle_65409_20260310T064055Z:segment:3,2026-03-10T06:44:24.500000Z,315434187,2026-03-09T17:55:17.144544,2026-03-10T03:44:43,12.818709848888888,2.994861111111111,CAUSAL_GP:65409:315434187,SYNTHETIC_RELATIVE_TO_CAUSAL_A:FROZEN_ORIGINAL_PERTURBATION_RULE,2026-03-10T06:44:25Z,100.0,0.0,0.0,99.99793119045941,0.05693284817693528,99.9978957825918,0.08415120774196794,-6.458280239485248e-07,-99.9978957825918,-0.08415120774196794,6.458280239485248e-07,12-18 h,WITHIN_CALIBRATED_SUPPORT,411809.97508193244,29.005502435074128,1099.4845501122445,119.15389258606743,19.35324816329384,ORBIT_DISTINCT,4.440892098500626e-16,0.0,0,0,SCORED,60,60,3,60,1,59,0,0.016666666666666666,conditional verifier acceptance fraction under the controlled observation model
controlled_altitude_difference_synthetic_B,orbit_unit_8a1eb3284211bd1b73615c0d,65410,STARLINK-35024,SYNTHETIC_RELATIVE_TO_A,same_plane_altitude_offset:+10km,same_tle_65410_20260311T110240Z:segment:3,2026-03-11T11:06:09.500000Z,315555532,2026-03-10T17:24:38.025504,2026-03-11T02:43:10,17.69207624888889,8.383194444444445,CAUSAL_GP:65410:315555532,SYNTHETIC_RELATIVE_TO_CAUSAL_A:FROZEN_ORIGINAL_PERTURBATION_RULE,2026-03-11T11:06:10Z,10.0,0.0,0.0,10.001511403855025,0.007454341651844513,10.001507372288948,0.00898017174673571,2.7101423016873127e-06,-10.001507372288948,-0.00898017174673571,-2.7101423016873127e-06,12-18 h,WITHIN_CALIBRATED_SUPPORT,4098.657225652264,29.005502435074128,1099.4845501122445,11.887228291946352,1.930750847619943,ORBIT_DISTINCT,1.1102230246251565e-16,0.0,0,0,SCORED,60,60,3,60,53,7,0,0.8833333333333333,conditional verifier acceptance fraction under the controlled observation model
controlled_altitude_difference_synthetic_B,orbit_unit_8a69fb7a30165f7278b5fd88,65410,STARLINK-35024,SYNTHETIC_RELATIVE_TO_A,same_plane_altitude_offset:+0km,same_tle_65410_20260311T110240Z:segment:3,2026-03-11T11:06:09.500000Z,315555532,2026-03-10T17:24:38.025504,2026-03-11T02:43:10,17.69207624888889,8.383194444444445,CAUSAL_GP:65410:315555532,SYNTHETIC_RELATIVE_TO_CAUSAL_A:FROZEN_ORIGINAL_PERTURBATION_RULE,2026-03-11T11:06:10Z,0.0,0.0,0.0,0.0016292524618173971,0.003256420895700292,0.001507378144405269,0.0006182777352045609,2.7122421897085927e-06,-0.001507378144405269,-0.0006182777352045609,-2.7122421897085927e-06,12-18 h,WITHIN_CALIBRATED_SUPPORT,0.3128055973541706,29.005502435074128,1099.4845501122445,0.10384774284867124,0.016867188263249917,NOT_ORBIT_DISTINCT,1.1102230246251565e-16,0.0,0,0,SCORED,60,60,3,0,0,0,0,,conditional verifier acceptance fraction under the controlled observation model
controlled_altitude_difference_synthetic_B,orbit_unit_8b697258b80dc03f26e54038,65421,STARLINK-35146,SYNTHETIC_RELATIVE_TO_A,same_plane_altitude_offset:+5km,same_tle_65421_20260311T110455Z:segment:3,2026-03-11T11:08:24.500000Z,315556037,2026-03-10T20:34:46.163136,2026-03-11T02:43:10,14.560649128888889,8.420694444444445,CAUSAL_GP:65421:315556037,SYNTHETIC_RELATIVE_TO_CAUSAL_A:FROZEN_ORIGINAL_PERTURBATION_RULE,2026-03-11T11:08:25Z,5.0,0.0,0.0,5.0017110947575745,0.005344402063847088,5.001708753988895,0.004838975534443901,2.7634308001900365e-06,-5.001708753988895,-0.004838975534443901,-2.7634308001900365e-06,12-18 h,WITHIN_CALIBRATED_SUPPORT,1019.4122915533075,29.005502435074128,1099.4845501122445,5.928362295906204,0.9628981833867747,AMBIGUOUS,2.220446049250313e-16,0.0,0,0,SCORED,60,60,3,60,50,10,0,0.8333333333333334,conditional verifier acceptance fraction under the controlled observation model
controlled_altitude_difference_synthetic_B,orbit_unit_8c8974a75aa9577f605ebb73,65686,STARLINK-35137,SYNTHETIC_RELATIVE_TO_A,same_plane_altitude_offset:+20km,same_tle_65686_20260312T152900Z:segment:3,2026-03-12T15:32:29.500000Z,315682814,2026-03-11T21:55:43.056192,2026-03-12T07:26:32,17.61290105777778,8.099305555555556,CAUSAL_GP:65686:315682814,SYNTHETIC_RELATIVE_TO_CAUSAL_A:FROZEN_ORIGINAL_PERTURBATION_RULE,2026-03-12T15:32:30Z,20.0,0.0,0.0,19.99949474832564,0.012236064033496266,19.99948731237029,0.017246177637998295,1.1710278577936606e-06,-19.99948731237029,-0.017246177637998295,-1.1710278577936606e-06,12-18 h,WITHIN_CALIBRATED_SUPPORT,16434.918950144223,29.005502435074128,1099.4845501122445,23.803651700663824,3.8662436329790975,ORBIT_DISTINCT,2.220446049250313e-16,0.0,0,0,SCORED,60,60,3,60,38,22,0,0.6333333333333333,conditional verifier acceptance fraction under the controlled observation model
controlled_altitude_difference_synthetic_B,orbit_unit_8dbf3910e75b21c9dc0cc825,65421,STARLINK-35146,SYNTHETIC_RELATIVE_TO_A,same_plane_altitude_offset:+5km,same_tle_65421_20260312T085635Z:segment:3,2026-03-12T09:00:04.500000Z,315679337,2026-03-11T13:48:47.386944,2026-03-12T03:14:55,19.18808696,5.752638888888889,CAUSAL_GP:65421:315679337,SYNTHETIC_RELATIVE_TO_CAUSAL_A:FROZEN_ORIGINAL_PERTURBATION_RULE,2026-03-12T09:00:05Z,5.0,0.0,0.0,5.00046759102362,0.0037604627315493857,5.000465471378575,0.004604174880319639,1.3680421475648075e-06,-5.000465471378575,-0.004604174880319639,-1.3680421475648075e-06,18-24 h,WITHIN_CALIBRATED_SUPPORT,1433.6369199247954,37.65263471646583,1467.668474883233,6.170521968179579,0.988338254504266,AMBIGUOUS,1.1102230246251565e-16,0.0,0,0,SCORED,60,60,3,60,39,21,0,0.65,conditional verifier acceptance fraction under the controlled observation model
controlled_altitude_difference_synthetic_B,orbit_unit_8dd680646e7b2a85860ce7ef,65410,STARLINK-35024,SYNTHETIC_RELATIVE_TO_A,same_plane_altitude_offset:+100km,same_tle_65410_20260312T085425Z:segment:3,2026-03-12T08:57:54.500000Z,315679831,2026-03-11T16:54:40.030272,2026-03-12T03:14:55,16.054019368888888,5.716527777777777,CAUSAL_GP:65410:315679831,SYNTHETIC_RELATIVE_TO_CAUSAL_A:FROZEN_ORIGINAL_PERTURBATION_RULE,2026-03-12T08:57:55Z,100.0,0.0,0.0,100.00000474505866,0.05621566852003425,99.99996957197583,0.08387261569493631,1.2895625545183975e-06,-99.99996957197583,-0.08387261569493631,-1.2895625545183975e-06,12-18 h,WITHIN_CALIBRATED_SUPPORT,411827.02466428454,29.005502435074128,1099.4845501122445,119.15635914006138,19.353648786643337,ORBIT_DISTINCT,2.220446049250313e-16,0.0,0,0,SCORED,60,60,3,60,36,24,0,0.6,conditional verifier acceptance fraction under the controlled observation model
controlled_altitude_difference_synthetic_B,orbit_unit_903d96498f13c3cb0fc60e24,65421,STARLINK-35146,SYNTHETIC_RELATIVE_TO_A,same_plane_altitude_offset:-10km,same_tle_65421_20260310T131350Z:segment:2,2026-03-10T13:16:19.500000Z,315434193,2026-03-09T17:56:44.636640,2026-03-10T03:44:43,19.326350933333334,9.526805555555555,CAUSAL_GP:65421:315434193,SYNTHETIC_RELATIVE_TO_CAUSAL_A:FROZEN_ORIGINAL_PERTURBATION_RULE,2026-03-10T13:16:20Z,-10.0,0.0,0.0,9.997056179499104,0.006894580827177411,-9.997053453334555,-0.007382900602608267,3.397225211365651e-06,9.997053453334555,0.007382900602608267,-3.397225211365651e-06,18-24 h,WITHIN_CALIBRATED_SUPPORT,5616.824045922783,37.65263471646583,1467.668474883233,12.213713378506528,1.9562818548865486,ORBIT_DISTINCT,2.220446049250313e-16,0.0,0,0,SCORED,60,60,3,60,41,19,0,0.6833333333333333,conditional verifier acceptance fraction under the controlled observation model
controlled_altitude_difference_synthetic_B,orbit_unit_90f94f7d0cb66b0d7346d5ed,65409,STARLINK-35022,SYNTHETIC_RELATIVE_TO_A,same_plane_altitude_offset:+10km,same_tle_65409_20260310T064055Z:segment:3,2026-03-10T06:44:24.500000Z,315434187,2026-03-09T17:55:17.144544,2026-03-10T03:44:43,12.818709848888888,2.994861111111111,CAUSAL_GP:65409:315434187,SYNTHETIC_RELATIVE_TO_CAUSAL_A:FROZEN_ORIGINAL_PERTURBATION_RULE,2026-03-10T06:44:25Z,10.0,0.0,0.0,9.997900493641128,0.008335446566108315,9.997896286347565,0.009172141882312523,-5.867830674688435e-07,-9.997896286347565,-0.009172141882312523,5.867830674688435e-07,12-18 h,WITHIN_CALIBRATED_SUPPORT,4095.6926510136227,29.005502435074128,1099.4845501122445,11.882928475165597,1.9300524615294126,ORBIT_DISTINCT,4.440892098500626e-16,0.0,0,0,SCORED,60,60,3,60,40,20,0,0.6666666666666666,conditional verifier acceptance fraction under the controlled observation model
controlled_altitude_difference_synthetic_B,orbit_unit_91999199b0dd19d31d5fe887,65409,STARLINK-35022,SYNTHETIC_RELATIVE_TO_A,same_plane_altitude_offset:-100km,same_tle_65409_20260310T064055Z:segment:3,2026-03-10T06:44:24.500000Z,315434187,2026-03-09T17:55:17.144544,2026-03-10T03:44:43,12.818709848888888,2.994861111111111,CAUSAL_GP:65409:315434187,SYNTHETIC_RELATIVE_TO_CAUSAL_A:FROZEN_ORIGINAL_PERTURBATION_RULE,2026-03-10T06:44:25Z,-100.0,0.0,0.0,100.002138780802,0.05490619565122933,-100.00210421999145,-0.08314029555588576,-5.141584935586252e-07,100.00210421999145,0.08314029555588576,5.141584935586252e-07,12-18 h,WITHIN_CALIBRATED_SUPPORT,412315.06994931115,29.005502435074128,1099.4845501122445,119.22694275511951,19.365113139077277,ORBIT_DISTINCT,4.440892098500626e-16,0.0,0,0,SCORED,60,60,3,60,0,60,0,0.0,conditional verifier acceptance fraction under the controlled observation model
controlled_altitude_difference_synthetic_B,orbit_unit_926707bcfe2680c254431798,65421,STARLINK-35146,SYNTHETIC_RELATIVE_TO_A,same_plane_altitude_offset:+0km,same_tle_65421_20260310T064225Z:segment:3,2026-03-10T06:45:54.500000Z,315434193,2026-03-09T17:56:44.636640,2026-03-10T03:44:43,12.81940648888889,3.019861111111111,CAUSAL_GP:65421:315434193,SYNTHETIC_RELATIVE_TO_CAUSAL_A:FROZEN_ORIGINAL_PERTURBATION_RULE,2026-03-10T06:45:55Z,0.0,0.0,0.0,0.002447207307904651,0.004893923546887362,-0.002303446500198629,0.0008264124149063699,-5.90824203315697e-07,0.002303446500198629,-0.0008264124149063699,5.90824203315697e-07,12-18 h,WITHIN_CALIBRATED_SUPPORT,0.32192606386533423,29.005502435074128,1099.4845501122445,0.10535080862791618,0.01711131964998133,NOT_ORBIT_DISTINCT,1.1102230246251565e-16,0.0,0,0,SCORED,60,60,3,0,0,0,0,,conditional verifier acceptance fraction under the controlled observation model
controlled_altitude_difference_synthetic_B,orbit_unit_929b273ccdbbab7d75711861,65421,STARLINK-35146,SYNTHETIC_RELATIVE_TO_A,same_plane_altitude_offset:+20km,same_tle_65421_20260310T064225Z:segment:3,2026-03-10T06:45:54.500000Z,315434193,2026-03-09T17:56:44.636640,2026-03-10T03:44:43,12.81940648888889,3.019861111111111,CAUSAL_GP:65421:315434193,SYNTHETIC_RELATIVE_TO_CAUSAL_A:FROZEN_ORIGINAL_PERTURBATION_RULE,2026-03-10T06:45:55Z,20.0,0.0,0.0,19.997704225870667,0.013585628431210552,19.99769653113139,0.017542923949761757,-6.040271323115576e-07,-19.99769653113139,-0.017542923949761757,6.040271323115576e-07,12-18 h,WITHIN_CALIBRATED_SUPPORT,16431.979322098723,29.005502435074128,1099.4845501122445,23.801522788084995,3.865897850121636,ORBIT_DISTINCT,1.1102230246251565e-16,0.0,0,0,SCORED,60,60,3,60,35,25,0,0.5833333333333334,conditional verifier acceptance fraction under the controlled observation model
controlled_altitude_difference_synthetic_B,orbit_unit_9305b4f037a53b130b57b3c5,44714,STARLINK-1008,SYNTHETIC_RELATIVE_TO_A,same_plane_altitude_offset:+50km,same_tle_44714_20260312T044740Z:segment:3,2026-03-12T04:51:09.500000Z,315665530,2026-03-11T12:49:19.719264,2026-03-12T03:14:55,16.03049464888889,1.6040277777777778,CAUSAL_GP:44714:315665530,SYNTHETIC_RELATIVE_TO_CAUSAL_A:FROZEN_ORIGINAL_PERTURBATION_RULE,2026-03-12T04:51:10Z,50.0,0.0,0.0,49.9989905304399,0.029034025736216527,49.9989725826276,0.042364426961797985,7.918669595596839e-07,-49.9989725826276,-0.042364426961797985,-7.918669595596839e-07,12-18 h,WITHIN_CALIBRATED_SUPPORT,102894.03334910738,29.005502435074128,1099.4845501122445,59.560028840003035,9.673876310175192,ORBIT_DISTINCT,2.220446049250313e-16,0.0,0,0,SCORED,60,60,3,60,26,34,0,0.43333333333333335,conditional verifier acceptance fraction under the controlled observation model
controlled_altitude_difference_synthetic_B,orbit_unit_94293ef673f08f4cbfafbf10,65409,STARLINK-35022,SYNTHETIC_RELATIVE_TO_A,same_plane_altitude_offset:-50km,same_tle_65409_20260310T064055Z:segment:3,2026-03-10T06:44:24.500000Z,315434187,2026-03-09T17:55:17.144544,2026-03-10T03:44:43,12.818709848888888,2.994861111111111,CAUSAL_GP:65409:315434187,SYNTHETIC_RELATIVE_TO_CAUSAL_A:FROZEN_ORIGINAL_PERTURBATION_RULE,2026-03-10T06:44:25Z,-50.0,0.0,0.0,50.002120712343306,0.026736109348335205,-50.00210383175141,-0.04108686531481709,-5.472338564516122e-07,50.00210383175141,0.04108686531481709,5.472338564516122e-07,12-18 h,WITHIN_CALIBRATED_SUPPORT,103142.13026578433,29.005502435074128,1099.4845501122445,59.631790838372005,9.685532058325636,ORBIT_DISTINCT,4.440892098500626e-16,0.0,0,0,SCORED,60,60,3,60,8,52,0,0.13333333333333333,conditional verifier acceptance fraction under the controlled observation model
controlled_altitude_difference_synthetic_B,orbit_unit_94a346c5a6a2fce56f02ae1a,65410,STARLINK-35024,SYNTHETIC_RELATIVE_TO_A,same_plane_altitude_offset:+10km,same_tle_65410_20260312T085425Z:segment:3,2026-03-12T08:57:54.500000Z,315679831,2026-03-11T16:54:40.030272,2026-03-12T03:14:55,16.054019368888888,5.716527777777777,CAUSAL_GP:65410:315679831,SYNTHETIC_RELATIVE_TO_CAUSAL_A:FROZEN_ORIGINAL_PERTURBATION_RULE,2026-03-12T08:57:55Z,10.0,0.0,0.0,9.99997401973974,0.006627002358280127,9.999970072796572,0.008884742029738005,1.3284631634746802e-06,-9.999970072796572,-0.008884742029738005,-1.3284631634746802e-06,12-18 h,WITHIN_CALIBRATED_SUPPORT,4097.392908484069,29.005502435074128,1099.4845501122445,11.88539471753607,1.9304530342643076,ORBIT_DISTINCT,2.220446049250313e-16,0.0,0,0,SCORED,60,60,3,60,49,11,0,0.8166666666666667,conditional verifier acceptance fraction under the controlled observation model
controlled_altitude_difference_synthetic_B,orbit_unit_94ea1606cace4a6af7bde8e5,65686,STARLINK-35137,SYNTHETIC_RELATIVE_TO_A,same_plane_altitude_offset:+50km,same_tle_65686_20260310T131505Z:segment:2,2026-03-10T13:17:34.500000Z,315485957,2026-03-10T00:29:40.547616,2026-03-10T09:52:28,12.798320106666665,3.4184722222222224,CAUSAL_GP:65686:315485957,SYNTHETIC_RELATIVE_TO_CAUSAL_A:FROZEN_ORIGINAL_PERTURBATION_RULE,2026-03-10T13:17:35Z,50.0,0.0,0.0,49.997231338535684,0.030160191624736026,49.99721310188855,0.04270320125906579,-9.148926771729293e-07,-49.99721310188855,-0.04270320125906579,9.148926771729293e-07,12-18 h,WITHIN_CALIBRATED_SUPPORT,102886.80896876765,29.005502435074128,1099.4845501122445,59.55793789342233,9.673536693842108,ORBIT_DISTINCT,2.220446049250313e-16,0.0,0,0,SCORED,60,60,3,60,31,29,0,0.5166666666666667,conditional verifier acceptance fraction under the controlled observation model
controlled_altitude_difference_synthetic_B,orbit_unit_9618fc1fd77f359e563ea0c6,65686,STARLINK-35137,SYNTHETIC_RELATIVE_TO_A,same_plane_altitude_offset:+100km,same_tle_65686_20260312T152900Z:segment:3,2026-03-12T15:32:29.500000Z,315682814,2026-03-11T21:55:43.056192,2026-03-12T07:26:32,17.61290105777778,8.099305555555556,CAUSAL_GP:65686:315682814,SYNTHETIC_RELATIVE_TO_CAUSAL_A:FROZEN_ORIGINAL_PERTURBATION_RULE,2026-03-12T15:32:30Z,100.0,0.0,0.0,99.99952200830636,0.05623555337557982,99.99948682732993,0.0838818240963759,1.1347208683787358e-06,-99.99948682732993,-0.0838818240963759,-1.1347208683787358e-06,12-18 h,WITHIN_CALIBRATED_SUPPORT,411823.0487631908,29.005502435074128,1099.4845501122445,119.15578395313374,19.353555363465045,ORBIT_DISTINCT,2.220446049250313e-16,0.0,0,0,SCORED,60,60,3,60,29,31,0,0.48333333333333334,conditional verifier acceptance fraction under the controlled observation model
controlled_altitude_difference_synthetic_B,orbit_unit_965bbdf4b64113b45243ef39,65409,STARLINK-35022,SYNTHETIC_RELATIVE_TO_A,same_plane_altitude_offset:+20km,same_tle_65409_20260312T054045Z:segment:2,2026-03-12T05:43:14.500000Z,315679331,2026-03-11T20:03:20.806272,2026-03-12T03:14:55,9.664914924444444,2.4720833333333334,CAUSAL_GP:65409:315679331,SYNTHETIC_RELATIVE_TO_CAUSAL_A:FROZEN_ORIGINAL_PERTURBATION_RULE,2026-03-12T05:43:15Z,20.0,0.0,0.0,19.99733723428355,0.01403120768439552,19.99732945351129,0.017640560996761145,-8.502223511897e-07,-19.99732945351129,-0.017640560996761145,8.502223511897e-07,9-12 h,WITHIN_CALIBRATED_SUPPORT,17428.801109899017,31.32749048335574,948.5696084793932,23.586904769196206,4.286463736567272,ORBIT_DISTINCT,2.220446049250313e-16,0.0,0,0,SCORED,60,60,3,60,30,30,0,0.5,conditional verifier acceptance fraction under the controlled observation model
controlled_altitude_difference_synthetic_B,orbit_unit_96bd2c0c7403690f7c57061c,65421,STARLINK-35146,SYNTHETIC_RELATIVE_TO_A,same_plane_altitude_offset:+20km,same_tle_65421_20260310T131350Z:segment:2,2026-03-10T13:16:19.500000Z,315434193,2026-03-09T17:56:44.636640,2026-03-10T03:44:43,19.326350933333334,9.526805555555555,CAUSAL_GP:65421:315434193,SYNTHETIC_RELATIVE_TO_CAUSAL_A:FROZEN_ORIGINAL_PERTURBATION_RULE,2026-03-10T13:16:20Z,20.0,0.0,0.0,20.00295435747165,0.01437002404479811,20.002946527837405,0.01769834908249379,3.3959501450908647e-06,-20.002946527837405,-0.01769834908249379,-3.3959501450908647e-06,18-24 h,WITHIN_CALIBRATED_SUPPORT,22710.156874936663,37.65263471646583,1467.668474883233,24.55909627344734,3.9336533389349677,ORBIT_DISTINCT,2.220446049250313e-16,0.0,0,0,SCORED,60,60,3,60,38,22,0,0.6333333333333333,conditional verifier acceptance fraction under the controlled observation model
controlled_altitude_difference_synthetic_B,orbit_unit_9727036ab376a12eb7ce8404,65410,STARLINK-35024,SYNTHETIC_RELATIVE_TO_A,same_plane_altitude_offset:+100km,same_tle_65410_20260311T110240Z:segment:3,2026-03-11T11:06:09.500000Z,315555532,2026-03-10T17:24:38.025504,2026-03-11T02:43:10,17.69207624888889,8.383194444444445,CAUSAL_GP:65410:315555532,SYNTHETIC_RELATIVE_TO_CAUSAL_A:FROZEN_ORIGINAL_PERTURBATION_RULE,2026-03-11T11:06:10Z,100.0,0.0,0.0,100.00154212127322,0.05648785892910263,100.00150687048178,0.08396586069651235,2.691434772827961e-06,-100.00150687048178,-0.08396586069651235,-2.691434772827961e-06,12-18 h,WITHIN_CALIBRATED_SUPPORT,411839.6990646287,29.005502435074128,1099.4845501122445,119.15819270572034,19.35394659857756,ORBIT_DISTINCT,1.1102230246251565e-16,0.0,0,0,SCORED,60,60,3,60,0,60,0,0.0,conditional verifier acceptance fraction under the controlled observation model
controlled_altitude_difference_synthetic_B,orbit_unit_979e3e8ee847ab66c1d9964f,65409,STARLINK-35022,SYNTHETIC_RELATIVE_TO_A,same_plane_altitude_offset:+1km,same_tle_65409_20260311T110325Z:segment:3,2026-03-11T11:06:54.500000Z,315556031,2026-03-10T20:33:19.547136,2026-03-11T02:43:10,14.559709128888889,8.395694444444445,CAUSAL_GP:65409:315556031,SYNTHETIC_RELATIVE_TO_CAUSAL_A:FROZEN_ORIGINAL_PERTURBATION_RULE,2026-03-11T11:06:55Z,1.0,0.0,0.0,1.0017871333793058,0.00395921220748068,1.0017861419695495,0.0014093810192484235,2.6898033692046575e-06,-1.0017861419695495,-0.0014093810192484235,-2.6898033692046575e-06,12-18 h,WITHIN_CALIBRATED_SUPPORT,39.31356447335414,29.005502435074128,1099.4845501122445,1.1642091672251067,0.18909351963482315,AMBIGUOUS,3.3306690738754696e-16,0.0,0,0,SCORED,60,60,3,60,57,3,0,0.95,conditional verifier acceptance fraction under the controlled observation model
controlled_altitude_difference_synthetic_B,orbit_unit_97ad7299342d352b284a9113,65409,STARLINK-35022,SYNTHETIC_RELATIVE_TO_A,same_plane_altitude_offset:-10km,same_tle_65409_20260311T110325Z:segment:3,2026-03-11T11:06:54.500000Z,315556031,2026-03-10T20:33:19.547136,2026-03-11T02:43:10,14.559709128888889,8.395694444444445,CAUSAL_GP:65409:315556031,SYNTHETIC_RELATIVE_TO_CAUSAL_A:FROZEN_ORIGINAL_PERTURBATION_RULE,2026-03-11T11:06:55Z,-10.0,0.0,0.0,9.99821690063056,0.0056779329664705435,-9.998213862330743,-0.007794558654891981,2.692146815697072e-06,9.998213862330743,0.007794558654891981,-2.692146815697072e-06,12-18 h,WITHIN_CALIBRATED_SUPPORT,4142.982577336517,29.005502435074128,1099.4845501122445,11.95133326930546,1.941162924879081,ORBIT_DISTINCT,3.3306690738754696e-16,0.0,0,0,SCORED,60,60,3,60,47,13,0,0.7833333333333333,conditional verifier acceptance fraction under the controlled observation model
controlled_altitude_difference_synthetic_B,orbit_unit_987844d88613ee5682cf3b19,65409,STARLINK-35022,SYNTHETIC_RELATIVE_TO_A,same_plane_altitude_offset:+0km,same_tle_65409_20260311T110325Z:segment:3,2026-03-11T11:06:54.500000Z,315556031,2026-03-10T20:33:19.547136,2026-03-11T02:43:10,14.559709128888889,8.395694444444445,CAUSAL_GP:65409:315556031,SYNTHETIC_RELATIVE_TO_CAUSAL_A:FROZEN_ORIGINAL_PERTURBATION_RULE,2026-03-11T11:06:55Z,0.0,0.0,0.0,0.0018757931116273818,0.0037506691922244884,0.0017861420906449589,0.0005729650892198205,2.690016823933268e-06,-0.0017861420906449589,-0.0005729650892198205,-2.690016823933268e-06,12-18 h,WITHIN_CALIBRATED_SUPPORT,0.31217937932735174,29.005502435074128,1099.4845501122445,0.103743742298505,0.016850296255672133,NOT_ORBIT_DISTINCT,3.3306690738754696e-16,0.0,0,0,SCORED,60,60,3,0,0,0,0,,conditional verifier acceptance fraction under the controlled observation model
controlled_altitude_difference_synthetic_B,orbit_unit_988a33cfe819e10db7ca2890,44714,STARLINK-1008,SYNTHETIC_RELATIVE_TO_A,same_plane_altitude_offset:-100km,same_tle_44714_20260312T044740Z:segment:3,2026-03-12T04:51:09.500000Z,315665530,2026-03-11T12:49:19.719264,2026-03-12T03:14:55,16.03049464888889,1.6040277777777778,CAUSAL_GP:44714:315665530,SYNTHETIC_RELATIVE_TO_CAUSAL_A:FROZEN_ORIGINAL_PERTURBATION_RULE,2026-03-12T04:51:10Z,-100.0,0.0,0.0,100.00106254524871,0.05519513316712134,-100.00102780243924,-0.0833584699774752,8.680107796976699e-07,100.00102780243924,0.0833584699774752,-8.680107796976699e-07,12-18 h,WITHIN_CALIBRATED_SUPPORT,412306.2240881069,29.005502435074128,1099.4845501122445,119.22566379308165,19.36490540713354,ORBIT_DISTINCT,2.220446049250313e-16,0.0,0,0,SCORED,60,60,3,60,0,60,0,0.0,conditional verifier acceptance fraction under the controlled observation model
controlled_altitude_difference_synthetic_B,orbit_unit_98bd280cda37ceee285cea29,44714,STARLINK-1008,SYNTHETIC_RELATIVE_TO_A,same_plane_altitude_offset:-20km,same_tle_44714_20260312T044740Z:segment:3,2026-03-12T04:51:09.500000Z,315665530,2026-03-11T12:49:19.719264,2026-03-12T03:14:55,16.03049464888889,1.6040277777777778,CAUSAL_GP:44714:315665530,SYNTHETIC_RELATIVE_TO_CAUSAL_A:FROZEN_ORIGINAL_PERTURBATION_RULE,2026-03-12T04:51:10Z,-20.0,0.0,0.0,20.001033813276262,0.010159243000831937,-20.001027306258656,-0.016133633044547402,8.272715543711229e-07,20.001027306258656,0.016133633044547402,-8.272715543711229e-07,12-18 h,WITHIN_CALIBRATED_SUPPORT,16531.53955595195,29.005502435074128,1099.4845501122445,23.873519792268876,3.877591768454836,ORBIT_DISTINCT,2.220446049250313e-16,0.0,0,0,SCORED,60,60,3,60,31,29,0,0.5166666666666667,conditional verifier acceptance fraction under the controlled observation model
controlled_altitude_difference_synthetic_B,orbit_unit_99a632b3a19b5ccb47280c5b,65686,STARLINK-35137,SYNTHETIC_RELATIVE_TO_A,same_plane_altitude_offset:-100km,same_tle_65686_20260311T142130Z:segment:3,2026-03-11T14:24:59.500000Z,315558516,2026-03-10T22:25:41.529216,2026-03-11T07:06:59,15.988325217777778,7.300138888888889,CAUSAL_GP:65686:315558516,SYNTHETIC_RELATIVE_TO_CAUSAL_A:FROZEN_ORIGINAL_PERTURBATION_RULE,2026-03-11T14:25:00Z,-100.0,0.0,0.0,100.00156199615768,0.0550840164981493,-100.00152732362916,-0.08327432265803836,3.15724051347388e-08,100.00152732362916,0.08327432265803836,-3.15724051347388e-08,12-18 h,WITHIN_CALIBRATED_SUPPORT,412310.3307834562,29.005502435074128,1099.4845501122445,119.2262575535335,19.36500184706618,ORBIT_DISTINCT,3.3306690738754696e-16,0.0,0,0,SCORED,60,60,3,60,0,60,0,0.0,conditional verifier acceptance fraction under the controlled observation model
controlled_altitude_difference_synthetic_B,orbit_unit_9ab3cbb34faaf6bcaa5d8dee,65421,STARLINK-35146,SYNTHETIC_RELATIVE_TO_A,same_plane_altitude_offset:+2km,same_tle_65421_20260311T110455Z:segment:3,2026-03-11T11:08:24.500000Z,315556037,2026-03-10T20:34:46.163136,2026-03-11T02:43:10,14.560649128888889,8.420694444444445,CAUSAL_GP:65421:315556037,SYNTHETIC_RELATIVE_TO_CAUSAL_A:FROZEN_ORIGINAL_PERTURBATION_RULE,2026-03-11T11:08:25Z,2.0,0.0,0.0,2.0017101114527938,0.004194806970632166,2.00170875530188,0.002330071353942975,2.7640347386448383e-06,-2.00170875530188,-0.002330071353942975,-2.7640347386448383e-06,12-18 h,WITHIN_CALIBRATED_SUPPORT,160.71501683258708,29.005502435074128,1099.4845501122445,2.3539001288999746,0.382325850691825,AMBIGUOUS,2.220446049250313e-16,0.0,0,0,SCORED,60,60,3,60,44,16,0,0.7333333333333333,conditional verifier acceptance fraction under the controlled observation model
controlled_altitude_difference_synthetic_B,orbit_unit_9b256590f31bb98136285142,65686,STARLINK-35137,SYNTHETIC_RELATIVE_TO_A,same_plane_altitude_offset:+10km,same_tle_65686_20260310T131505Z:segment:2,2026-03-10T13:17:34.500000Z,315485957,2026-03-10T00:29:40.547616,2026-03-10T09:52:28,12.798320106666665,3.4184722222222224,CAUSAL_GP:65686:315485957,SYNTHETIC_RELATIVE_TO_CAUSAL_A:FROZEN_ORIGINAL_PERTURBATION_RULE,2026-03-10T13:17:35Z,10.0,0.0,0.0,9.997217572402885,0.009332202070833684,9.99721322780285,0.009320289908360202,-8.877735302448286e-07,-9.99721322780285,-0.009320289908360202,8.877735302448286e-07,12-18 h,WITHIN_CALIBRATED_SUPPORT,4095.133289649296,29.005502435074128,1099.4845501122445,11.882117003381556,1.9299206604235217,ORBIT_DISTINCT,2.220446049250313e-16,0.0,0,0,SCORED,60,60,3,60,46,14,0,0.7666666666666667,conditional verifier acceptance fraction under the controlled observation model
controlled_altitude_difference_synthetic_B,orbit_unit_9c03b96b3fa94c226e7c7e24,65410,STARLINK-35024,SYNTHETIC_RELATIVE_TO_A,same_plane_altitude_offset:-1km,same_tle_65410_20260310T131135Z:segment:2,2026-03-10T13:14:04.500000Z,315434688,2026-03-09T16:20:35.643840,2026-03-10T03:44:43,20.891348933333333,9.489305555555555,CAUSAL_GP:65410:315434688,SYNTHETIC_RELATIVE_TO_CAUSAL_A:FROZEN_ORIGINAL_PERTURBATION_RULE,2026-03-10T13:14:05Z,-1.0,0.0,0.0,0.9969876484848064,0.006134058113752506,-0.9969876479407321,3.2777148368579034e-05,3.2448661029804704e-06,0.9969876479407321,-3.2777148368579034e-05,-3.2448661029804704e-06,18-24 h,WITHIN_CALIBRATED_SUPPORT,52.93028183105132,37.65263471646583,1467.668474883233,1.1856442997931156,0.18990575250575908,AMBIGUOUS,2.220446049250313e-16,0.0,0,0,SCORED,60,60,3,60,49,11,0,0.8166666666666667,conditional verifier acceptance fraction under the controlled observation model
controlled_altitude_difference_synthetic_B,orbit_unit_9d63f0afc4cfb0443cf2d8e7,65686,STARLINK-35137,SYNTHETIC_RELATIVE_TO_A,same_plane_altitude_offset:-10km,same_tle_65686_20260312T152900Z:segment:3,2026-03-12T15:32:29.500000Z,315682814,2026-03-11T21:55:43.056192,2026-03-12T07:26:32,17.61290105777778,8.099305555555556,CAUSAL_GP:65686:315682814,SYNTHETIC_RELATIVE_TO_CAUSAL_A:FROZEN_ORIGINAL_PERTURBATION_RULE,2026-03-12T15:32:30Z,-10.0,0.0,0.0,10.000515744919069,0.004634565018227677,-10.000512670460477,-0.007841704675794592,1.1847179184343304e-06,10.000512670460477,0.007841704675794592,-1.1847179184343304e-06,12-18 h,WITHIN_CALIBRATED_SUPPORT,4144.882656686518,29.005502435074128,1099.4845501122445,11.954073550980347,1.9416080077055031,ORBIT_DISTINCT,2.220446049250313e-16,0.0,0,0,SCORED,60,60,3,60,41,19,0,0.6833333333333333,conditional verifier acceptance fraction under the controlled observation model
controlled_altitude_difference_synthetic_B,orbit_unit_9d6d66d268fa3a60b507cd46,65686,STARLINK-35137,SYNTHETIC_RELATIVE_TO_A,same_plane_altitude_offset:+0km,same_tle_65686_20260310T131505Z:segment:2,2026-03-10T13:17:34.500000Z,315485957,2026-03-10T00:29:40.547616,2026-03-10T09:52:28,12.798320106666665,3.4184722222222224,CAUSAL_GP:65686:315485957,SYNTHETIC_RELATIVE_TO_CAUSAL_A:FROZEN_ORIGINAL_PERTURBATION_RULE,2026-03-10T13:17:35Z,0.0,0.0,0.0,0.0029472891920915567,0.005892165319566471,-0.002786765926965012,0.0009594000594090561,-8.809837888739108e-07,0.002786765926965012,-0.0009594000594090561,8.809837888739108e-07,12-18 h,WITHIN_CALIBRATED_SUPPORT,0.3231873761762803,29.005502435074128,1099.4845501122445,0.10555699008431595,0.017144808114401337,NOT_ORBIT_DISTINCT,2.220446049250313e-16,0.0,0,0,SCORED,60,60,3,0,0,0,0,,conditional verifier acceptance fraction under the controlled observation model
controlled_altitude_difference_synthetic_B,orbit_unit_9e98abb9392da740eec248f8,65409,STARLINK-35022,SYNTHETIC_RELATIVE_TO_A,same_plane_altitude_offset:+5km,same_tle_65409_20260310T113340Z:segment:3,2026-03-10T11:37:09.500000Z,315434187,2026-03-09T17:55:17.144544,2026-03-10T03:44:43,17.697876515555556,7.874027777777778,CAUSAL_GP:65409:315434187,SYNTHETIC_RELATIVE_TO_CAUSAL_A:FROZEN_ORIGINAL_PERTURBATION_RULE,2026-03-10T11:37:10Z,5.0,0.0,0.0,5.00188973895492,0.005448444779318218,5.0018874863392355,0.004747068357067397,2.7367726920246582e-06,-5.0018874863392355,-0.004747068357067397,-2.7367726920246582e-06,12-18 h,WITHIN_CALIBRATED_SUPPORT,1019.4849907324192,29.005502435074128,1099.4845501122445,5.928573682109949,0.9629325172181803,AMBIGUOUS,2.220446049250313e-16,0.0,0,0,SCORED,60,60,3,60,44,16,0,0.7333333333333333,conditional verifier acceptance fraction under the controlled observation model
controlled_altitude_difference_synthetic_B,orbit_unit_9eba4963dd7cab6866ea1283,65686,STARLINK-35137,SYNTHETIC_RELATIVE_TO_A,same_plane_altitude_offset:+1km,same_tle_65686_20260310T131505Z:segment:2,2026-03-10T13:17:34.500000Z,315485957,2026-03-10T00:29:40.547616,2026-03-10T09:52:28,12.798320106666665,3.4184722222222224,CAUSAL_GP:65686:315485957,SYNTHETIC_RELATIVE_TO_CAUSAL_A:FROZEN_ORIGINAL_PERTURBATION_RULE,2026-03-10T13:17:35Z,1.0,0.0,0.0,0.9972148507931361,0.006096423900483917,0.997213233904733,0.0017957635878873557,-8.816633372266125e-07,-0.997213233904733,-0.0017957635878873557,8.816633372266125e-07,12-18 h,WITHIN_CALIBRATED_SUPPORT,38.94822134436167,29.005502435074128,1099.4845501122445,1.1587870106313003,0.18821284054106732,AMBIGUOUS,2.220446049250313e-16,0.0,0,0,SCORED,60,60,3,60,56,4,0,0.9333333333333333,conditional verifier acceptance fraction under the controlled observation model
controlled_altitude_difference_synthetic_B,orbit_unit_9f582bdbe9921c1007eed371,65686,STARLINK-35137,SYNTHETIC_RELATIVE_TO_A,same_plane_altitude_offset:-1km,same_tle_65686_20260312T121505Z:segment:2,2026-03-12T12:17:34.500000Z,315682814,2026-03-11T21:55:43.056192,2026-03-12T07:26:32,14.364289946666668,4.850694444444445,CAUSAL_GP:65686:315682814,SYNTHETIC_RELATIVE_TO_CAUSAL_A:FROZEN_ORIGINAL_PERTURBATION_RULE,2026-03-12T12:17:35Z,-1.0,0.0,0.0,1.0029949379066594,0.006124302555181038,-1.0029949343146283,8.488157631542093e-05,-8.343286087009183e-07,1.0029949343146283,-8.488157631542093e-05,8.343286087009183e-07,12-18 h,WITHIN_CALIBRATED_SUPPORT,44.12832682003063,29.005502435074128,1099.4845501122445,1.2334414364525896,0.2003383833836061,AMBIGUOUS,3.3306690738754696e-16,0.0,0,0,SCORED,60,60,3,60,55,5,0,0.9166666666666666,conditional verifier acceptance fraction under the controlled observation model
controlled_altitude_difference_synthetic_B,orbit_unit_a089a3dcca99396555b17a93,65421,STARLINK-35146,SYNTHETIC_RELATIVE_TO_A,same_plane_altitude_offset:-20km,same_tle_65421_20260311T110455Z:segment:3,2026-03-11T11:08:24.500000Z,315556037,2026-03-10T20:34:46.163136,2026-03-11T02:43:10,14.560649128888889,8.420694444444445,CAUSAL_GP:65421:315556037,SYNTHETIC_RELATIVE_TO_CAUSAL_A:FROZEN_ORIGINAL_PERTURBATION_RULE,2026-03-11T11:08:25Z,-20.0,0.0,0.0,19.998297732308878,0.010420639029952066,-19.99829126326142,-0.016085391653716474,2.768472045389103e-06,19.99829126326142,0.016085391653716474,-2.768472045389103e-06,12-18 h,WITHIN_CALIBRATED_SUPPORT,16527.023046068523,29.005502435074128,1099.4845501122445,23.87025837933955,3.877062042296384,ORBIT_DISTINCT,2.220446049250313e-16,0.0,0,0,SCORED,60,60,3,60,23,37,0,0.38333333333333336,conditional verifier acceptance fraction under the controlled observation model
controlled_altitude_difference_synthetic_B,orbit_unit_a0efe598344f679e52243c57,65410,STARLINK-35024,SYNTHETIC_RELATIVE_TO_A,same_plane_altitude_offset:+10km,same_tle_65410_20260310T064015Z:segment:3,2026-03-10T06:43:44.500000Z,315434688,2026-03-09T16:20:35.643840,2026-03-10T03:44:43,14.385793377777778,2.98375,CAUSAL_GP:65410:315434688,SYNTHETIC_RELATIVE_TO_CAUSAL_A:FROZEN_ORIGINAL_PERTURBATION_RULE,2026-03-10T06:43:45Z,10.0,0.0,0.0,9.99791834089946,0.00830977711372755,9.997914137638265,0.009167753618000152,-5.796052828799247e-07,-9.997914137638265,-0.009167753618000152,5.796052828799247e-07,12-18 h,WITHIN_CALIBRATED_SUPPORT,4095.7072640140022,29.005502435074128,1099.4845501122445,11.882949673665854,1.9300559046383807,ORBIT_DISTINCT,4.440892098500626e-16,0.0,0,0,SCORED,60,60,3,60,38,22,0,0.6333333333333333,conditional verifier acceptance fraction under the controlled observation model
controlled_altitude_difference_synthetic_B,orbit_unit_a248a745cbadbb3334265fea,65409,STARLINK-35022,SYNTHETIC_RELATIVE_TO_A,same_plane_altitude_offset:-5km,same_tle_65409_20260310T113340Z:segment:3,2026-03-10T11:37:09.500000Z,315434187,2026-03-09T17:55:17.144544,2026-03-10T03:44:43,17.697876515555556,7.874027777777778,CAUSAL_GP:65409:315434187,SYNTHETIC_RELATIVE_TO_CAUSAL_A:FROZEN_ORIGINAL_PERTURBATION_RULE,2026-03-10T11:37:10Z,-5.0,0.0,0.0,4.998113821856291,0.00411037385183145,-4.998112512971563,-0.0036171674672450527,2.738796812895572e-06,4.998112512971563,0.0036171674672450527,-2.738796812895572e-06,12-18 h,WITHIN_CALIBRATED_SUPPORT,1041.4499222245859,29.005502435074128,1099.4845501122445,5.992099269174333,0.9732504885785193,AMBIGUOUS,2.220446049250313e-16,0.0,0,0,SCORED,60,60,3,60,44,16,0,0.7333333333333333,conditional verifier acceptance fraction under the controlled observation model
controlled_altitude_difference_synthetic_B,orbit_unit_a40e6d39bf09bbfd09efc559,65421,STARLINK-35146,SYNTHETIC_RELATIVE_TO_A,same_plane_altitude_offset:+100km,same_tle_65421_20260310T131350Z:segment:2,2026-03-10T13:16:19.500000Z,315434193,2026-03-09T17:56:44.636640,2026-03-10T03:44:43,19.326350933333334,9.526805555555555,CAUSAL_GP:65421:315434193,SYNTHETIC_RELATIVE_TO_CAUSAL_A:FROZEN_ORIGINAL_PERTURBATION_RULE,2026-03-10T13:16:20Z,100.0,0.0,0.0,100.00298158406767,0.05743097251743837,100.00294603879402,0.08431645996364168,3.3927223839214093e-06,-100.00294603879402,-0.08431645996364168,-3.3927223839214093e-06,18-24 h,WITHIN_CALIBRATED_SUPPORT,566115.6239739523,37.65263471646583,1467.668474883233,122.61818544014153,19.639869040794082,ORBIT_DISTINCT,2.220446049250313e-16,0.0,0,0,SCORED,60,60,3,60,5,55,0,0.08333333333333333,conditional verifier acceptance fraction under the controlled observation model
controlled_altitude_difference_synthetic_B,orbit_unit_a49a4b99ec39b579290fa5a4,44714,STARLINK-1008,SYNTHETIC_RELATIVE_TO_A,same_plane_altitude_offset:-5km,same_tle_44714_20260311T034020Z:segment:3,2026-03-11T03:43:49.500000Z,315542230,2026-03-10T16:27:18.322272,2026-03-11T02:43:10,11.275327146666667,1.0109722222222222,CAUSAL_GP:44714:315542230,SYNTHETIC_RELATIVE_TO_CAUSAL_A:FROZEN_ORIGINAL_PERTURBATION_RULE,2026-03-11T03:43:50Z,-5.0,0.0,0.0,5.002075758206565,0.004319238793504385,-5.002074609114972,-0.0033905287165350018,-3.048793448812148e-07,5.002074609114972,0.0033905287165350018,3.048793448812148e-07,9-12 h,WITHIN_CALIBRATED_SUPPORT,1101.0772060321046,31.32749048335574,948.5696084793932,5.928517179950487,1.0773933312632709,ORBIT_DISTINCT,2.220446049250313e-16,0.0,0,0,SCORED,60,60,3,60,58,2,0,0.9666666666666667,conditional verifier acceptance fraction under the controlled observation model
controlled_altitude_difference_synthetic_B,orbit_unit_a4f2dbb1b92bb0f06de6ef00,65409,STARLINK-35022,SYNTHETIC_RELATIVE_TO_A,same_plane_altitude_offset:-5km,same_tle_65409_20260311T110325Z:segment:3,2026-03-11T11:06:54.500000Z,315556031,2026-03-10T20:33:19.547136,2026-03-11T02:43:10,14.559709128888889,8.395694444444445,CAUSAL_GP:65409:315556031,SYNTHETIC_RELATIVE_TO_CAUSAL_A:FROZEN_ORIGINAL_PERTURBATION_RULE,2026-03-11T11:06:55Z,-5.0,0.0,0.0,4.9982151625373,0.003919046649761631,-4.998213858838229,-0.0036100315773165415,2.69108113748473e-06,4.998213858838229,0.0036100315773165415,-2.69108113748473e-06,12-18 h,WITHIN_CALIBRATED_SUPPORT,1041.491861216858,29.005502435074128,1099.4845501122445,5.992219918314371,0.9732700846881986,AMBIGUOUS,3.3306690738754696e-16,0.0,0,0,SCORED,60,60,3,60,49,11,0,0.8166666666666667,conditional verifier acceptance fraction under the controlled observation model
controlled_altitude_difference_synthetic_B,orbit_unit_a513b0aa321888ed64e05bf6,44714,STARLINK-1008,SYNTHETIC_RELATIVE_TO_A,same_plane_altitude_offset:+5km,same_tle_44714_20260310T023440Z:segment:2,2026-03-10T02:37:09.500000Z,315393241,2026-03-09T13:49:15.828096,2026-03-09T22:56:35,12.798242195555556,3.67625,CAUSAL_GP:44714:315393241,SYNTHETIC_RELATIVE_TO_CAUSAL_A:FROZEN_ORIGINAL_PERTURBATION_RULE,2026-03-10T02:37:10Z,5.0,0.0,0.0,4.997085143040015,0.007574517645272261,4.997082433208868,0.005204085476820053,-9.691597084859893e-07,-4.997082433208868,-0.005204085476820053,9.691597084859893e-07,12-18 h,WITHIN_CALIBRATED_SUPPORT,1017.5195852129211,29.005502435074128,1099.4845501122445,5.922856249881668,0.9620038787795258,AMBIGUOUS,2.6059418842835023e-17,0.0,0,0,SCORED,60,60,3,60,48,12,0,0.8,conditional verifier acceptance fraction under the controlled observation model
controlled_altitude_difference_synthetic_B,orbit_unit_a5d1c84f7d70f06267e4b32d,44714,STARLINK-1008,SYNTHETIC_RELATIVE_TO_A,same_plane_altitude_offset:+10km,same_tle_44714_20260311T034020Z:segment:3,2026-03-11T03:43:49.500000Z,315542230,2026-03-10T16:27:18.322272,2026-03-11T02:43:10,11.275327146666667,1.0109722222222222,CAUSAL_GP:44714:315542230,SYNTHETIC_RELATIVE_TO_CAUSAL_A:FROZEN_ORIGINAL_PERTURBATION_RULE,2026-03-11T03:43:50Z,10.0,0.0,0.0,9.997929577279203,0.008275173760537562,9.997925385610856,0.009155107439388077,-3.1448092308039577e-07,-9.997925385610856,-0.009155107439388077,3.1448092308039577e-07,9-12 h,WITHIN_CALIBRATED_SUPPORT,4348.4353237530695,31.32749048335574,948.5696084793932,11.781584545791613,2.141075118121916,ORBIT_DISTINCT,2.220446049250313e-16,0.0,0,0,SCORED,60,60,3,60,49,11,0,0.8166666666666667,conditional verifier acceptance fraction under the controlled observation model
controlled_altitude_difference_synthetic_B,orbit_unit_a5efadd3ab7f43993ce5a9af,44714,STARLINK-1008,SYNTHETIC_RELATIVE_TO_A,same_plane_altitude_offset:+100km,same_tle_44714_20260310T090420Z:segment:3,2026-03-10T09:07:49.500000Z,315443210,2026-03-09T21:39:16.344864,2026-03-10T08:26:21,11.475876426666668,0.69125,CAUSAL_GP:44714:315443210,SYNTHETIC_RELATIVE_TO_CAUSAL_A:FROZEN_ORIGINAL_PERTURBATION_RULE,2026-03-10T09:07:50Z,100.0,0.0,0.0,100.00274172656832,0.057385287046841676,100.00270617354462,0.08432555018491783,3.4141963496381322e-06,-100.00270617354462,-0.08432555018491783,-3.4141963496381322e-06,9-12 h,WITHIN_CALIBRATED_SUPPORT,436517.9117400128,31.32749048335574,948.5696084793932,118.0424544257197,21.451932978168603,ORBIT_DISTINCT,2.220446049250313e-16,0.0,0,0,SCORED,60,60,3,60,2,58,0,0.03333333333333333,conditional verifier acceptance fraction under the controlled observation model
controlled_altitude_difference_synthetic_B,orbit_unit_ab265af6b49a1bc3e9643c83,65686,STARLINK-35137,SYNTHETIC_RELATIVE_TO_A,same_plane_altitude_offset:+100km,same_tle_65686_20260311T142130Z:segment:3,2026-03-11T14:24:59.500000Z,315558516,2026-03-10T22:25:41.529216,2026-03-11T07:06:59,15.988325217777778,7.300138888888889,CAUSAL_GP:65686:315558516,SYNTHETIC_RELATIVE_TO_CAUSAL_A:FROZEN_ORIGINAL_PERTURBATION_RULE,2026-03-11T14:25:00Z,100.0,0.0,0.0,99.99850799452786,0.05662160490115674,99.99847268197937,0.08403810490089825,-9.033905001842868e-08,-99.99847268197937,-0.08403810490089825,9.033905001842868e-08,12-18 h,WITHIN_CALIBRATED_SUPPORT,411814.71378718904,29.005502435074128,1099.4845501122445,119.15457813715531,19.353359512071833,ORBIT_DISTINCT,3.3306690738754696e-16,0.0,0,0,SCORED,60,60,3,60,0,60,0,0.0,conditional verifier acceptance fraction under the controlled observation model
controlled_altitude_difference_synthetic_B,orbit_unit_ac43dc20a058de2e59e3e6dc,65410,STARLINK-35024,SYNTHETIC_RELATIVE_TO_A,same_plane_altitude_offset:-10km,same_tle_65410_20260312T085425Z:segment:3,2026-03-12T08:57:54.500000Z,315679831,2026-03-11T16:54:40.030272,2026-03-12T03:14:55,16.054019368888888,5.716527777777777,CAUSAL_GP:65410:315679831,SYNTHETIC_RELATIVE_TO_CAUSAL_A:FROZEN_ORIGINAL_PERTURBATION_RULE,2026-03-12T08:57:55Z,-10.0,0.0,0.0,10.00003300364843,0.004526367851030939,-10.000029925948759,-0.007845647538725214,1.3371580269705419e-06,10.000029925948759,0.007845647538725214,-1.3371580269705419e-06,12-18 h,WITHIN_CALIBRATED_SUPPORT,4144.483742862585,29.005502435074128,1099.4845501122445,11.953498292242177,1.9415145728635834,ORBIT_DISTINCT,2.220446049250313e-16,0.0,0,0,SCORED,60,60,3,60,48,12,0,0.8,conditional verifier acceptance fraction under the controlled observation model
controlled_altitude_difference_synthetic_B,orbit_unit_ac8748ced649b1feb09c0195,65686,STARLINK-35137,SYNTHETIC_RELATIVE_TO_A,same_plane_altitude_offset:-5km,same_tle_65686_20260312T152900Z:segment:3,2026-03-12T15:32:29.500000Z,315682814,2026-03-11T21:55:43.056192,2026-03-12T07:26:32,17.61290105777778,8.099305555555556,CAUSAL_GP:65686:315682814,SYNTHETIC_RELATIVE_TO_CAUSAL_A:FROZEN_ORIGINAL_PERTURBATION_RULE,2026-03-12T15:32:30Z,-5.0,0.0,0.0,5.000514003854353,0.0020094930047675707,-5.000512666938674,-0.0036565732547182983,1.18243346269864e-06,5.000512666938674,0.0036565732547182983,-1.18243346269864e-06,12-18 h,WITHIN_CALIBRATED_SUPPORT,1042.4445351727563,29.005502435074128,1099.4845501122445,5.994959895078855,0.9737151179903748,AMBIGUOUS,2.220446049250313e-16,0.0,0,0,SCORED,60,60,3,60,47,13,0,0.7833333333333333,conditional verifier acceptance fraction under the controlled observation model
controlled_altitude_difference_synthetic_B,orbit_unit_ac9df571ed2ea9db9098a723,65686,STARLINK-35137,SYNTHETIC_RELATIVE_TO_A,same_plane_altitude_offset:+0km,same_tle_65686_20260312T121505Z:segment:2,2026-03-12T12:17:34.500000Z,315682814,2026-03-11T21:55:43.056192,2026-03-12T07:26:32,14.364289946666668,4.850694444444445,CAUSAL_GP:65686:315682814,SYNTHETIC_RELATIVE_TO_CAUSAL_A:FROZEN_ORIGINAL_PERTURBATION_RULE,2026-03-12T12:17:35Z,0.0,0.0,0.0,0.0031334246511702493,0.0062650133338472075,-0.0029949343755228722,0.0009212586138788582,-8.350010931856833e-07,0.0029949343755228722,-0.0009212586138788582,8.350010931856833e-07,12-18 h,WITHIN_CALIBRATED_SUPPORT,0.32371979472783596,29.005502435074128,1099.4845501122445,0.10564390154310557,0.017158924472614093,NOT_ORBIT_DISTINCT,3.3306690738754696e-16,0.0,0,0,SCORED,60,60,3,0,0,0,0,,conditional verifier acceptance fraction under the controlled observation model
controlled_altitude_difference_synthetic_B,orbit_unit_b1007f4a761f2515ede02a91,65410,STARLINK-35024,SYNTHETIC_RELATIVE_TO_A,same_plane_altitude_offset:-5km,same_tle_65410_20260310T131135Z:segment:2,2026-03-10T13:14:04.500000Z,315434688,2026-03-09T16:20:35.643840,2026-03-10T03:44:43,20.891348933333333,9.489305555555555,CAUSAL_GP:65410:315434688,SYNTHETIC_RELATIVE_TO_CAUSAL_A:FROZEN_ORIGINAL_PERTURBATION_RULE,2026-03-10T13:14:05Z,-5.0,0.0,0.0,4.996988746991617,0.006104214326289715,-4.996987648741865,-0.003312985295079285,3.2451357054874563e-06,4.996987648741865,0.003312985295079285,-3.2451357054874563e-06,18-24 h,WITHIN_CALIBRATED_SUPPORT,1394.3231011535897,37.65263471646583,1467.668474883233,6.085328478622445,0.9746927338824725,AMBIGUOUS,2.220446049250313e-16,0.0,0,0,SCORED,60,60,3,60,51,9,0,0.85,conditional verifier acceptance fraction under the controlled observation model
controlled_altitude_difference_synthetic_B,orbit_unit_b103dcfce0a42e182a35c6a9,65410,STARLINK-35024,SYNTHETIC_RELATIVE_TO_A,same_plane_altitude_offset:-100km,same_tle_65410_20260310T064015Z:segment:3,2026-03-10T06:43:44.500000Z,315434688,2026-03-09T16:20:35.643840,2026-03-10T03:44:43,14.385793377777778,2.98375,CAUSAL_GP:65410:315434688,SYNTHETIC_RELATIVE_TO_CAUSAL_A:FROZEN_ORIGINAL_PERTURBATION_RULE,2026-03-10T06:43:45Z,-100.0,0.0,0.0,100.00212093204455,0.054911498430419974,-100.00208636873913,-0.08314328898204693,-5.07069891853007e-07,100.00208636873913,0.08314328898204693,5.07069891853007e-07,12-18 h,WITHIN_CALIBRATED_SUPPORT,412314.92315158335,29.005502435074128,1099.4845501122445,119.22692153076086,19.36510969176833,ORBIT_DISTINCT,4.440892098500626e-16,0.0,0,0,SCORED,60,60,3,60,0,60,0,0.0,conditional verifier acceptance fraction under the controlled observation model
controlled_altitude_difference_synthetic_B,orbit_unit_b194ab77a65eb00c47eb086d,65409,STARLINK-35022,SYNTHETIC_RELATIVE_TO_A,same_plane_altitude_offset:+50km,same_tle_65409_20260310T113340Z:segment:3,2026-03-10T11:37:09.500000Z,315434187,2026-03-09T17:55:17.144544,2026-03-10T03:44:43,17.697876515555556,7.874027777777778,CAUSAL_GP:65409:315434187,SYNTHETIC_RELATIVE_TO_CAUSAL_A:FROZEN_ORIGINAL_PERTURBATION_RULE,2026-03-10T11:37:10Z,50.0,0.0,0.0,50.001905259648126,0.029119613223319647,50.001887358142426,0.04231097324438693,2.7277194192265597e-06,-50.001887358142426,-0.04231097324438693,-2.7277194192265597e-06,12-18 h,WITHIN_CALIBRATED_SUPPORT,102906.03250659557,29.005502435074128,1099.4845501122445,59.56350158428371,9.674440361255796,ORBIT_DISTINCT,2.220446049250313e-16,0.0,0,0,SCORED,60,60,3,60,2,58,0,0.03333333333333333,conditional verifier acceptance fraction under the controlled observation model
controlled_altitude_difference_synthetic_B,orbit_unit_b1e4aebc72cedb71f12d7005,65421,STARLINK-35146,SYNTHETIC_RELATIVE_TO_A,same_plane_altitude_offset:+0km,same_tle_65421_20260311T110455Z:segment:3,2026-03-11T11:08:24.500000Z,315556037,2026-03-10T20:34:46.163136,2026-03-11T02:43:10,14.560649128888889,8.420694444444445,CAUSAL_GP:65421:315556037,SYNTHETIC_RELATIVE_TO_CAUSAL_A:FROZEN_ORIGINAL_PERTURBATION_RULE,2026-03-11T11:08:25Z,0.0,0.0,0.0,0.0018307695475148777,0.0036590321678537743,0.0017087556672880613,0.0006571632700531594,2.764436977165108e-06,-0.0017087556672880613,-0.0006571632700531594,-2.764436977165108e-06,12-18 h,WITHIN_CALIBRATED_SUPPORT,0.3123658395031081,29.005502435074128,1099.4845501122445,0.10377471998326292,0.016855327722186845,NOT_ORBIT_DISTINCT,2.220446049250313e-16,0.0,0,0,SCORED,60,60,3,0,0,0,0,,conditional verifier acceptance fraction under the controlled observation model
controlled_altitude_difference_synthetic_B,orbit_unit_b20922e54f67dd8b780e2b04,44714,STARLINK-1008,SYNTHETIC_RELATIVE_TO_A,same_plane_altitude_offset:+2km,same_tle_44714_20260311T034020Z:segment:3,2026-03-11T03:43:49.500000Z,315542230,2026-03-10T16:27:18.322272,2026-03-11T02:43:10,11.275327146666667,1.0109722222222222,CAUSAL_GP:44714:315542230,SYNTHETIC_RELATIVE_TO_CAUSAL_A:FROZEN_ORIGINAL_PERTURBATION_RULE,2026-03-11T03:43:50Z,2.0,0.0,0.0,1.9979269129156658,0.004952970004340634,1.997925391281687,0.002465811133140594,-3.09361217754045e-07,-1.997925391281687,-0.002465811133140594,3.09361217754045e-07,9-12 h,WITHIN_CALIBRATED_SUPPORT,171.21558949044496,31.32749048335574,948.5696084793932,2.3378080479003844,0.4248513960791988,AMBIGUOUS,2.220446049250313e-16,0.0,0,0,SCORED,60,60,3,60,54,6,0,0.9,conditional verifier acceptance fraction under the controlled observation model
controlled_altitude_difference_synthetic_B,orbit_unit_b2490af5d5fbb5fdba49346e,44714,STARLINK-1008,SYNTHETIC_RELATIVE_TO_A,same_plane_altitude_offset:+2km,same_tle_44714_20260310T023440Z:segment:2,2026-03-10T02:37:09.500000Z,315393241,2026-03-09T13:49:15.828096,2026-03-09T22:56:35,12.798242195555556,3.67625,CAUSAL_GP:44714:315393241,SYNTHETIC_RELATIVE_TO_CAUSAL_A:FROZEN_ORIGINAL_PERTURBATION_RULE,2026-03-10T02:37:10Z,2.0,0.0,0.0,1.9970842536781845,0.006634529473036659,1.9970824346546194,0.002695455878710784,-9.670868653666176e-07,-1.9970824346546194,-0.002695455878710784,9.670868653666176e-07,12-18 h,WITHIN_CALIBRATED_SUPPORT,159.96463753387687,29.005502435074128,1099.4845501122445,2.3483985132853755,0.3814322656819062,AMBIGUOUS,2.6059418842835023e-17,0.0,0,0,SCORED,60,60,3,60,47,13,0,0.7833333333333333,conditional verifier acceptance fraction under the controlled observation model
controlled_altitude_difference_synthetic_B,orbit_unit_b43082ce78e8e0f84afc05dd,65410,STARLINK-35024,SYNTHETIC_RELATIVE_TO_A,same_plane_altitude_offset:+2km,same_tle_65410_20260310T131135Z:segment:2,2026-03-10T13:14:04.500000Z,315434688,2026-03-09T16:20:35.643840,2026-03-10T03:44:43,20.891348933333333,9.489305555555555,CAUSAL_GP:65410:315434688,SYNTHETIC_RELATIVE_TO_CAUSAL_A:FROZEN_ORIGINAL_PERTURBATION_RULE,2026-03-10T13:14:05Z,2.0,0.0,0.0,2.003013963913376,0.00666534803982211,2.003012351588452,0.0025414573667932316,3.244664068535741e-06,-2.003012351588452,-0.0025414573667932316,-3.244664068535741e-06,18-24 h,WITHIN_CALIBRATED_SUPPORT,234.87307557030113,37.65263471646583,1467.668474883233,2.4975772616218976,0.4000392777094627,AMBIGUOUS,2.220446049250313e-16,0.0,0,0,SCORED,60,60,3,60,48,12,0,0.8,conditional verifier acceptance fraction under the controlled observation model
controlled_altitude_difference_synthetic_B,orbit_unit_b6d75d7d1725e877b2004c96,65409,STARLINK-35022,SYNTHETIC_RELATIVE_TO_A,same_plane_altitude_offset:+50km,same_tle_65409_20260312T054045Z:segment:2,2026-03-12T05:43:14.500000Z,315679331,2026-03-11T20:03:20.806272,2026-03-12T03:14:55,9.664914924444444,2.4720833333333334,CAUSAL_GP:65409:315679331,SYNTHETIC_RELATIVE_TO_CAUSAL_A:FROZEN_ORIGINAL_PERTURBATION_RULE,2026-03-12T05:43:15Z,50.0,0.0,0.0,49.997347550641756,0.03005111724859926,49.99732934414611,0.0426679346661647,-8.703599618797853e-07,-49.99732934414611,-0.0426679346661647,8.703599618797853e-07,9-12 h,WITHIN_CALIBRATED_SUPPORT,109070.63574331552,31.32749048335574,948.5696084793932,59.00531305883837,10.72307439939391,ORBIT_DISTINCT,2.220446049250313e-16,0.0,0,0,SCORED,60,60,3,60,31,29,0,0.5166666666666667,conditional verifier acceptance fraction under the controlled observation model
controlled_altitude_difference_synthetic_B,orbit_unit_b72d673d05203906c4f3b349,44714,STARLINK-1008,SYNTHETIC_RELATIVE_TO_A,same_plane_altitude_offset:-100km,same_tle_44714_20260311T034020Z:segment:3,2026-03-11T03:43:49.500000Z,315542230,2026-03-10T16:27:18.322272,2026-03-11T02:43:10,11.275327146666667,1.0109722222222222,CAUSAL_GP:44714:315542230,SYNTHETIC_RELATIVE_TO_CAUSAL_A:FROZEN_ORIGINAL_PERTURBATION_RULE,2026-03-11T03:43:50Z,-100.0,0.0,0.0,100.00210970606801,0.0549467739522008,-100.00207512115443,-0.08316926985417439,-2.4383340502254214e-07,100.00207512115443,0.08316926985417439,2.4383340502254214e-07,9-12 h,WITHIN_CALIBRATED_SUPPORT,436844.1045669331,31.32749048335574,948.5696084793932,118.08655045283514,21.459946578215177,ORBIT_DISTINCT,2.220446049250313e-16,0.0,0,0,SCORED,60,60,3,60,0,60,0,0.0,conditional verifier acceptance fraction under the controlled observation model
controlled_altitude_difference_synthetic_B,orbit_unit_b876722ed294af6471bf101a,44714,STARLINK-1008,SYNTHETIC_RELATIVE_TO_A,same_plane_altitude_offset:-100km,same_tle_44714_20260310T090420Z:segment:3,2026-03-10T09:07:49.500000Z,315443210,2026-03-09T21:39:16.344864,2026-03-10T08:26:21,11.475876426666668,0.69125,CAUSAL_GP:44714:315443210,SYNTHETIC_RELATIVE_TO_CAUSAL_A:FROZEN_ORIGINAL_PERTURBATION_RULE,2026-03-10T09:07:50Z,-100.0,0.0,0.0,99.99732824783347,0.05465980180953524,-99.99729382485603,-0.08297234691082878,3.426303138098774e-06,99.99729382485603,0.08297234691082878,-3.426303138098774e-06,9-12 h,WITHIN_CALIBRATED_SUPPORT,436802.32541344006,31.32749048335574,948.5696084793932,118.08090350232067,21.458920354179455,ORBIT_DISTINCT,2.220446049250313e-16,0.0,0,0,SCORED,60,60,3,60,0,60,0,0.0,conditional verifier acceptance fraction under the controlled observation model
controlled_altitude_difference_synthetic_B,orbit_unit_b9a1cc957705a76b2378238b,65686,STARLINK-35137,SYNTHETIC_RELATIVE_TO_A,same_plane_altitude_offset:+5km,same_tle_65686_20260312T152900Z:segment:3,2026-03-12T15:32:29.500000Z,315682814,2026-03-11T21:55:43.056192,2026-03-12T07:26:32,17.61290105777778,8.099305555555556,CAUSAL_GP:65686:315682814,SYNTHETIC_RELATIVE_TO_CAUSAL_A:FROZEN_ORIGINAL_PERTURBATION_RULE,2026-03-12T15:32:30Z,5.0,0.0,0.0,4.99948955020915,0.003985805677263623,4.999487332419841,0.004709099982002668,1.1778681567875537e-06,-4.999487332419841,-0.004709099982002668,-1.1778681567875537e-06,12-18 h,WITHIN_CALIBRATED_SUPPORT,1018.5013868117935,29.005502435074128,1099.4845501122445,5.925713034046323,0.9624678842071923,AMBIGUOUS,2.220446049250313e-16,0.0,0,0,SCORED,60,60,3,60,49,11,0,0.8166666666666667,conditional verifier acceptance fraction under the controlled observation model
controlled_altitude_difference_synthetic_B,orbit_unit_ba42fbc6ecc1ddfdd1ffe159,44714,STARLINK-1008,SYNTHETIC_RELATIVE_TO_A,same_plane_altitude_offset:+2km,same_tle_44714_20260310T090420Z:segment:3,2026-03-10T09:07:49.500000Z,315443210,2026-03-09T21:39:16.344864,2026-03-10T08:26:21,11.475876426666668,0.69125,CAUSAL_GP:44714:315443210,SYNTHETIC_RELATIVE_TO_CAUSAL_A:FROZEN_ORIGINAL_PERTURBATION_RULE,2026-03-10T09:07:50Z,2.0,0.0,0.0,2.002708444813402,0.006226085515971286,2.002706685040029,0.002654922069785237,3.4199239593579733e-06,-2.002706685040029,-0.002654922069785237,-3.4199239593579733e-06,9-12 h,WITHIN_CALIBRATED_SUPPORT,172.04325629603062,31.32749048335574,948.5696084793932,2.3434517903057213,0.42587703710313674,AMBIGUOUS,2.220446049250313e-16,0.0,0,0,SCORED,60,60,3,60,58,2,0,0.9666666666666667,conditional verifier acceptance fraction under the controlled observation model
controlled_altitude_difference_synthetic_B,orbit_unit_bbdbcde0d32dcc50cbca94da,65409,STARLINK-35022,SYNTHETIC_RELATIVE_TO_A,same_plane_altitude_offset:+10km,same_tle_65409_20260312T054045Z:segment:2,2026-03-12T05:43:14.500000Z,315679331,2026-03-11T20:03:20.806272,2026-03-12T03:14:55,9.664914924444444,2.4720833333333334,CAUSAL_GP:65409:315679331,SYNTHETIC_RELATIVE_TO_CAUSAL_A:FROZEN_ORIGINAL_PERTURBATION_RULE,2026-03-12T05:43:15Z,10.0,0.0,0.0,9.99733378253138,0.009140486058976193,9.997329469887596,0.00928600341948016,-8.435022404995607e-07,-9.997329469887596,-0.00928600341948016,8.435022404995607e-07,9-12 h,WITHIN_CALIBRATED_SUPPORT,4347.917511262543,31.32749048335574,948.5696084793932,11.780883048263275,2.1409476345141285,ORBIT_DISTINCT,2.220446049250313e-16,0.0,0,0,SCORED,60,60,3,60,44,16,0,0.7333333333333333,conditional verifier acceptance fraction under the controlled observation model
controlled_altitude_difference_synthetic_B,orbit_unit_bcf0d23b55328454b429d53d,65421,STARLINK-35146,SYNTHETIC_RELATIVE_TO_A,same_plane_altitude_offset:-2km,same_tle_65421_20260310T064225Z:segment:3,2026-03-10T06:45:54.500000Z,315434193,2026-03-09T17:56:44.636640,2026-03-10T03:44:43,12.81940648888889,3.019861111111111,CAUSAL_GP:65421:315434193,SYNTHETIC_RELATIVE_TO_CAUSAL_A:FROZEN_ORIGINAL_PERTURBATION_RULE,2026-03-10T06:45:55Z,-2.0,0.0,0.0,2.002303625471589,0.004637201145720192,-2.0023034465032197,-0.0008465799730045798,-5.895030499303289e-07,2.0023034465032197,0.0008465799730045798,5.895030499303289e-07,12-18 h,WITHIN_CALIBRATED_SUPPORT,170.2298380406893,29.005502435074128,1099.4845501122445,2.4225773174011214,0.39348055695758927,AMBIGUOUS,1.1102230246251565e-16,0.0,0,0,SCORED,60,60,3,60,57,3,0,0.95,conditional verifier acceptance fraction under the controlled observation model
controlled_altitude_difference_synthetic_B,orbit_unit_bd3d2c9a1dc2f31314d22384,65409,STARLINK-35022,SYNTHETIC_RELATIVE_TO_A,same_plane_altitude_offset:-50km,same_tle_65409_20260312T054045Z:segment:2,2026-03-12T05:43:14.500000Z,315679331,2026-03-11T20:03:20.806272,2026-03-12T03:14:55,9.664914924444444,2.4720833333333334,CAUSAL_GP:65409:315679331,SYNTHETIC_RELATIVE_TO_CAUSAL_A:FROZEN_ORIGINAL_PERTURBATION_RULE,2026-03-12T05:43:15Z,-50.0,0.0,0.0,50.00268743180999,0.02671692084717334,-50.00267064734553,-0.04096994479902705,-8.030955207516399e-07,50.00267064734553,0.04096994479902705,8.030955207516399e-07,9-12 h,WITHIN_CALIBRATED_SUPPORT,109259.77478643486,31.32749048335574,948.5696084793932,59.05645136175923,10.73236779686021,ORBIT_DISTINCT,2.220446049250313e-16,0.0,0,0,SCORED,60,60,3,60,23,37,0,0.38333333333333336,conditional verifier acceptance fraction under the controlled observation model
controlled_altitude_difference_synthetic_B,orbit_unit_bd6cdff79beb666b8ecca89d,65686,STARLINK-35137,SYNTHETIC_RELATIVE_TO_A,same_plane_altitude_offset:+1km,same_tle_65686_20260312T121505Z:segment:2,2026-03-12T12:17:34.500000Z,315682814,2026-03-11T21:55:43.056192,2026-03-12T07:26:32,14.364289946666668,4.850694444444445,CAUSAL_GP:65686:315682814,SYNTHETIC_RELATIVE_TO_CAUSAL_A:FROZEN_ORIGINAL_PERTURBATION_RULE,2026-03-12T12:17:35Z,1.0,0.0,0.0,0.997006614633345,0.006450954433693156,0.9970050654603458,0.0017575745662765652,-8.356721010738255e-07,-0.9970050654603458,-0.0017575745662765652,8.356721010738255e-07,12-18 h,WITHIN_CALIBRATED_SUPPORT,38.93155270799042,29.005502435074128,1099.4845501122445,1.1585390215616307,0.1881725615883371,AMBIGUOUS,3.3306690738754696e-16,0.0,0,0,SCORED,60,60,3,60,54,6,0,0.9,conditional verifier acceptance fraction under the controlled observation model
controlled_altitude_difference_synthetic_B,orbit_unit_be3cca78f93af52aded4711a,65409,STARLINK-35022,SYNTHETIC_RELATIVE_TO_A,same_plane_altitude_offset:-1km,same_tle_65409_20260310T113340Z:segment:3,2026-03-10T11:37:09.500000Z,315434187,2026-03-09T17:55:17.144544,2026-03-10T03:44:43,17.697876515555556,7.874027777777778,CAUSAL_GP:65409:315434187,SYNTHETIC_RELATIVE_TO_CAUSAL_A:FROZEN_ORIGINAL_PERTURBATION_RULE,2026-03-10T11:37:10Z,-1.0,0.0,0.0,0.9981125487436023,0.003814719330273467,-0.9981125120205141,-0.0002707398247179804,2.737987701673106e-06,0.9981125120205141,0.0002707398247179804,-2.737987701673106e-06,12-18 h,WITHIN_CALIBRATED_SUPPORT,43.714667319770854,29.005502435074128,1099.4845501122445,1.2276466765353098,0.19939718520458044,AMBIGUOUS,2.220446049250313e-16,0.0,0,0,SCORED,60,60,3,60,46,14,0,0.7666666666666667,conditional verifier acceptance fraction under the controlled observation model
controlled_altitude_difference_synthetic_B,orbit_unit_be8ce8093beb80322ebbf4f6,44714,STARLINK-1008,SYNTHETIC_RELATIVE_TO_A,same_plane_altitude_offset:-2km,same_tle_44714_20260311T034020Z:segment:3,2026-03-11T03:43:49.500000Z,315542230,2026-03-10T16:27:18.322272,2026-03-11T02:43:10,11.275327146666667,1.0109722222222222,CAUSAL_GP:44714:315542230,SYNTHETIC_RELATIVE_TO_CAUSAL_A:FROZEN_ORIGINAL_PERTURBATION_RULE,2026-03-11T03:43:50Z,-2.0,0.0,0.0,2.0020748018628285,0.004176270989083923,-2.00207460833071,-0.0008803018932091455,-3.0680006257721715e-07,2.00207460833071,0.0008803018932091455,3.0680006257721715e-07,9-12 h,WITHIN_CALIBRATED_SUPPORT,178.5732068857517,31.32749048335574,948.5696084793932,2.3875108043311726,0.43388391073649485,AMBIGUOUS,2.220446049250313e-16,0.0,0,0,SCORED,60,60,3,60,58,2,0,0.9666666666666667,conditional verifier acceptance fraction under the controlled observation model
controlled_altitude_difference_synthetic_B,orbit_unit_bfdf2a2b17c703797b32f28b,65410,STARLINK-35024,SYNTHETIC_RELATIVE_TO_A,same_plane_altitude_offset:+100km,same_tle_65410_20260310T064015Z:segment:3,2026-03-10T06:43:44.500000Z,315434688,2026-03-09T16:20:35.643840,2026-03-10T03:44:43,14.385793377777778,2.98375,CAUSAL_GP:65410:315434688,SYNTHETIC_RELATIVE_TO_CAUSAL_A:FROZEN_ORIGINAL_PERTURBATION_RULE,2026-03-10T06:43:45Z,100.0,0.0,0.0,99.99794903716656,0.056920604297855386,99.9979136339473,0.08414569136750671,-6.385756492477412e-07,-99.9979136339473,-0.08414569136750671,6.385756492477412e-07,12-18 h,WITHIN_CALIBRATED_SUPPORT,411810.121492147,29.005502435074128,1099.4845501122445,119.1539137673725,19.353251603609927,ORBIT_DISTINCT,4.440892098500626e-16,0.0,0,0,SCORED,60,60,3,60,1,59,0,0.016666666666666666,conditional verifier acceptance fraction under the controlled observation model
controlled_altitude_difference_synthetic_B,orbit_unit_c00abf59d07a6b77e8460904,65409,STARLINK-35022,SYNTHETIC_RELATIVE_TO_A,same_plane_altitude_offset:+20km,same_tle_65409_20260310T113340Z:segment:3,2026-03-10T11:37:09.500000Z,315434187,2026-03-09T17:55:17.144544,2026-03-10T03:44:43,17.697876515555556,7.874027777777778,CAUSAL_GP:65409:315434187,SYNTHETIC_RELATIVE_TO_CAUSAL_A:FROZEN_ORIGINAL_PERTURBATION_RULE,2026-03-10T11:37:10Z,20.0,0.0,0.0,20.001894932205225,0.012840837408318867,20.001887466228716,0.017281993293202458,2.7337450099196303e-06,-20.001887466228716,-0.017281993293202458,-2.7337450099196303e-06,12-18 h,WITHIN_CALIBRATED_SUPPORT,16438.869814478043,29.005502435074128,1099.4845501122445,23.806512662360927,3.866708316931153,ORBIT_DISTINCT,2.220446049250313e-16,0.0,0,0,SCORED,60,60,3,60,26,34,0,0.43333333333333335,conditional verifier acceptance fraction under the controlled observation model
controlled_altitude_difference_synthetic_B,orbit_unit_c0b30d0cc8868c78b87df4a8,65409,STARLINK-35022,SYNTHETIC_RELATIVE_TO_A,same_plane_altitude_offset:-50km,same_tle_65409_20260310T113340Z:segment:3,2026-03-10T11:37:09.500000Z,315434187,2026-03-09T17:55:17.144544,2026-03-10T03:44:43,17.697876515555556,7.874027777777778,CAUSAL_GP:65409:315434187,SYNTHETIC_RELATIVE_TO_CAUSAL_A:FROZEN_ORIGINAL_PERTURBATION_RULE,2026-03-10T11:37:10Z,-50.0,0.0,0.0,49.998129721981414,0.02714606453545214,-49.9981126377444,-0.041332305741358155,2.747959417348511e-06,49.9981126377444,0.041332305741358155,-2.747959417348511e-06,12-18 h,WITHIN_CALIBRATED_SUPPORT,103125.69174935081,29.005502435074128,1099.4845501122445,59.62703867147389,9.684760200492908,ORBIT_DISTINCT,2.220446049250313e-16,0.0,0,0,SCORED,60,60,3,60,0,60,0,0.0,conditional verifier acceptance fraction under the controlled observation model
controlled_altitude_difference_synthetic_B,orbit_unit_c0cc640bd55932b459b10080,65686,STARLINK-35137,SYNTHETIC_RELATIVE_TO_A,same_plane_altitude_offset:+0km,same_tle_65686_20260312T152900Z:segment:3,2026-03-12T15:32:29.500000Z,315682814,2026-03-11T21:55:43.056192,2026-03-12T07:26:32,17.61290105777778,8.099305555555556,CAUSAL_GP:65686:315682814,SYNTHETIC_RELATIVE_TO_CAUSAL_A:FROZEN_ORIGINAL_PERTURBATION_RULE,2026-03-12T15:32:30Z,0.0,0.0,0.0,0.0007352452962970065,0.0014801853206457664,-0.0005126659809726316,0.000527027366391634,1.1801502194967392e-06,0.0005126659809726316,-0.000527027366391634,-1.1801502194967392e-06,12-18 h,WITHIN_CALIBRATED_SUPPORT,0.3174552585657614,29.005502435074128,1099.4845501122445,0.10461671197418174,0.016992085989987346,NOT_ORBIT_DISTINCT,2.220446049250313e-16,0.0,0,0,SCORED,60,60,3,0,0,0,0,,conditional verifier acceptance fraction under the controlled observation model
controlled_altitude_difference_synthetic_B,orbit_unit_c1a65db29fd0d10f65420166,65421,STARLINK-35146,SYNTHETIC_RELATIVE_TO_A,same_plane_altitude_offset:-5km,same_tle_65421_20260310T064225Z:segment:3,2026-03-10T06:45:54.500000Z,315434193,2026-03-09T17:56:44.636640,2026-03-10T03:44:43,12.81940648888889,3.019861111111111,CAUSAL_GP:65421:315434193,SYNTHETIC_RELATIVE_TO_CAUSAL_A:FROZEN_ORIGINAL_PERTURBATION_RULE,2026-03-10T06:45:55Z,-5.0,0.0,0.0,5.002304573381986,0.0047434505351270665,-5.002303447273389,-0.0033565271866373703,-5.875206929850663e-07,5.002303447273389,0.0033565271866373703,5.875206929850663e-07,12-18 h,WITHIN_CALIBRATED_SUPPORT,1043.1850113317892,29.005502435074128,1099.4845501122445,5.997088707068157,0.9740608845098546,AMBIGUOUS,1.1102230246251565e-16,0.0,0,0,SCORED,60,60,3,60,57,3,0,0.95,conditional verifier acceptance fraction under the controlled observation model
controlled_altitude_difference_synthetic_B,orbit_unit_c21212101365ed4fc18b66eb,65410,STARLINK-35024,SYNTHETIC_RELATIVE_TO_A,same_plane_altitude_offset:-5km,same_tle_65410_20260311T110240Z:segment:3,2026-03-11T11:06:09.500000Z,315555532,2026-03-10T17:24:38.025504,2026-03-11T02:43:10,17.69207624888889,8.383194444444445,CAUSAL_GP:65410:315555532,SYNTHETIC_RELATIVE_TO_CAUSAL_A:FROZEN_ORIGINAL_PERTURBATION_RULE,2026-03-11T11:06:10Z,-5.0,0.0,0.0,4.998493894033881,0.0033771187799028052,-4.998492622756428,-0.0035649594927839034,2.713294655620757e-06,4.998492622756428,0.0035649594927839034,-2.713294655620757e-06,12-18 h,WITHIN_CALIBRATED_SUPPORT,1041.6070909856005,29.005502435074128,1099.4845501122445,5.9925513961893415,0.9733239240839221,AMBIGUOUS,1.1102230246251565e-16,0.0,0,0,SCORED,60,60,3,60,54,6,0,0.9,conditional verifier acceptance fraction under the controlled observation model
controlled_altitude_difference_synthetic_B,orbit_unit_c3ecf0d1390d3bbdbc41f8fd,65410,STARLINK-35024,SYNTHETIC_RELATIVE_TO_A,same_plane_altitude_offset:+20km,same_tle_65410_20260311T110240Z:segment:3,2026-03-11T11:06:09.500000Z,315555532,2026-03-10T17:24:38.025504,2026-03-11T02:43:10,17.69207624888889,8.383194444444445,CAUSAL_GP:65410:315555532,SYNTHETIC_RELATIVE_TO_CAUSAL_A:FROZEN_ORIGINAL_PERTURBATION_RULE,2026-03-11T11:06:10Z,20.0,0.0,0.0,20.001514869114196,0.012738784765202361,20.00150735627915,0.017335977045007223,2.7080460593964517e-06,-20.00150735627915,-0.017335977045007223,-2.7080460593964517e-06,12-18 h,WITHIN_CALIBRATED_SUPPORT,16438.24543356402,29.005502435074128,1099.4845501122445,23.806060548759127,3.866634883604354,ORBIT_DISTINCT,1.1102230246251565e-16,0.0,0,0,SCORED,60,60,3,60,42,18,0,0.7,conditional verifier acceptance fraction under the controlled observation model
controlled_altitude_difference_synthetic_B,orbit_unit_c41c997330660ce3da920457,65686,STARLINK-35137,SYNTHETIC_RELATIVE_TO_A,same_plane_altitude_offset:+20km,same_tle_65686_20260311T142130Z:segment:3,2026-03-11T14:24:59.500000Z,315558516,2026-03-10T22:25:41.529216,2026-03-11T07:06:59,15.988325217777778,7.300138888888889,CAUSAL_GP:65686:315558516,SYNTHETIC_RELATIVE_TO_CAUSAL_A:FROZEN_ORIGINAL_PERTURBATION_RULE,2026-03-11T14:25:00Z,20.0,0.0,0.0,19.998480743109674,0.01287659132742738,19.998473168481382,0.017405805314379297,-4.178580681468702e-08,-19.998473168481382,-0.017405805314379297,4.178580681468702e-08,12-18 h,WITHIN_CALIBRATED_SUPPORT,16433.2540302827,29.005502435074128,1099.4845501122445,23.802445969854887,3.8660477954193078,ORBIT_DISTINCT,3.3306690738754696e-16,0.0,0,0,SCORED,60,60,3,60,17,43,0,0.2833333333333333,conditional verifier acceptance fraction under the controlled observation model
controlled_altitude_difference_synthetic_B,orbit_unit_c49a639b5f609c45aa09aeaf,44714,STARLINK-1008,SYNTHETIC_RELATIVE_TO_A,same_plane_altitude_offset:+50km,same_tle_44714_20260310T090420Z:segment:3,2026-03-10T09:07:49.500000Z,315443210,2026-03-09T21:39:16.344864,2026-03-10T08:26:21,11.475876426666668,0.69125,CAUSAL_GP:44714:315443210,SYNTHETIC_RELATIVE_TO_CAUSAL_A:FROZEN_ORIGINAL_PERTURBATION_RULE,2026-03-10T09:07:50Z,50.0,0.0,0.0,50.00272480968751,0.030192558640401962,50.00270655313858,0.042728843177437525,3.417069486033597e-06,-50.00270655313858,-0.042728843177437525,-3.417069486033597e-06,9-12 h,WITHIN_CALIBRATED_SUPPORT,109094.10699803739,31.32749048335574,948.5696084793932,59.01166148719641,10.724228103460096,ORBIT_DISTINCT,2.220446049250313e-16,0.0,0,0,SCORED,60,60,3,60,15,45,0,0.25,conditional verifier acceptance fraction under the controlled observation model
controlled_altitude_difference_synthetic_B,orbit_unit_c56565eca121bc601ee418c5,65410,STARLINK-35024,SYNTHETIC_RELATIVE_TO_A,same_plane_altitude_offset:+2km,same_tle_65410_20260310T064015Z:segment:3,2026-03-10T06:43:44.500000Z,315434688,2026-03-09T16:20:35.643840,2026-03-10T03:44:43,14.385793377777778,2.98375,CAUSAL_GP:65410:315434688,SYNTHETIC_RELATIVE_TO_CAUSAL_A:FROZEN_ORIGINAL_PERTURBATION_RULE,2026-03-10T06:43:45Z,2.0,0.0,0.0,1.997915681806186,0.004986118067120733,1.9979141433201315,0.002479420926840503,-5.743469020380587e-07,-1.9979141433201315,-0.002479420926840503,5.743469020380587e-07,12-18 h,WITHIN_CALIBRATED_SUPPORT,160.09903699878143,29.005502435074128,1099.4845501122445,2.3493848476432198,0.381592468367568,AMBIGUOUS,4.440892098500626e-16,0.0,0,0,SCORED,60,60,3,60,44,16,0,0.7333333333333333,conditional verifier acceptance fraction under the controlled observation model
controlled_altitude_difference_synthetic_B,orbit_unit_c75c4b33f500f2d173140e7f,44714,STARLINK-1008,SYNTHETIC_RELATIVE_TO_A,same_plane_altitude_offset:+50km,same_tle_44714_20260311T034020Z:segment:3,2026-03-11T03:43:49.500000Z,315542230,2026-03-10T16:27:18.322272,2026-03-11T02:43:10,11.275327146666667,1.0109722222222222,CAUSAL_GP:44714:315542230,SYNTHETIC_RELATIVE_TO_CAUSAL_A:FROZEN_ORIGINAL_PERTURBATION_RULE,2026-03-11T03:43:50Z,50.0,0.0,0.0,49.99794336056979,0.02961056934809375,49.99792526044493,0.04254336268238745,-3.400406711762116e-07,-49.99792526044493,-0.04254336268238745,3.400406711762116e-07,9-12 h,WITHIN_CALIBRATED_SUPPORT,109073.2297202154,31.32749048335574,948.5696084793932,59.00601470281423,10.723201909615703,ORBIT_DISTINCT,2.220446049250313e-16,0.0,0,0,SCORED,60,60,3,60,18,42,0,0.3,conditional verifier acceptance fraction under the controlled observation model
controlled_altitude_difference_synthetic_B,orbit_unit_c790087079aa9432bb379f79,44714,STARLINK-1008,SYNTHETIC_RELATIVE_TO_A,same_plane_altitude_offset:+20km,same_tle_44714_20260310T090420Z:segment:3,2026-03-10T09:07:49.500000Z,315443210,2026-03-09T21:39:16.344864,2026-03-10T08:26:21,11.475876426666668,0.69125,CAUSAL_GP:44714:315443210,SYNTHETIC_RELATIVE_TO_CAUSAL_A:FROZEN_ORIGINAL_PERTURBATION_RULE,2026-03-10T09:07:50Z,20.0,0.0,0.0,20.002714493037075,0.014176309927413961,20.002706662737076,0.017698995379817895,3.418843510516467e-06,-20.002706662737076,-0.017698995379817895,-3.418843510516467e-06,9-12 h,WITHIN_CALIBRATED_SUPPORT,17438.18423266976,31.32749048335574,948.5696084793932,23.5932531416994,4.287617430482919,ORBIT_DISTINCT,2.220446049250313e-16,0.0,0,0,SCORED,60,60,3,60,37,23,0,0.6166666666666667,conditional verifier acceptance fraction under the controlled observation model
controlled_altitude_difference_synthetic_B,orbit_unit_c8c59c2d41af1a2e9a4cfa21,65410,STARLINK-35024,SYNTHETIC_RELATIVE_TO_A,same_plane_altitude_offset:-2km,same_tle_65410_20260310T131135Z:segment:2,2026-03-10T13:14:04.500000Z,315434688,2026-03-09T16:20:35.643840,2026-03-10T03:44:43,20.891348933333333,9.489305555555555,CAUSAL_GP:65410:315434688,SYNTHETIC_RELATIVE_TO_CAUSAL_A:FROZEN_ORIGINAL_PERTURBATION_RULE,2026-03-10T13:14:05Z,-2.0,0.0,0.0,1.9969878096648257,0.006049976708231893,-1.9969876479867916,-0.0008035717581692525,3.244932665791289e-06,1.9969876479867916,0.0008035717581692525,-3.244932665791289e-06,18-24 h,WITHIN_CALIBRATED_SUPPORT,218.5659991677725,37.65263471646583,1467.668474883233,2.4093151736583662,0.3859022568210152,AMBIGUOUS,2.220446049250313e-16,0.0,0,0,SCORED,60,60,3,60,51,9,0,0.85,conditional verifier acceptance fraction under the controlled observation model
controlled_altitude_difference_synthetic_B,orbit_unit_ca52f27285f0a886177ec0fb,65410,STARLINK-35024,SYNTHETIC_RELATIVE_TO_A,same_plane_altitude_offset:+0km,same_tle_65410_20260310T064015Z:segment:3,2026-03-10T06:43:44.500000Z,315434688,2026-03-09T16:20:35.643840,2026-03-10T03:44:43,14.385793377777778,2.98375,CAUSAL_GP:65410:315434688,SYNTHETIC_RELATIVE_TO_CAUSAL_A:FROZEN_ORIGINAL_PERTURBATION_RULE,2026-03-10T06:43:45Z,0.0,0.0,0.0,0.0022364271293596506,0.004473265615423924,-0.0020858562783758637,0.0008067276879656995,-5.730317237378092e-07,0.0020858562783758637,-0.0008067276879656995,5.730317237378092e-07,12-18 h,WITHIN_CALIBRATED_SUPPORT,0.32137147455851794,29.005502435074128,1099.4845501122445,0.10526002440240287,0.01709657426812649,NOT_ORBIT_DISTINCT,4.440892098500626e-16,0.0,0,0,SCORED,60,60,3,0,0,0,0,,conditional verifier acceptance fraction under the controlled observation model
controlled_altitude_difference_synthetic_B,orbit_unit_ca8a43fd57eb1d72582518d6,65410,STARLINK-35024,SYNTHETIC_RELATIVE_TO_A,same_plane_altitude_offset:-20km,same_tle_65410_20260311T110240Z:segment:3,2026-03-11T11:06:09.500000Z,315555532,2026-03-10T17:24:38.025504,2026-03-11T02:43:10,17.69207624888889,8.383194444444445,CAUSAL_GP:65410:315555532,SYNTHETIC_RELATIVE_TO_CAUSAL_A:FROZEN_ORIGINAL_PERTURBATION_RULE,2026-03-11T11:06:10Z,-20.0,0.0,0.0,19.998499140842288,0.010370640736793297,-19.99849264087721,-0.016123865613475896,2.716456785734067e-06,19.99849264087721,0.016123865613475896,-2.716456785734067e-06,12-18 h,WITHIN_CALIBRATED_SUPPORT,16527.35629057431,29.005502435074128,1099.4845501122445,23.87049903345906,3.8771011298897076,ORBIT_DISTINCT,1.1102230246251565e-16,0.0,0,0,SCORED,60,60,3,60,32,28,0,0.5333333333333333,conditional verifier acceptance fraction under the controlled observation model
controlled_altitude_difference_synthetic_B,orbit_unit_cb6072dcf56b63f65331b841,65421,STARLINK-35146,SYNTHETIC_RELATIVE_TO_A,same_plane_altitude_offset:-5km,same_tle_65421_20260311T110455Z:segment:3,2026-03-11T11:08:24.500000Z,315556037,2026-03-10T20:34:46.163136,2026-03-11T02:43:10,14.560649128888889,8.420694444444445,CAUSAL_GP:65421:315556037,SYNTHETIC_RELATIVE_TO_CAUSAL_A:FROZEN_ORIGINAL_PERTURBATION_RULE,2026-03-11T11:08:25Z,-5.0,0.0,0.0,4.998292489028655,0.0037084882535087875,-4.998291245210698,-0.003526176782987722,2.7654436784985137e-06,4.998291245210698,0.003526176782987722,-2.7654436784985137e-06,12-18 h,WITHIN_CALIBRATED_SUPPORT,1041.5234482665153,29.005502435074128,1099.4845501122445,5.992310785617352,0.9732848435636862,AMBIGUOUS,2.220446049250313e-16,0.0,0,0,SCORED,60,60,3,60,50,10,0,0.8333333333333334,conditional verifier acceptance fraction under the controlled observation model
controlled_altitude_difference_synthetic_B,orbit_unit_cd2d47d27943101c0202f0ea,65409,STARLINK-35022,SYNTHETIC_RELATIVE_TO_A,same_plane_altitude_offset:-20km,same_tle_65409_20260310T064055Z:segment:3,2026-03-10T06:44:24.500000Z,315434187,2026-03-09T17:55:17.144544,2026-03-10T03:44:43,12.818709848888888,2.994861111111111,CAUSAL_GP:65409:315434187,SYNTHETIC_RELATIVE_TO_CAUSAL_A:FROZEN_ORIGINAL_PERTURBATION_RULE,2026-03-10T06:44:25Z,-20.0,0.0,0.0,20.00211006929583,0.010433255448683362,-20.002103726107833,-0.015929665673867,-5.670276674862862e-07,20.002103726107833,0.015929665673867,5.670276674862862e-07,12-18 h,WITHIN_CALIBRATED_SUPPORT,16533.311225578018,29.005502435074128,1099.4845501122445,23.874799009385814,3.8777995418290963,ORBIT_DISTINCT,4.440892098500626e-16,0.0,0,0,SCORED,60,60,3,60,29,31,0,0.48333333333333334,conditional verifier acceptance fraction under the controlled observation model
controlled_altitude_difference_synthetic_B,orbit_unit_cd61ece6a5b9adb0258ce786,65686,STARLINK-35137,SYNTHETIC_RELATIVE_TO_A,same_plane_altitude_offset:-100km,same_tle_65686_20260310T131505Z:segment:2,2026-03-10T13:17:34.500000Z,315485957,2026-03-10T00:29:40.547616,2026-03-10T09:52:28,12.798320106666665,3.4184722222222224,CAUSAL_GP:65686:315485957,SYNTHETIC_RELATIVE_TO_CAUSAL_A:FROZEN_ORIGINAL_PERTURBATION_RULE,2026-03-10T13:17:35Z,-100.0,0.0,0.0,100.0028217115532,0.054735502640757536,-100.00278727645633,-0.08298923135485481,-8.128636821425061e-07,100.00278727645633,0.08298923135485481,8.128636821425061e-07,12-18 h,WITHIN_CALIBRATED_SUPPORT,412320.682677883,29.005502435074128,1099.4845501122445,119.22775425370344,19.365244944536062,ORBIT_DISTINCT,2.220446049250313e-16,0.0,0,0,SCORED,60,60,3,60,0,60,0,0.0,conditional verifier acceptance fraction under the controlled observation model
controlled_altitude_difference_synthetic_B,orbit_unit_ce411654b46a4ccaf5be8489,65410,STARLINK-35024,SYNTHETIC_RELATIVE_TO_A,same_plane_altitude_offset:+50km,same_tle_65410_20260310T064015Z:segment:3,2026-03-10T06:43:44.500000Z,315434688,2026-03-09T16:20:35.643840,2026-03-10T03:44:43,14.385793377777778,2.98375,CAUSAL_GP:65410:315434688,SYNTHETIC_RELATIVE_TO_CAUSAL_A:FROZEN_ORIGINAL_PERTURBATION_RULE,2026-03-10T06:43:45Z,50.0,0.0,0.0,49.997932119255736,0.029637872916989296,49.997914012453165,0.04255120496541309,-6.058546340170778e-07,-49.997914012453165,-0.04255120496541309,6.058546340170778e-07,12-18 h,WITHIN_CALIBRATED_SUPPORT,102889.68613820554,29.005502435074128,1099.4845501122445,59.55877063905046,9.673671950294485,ORBIT_DISTINCT,4.440892098500626e-16,0.0,0,0,SCORED,60,60,3,60,16,44,0,0.26666666666666666,conditional verifier acceptance fraction under the controlled observation model
controlled_altitude_difference_synthetic_B,orbit_unit_cf1d8eca2a4978ad2f7e94ab,44714,STARLINK-1008,SYNTHETIC_RELATIVE_TO_A,same_plane_altitude_offset:-5km,same_tle_44714_20260312T044740Z:segment:3,2026-03-12T04:51:09.500000Z,315665530,2026-03-11T12:49:19.719264,2026-03-12T03:14:55,16.03049464888889,1.6040277777777778,CAUSAL_GP:44714:315665530,SYNTHETIC_RELATIVE_TO_CAUSAL_A:FROZEN_ORIGINAL_PERTURBATION_RULE,2026-03-12T04:51:10Z,-5.0,0.0,0.0,5.001028564629625,0.0025824931132778233,-5.001027288117872,-0.0035731976121154974,8.196659844195153e-07,5.001027288117872,0.0035731976121154974,-8.196659844195153e-07,12-18 h,WITHIN_CALIBRATED_SUPPORT,1042.65732846607,29.005502435074128,1099.4845501122445,5.995571736822818,0.9738144947278912,AMBIGUOUS,2.220446049250313e-16,0.0,0,0,SCORED,60,60,3,60,49,11,0,0.8166666666666667,conditional verifier acceptance fraction under the controlled observation model
controlled_altitude_difference_synthetic_B,orbit_unit_cfa465d9fbb6afd5e7e3a9da,44714,STARLINK-1008,SYNTHETIC_RELATIVE_TO_A,same_plane_altitude_offset:+10km,same_tle_44714_20260310T090420Z:segment:3,2026-03-10T09:07:49.500000Z,315443210,2026-03-09T21:39:16.344864,2026-03-10T08:26:21,11.475876426666668,0.69125,CAUSAL_GP:44714:315443210,SYNTHETIC_RELATIVE_TO_CAUSAL_A:FROZEN_ORIGINAL_PERTURBATION_RULE,2026-03-10T09:07:50Z,10.0,0.0,0.0,10.002711043158163,0.00928329969007875,10.002706679186105,0.009343611304912347,3.4194417288802015e-06,-10.002706679186105,-0.009343611304912347,-3.4194417288802015e-06,9-12 h,WITHIN_CALIBRATED_SUPPORT,4352.604621316256,31.32749048335574,948.5696084793932,11.787231308291762,2.1421013079896727,ORBIT_DISTINCT,2.220446049250313e-16,0.0,0,0,SCORED,60,60,3,60,48,12,0,0.8,conditional verifier acceptance fraction under the controlled observation model
controlled_altitude_difference_synthetic_B,orbit_unit_d157faba8ad51bfb502ae831,44714,STARLINK-1008,SYNTHETIC_RELATIVE_TO_A,same_plane_altitude_offset:-100km,same_tle_44714_20260310T023440Z:segment:2,2026-03-10T02:37:09.500000Z,315393241,2026-03-09T13:49:15.828096,2026-03-09T22:56:35,12.798242195555556,3.67625,CAUSAL_GP:44714:315393241,SYNTHETIC_RELATIVE_TO_CAUSAL_A:FROZEN_ORIGINAL_PERTURBATION_RULE,2026-03-10T02:37:10Z,-100.0,0.0,0.0,100.00295245964693,0.05463718842872322,-100.00291807467636,-0.08292886091447471,-8.963800652850296e-07,100.00291807467636,0.08292886091447471,8.963800652850296e-07,12-18 h,WITHIN_CALIBRATED_SUPPORT,412321.75373178953,29.005502435074128,1099.4845501122445,119.22790910801271,19.36527009632768,ORBIT_DISTINCT,2.6059418842835023e-17,0.0,0,0,SCORED,60,60,3,60,0,60,0,0.0,conditional verifier acceptance fraction under the controlled observation model
controlled_altitude_difference_synthetic_B,orbit_unit_d19a73a693fb40954535bc74,65410,STARLINK-35024,SYNTHETIC_RELATIVE_TO_A,same_plane_altitude_offset:-2km,same_tle_65410_20260310T064015Z:segment:3,2026-03-10T06:43:44.500000Z,315434688,2026-03-09T16:20:35.643840,2026-03-10T03:44:43,14.385793377777778,2.98375,CAUSAL_GP:65410:315434688,SYNTHETIC_RELATIVE_TO_CAUSAL_A:FROZEN_ORIGINAL_PERTURBATION_RULE,2026-03-10T06:43:45Z,-2.0,0.0,0.0,2.00208604367052,0.004200471208381865,-2.0020858562859627,-0.0008662099346082308,-5.717167798069411e-07,2.0020858562859627,0.0008662099346082308,5.717167798069411e-07,12-18 h,WITHIN_CALIBRATED_SUPPORT,170.19346628729596,29.005502435074128,1099.4845501122445,2.422318496465509,0.3934385186683814,AMBIGUOUS,4.440892098500626e-16,0.0,0,0,SCORED,60,60,3,60,48,12,0,0.8,conditional verifier acceptance fraction under the controlled observation model
controlled_altitude_difference_synthetic_B,orbit_unit_d1f7e23b7ad75c198f0a97b7,65409,STARLINK-35022,SYNTHETIC_RELATIVE_TO_A,same_plane_altitude_offset:+0km,same_tle_65409_20260310T113340Z:segment:3,2026-03-10T11:37:09.500000Z,315434187,2026-03-09T17:55:17.144544,2026-03-10T03:44:43,17.697876515555556,7.874027777777778,CAUSAL_GP:65409:315434187,SYNTHETIC_RELATIVE_TO_CAUSAL_A:FROZEN_ORIGINAL_PERTURBATION_RULE,2026-03-10T11:37:10Z,0.0,0.0,0.0,0.001970444335014885,0.003939799854120325,0.0018874879611008736,0.0005657142199277931,2.737784324971233e-06,-0.0018874879611008736,-0.0005657142199277931,-2.737784324971233e-06,12-18 h,WITHIN_CALIBRATED_SUPPORT,0.3119550772747809,29.005502435074128,1099.4845501122445,0.10370646546783296,0.016844241667449463,NOT_ORBIT_DISTINCT,2.220446049250313e-16,0.0,0,0,SCORED,60,60,3,0,0,0,0,,conditional verifier acceptance fraction under the controlled observation model
controlled_altitude_difference_synthetic_B,orbit_unit_d21ac42c4827a0cc4a15eaa3,65686,STARLINK-35137,SYNTHETIC_RELATIVE_TO_A,same_plane_altitude_offset:-1km,same_tle_65686_20260311T142130Z:segment:3,2026-03-11T14:24:59.500000Z,315558516,2026-03-10T22:25:41.529216,2026-03-11T07:06:59,15.988325217777778,7.300138888888889,CAUSAL_GP:65686:315558516,SYNTHETIC_RELATIVE_TO_CAUSAL_A:FROZEN_ORIGINAL_PERTURBATION_RULE,2026-03-11T14:25:00Z,-1.0,0.0,0.0,1.0015268205412537,0.0031632576258849455,-1.0015268094493612,-0.00014905587571995005,-2.899479373263958e-08,1.0015268094493612,0.00014905587571995005,2.899479373263958e-08,12-18 h,WITHIN_CALIBRATED_SUPPORT,44.00385683550506,29.005502435074128,1099.4845501122445,1.231700662882503,0.20005564295300157,AMBIGUOUS,3.3306690738754696e-16,0.0,0,0,SCORED,60,60,3,60,42,18,0,0.7,conditional verifier acceptance fraction under the controlled observation model
controlled_altitude_difference_synthetic_B,orbit_unit_d30df97547e45a7c70385d21,44714,STARLINK-1008,SYNTHETIC_RELATIVE_TO_A,same_plane_altitude_offset:+1km,same_tle_44714_20260310T090420Z:segment:3,2026-03-10T09:07:49.500000Z,315443210,2026-03-09T21:39:16.344864,2026-03-10T08:26:21,11.475876426666668,0.69125,CAUSAL_GP:44714:315443210,SYNTHETIC_RELATIVE_TO_CAUSAL_A:FROZEN_ORIGINAL_PERTURBATION_RULE,2026-03-10T09:07:50Z,1.0,0.0,0.0,1.0027083344372256,0.00596864434008121,1.0027066853135973,0.0018185614088077062,3.4199845494464753e-06,-1.0027066853135973,-0.0018185614088077062,-3.4199845494464753e-06,9-12 h,WITHIN_CALIBRATED_SUPPORT,42.466987205098796,31.32749048335574,948.5696084793932,1.1642947048004084,0.21158804343509974,AMBIGUOUS,2.220446049250313e-16,0.0,0,0,SCORED,60,60,3,60,58,2,0,0.9666666666666667,conditional verifier acceptance fraction under the controlled observation model
controlled_altitude_difference_synthetic_B,orbit_unit_d33c3e6e05028b7612602b63,65421,STARLINK-35146,SYNTHETIC_RELATIVE_TO_A,same_plane_altitude_offset:-1km,same_tle_65421_20260311T110455Z:segment:3,2026-03-11T11:08:24.500000Z,315556037,2026-03-10T20:34:46.163136,2026-03-11T02:43:10,14.560649128888889,8.420694444444445,CAUSAL_GP:65421:315556037,SYNTHETIC_RELATIVE_TO_CAUSAL_A:FROZEN_ORIGINAL_PERTURBATION_RULE,2026-03-11T11:08:25Z,-1.0,0.0,0.0,0.9982912604238748,0.003495236157581466,-0.9982912443034797,-0.0001793824282187717,2.7646382778079293e-06,0.9982912443034797,0.0001793824282187717,-2.7646382778079293e-06,12-18 h,WITHIN_CALIBRATED_SUPPORT,43.72970071066869,29.005502435074128,1099.4845501122445,1.2278577510676993,0.19943146841361065,AMBIGUOUS,2.220446049250313e-16,0.0,0,0,SCORED,60,60,3,60,51,9,0,0.85,conditional verifier acceptance fraction under the controlled observation model
controlled_altitude_difference_synthetic_B,orbit_unit_d7bd258935ae69c6ec754539,44714,STARLINK-1008,SYNTHETIC_RELATIVE_TO_A,same_plane_altitude_offset:+0km,same_tle_44714_20260312T044740Z:segment:3,2026-03-12T04:51:09.500000Z,315665530,2026-03-11T12:49:19.719264,2026-03-12T03:14:55,16.03049464888889,1.6040277777777778,CAUSAL_GP:44714:315665530,SYNTHETIC_RELATIVE_TO_CAUSAL_A:FROZEN_ORIGINAL_PERTURBATION_RULE,2026-03-12T04:51:10Z,0.0,0.0,0.0,0.0011950269730182017,0.002396838292720524,-0.001027287211172752,0.0006105487566883163,8.171342035789299e-07,0.001027287211172752,-0.0006105487566883163,-8.171342035789299e-07,12-18 h,WITHIN_CALIBRATED_SUPPORT,0.3187129020317217,29.005502435074128,1099.4845501122445,0.10482373401809869,0.017025710984557314,NOT_ORBIT_DISTINCT,2.220446049250313e-16,0.0,0,0,SCORED,60,60,3,0,0,0,0,,conditional verifier acceptance fraction under the controlled observation model
controlled_altitude_difference_synthetic_B,orbit_unit_d7d92671ff26b5f5b3e1700d,65409,STARLINK-35022,SYNTHETIC_RELATIVE_TO_A,same_plane_altitude_offset:-1km,same_tle_65409_20260310T064055Z:segment:3,2026-03-10T06:44:24.500000Z,315434187,2026-03-09T17:55:17.144544,2026-03-10T03:44:43,12.818709848888888,2.994861111111111,CAUSAL_GP:65409:315434187,SYNTHETIC_RELATIVE_TO_CAUSAL_A:FROZEN_ORIGINAL_PERTURBATION_RULE,2026-03-10T06:44:25Z,-1.0,0.0,0.0,1.002103707838975,0.004339783001795808,-1.002103707515357,-2.5460977608859903e-05,-5.795445578438141e-07,1.002103707515357,2.5460977608859903e-05,5.795445578438141e-07,12-18 h,WITHIN_CALIBRATED_SUPPORT,44.05271058033719,29.005502435074128,1099.4845501122445,1.2323841995334832,0.20016666454153736,AMBIGUOUS,4.440892098500626e-16,0.0,0,0,SCORED,60,60,3,60,51,9,0,0.85,conditional verifier acceptance fraction under the controlled observation model
controlled_altitude_difference_synthetic_B,orbit_unit_d8cbaa1d9fb97b779a1d0d16,65686,STARLINK-35137,SYNTHETIC_RELATIVE_TO_A,same_plane_altitude_offset:-5km,same_tle_65686_20260310T131505Z:segment:2,2026-03-10T13:17:34.500000Z,315485957,2026-03-10T00:29:40.547616,2026-03-10T09:52:28,12.798320106666665,3.4184722222222224,CAUSAL_GP:65686:315485957,SYNTHETIC_RELATIVE_TO_CAUSAL_A:FROZEN_ORIGINAL_PERTURBATION_RULE,2026-03-10T13:17:35Z,-5.0,0.0,0.0,5.002787805028365,0.005639082015216268,-5.002786766618692,-0.003223334400788591,-8.775872415434094e-07,5.002786766618692,0.003223334400788591,8.775872415434094e-07,12-18 h,WITHIN_CALIBRATED_SUPPORT,1043.3846230977783,29.005502435074128,1099.4845501122445,5.997662446239445,0.9741540725402409,AMBIGUOUS,2.220446049250313e-16,0.0,0,0,SCORED,60,60,3,60,54,6,0,0.9,conditional verifier acceptance fraction under the controlled observation model
controlled_altitude_difference_synthetic_B,orbit_unit_d987c88cecc2156d53fea80d,65686,STARLINK-35137,SYNTHETIC_RELATIVE_TO_A,same_plane_altitude_offset:+2km,same_tle_65686_20260310T131505Z:segment:2,2026-03-10T13:17:34.500000Z,315485957,2026-03-10T00:29:40.547616,2026-03-10T09:52:28,12.798320106666665,3.4184722222222224,CAUSAL_GP:65686:315485957,SYNTHETIC_RELATIVE_TO_CAUSAL_A:FROZEN_ORIGINAL_PERTURBATION_RULE,2026-03-10T13:17:35Z,2.0,0.0,0.0,1.9972149679936129,0.0063431776474769065,1.9972132336346249,0.002632066046954762,-8.823427630755276e-07,-1.9972132336346249,-0.002632066046954762,8.823427630755276e-07,12-18 h,WITHIN_CALIBRATED_SUPPORT,159.98569512186202,29.005502435074128,1099.4845501122445,2.3485530786372775,0.3814573705404037,AMBIGUOUS,2.220446049250313e-16,0.0,0,0,SCORED,60,60,3,60,55,5,0,0.9166666666666666,conditional verifier acceptance fraction under the controlled observation model
controlled_altitude_difference_synthetic_B,orbit_unit_d9ea472d8a5f19180ae4921e,65410,STARLINK-35024,SYNTHETIC_RELATIVE_TO_A,same_plane_altitude_offset:+10km,same_tle_65410_20260310T131135Z:segment:2,2026-03-10T13:14:04.500000Z,315434688,2026-03-09T16:20:35.643840,2026-03-10T03:44:43,20.891348933333333,9.489305555555555,CAUSAL_GP:65410:315434688,SYNTHETIC_RELATIVE_TO_CAUSAL_A:FROZEN_ORIGINAL_PERTURBATION_RULE,2026-03-10T13:14:05Z,10.0,0.0,0.0,10.003016602906445,0.00947729608861101,10.003012345847822,0.00922858751624922,3.2441276225370075e-06,-10.003012345847822,-0.00922858751624922,-3.2441276225370075e-06,18-24 h,WITHIN_CALIBRATED_SUPPORT,5698.286741365197,37.65263471646583,1467.668474883233,12.30196435127161,1.9704170954433013,ORBIT_DISTINCT,2.220446049250313e-16,0.0,0,0,SCORED,60,60,3,60,44,16,0,0.7333333333333333,conditional verifier acceptance fraction under the controlled observation model
controlled_altitude_difference_synthetic_B,orbit_unit_daa8ca289730b139f7f9be2b,65410,STARLINK-35024,SYNTHETIC_RELATIVE_TO_A,same_plane_altitude_offset:-10km,same_tle_65410_20260310T131135Z:segment:2,2026-03-10T13:14:04.500000Z,315434688,2026-03-09T16:20:35.643840,2026-03-10T03:44:43,20.891348933333333,9.489305555555555,CAUSAL_GP:65410:315434688,SYNTHETIC_RELATIVE_TO_CAUSAL_A:FROZEN_ORIGINAL_PERTURBATION_RULE,2026-03-10T13:14:05Z,-10.0,0.0,0.0,9.996990462822477,0.007129277191999402,-9.996987652051118,-0.007496565248093834,3.2454729019804063e-06,9.996987652051118,0.007496565248093834,-3.2454729019804063e-06,18-24 h,WITHIN_CALIBRATED_SUPPORT,5616.751455850799,37.65263471646583,1467.668474883233,12.213634455151388,1.9562692136592001,ORBIT_DISTINCT,2.220446049250313e-16,0.0,0,0,SCORED,60,60,3,60,42,18,0,0.7,conditional verifier acceptance fraction under the controlled observation model
controlled_altitude_difference_synthetic_B,orbit_unit_dd25de37117411e82ea8cd51,65421,STARLINK-35146,SYNTHETIC_RELATIVE_TO_A,same_plane_altitude_offset:-2km,same_tle_65421_20260312T085635Z:segment:3,2026-03-12T09:00:04.500000Z,315679337,2026-03-11T13:48:47.386944,2026-03-12T03:14:55,19.18808696,5.752638888888889,CAUSAL_GP:65421:315679337,SYNTHETIC_RELATIVE_TO_CAUSAL_A:FROZEN_ORIGINAL_PERTURBATION_RULE,2026-03-12T09:00:05Z,-2.0,0.0,0.0,1.9995349182647482,0.0009621207287476523,-1.9995345271871756,-0.0012505776628635099,1.3710476607364797e-06,1.9995345271871756,0.0012505776628635099,-1.3710476607364797e-06,18-24 h,WITHIN_CALIBRATED_SUPPORT,219.13340102148524,37.65263471646583,1467.668474883233,2.4124404626516744,0.3864028372718095,AMBIGUOUS,1.1102230246251565e-16,0.0,0,0,SCORED,60,60,3,60,46,14,0,0.7666666666666667,conditional verifier acceptance fraction under the controlled observation model
controlled_altitude_difference_synthetic_B,orbit_unit_ddba2a90e4e2b718befd1532,65421,STARLINK-35146,SYNTHETIC_RELATIVE_TO_A,same_plane_altitude_offset:+2km,same_tle_65421_20260310T064225Z:segment:3,2026-03-10T06:45:54.500000Z,315434193,2026-03-09T17:56:44.636640,2026-03-10T03:44:43,12.81940648888889,3.019861111111111,CAUSAL_GP:65421:315434193,SYNTHETIC_RELATIVE_TO_CAUSAL_A:FROZEN_ORIGINAL_PERTURBATION_RULE,2026-03-10T06:45:55Z,2.0,0.0,0.0,1.9976981163440009,0.005374250956897064,1.9976965530934057,0.002499160407870127,-5.921452488344414e-07,-1.9976965530934057,-0.002499160407870127,5.921452488344414e-07,12-18 h,WITHIN_CALIBRATED_SUPPORT,160.0637746802681,29.005502435074128,1099.4845501122445,2.349126103678958,0.38155044258022325,AMBIGUOUS,1.1102230246251565e-16,0.0,0,0,SCORED,60,60,3,60,56,4,0,0.9333333333333333,conditional verifier acceptance fraction under the controlled observation model
controlled_altitude_difference_synthetic_B,orbit_unit_de23f0ca822b6df78cb5250e,65421,STARLINK-35146,SYNTHETIC_RELATIVE_TO_A,same_plane_altitude_offset:-20km,same_tle_65421_20260312T085635Z:segment:3,2026-03-12T09:00:04.500000Z,315679337,2026-03-11T13:48:47.386944,2026-03-12T03:14:55,19.18808696,5.752638888888889,CAUSAL_GP:65421:315679337,SYNTHETIC_RELATIVE_TO_CAUSAL_A:FROZEN_ORIGINAL_PERTURBATION_RULE,2026-03-12T09:00:05Z,-20.0,0.0,0.0,19.99954120484147,0.010360513980672077,-19.999534546589118,-0.01631943437548028,1.3787848693880278e-06,19.999534546589118,0.01631943437548028,-1.3787848693880278e-06,18-24 h,WITHIN_CALIBRATED_SUPPORT,22552.997837759096,37.65263471646583,1467.668474883233,24.47397170548935,3.9200188575499433,ORBIT_DISTINCT,1.1102230246251565e-16,0.0,0,0,SCORED,60,60,3,60,28,32,0,0.4666666666666667,conditional verifier acceptance fraction under the controlled observation model
controlled_altitude_difference_synthetic_B,orbit_unit_de6649471d9e925e8e26ffa2,65409,STARLINK-35022,SYNTHETIC_RELATIVE_TO_A,same_plane_altitude_offset:+100km,same_tle_65409_20260311T110325Z:segment:3,2026-03-11T11:06:54.500000Z,315556031,2026-03-10T20:33:19.547136,2026-03-11T02:43:10,14.559709128888889,8.395694444444445,CAUSAL_GP:65409:315556031,SYNTHETIC_RELATIVE_TO_CAUSAL_A:FROZEN_ORIGINAL_PERTURBATION_RULE,2026-03-11T11:06:55Z,100.0,0.0,0.0,100.00182084368763,0.056429794179630635,100.00178563504613,0.08391576292352099,2.6689500600696192e-06,-100.00178563504613,-0.08391576292352099,-2.6689500600696192e-06,12-18 h,WITHIN_CALIBRATED_SUPPORT,411841.9899245006,29.005502435074128,1099.4845501122445,119.15852411420656,19.354000426703006,ORBIT_DISTINCT,3.3306690738754696e-16,0.0,0,0,SCORED,60,60,3,60,0,60,0,0.0,conditional verifier acceptance fraction under the controlled observation model
controlled_altitude_difference_synthetic_B,orbit_unit_def1b853cdf0da2287251dd9,65686,STARLINK-35137,SYNTHETIC_RELATIVE_TO_A,same_plane_altitude_offset:+5km,same_tle_65686_20260311T142130Z:segment:3,2026-03-11T14:24:59.500000Z,315558516,2026-03-10T22:25:41.529216,2026-03-11T07:06:59,15.988325217777778,7.300138888888889,CAUSAL_GP:65686:315558516,SYNTHETIC_RELATIVE_TO_CAUSAL_A:FROZEN_ORIGINAL_PERTURBATION_RULE,2026-03-11T14:25:00Z,5.0,0.0,0.0,4.99847556061192,0.005167014094994327,4.998473188820784,0.004869360782525867,-3.2651656489690595e-08,-4.998473188820784,-0.004869360782525867,3.2651656489690595e-08,12-18 h,WITHIN_CALIBRATED_SUPPORT,1018.0870337257279,29.005502435074128,1099.4845501122445,5.9245075436614645,0.9622720856976322,AMBIGUOUS,3.3306690738754696e-16,0.0,0,0,SCORED,60,60,3,60,45,15,0,0.75,conditional verifier acceptance fraction under the controlled observation model
controlled_altitude_difference_synthetic_B,orbit_unit_df609f07b3d380524e6a2311,44714,STARLINK-1008,SYNTHETIC_RELATIVE_TO_A,same_plane_altitude_offset:-5km,same_tle_44714_20260310T090420Z:segment:3,2026-03-10T09:07:49.500000Z,315443210,2026-03-09T21:39:16.344864,2026-03-10T08:26:21,11.475876426666668,0.69125,CAUSAL_GP:44714:315443210,SYNTHETIC_RELATIVE_TO_CAUSAL_A:FROZEN_ORIGINAL_PERTURBATION_RULE,2026-03-10T09:07:50Z,-5.0,0.0,0.0,4.997294340316644,0.005462545201160204,-4.997293315193568,-0.003200885931427866,3.420347900018328e-06,4.997293315193568,0.003200885931427866,-3.420347900018328e-06,9-12 h,WITHIN_CALIBRATED_SUPPORT,1098.9809363871175,31.32749048335574,948.5696084793932,5.922871031215196,1.0763672529354058,ORBIT_DISTINCT,2.220446049250313e-16,0.0,0,0,SCORED,60,60,3,60,52,8,0,0.8666666666666667,conditional verifier acceptance fraction under the controlled observation model
controlled_altitude_difference_synthetic_B,orbit_unit_e1283463d5e1a82f40a91f75,65421,STARLINK-35146,SYNTHETIC_RELATIVE_TO_A,same_plane_altitude_offset:-1km,same_tle_65421_20260310T131350Z:segment:2,2026-03-10T13:16:19.500000Z,315434193,2026-03-09T17:56:44.636640,2026-03-10T03:44:43,19.326350933333334,9.526805555555555,CAUSAL_GP:65421:315434193,SYNTHETIC_RELATIVE_TO_CAUSAL_A:FROZEN_ORIGINAL_PERTURBATION_RULE,2026-03-10T13:16:20Z,-1.0,0.0,0.0,0.9970534602273062,0.006053874770884764,-0.9970534493495958,0.00014724054807208065,3.3968389650529396e-06,0.9970534493495958,-0.00014724054807208065,-3.3968389650529396e-06,18-24 h,WITHIN_CALIBRATED_SUPPORT,52.93731971606847,37.65263471646583,1467.668474883233,1.185723121883263,0.18991837751339932,AMBIGUOUS,2.220446049250313e-16,0.0,0,0,SCORED,60,60,3,60,47,13,0,0.7833333333333333,conditional verifier acceptance fraction under the controlled observation model
controlled_altitude_difference_synthetic_B,orbit_unit_e164129db47740f5e387cc74,65410,STARLINK-35024,SYNTHETIC_RELATIVE_TO_A,same_plane_altitude_offset:-100km,same_tle_65410_20260310T131135Z:segment:2,2026-03-10T13:14:04.500000Z,315434688,2026-03-09T16:20:35.643840,2026-03-10T03:44:43,20.891348933333333,9.489305555555555,CAUSAL_GP:65410:315434688,SYNTHETIC_RELATIVE_TO_CAUSAL_A:FROZEN_ORIGINAL_PERTURBATION_RULE,2026-03-10T13:14:05Z,-100.0,0.0,0.0,99.99702266010438,0.054935748765323054,-99.99698815942764,-0.08306580950885589,3.2517271435494877e-06,99.99698815942764,0.08306580950885589,-3.2517271435494877e-06,18-24 h,WITHIN_CALIBRATED_SUPPORT,565301.097850953,37.65263471646583,1467.668474883233,122.5299422773656,19.625735051170572,ORBIT_DISTINCT,2.220446049250313e-16,0.0,0,0,SCORED,60,60,3,60,0,60,0,0.0,conditional verifier acceptance fraction under the controlled observation model
controlled_altitude_difference_synthetic_B,orbit_unit_e1b59b2301475fd8365a6d88,65409,STARLINK-35022,SYNTHETIC_RELATIVE_TO_A,same_plane_altitude_offset:-1km,same_tle_65409_20260311T110325Z:segment:3,2026-03-11T11:06:54.500000Z,315556031,2026-03-10T20:33:19.547136,2026-03-11T02:43:10,14.559709128888889,8.395694444444445,CAUSAL_GP:65409:315556031,SYNTHETIC_RELATIVE_TO_CAUSAL_A:FROZEN_ORIGINAL_PERTURBATION_RULE,2026-03-11T11:06:55Z,-1.0,0.0,0.0,0.9982138926759454,0.0036167904453590287,-0.9982138578909237,-0.00026351194551532675,2.690229575053049e-06,0.9982138578909237,0.00026351194551532675,-2.690229575053049e-06,12-18 h,WITHIN_CALIBRATED_SUPPORT,43.72323445141415,29.005502435074128,1099.4845501122445,1.2277669667729831,0.1994167230205157,AMBIGUOUS,3.3306690738754696e-16,0.0,0,0,SCORED,60,60,3,60,54,6,0,0.9,conditional verifier acceptance fraction under the controlled observation model
controlled_altitude_difference_synthetic_B,orbit_unit_e1f501ad80e2fa6f16c5af6a,65410,STARLINK-35024,SYNTHETIC_RELATIVE_TO_A,same_plane_altitude_offset:+2km,same_tle_65410_20260312T085425Z:segment:3,2026-03-12T08:57:54.500000Z,315679831,2026-03-11T16:54:40.030272,2026-03-12T03:14:55,16.054019368888888,5.716527777777777,CAUSAL_GP:65410:315679831,SYNTHETIC_RELATIVE_TO_CAUSAL_A:FROZEN_ORIGINAL_PERTURBATION_RULE,2026-03-12T08:57:55Z,2.0,0.0,0.0,1.9999712832967773,0.002172468235189081,1.999970078202765,0.0021955189842588034,1.3319387270893657e-06,-1.999970078202765,-0.0021955189842588034,-1.3319387270893657e-06,12-18 h,WITHIN_CALIBRATED_SUPPORT,160.43211333885375,29.005502435074128,1099.4845501122445,2.351827454248656,0.3819892021273666,AMBIGUOUS,2.220446049250313e-16,0.0,0,0,SCORED,60,60,3,60,53,7,0,0.8833333333333333,conditional verifier acceptance fraction under the controlled observation model
controlled_altitude_difference_synthetic_B,orbit_unit_e2c8a767de55b83ad3d3c84c,65421,STARLINK-35146,SYNTHETIC_RELATIVE_TO_A,same_plane_altitude_offset:-50km,same_tle_65421_20260310T131350Z:segment:2,2026-03-10T13:16:19.500000Z,315434193,2026-03-09T17:56:44.636640,2026-03-10T03:44:43,19.326350933333334,9.526805555555555,CAUSAL_GP:65421:315434193,SYNTHETIC_RELATIVE_TO_CAUSAL_A:FROZEN_ORIGINAL_PERTURBATION_RULE,2026-03-10T13:16:20Z,-50.0,0.0,0.0,49.9970703101878,0.026697656874637862,-49.99705357250949,-0.04091050558696274,3.3989807768364244e-06,49.99705357250949,0.04091050558696274,-3.3989807768364244e-06,18-24 h,WITHIN_CALIBRATED_SUPPORT,141224.04017003777,37.65263471646583,1467.668474883233,61.24302450840408,9.809352313359518,ORBIT_DISTINCT,2.220446049250313e-16,0.0,0,0,SCORED,60,60,3,60,10,50,0,0.16666666666666666,conditional verifier acceptance fraction under the controlled observation model
controlled_altitude_difference_synthetic_B,orbit_unit_e351ef5297a53d661c8b3d38,65409,STARLINK-35022,SYNTHETIC_RELATIVE_TO_A,same_plane_altitude_offset:+20km,same_tle_65409_20260311T110325Z:segment:3,2026-03-11T11:06:54.500000Z,315556031,2026-03-10T20:33:19.547136,2026-03-11T02:43:10,14.559709128888889,8.395694444444445,CAUSAL_GP:65409:315556031,SYNTHETIC_RELATIVE_TO_CAUSAL_A:FROZEN_ORIGINAL_PERTURBATION_RULE,2026-03-11T11:06:55Z,20.0,0.0,0.0,20.001793593015353,0.012797140996040788,20.001786120337822,0.017289703414229418,2.685768206944772e-06,-20.001786120337822,-0.017289703414229418,-2.685768206944772e-06,12-18 h,WITHIN_CALIBRATED_SUPPORT,16438.70319355673,29.005502435074128,1099.4845501122445,23.806392013156657,3.866688720811041,ORBIT_DISTINCT,3.3306690738754696e-16,0.0,0,0,SCORED,60,60,3,60,28,32,0,0.4666666666666667,conditional verifier acceptance fraction under the controlled observation model
controlled_altitude_difference_synthetic_B,orbit_unit_e38befcfa89371ca415c773f,65686,STARLINK-35137,SYNTHETIC_RELATIVE_TO_A,same_plane_altitude_offset:+5km,same_tle_65686_20260312T121505Z:segment:2,2026-03-12T12:17:34.500000Z,315682814,2026-03-11T21:55:43.056192,2026-03-12T07:26:32,14.364289946666668,4.850694444444445,CAUSAL_GP:65686:315682814,SYNTHETIC_RELATIVE_TO_CAUSAL_A:FROZEN_ORIGINAL_PERTURBATION_RULE,2026-03-12T12:17:35Z,5.0,0.0,0.0,4.9970076686189175,0.007568054051154346,4.997005063786251,0.005102227957729966,-8.383570966330467e-07,-4.997005063786251,-0.005102227957729966,8.383570966330467e-07,12-18 h,WITHIN_CALIBRATED_SUPPORT,1017.4872789379447,29.005502435074128,1099.4845501122445,5.922762223710445,0.9619886068334229,AMBIGUOUS,3.3306690738754696e-16,0.0,0,0,SCORED,60,60,3,60,54,6,0,0.9,conditional verifier acceptance fraction under the controlled observation model
controlled_altitude_difference_synthetic_B,orbit_unit_e495a94bf478ac69f590dacf,65410,STARLINK-35024,SYNTHETIC_RELATIVE_TO_A,same_plane_altitude_offset:+5km,same_tle_65410_20260310T131135Z:segment:2,2026-03-10T13:14:04.500000Z,315434688,2026-03-09T16:20:35.643840,2026-03-10T03:44:43,20.891348933333333,9.489305555555555,CAUSAL_GP:65410:315434688,SYNTHETIC_RELATIVE_TO_CAUSAL_A:FROZEN_ORIGINAL_PERTURBATION_RULE,2026-03-10T13:14:05Z,5.0,0.0,0.0,5.003014898498791,0.007537158273708889,5.003012350199463,0.005049588299139041,3.244462335683096e-06,-5.003012350199463,-0.005049588299139041,-3.244462335683096e-06,18-24 h,WITHIN_CALIBRATED_SUPPORT,1435.0907816057977,37.65263471646583,1467.668474883233,6.173649961068977,0.9888392680406171,AMBIGUOUS,2.220446049250313e-16,0.0,0,0,SCORED,60,60,3,60,50,10,0,0.8333333333333334,conditional verifier acceptance fraction under the controlled observation model
controlled_altitude_difference_synthetic_B,orbit_unit_e66ed268720f19094cc7048c,65686,STARLINK-35137,SYNTHETIC_RELATIVE_TO_A,same_plane_altitude_offset:-100km,same_tle_65686_20260312T152900Z:segment:3,2026-03-12T15:32:29.500000Z,315682814,2026-03-11T21:55:43.056192,2026-03-12T07:26:32,17.61290105777778,8.099305555555556,CAUSAL_GP:65686:315682814,SYNTHETIC_RELATIVE_TO_CAUSAL_A:FROZEN_ORIGINAL_PERTURBATION_RULE,2026-03-12T15:32:30Z,-100.0,0.0,0.0,100.00054799240982,0.05533055975343204,-100.00051318220548,-0.0834390664288045,1.2260399344654616e-06,100.00051318220548,0.0834390664288045,-1.2260399344654616e-06,12-18 h,WITHIN_CALIBRATED_SUPPORT,412301.9917912072,29.005502435074128,1099.4845501122445,119.225051869622,19.364806017123577,ORBIT_DISTINCT,2.220446049250313e-16,0.0,0,0,SCORED,60,60,3,60,8,52,0,0.13333333333333333,conditional verifier acceptance fraction under the controlled observation model
controlled_altitude_difference_synthetic_B,orbit_unit_ea22d127e33fdfcf26ffc0d6,65409,STARLINK-35022,SYNTHETIC_RELATIVE_TO_A,same_plane_altitude_offset:+10km,same_tle_65409_20260311T110325Z:segment:3,2026-03-11T11:06:54.500000Z,315556031,2026-03-10T20:33:19.547136,2026-03-11T02:43:10,14.559709128888889,8.395694444444445,CAUSAL_GP:65409:315556031,SYNTHETIC_RELATIVE_TO_CAUSAL_A:FROZEN_ORIGINAL_PERTURBATION_RULE,2026-03-11T11:06:55Z,10.0,0.0,0.0,10.00179012673424,0.007618787254683342,10.001786136291592,0.008934378357495554,2.687890463981546e-06,-10.001786136291592,-0.008934378357495554,-2.687890463981546e-06,12-18 h,WITHIN_CALIBRATED_SUPPORT,4098.885798133683,29.005502435074128,1099.4845501122445,11.887559748718397,1.930804683588081,ORBIT_DISTINCT,3.3306690738754696e-16,0.0,0,0,SCORED,60,60,3,60,48,12,0,0.8,conditional verifier acceptance fraction under the controlled observation model
controlled_altitude_difference_synthetic_B,orbit_unit_eacec38fa468e5d1be8f8cc0,65410,STARLINK-35024,SYNTHETIC_RELATIVE_TO_A,same_plane_altitude_offset:+5km,same_tle_65410_20260311T110240Z:segment:3,2026-03-11T11:06:09.500000Z,315555532,2026-03-10T17:24:38.025504,2026-03-11T02:43:10,17.69207624888889,8.383194444444445,CAUSAL_GP:65410:315555532,SYNTHETIC_RELATIVE_TO_CAUSAL_A:FROZEN_ORIGINAL_PERTURBATION_RULE,2026-03-11T11:06:10Z,5.0,0.0,0.0,5.0015096797844745,0.005034087732424672,5.001507376490926,0.004799987219308854,2.7111917648703354e-06,-5.001507376490926,-0.004799987219308854,-2.7111917648703354e-06,12-18 h,WITHIN_CALIBRATED_SUPPORT,1019.3295271689258,29.005502435074128,1099.4845501122445,5.928121634095868,0.962859094544289,AMBIGUOUS,1.1102230246251565e-16,0.0,0,0,SCORED,60,60,3,60,55,5,0,0.9166666666666666,conditional verifier acceptance fraction under the controlled observation model
controlled_altitude_difference_synthetic_B,orbit_unit_ec32017e35d7ebe6cfe1de8c,65410,STARLINK-35024,SYNTHETIC_RELATIVE_TO_A,same_plane_altitude_offset:+20km,same_tle_65410_20260310T064015Z:segment:3,2026-03-10T06:43:44.500000Z,315434688,2026-03-09T16:20:35.643840,2026-03-10T03:44:43,14.385793377777778,2.98375,CAUSAL_GP:65410:315434688,SYNTHETIC_RELATIVE_TO_CAUSAL_A:FROZEN_ORIGINAL_PERTURBATION_RULE,2026-03-10T06:43:45Z,20.0,0.0,0.0,19.997921798320746,0.013409540432355085,19.99791412140299,0.017522692221024094,-5.861738294754559e-07,-19.99791412140299,-0.017522692221024094,5.861738294754559e-07,12-18 h,WITHIN_CALIBRATED_SUPPORT,16432.336925073116,29.005502435074128,1099.4845501122445,23.80178177846192,3.8659399159318895,ORBIT_DISTINCT,4.440892098500626e-16,0.0,0,0,SCORED,60,60,3,60,24,36,0,0.4,conditional verifier acceptance fraction under the controlled observation model
controlled_altitude_difference_synthetic_B,orbit_unit_ee1ef47153ddcdffcc5ead79,65686,STARLINK-35137,SYNTHETIC_RELATIVE_TO_A,same_plane_altitude_offset:+10km,same_tle_65686_20260312T121505Z:segment:2,2026-03-12T12:17:34.500000Z,315682814,2026-03-11T21:55:43.056192,2026-03-12T07:26:32,14.364289946666668,4.850694444444445,CAUSAL_GP:65686:315682814,SYNTHETIC_RELATIVE_TO_CAUSAL_A:FROZEN_ORIGINAL_PERTURBATION_RULE,2026-03-12T12:17:35Z,10.0,0.0,0.0,9.997009368164804,0.009527712426061912,9.997005059402628,0.009281672928899365,-8.417119490289338e-07,-9.997005059402628,-0.009281672928899365,8.417119490289338e-07,12-18 h,WITHIN_CALIBRATED_SUPPORT,4094.9618065161535,29.005502435074128,1099.4845501122445,11.881868219784137,1.9298802524217744,ORBIT_DISTINCT,3.3306690738754696e-16,0.0,0,0,SCORED,60,60,3,60,45,15,0,0.75,conditional verifier acceptance fraction under the controlled observation model
controlled_altitude_difference_synthetic_B,orbit_unit_ef23ec54c095dcfa8cbdb58d,44714,STARLINK-1008,SYNTHETIC_RELATIVE_TO_A,same_plane_altitude_offset:-1km,same_tle_44714_20260311T034020Z:segment:3,2026-03-11T03:43:49.500000Z,315542230,2026-03-10T16:27:18.322272,2026-03-11T02:43:10,11.275327146666667,1.0109722222222222,CAUSAL_GP:44714:315542230,SYNTHETIC_RELATIVE_TO_CAUSAL_A:FROZEN_ORIGINAL_PERTURBATION_RULE,2026-03-11T03:43:50Z,-1.0,0.0,0.0,1.0020746092270192,0.004275686955801719,-1.0020746082748906,-4.3681959314978425e-05,-3.0744143708627547e-07,1.0020746082748906,4.3681959314978425e-05,3.0744143708627547e-07,9-12 h,WITHIN_CALIBRATED_SUPPORT,45.73583353744297,31.32749048335574,948.5696084793932,1.2082741824905596,0.2195804628778661,AMBIGUOUS,2.220446049250313e-16,0.0,0,0,SCORED,60,60,3,60,57,3,0,0.95,conditional verifier acceptance fraction under the controlled observation model
controlled_altitude_difference_synthetic_B,orbit_unit_f175ac7280db202bdf91b4d9,65410,STARLINK-35024,SYNTHETIC_RELATIVE_TO_A,same_plane_altitude_offset:+0km,same_tle_65410_20260310T131135Z:segment:2,2026-03-10T13:14:04.500000Z,315434688,2026-03-09T16:20:35.643840,2026-03-10T03:44:43,20.891348933333333,9.489305555555555,CAUSAL_GP:65410:315434688,SYNTHETIC_RELATIVE_TO_CAUSAL_A:FROZEN_ORIGINAL_PERTURBATION_RULE,2026-03-10T13:14:05Z,0.0,0.0,0.0,0.0031352111621861783,0.006266780079050254,0.003012352005244321,0.0008690649568817893,3.244798511317518e-06,-0.003012352005244321,-0.0008690649568817893,-3.244798511317518e-06,18-24 h,WITHIN_CALIBRATED_SUPPORT,0.43622232012930506,37.65263471646583,1467.668474883233,0.10763567932140235,0.01724010707221904,NOT_ORBIT_DISTINCT,2.220446049250313e-16,0.0,0,0,SCORED,60,60,3,0,0,0,0,,conditional verifier acceptance fraction under the controlled observation model
controlled_altitude_difference_synthetic_B,orbit_unit_f262af9cd51c838b886535c0,65421,STARLINK-35146,SYNTHETIC_RELATIVE_TO_A,same_plane_altitude_offset:+100km,same_tle_65421_20260310T064225Z:segment:3,2026-03-10T06:45:54.500000Z,315434193,2026-03-09T17:56:44.636640,2026-03-10T03:44:43,12.81940648888889,3.019861111111111,CAUSAL_GP:65421:315434193,SYNTHETIC_RELATIVE_TO_CAUSAL_A:FROZEN_ORIGINAL_PERTURBATION_RULE,2026-03-10T06:45:55Z,100.0,0.0,0.0,99.99773146560068,0.05699182401811363,99.99769604344604,0.0841680994092151,-6.566747572378517e-07,-99.99769604344604,-0.0841680994092151,6.566747572378517e-07,12-18 h,WITHIN_CALIBRATED_SUPPORT,411808.33151320205,29.005502435074128,1099.4845501122445,119.1536548091567,19.353209543023357,ORBIT_DISTINCT,1.1102230246251565e-16,0.0,0,0,SCORED,60,60,3,60,4,56,0,0.06666666666666667,conditional verifier acceptance fraction under the controlled observation model
controlled_altitude_difference_synthetic_B,orbit_unit_f4a8af8c9fcc0f83153fb0c1,65410,STARLINK-35024,SYNTHETIC_RELATIVE_TO_A,same_plane_altitude_offset:+50km,same_tle_65410_20260312T085425Z:segment:3,2026-03-12T08:57:54.500000Z,315679831,2026-03-11T16:54:40.030272,2026-03-12T03:14:55,16.054019368888888,5.716527777777777,CAUSAL_GP:65410:315679831,SYNTHETIC_RELATIVE_TO_CAUSAL_A:FROZEN_ORIGINAL_PERTURBATION_RULE,2026-03-12T08:57:55Z,50.0,0.0,0.0,49.99998781869556,0.02878617522782359,49.999969948937675,0.04227262745984883,1.311129580017223e-06,-49.999969948937675,-0.04227262745984883,-1.311129580017223e-06,12-18 h,WITHIN_CALIBRATED_SUPPORT,102898.13487188614,29.005502435074128,1099.4845501122445,59.561215907769125,9.674069116440812,ORBIT_DISTINCT,2.220446049250313e-16,0.0,0,0,SCORED,60,60,3,60,31,29,0,0.5166666666666667,conditional verifier acceptance fraction under the controlled observation model
controlled_altitude_difference_synthetic_B,orbit_unit_f517b55e1bfd9d97799d784d,65421,STARLINK-35146,SYNTHETIC_RELATIVE_TO_A,same_plane_altitude_offset:-20km,same_tle_65421_20260310T064225Z:segment:3,2026-03-10T06:45:54.500000Z,315434193,2026-03-09T17:56:44.636640,2026-03-10T03:44:43,12.81940648888889,3.019861111111111,CAUSAL_GP:65421:315434193,SYNTHETIC_RELATIVE_TO_CAUSAL_A:FROZEN_ORIGINAL_PERTURBATION_RULE,2026-03-10T06:45:55Z,-20.0,0.0,0.0,20.00230979609156,0.010576328763087745,-20.00230346500811,-0.015914538780065435,-5.77604552631783e-07,20.00230346500811,0.015914538780065435,5.77604552631783e-07,12-18 h,WITHIN_CALIBRATED_SUPPORT,16533.64059102197,29.005502435074128,1099.4845501122445,23.875036817000545,3.8778381670865945,ORBIT_DISTINCT,1.1102230246251565e-16,0.0,0,0,SCORED,60,60,3,60,37,23,0,0.6166666666666667,conditional verifier acceptance fraction under the controlled observation model
controlled_altitude_difference_synthetic_B,orbit_unit_f54f14ed6d02c1622463a939,44714,STARLINK-1008,SYNTHETIC_RELATIVE_TO_A,same_plane_altitude_offset:-10km,same_tle_44714_20260312T044740Z:segment:3,2026-03-12T04:51:09.500000Z,315665530,2026-03-11T12:49:19.719264,2026-03-12T03:14:55,16.03049464888889,1.6040277777777778,CAUSAL_GP:44714:315665530,SYNTHETIC_RELATIVE_TO_CAUSAL_A:FROZEN_ORIGINAL_PERTURBATION_RULE,2026-03-12T04:51:10Z,-10.0,0.0,0.0,10.001030300976034,0.00481532536011695,-10.001027291589018,-0.0077584748329179165,8.222005947189359e-07,10.001027291589018,0.0077584748329179165,-8.222005947189359e-07,12-18 h,WITHIN_CALIBRATED_SUPPORT,4145.306987340639,29.005502435074128,1099.4845501122445,11.954685431997595,1.941707390821876,ORBIT_DISTINCT,2.220446049250313e-16,0.0,0,0,SCORED,60,60,3,60,40,20,0,0.6666666666666666,conditional verifier acceptance fraction under the controlled observation model
controlled_altitude_difference_synthetic_B,orbit_unit_f65e2cf4373218fe8d405b19,65421,STARLINK-35146,SYNTHETIC_RELATIVE_TO_A,same_plane_altitude_offset:-20km,same_tle_65421_20260310T131350Z:segment:2,2026-03-10T13:16:19.500000Z,315434193,2026-03-09T17:56:44.636640,2026-03-10T03:44:43,19.326350933333334,9.526805555555555,CAUSAL_GP:65421:315434193,SYNTHETIC_RELATIVE_TO_CAUSAL_A:FROZEN_ORIGINAL_PERTURBATION_RULE,2026-03-10T13:16:20Z,-20.0,0.0,0.0,19.997059674381823,0.010910246962957665,-19.997053467534833,-0.015755549158345872,3.3976574869143406e-06,19.997053467534833,0.015755549158345872,-3.3976574869143406e-06,18-24 h,WITHIN_CALIBRATED_SUPPORT,22547.378194315515,37.65263471646583,1467.668474883233,24.470922364460254,3.9195304417553594,ORBIT_DISTINCT,2.220446049250313e-16,0.0,0,0,SCORED,60,60,3,60,30,30,0,0.5,conditional verifier acceptance fraction under the controlled observation model
controlled_altitude_difference_synthetic_B,orbit_unit_f75142c140f26e47536c9211,65409,STARLINK-35022,SYNTHETIC_RELATIVE_TO_A,same_plane_altitude_offset:+1km,same_tle_65409_20260310T064055Z:segment:3,2026-03-10T06:44:24.500000Z,315434187,2026-03-09T17:55:17.144544,2026-03-10T03:44:43,12.818709848888888,2.994861111111111,CAUSAL_GP:65409:315434187,SYNTHETIC_RELATIVE_TO_CAUSAL_A:FROZEN_ORIGINAL_PERTURBATION_RULE,2026-03-10T06:44:25Z,1.0,0.0,0.0,0.997897652076412,0.004739477354377902,0.9978962922866985,0.0016473796581567002,-5.808608944390947e-07,-0.9978962922866985,-0.0016473796581567002,5.808608944390947e-07,12-18 h,WITHIN_CALIBRATED_SUPPORT,39.00256411763205,29.005502435074128,1099.4845501122445,1.1595951316121924,0.1883440974018356,AMBIGUOUS,4.440892098500626e-16,0.0,0,0,SCORED,60,60,3,60,53,7,0,0.8833333333333333,conditional verifier acceptance fraction under the controlled observation model
controlled_altitude_difference_synthetic_B,orbit_unit_f805d5b61ca4cfca3a955175,65410,STARLINK-35024,SYNTHETIC_RELATIVE_TO_A,same_plane_altitude_offset:+50km,same_tle_65410_20260310T131135Z:segment:2,2026-03-10T13:14:04.500000Z,315434688,2026-03-09T16:20:35.643840,2026-03-10T03:44:43,20.891348933333333,9.489305555555555,CAUSAL_GP:65410:315434688,SYNTHETIC_RELATIVE_TO_CAUSAL_A:FROZEN_ORIGINAL_PERTURBATION_RULE,2026-03-10T13:14:05Z,50.0,0.0,0.0,50.003030372076005,0.03008182258749259,50.00301222042236,0.04260604460337447,3.2414834549854277e-06,-50.00301222042236,-0.04260604460337447,-3.2414834549854277e-06,18-24 h,WITHIN_CALIBRATED_SUPPORT,141631.34035202223,37.65263471646583,1467.668474883233,61.331275544154785,9.823487564004736,ORBIT_DISTINCT,2.220446049250313e-16,0.0,0,0,SCORED,60,60,3,60,25,35,0,0.4166666666666667,conditional verifier acceptance fraction under the controlled observation model
controlled_altitude_difference_synthetic_B,orbit_unit_f84f1efb7d163b286ce19e8f,65686,STARLINK-35137,SYNTHETIC_RELATIVE_TO_A,same_plane_altitude_offset:+50km,same_tle_65686_20260311T142130Z:segment:3,2026-03-11T14:24:59.500000Z,315558516,2026-03-10T22:25:41.529216,2026-03-11T07:06:59,15.988325217777778,7.300138888888889,CAUSAL_GP:65686:315558516,SYNTHETIC_RELATIVE_TO_CAUSAL_A:FROZEN_ORIGINAL_PERTURBATION_RULE,2026-03-11T14:25:00Z,50.0,0.0,0.0,49.99849107015223,0.029269983148252018,49.99847305992177,0.04243781766943755,-6.002589358899968e-08,-49.99847305992177,-0.04243781766943755,6.002589358899968e-08,12-18 h,WITHIN_CALIBRATED_SUPPORT,102891.9812351964,29.005502435074128,1099.4845501122445,59.55943490579152,9.673779842020112,ORBIT_DISTINCT,3.3306690738754696e-16,0.0,0,0,SCORED,60,60,3,60,0,60,0,0.0,conditional verifier acceptance fraction under the controlled observation model
controlled_altitude_difference_synthetic_B,orbit_unit_f864f3a55db3aebbd328da35,65421,STARLINK-35146,SYNTHETIC_RELATIVE_TO_A,same_plane_altitude_offset:+10km,same_tle_65421_20260310T064225Z:segment:3,2026-03-10T06:45:54.500000Z,315434193,2026-03-09T17:56:44.636640,2026-03-10T03:44:43,12.81940648888889,3.019861111111111,CAUSAL_GP:65421:315434193,SYNTHETIC_RELATIVE_TO_CAUSAL_A:FROZEN_ORIGINAL_PERTURBATION_RULE,2026-03-10T06:45:55Z,10.0,0.0,0.0,9.99770076906612,0.008567261728802924,9.997696547391968,0.009187711994617764,-5.974280448128866e-07,-9.997696547391968,-0.009187711994617764,5.974280448128866e-07,12-18 h,WITHIN_CALIBRATED_SUPPORT,4095.5287366246885,29.005502435074128,1099.4845501122445,11.882690688469395,1.93001383966955,ORBIT_DISTINCT,1.1102230246251565e-16,0.0,0,0,SCORED,60,60,3,60,40,20,0,0.6666666666666666,conditional verifier acceptance fraction under the controlled observation model
controlled_altitude_difference_synthetic_B,orbit_unit_fb0987713d7a9c1a3b876327,65686,STARLINK-35137,SYNTHETIC_RELATIVE_TO_A,same_plane_altitude_offset:+100km,same_tle_65686_20260310T131505Z:segment:2,2026-03-10T13:17:34.500000Z,315485957,2026-03-10T00:29:40.547616,2026-03-10T09:52:28,12.798320106666665,3.4184722222222224,CAUSAL_GP:65686:315485957,SYNTHETIC_RELATIVE_TO_CAUSAL_A:FROZEN_ORIGINAL_PERTURBATION_RULE,2026-03-10T13:17:35Z,100.0,0.0,0.0,99.99724825342057,0.05733593534673799,99.99721272249673,0.08429702224816893,-9.487025067755894e-07,-99.99721272249673,-0.08429702224816893,9.487025067755894e-07,12-18 h,WITHIN_CALIBRATED_SUPPORT,411804.3652536874,29.005502435074128,1099.4845501122445,119.15308100404052,19.35311634428205,ORBIT_DISTINCT,2.220446049250313e-16,0.0,0,0,SCORED,60,60,3,60,19,41,0,0.31666666666666665,conditional verifier acceptance fraction under the controlled observation model
controlled_altitude_difference_synthetic_B,orbit_unit_fbd230b18b770a392150acc8,65410,STARLINK-35024,SYNTHETIC_RELATIVE_TO_A,same_plane_altitude_offset:-20km,same_tle_65410_20260310T131135Z:segment:2,2026-03-10T13:14:04.500000Z,315434688,2026-03-09T16:20:35.643840,2026-03-10T03:44:43,20.891348933333333,9.489305555555555,CAUSAL_GP:65410:315434688,SYNTHETIC_RELATIVE_TO_CAUSAL_A:FROZEN_ORIGINAL_PERTURBATION_RULE,2026-03-10T13:14:05Z,-20.0,0.0,0.0,19.996993962429187,0.011175471206346719,-19.9969876663878,-0.015868325463582522,3.2461517438520104e-06,19.9969876663878,0.015868325463582522,-3.2461517438520104e-06,18-24 h,WITHIN_CALIBRATED_SUPPORT,22547.23274431743,37.65263471646583,1467.668474883233,24.47084343507608,3.9195177995623345,ORBIT_DISTINCT,2.220446049250313e-16,0.0,0,0,SCORED,60,60,3,60,22,38,0,0.36666666666666664,conditional verifier acceptance fraction under the controlled observation model
controlled_altitude_difference_synthetic_B,orbit_unit_fc2be0f78ba29517352cb455,44714,STARLINK-1008,SYNTHETIC_RELATIVE_TO_A,same_plane_altitude_offset:-2km,same_tle_44714_20260310T023440Z:segment:2,2026-03-10T02:37:09.500000Z,315393241,2026-03-09T13:49:15.828096,2026-03-09T22:56:35,12.798242195555556,3.67625,CAUSAL_GP:44714:315393241,SYNTHETIC_RELATIVE_TO_CAUSAL_A:FROZEN_ORIGINAL_PERTURBATION_RULE,2026-03-10T02:37:10Z,-2.0,0.0,0.0,2.0029176703940306,0.0059072123511980405,-2.002917564845286,-0.0006502383793391964,-9.643219620603105e-07,2.002917564845286,0.0006502383793391964,9.643219620603105e-07,12-18 h,WITHIN_CALIBRATED_SUPPORT,170.33219667299377,29.005502435074128,1099.4845501122445,2.4233055517658455,0.3935988384511742,AMBIGUOUS,2.6059418842835023e-17,0.0,0,0,SCORED,60,60,3,60,51,9,0,0.85,conditional verifier acceptance fraction under the controlled observation model
controlled_altitude_difference_synthetic_B,orbit_unit_fd0702e42070377deca0dde9,65410,STARLINK-35024,SYNTHETIC_RELATIVE_TO_A,same_plane_altitude_offset:-100km,same_tle_65410_20260311T110240Z:segment:3,2026-03-11T11:06:09.500000Z,315555532,2026-03-10T17:24:38.025504,2026-03-11T02:43:10,17.69207624888889,8.383194444444445,CAUSAL_GP:65410:315555532,SYNTHETIC_RELATIVE_TO_CAUSAL_A:FROZEN_ORIGINAL_PERTURBATION_RULE,2026-03-11T11:06:10Z,-100.0,0.0,0.0,99.99852786552707,0.055209579643990744,-99.99849313681709,-0.08334049755885786,2.7334937158229877e-06,99.99849313681709,0.08334049755885786,-2.7334937158229877e-06,12-18 h,WITHIN_CALIBRATED_SUPPORT,412285.33038707095,29.005502435074128,1099.4845501122445,119.22264286253395,19.364414740674352,ORBIT_DISTINCT,1.1102230246251565e-16,0.0,0,0,SCORED,60,60,3,60,0,60,0,0.0,conditional verifier acceptance fraction under the controlled observation model
controlled_altitude_difference_synthetic_B,orbit_unit_fd89f96073695c2e0801cc9a,44714,STARLINK-1008,SYNTHETIC_RELATIVE_TO_A,same_plane_altitude_offset:+5km,same_tle_44714_20260312T044740Z:segment:3,2026-03-12T04:51:09.500000Z,315665530,2026-03-11T12:49:19.719264,2026-03-12T03:14:55,16.03049464888889,1.6040277777777778,CAUSAL_GP:44714:315665530,SYNTHETIC_RELATIVE_TO_CAUSAL_A:FROZEN_ORIGINAL_PERTURBATION_RULE,2026-03-12T04:51:10Z,5.0,0.0,0.0,4.998975008671748,0.004512520510878644,4.9989727111385465,0.0047927670690049995,8.146018819488177e-07,-4.9989727111385465,-0.0047927670690049995,-8.146018819488177e-07,12-18 h,WITHIN_CALIBRATED_SUPPORT,1018.2911105150135,29.005502435074128,1099.4845501122445,5.925101301294417,0.9623685251724154,AMBIGUOUS,2.220446049250313e-16,0.0,0,0,SCORED,60,60,3,60,56,4,0,0.9333333333333333,conditional verifier acceptance fraction under the controlled observation model
controlled_altitude_difference_synthetic_B,orbit_unit_fe1c2f67a0ab0e4ccdd3d248,65409,STARLINK-35022,SYNTHETIC_RELATIVE_TO_A,same_plane_altitude_offset:+100km,same_tle_65409_20260310T113340Z:segment:3,2026-03-10T11:37:09.500000Z,315434187,2026-03-09T17:55:17.144544,2026-03-10T03:44:43,17.697876515555556,7.874027777777778,CAUSAL_GP:65409:315434187,SYNTHETIC_RELATIVE_TO_CAUSAL_A:FROZEN_ORIGINAL_PERTURBATION_RULE,2026-03-10T11:37:10Z,100.0,0.0,0.0,100.00192218164425,0.056426881275909696,100.00188698104061,0.08390622625973165,2.7177615109508224e-06,-100.00188698104061,-0.08390622625973165,-2.7177615109508224e-06,12-18 h,WITHIN_CALIBRATED_SUPPORT,411842.82371122425,29.005502435074128,1099.4845501122445,119.15864473418651,19.354020018076437,ORBIT_DISTINCT,2.220446049250313e-16,0.0,0,0,SCORED,60,60,3,60,0,60,0,0.0,conditional verifier acceptance fraction under the controlled observation model
controlled_altitude_difference_synthetic_B,orbit_unit_fe7b7eab56414a44d6546ae1,65410,STARLINK-35024,SYNTHETIC_RELATIVE_TO_A,same_plane_altitude_offset:-50km,same_tle_65410_20260310T064015Z:segment:3,2026-03-10T06:43:44.500000Z,315434688,2026-03-09T16:20:35.643840,2026-03-10T03:44:43,14.385793377777778,2.98375,CAUSAL_GP:65410:315434688,SYNTHETIC_RELATIVE_TO_CAUSAL_A:FROZEN_ORIGINAL_PERTURBATION_RULE,2026-03-10T06:43:45Z,-50.0,0.0,0.0,50.0021028640682,0.026738876925941877,-50.00208598048763,-0.04109049500052997,-5.401038727370633e-07,50.00208598048763,0.04109049500052997,5.401038727370633e-07,12-18 h,WITHIN_CALIBRATED_SUPPORT,103142.05688138034,29.005502435074128,1099.4845501122445,59.6317696247118,9.685528612754355,ORBIT_DISTINCT,4.440892098500626e-16,0.0,0,0,SCORED,60,60,3,60,4,56,0,0.06666666666666667,conditional verifier acceptance fraction under the controlled observation model
controlled_altitude_difference_synthetic_B,orbit_unit_ff8ffce59c2c487be0a13bc6,65421,STARLINK-35146,SYNTHETIC_RELATIVE_TO_A,same_plane_altitude_offset:+1km,same_tle_65421_20260310T131350Z:segment:2,2026-03-10T13:16:19.500000Z,315434193,2026-03-09T17:56:44.636640,2026-03-10T03:44:43,19.326350933333334,9.526805555555555,CAUSAL_GP:65421:315434193,SYNTHETIC_RELATIVE_TO_CAUSAL_A:FROZEN_ORIGINAL_PERTURBATION_RULE,2026-03-10T13:16:20Z,1.0,0.0,0.0,1.0029482016266038,0.006409128683798665,1.0029465504104516,0.0018199324923431348,3.3967540633561555e-06,-1.0029465504104516,-0.0018199324923431348,-3.3967540633561555e-06,18-24 h,WITHIN_CALIBRATED_SUPPORT,61.076293860163666,37.65263471646583,1467.668474883233,1.2736164285859655,0.20399633036359963,AMBIGUOUS,2.220446049250313e-16,0.0,0,0,SCORED,60,60,3,60,48,12,0,0.8,conditional verifier acceptance fraction under the controlled observation model
same_pair_multi_pass_real_TLE,orbit_unit_0fa0c88af6002789eff58049,65421,,REAL_B,47749,same_tle_65421_20260312T085635Z_segment_3,2026-03-12T09:00:04.500000Z,315679337,2026-03-11T13:48:47.386944,2026-03-12T03:14:55,19.18808696,5.752638888888889,CAUSAL_GP:65421:315679337,STATIC_TLE:data/tle/starlink_tle.txt:47749,,0.0,0.0,0.0,10373.192666562934,11.217790286565354,-7850.545331308396,5931.763628550017,-3284.241823270342,7850.545331308396,-5931.763628550017,3284.241823270342,18-24 h,WITHIN_CALIBRATED_SUPPORT,3074221108.235994,37.65263471646583,1467.668474883233,9035.867722162744,1447.2833543915622,ORBIT_DISTINCT,1.1102230246251565e-16,0.0,0,0,SCORED,60,60,3,60,5,55,0,0.08333333333333333,conditional verifier acceptance fraction under the controlled observation model
same_pair_multi_pass_real_TLE,orbit_unit_10dd809845b1848248e8de75,65686,,REAL_B,47749,same_tle_65686_20260312T121505Z_segment_2,2026-03-12T12:17:34.500000Z,315682814,2026-03-11T21:55:43.056192,2026-03-12T07:26:32,14.364289946666668,4.850694444444445,CAUSAL_GP:65686:315682814,STATIC_TLE:data/tle/starlink_tle.txt:47749,,0.0,0.0,0.0,10453.28520921759,7.484072577469331,-7970.5980873911285,-453.91367804260335,-6747.940438934677,7970.5980873911285,453.91367804260335,6747.940438934677,12-18 h,WITHIN_CALIBRATED_SUPPORT,3986637594.636596,29.005502435074128,1099.4845501122445,11723.65912771299,1904.1835692997302,ORBIT_DISTINCT,3.3306690738754696e-16,0.0,0,0,SCORED,60,60,3,60,0,60,0,0.0,conditional verifier acceptance fraction under the controlled observation model
same_pair_multi_pass_real_TLE,orbit_unit_1a49b921647bcac4749396b5,65421,,REAL_B,65686,same_tle_65421_20260312T085635Z_segment_3,2026-03-12T09:00:04.500000Z,315679337,2026-03-11T13:48:47.386944,2026-03-12T03:14:55,19.18808696,5.752638888888889,CAUSAL_GP:65421:315679337,STATIC_TLE:data/tle/starlink_tle.txt:65686,,0.0,0.0,0.0,4787.385844525175,8.093294296005842,-1669.535178721586,3166.7737885649394,-3178.5624554866254,1669.535178721586,-3166.7737885649394,3178.5624554866254,18-24 h,WITHIN_CALIBRATED_SUPPORT,351121071.0359233,37.65263471646583,1467.668474883233,3053.7308798451927,489.1189210695537,ORBIT_DISTINCT,1.1102230246251565e-16,0.0,0,0,SCORED,60,60,3,60,0,60,0,0.0,conditional verifier acceptance fraction under the controlled observation model
same_pair_multi_pass_real_TLE,orbit_unit_3c0b21fd95defda7027c3f78,65409,,REAL_B,47383,same_tle_65409_20260310T064055Z_segment_3,2026-03-10T06:44:24.500000Z,315434187,2026-03-09T17:55:17.144544,2026-03-10T03:44:43,12.818709848888888,2.994861111111111,CAUSAL_GP:65409:315434187,STATIC_TLE:data/tle/starlink_tle.txt:47383,,0.0,0.0,0.0,9037.719909397818,15.199011916549294,-5965.6578383005635,-1103.3047890174694,6698.807823753407,5965.6578383005635,1103.3047890174694,-6698.807823753407,12-18 h,WITHIN_CALIBRATED_SUPPORT,4249521257.2244825,29.005502435074128,1099.4845501122445,12104.024850225474,1965.963441201753,ORBIT_DISTINCT,4.440892098500626e-16,0.0,0,0,SCORED,60,60,3,60,0,60,0,0.0,conditional verifier acceptance fraction under the controlled observation model
same_pair_multi_pass_real_TLE,orbit_unit_4338539a1e1193e95fa38af5,65409,,REAL_B,47383,same_tle_65409_20260311T092530Z_segment_3,2026-03-11T09:28:59.500000Z,315556031,2026-03-10T20:33:19.547136,2026-03-11T02:43:10,12.927764684444444,6.76375,CAUSAL_GP:65409:315556031,STATIC_TLE:data/tle/starlink_tle.txt:47383,,0.0,0.0,0.0,10508.370500764097,13.97532939898926,-8062.597437847036,-3687.4458422604407,5641.198126014338,8062.597437847036,3687.4458422604407,-5641.198126014338,12-18 h,WITHIN_CALIBRATED_SUPPORT,4948839234.870971,29.005502435074128,1099.4845501122445,13062.054050460256,2121.568738329861,ORBIT_DISTINCT,2.220446049250313e-16,0.0,0,0,SCORED,60,60,3,60,21,39,0,0.35,conditional verifier acceptance fraction under the controlled observation model
same_pair_multi_pass_real_TLE,orbit_unit_448680309496d71f10f88a4f,65686,,REAL_B,47749,same_tle_65686_20260312T152900Z_segment_3,2026-03-12T15:32:29.500000Z,315682814,2026-03-11T21:55:43.056192,2026-03-12T07:26:32,17.61290105777778,8.099305555555556,CAUSAL_GP:65686:315682814,STATIC_TLE:data/tle/starlink_tle.txt:47749,,0.0,0.0,0.0,11432.60002244611,5.411736279503325,-9536.684590125584,2659.426916362974,-5716.9431323234385,9536.684590125584,-2659.426916362974,5716.9431323234385,12-18 h,WITHIN_CALIBRATED_SUPPORT,4456562721.448757,29.005502435074128,1099.4845501122445,12395.379141074389,2013.285872486712,ORBIT_DISTINCT,2.220446049250313e-16,0.0,0,0,SCORED,60,60,3,60,0,60,0,0.0,conditional verifier acceptance fraction under the controlled observation model
same_pair_multi_pass_real_TLE,orbit_unit_4687e9a31465e79d364f459d,65686,,REAL_B,44714,same_tle_65686_20260311T142130Z_segment_3,2026-03-11T14:24:59.500000Z,315558516,2026-03-10T22:25:41.529216,2026-03-11T07:06:59,15.988325217777778,7.300138888888889,CAUSAL_GP:65686:315558516,STATIC_TLE:data/tle/starlink_tle.txt:44714,,0.0,0.0,0.0,11607.827500341968,11.972515124939076,-9836.858021104927,5475.0538828193785,2828.7220666837047,9836.858021104927,-5475.0538828193785,-2828.7220666837047,12-18 h,WITHIN_CALIBRATED_SUPPORT,4734933507.556484,29.005502435074128,1099.4845501122445,12776.64258388265,2075.21155417546,ORBIT_DISTINCT,3.3306690738754696e-16,0.0,0,0,SCORED,60,60,3,60,0,60,0,0.0,conditional verifier acceptance fraction under the controlled observation model
same_pair_multi_pass_real_TLE,orbit_unit_4717c3235238b0689f7215ee,44714,,REAL_B,65409,same_tle_44714_20260310T023440Z_segment_2,2026-03-10T02:37:09.500000Z,315393241,2026-03-09T13:49:15.828096,2026-03-09T22:56:35,12.798242195555556,3.67625,CAUSAL_GP:44714:315393241,STATIC_TLE:data/tle/starlink_tle.txt:65409,,0.0,0.0,0.0,13131.109875776156,14.809797079705149,-12586.522543201552,-10.685364720335656,3742.376606137608,12586.522543201552,10.685364720335656,-3742.376606137608,12-18 h,WITHIN_CALIBRATED_SUPPORT,7925731416.612364,29.005502435074128,1099.4845501122445,16530.25218367963,2684.8814232527143,ORBIT_DISTINCT,2.6059418842835023e-17,0.0,0,0,SCORED,60,60,3,60,0,60,0,0.0,conditional verifier acceptance fraction under the controlled observation model
same_pair_multi_pass_real_TLE,orbit_unit_534778f7511d4e5ccc10de67,65409,,REAL_B,47749,same_tle_65409_20260310T131215Z_segment_2,2026-03-10T13:14:44.500000Z,315434187,2026-03-09T17:55:17.144544,2026-03-10T03:44:43,19.324265404444446,9.500416666666666,CAUSAL_GP:65409:315434187,STATIC_TLE:data/tle/starlink_tle.txt:47749,,0.0,0.0,0.0,10110.702860277255,10.536025486703151,-7456.149695145531,6355.693048813886,-2497.460694717479,7456.149695145531,-6355.693048813886,2497.460694717479,18-24 h,WITHIN_CALIBRATED_SUPPORT,2775032715.9053946,37.65263471646583,1467.668474883233,8584.922288679092,1375.0550040341307,ORBIT_DISTINCT,1.1102230246251565e-16,0.0,0,0,SCORED,60,60,3,60,0,60,0,0.0,conditional verifier acceptance fraction under the controlled observation model
same_pair_multi_pass_real_TLE,orbit_unit_57112ed6cc56dabee5ab7815,44714,,REAL_B,65409,same_tle_44714_20260312T044740Z_segment_3,2026-03-12T04:51:09.500000Z,315665530,2026-03-11T12:49:19.719264,2026-03-12T03:14:55,16.03049464888889,1.6040277777777778,CAUSAL_GP:44714:315665530,STATIC_TLE:data/tle/starlink_tle.txt:65409,,0.0,0.0,0.0,13478.339058791033,14.415982201060054,-13261.71895569611,126.45268423769892,2403.423358984317,13261.71895569611,-126.45268423769892,-2403.423358984317,12-18 h,WITHIN_CALIBRATED_SUPPORT,8012625059.221938,29.005502435074128,1099.4845501122445,16620.619764200128,2699.5591326734657,ORBIT_DISTINCT,2.220446049250313e-16,0.0,0,0,SCORED,60,60,3,60,0,60,0,0.0,conditional verifier acceptance fraction under the controlled observation model
same_pair_multi_pass_real_TLE,orbit_unit_5a72d4f1a8320be6064c7e9b,65686,,REAL_B,47749,same_tle_65686_20260311T142130Z_segment_3,2026-03-11T14:24:59.500000Z,315558516,2026-03-10T22:25:41.529216,2026-03-11T07:06:59,15.988325217777778,7.300138888888889,CAUSAL_GP:65686:315558516,STATIC_TLE:data/tle/starlink_tle.txt:47749,,0.0,0.0,0.0,11176.638137431319,6.041055968773396,-9113.73337862987,908.2691303180277,-6405.634328092989,9113.73337862987,-908.2691303180277,6405.634328092989,12-18 h,WITHIN_CALIBRATED_SUPPORT,4491924629.444527,29.005502435074128,1099.4845501122445,12444.459364282455,2021.2575947614955,ORBIT_DISTINCT,3.3306690738754696e-16,0.0,0,0,SCORED,60,60,3,60,0,60,0,0.0,conditional verifier acceptance fraction under the controlled observation model
same_pair_multi_pass_real_TLE,orbit_unit_5e961cd09ae7f28b1393dcc3,44714,,REAL_B,47749,same_tle_44714_20260310T023440Z_segment_2,2026-03-10T02:37:09.500000Z,315393241,2026-03-09T13:49:15.828096,2026-03-09T22:56:35,12.798242195555556,3.67625,CAUSAL_GP:44714:315393241,STATIC_TLE:data/tle/starlink_tle.txt:47749,,0.0,0.0,0.0,10395.210621646142,11.464557684904122,-7882.942258786629,-6687.800403795821,-1092.2229497722446,7882.942258786629,6687.800403795821,1092.2229497722446,12-18 h,WITHIN_CALIBRATED_SUPPORT,2548392164.4410095,29.005502435074128,1099.4845501122445,9373.308999547999,1522.43431785878,ORBIT_DISTINCT,2.6059418842835023e-17,0.0,0,0,SCORED,60,60,3,60,0,60,0,0.0,conditional verifier acceptance fraction under the controlled observation model
same_pair_multi_pass_real_TLE,orbit_unit_5f9a1980f00c103f7d284a6e,44714,,REAL_B,65409,same_tle_44714_20260310T090420Z_segment_3,2026-03-10T09:07:49.500000Z,315443210,2026-03-09T21:39:16.344864,2026-03-10T08:26:21,11.475876426666668,0.69125,CAUSAL_GP:44714:315443210,STATIC_TLE:data/tle/starlink_tle.txt:65409,,0.0,0.0,0.0,13657.228272472663,14.198129039757811,-13614.265493085175,1073.434962141112,-139.2715055924,13614.265493085175,-1073.434962141112,139.2715055924,9-12 h,WITHIN_CALIBRATED_SUPPORT,8052638520.396049,31.32749048335574,948.5696084793932,16032.686433871526,2913.630663752678,ORBIT_DISTINCT,2.220446049250313e-16,0.0,0,0,SCORED,60,60,3,60,0,60,0,0.0,conditional verifier acceptance fraction under the controlled observation model
same_pair_multi_pass_real_TLE,orbit_unit_61e8cff4fa33193ff9bd39d3,65686,,REAL_B,65421,same_tle_65686_20260311T142130Z_segment_3,2026-03-11T14:24:59.500000Z,315558516,2026-03-10T22:25:41.529216,2026-03-11T07:06:59,15.988325217777778,7.300138888888889,CAUSAL_GP:65686:315558516,STATIC_TLE:data/tle/starlink_tle.txt:65421,,0.0,0.0,0.0,2587.287720213371,9.252618026325939,-485.9898648259323,-2148.57073197277,-1357.0244685205087,485.9898648259323,2148.57073197277,1357.0244685205087,12-18 h,WITHIN_CALIBRATED_SUPPORT,89099420.95911096,29.005502435074128,1099.4845501122445,1752.6582620124525,284.6707694897453,ORBIT_DISTINCT,3.3306690738754696e-16,0.0,0,0,SCORED,60,60,3,60,0,60,0,0.0,conditional verifier acceptance fraction under the controlled observation model
same_pair_multi_pass_real_TLE,orbit_unit_64858c14ddb2a80aa0952079,65686,,REAL_B,44714,same_tle_65686_20260312T152900Z_segment_3,2026-03-12T15:32:29.500000Z,315682814,2026-03-11T21:55:43.056192,2026-03-12T07:26:32,17.61290105777778,8.099305555555556,CAUSAL_GP:65686:315682814,STATIC_TLE:data/tle/starlink_tle.txt:44714,,0.0,0.0,0.0,10402.59394058615,13.276931749734,-7900.442425897232,5352.667975445119,4140.762696949319,7900.442425897232,-5352.667975445119,-4140.762696949319,12-18 h,WITHIN_CALIBRATED_SUPPORT,3847050956.6111474,29.005502435074128,1099.4845501122445,11516.586477832463,1870.5503551932418,ORBIT_DISTINCT,2.220446049250313e-16,0.0,0,0,SCORED,60,60,3,60,0,60,0,0.0,conditional verifier acceptance fraction under the controlled observation model
same_pair_multi_pass_real_TLE,orbit_unit_6843755a94a0380de08c306d,65421,,REAL_B,65686,same_tle_65421_20260311T110455Z_segment_3,2026-03-11T11:08:24.500000Z,315556037,2026-03-10T20:34:46.163136,2026-03-11T02:43:10,14.560649128888889,8.420694444444445,CAUSAL_GP:65421:315556037,STATIC_TLE:data/tle/starlink_tle.txt:65686,,0.0,0.0,0.0,2593.8017695229596,9.25066912188055,-488.6264203059625,2153.1446046533583,-1361.256828233215,488.6264203059625,-2153.1446046533583,1361.256828233215,12-18 h,WITHIN_CALIBRATED_SUPPORT,88391581.18659393,29.005502435074128,1099.4845501122445,1745.6824870828952,283.5377481472366,ORBIT_DISTINCT,2.220446049250313e-16,0.0,0,0,SCORED,60,60,3,60,0,60,0,0.0,conditional verifier acceptance fraction under the controlled observation model
same_pair_multi_pass_real_TLE,orbit_unit_69e7bcdfe31dc40a7f14539f,65686,,REAL_B,44714,same_tle_65686_20260312T121505Z_segment_2,2026-03-12T12:17:34.500000Z,315682814,2026-03-11T21:55:43.056192,2026-03-12T07:26:32,14.364289946666668,4.850694444444445,CAUSAL_GP:65686:315682814,STATIC_TLE:data/tle/starlink_tle.txt:44714,,0.0,0.0,0.0,12611.772154567183,10.636936432794906,-11610.956459122073,4727.584705674046,1375.6561466312764,11610.956459122073,-4727.584705674046,-1375.6561466312764,12-18 h,WITHIN_CALIBRATED_SUPPORT,5826886261.970309,29.005502435074128,1099.4845501122445,14173.531528038626,2302.097456147018,ORBIT_DISTINCT,3.3306690738754696e-16,0.0,0,0,SCORED,60,60,3,60,0,60,0,0.0,conditional verifier acceptance fraction under the controlled observation model
same_pair_multi_pass_real_TLE,orbit_unit_7e5e2ed47165a019c95b95c8,65410,,REAL_B,45230,same_tle_65410_20260310T131135Z_segment_2,2026-03-10T13:14:04.500000Z,315434688,2026-03-09T16:20:35.643840,2026-03-10T03:44:43,20.891348933333333,9.489305555555555,CAUSAL_GP:65410:315434688,STATIC_TLE:data/tle/starlink_tle.txt:45230,,0.0,0.0,0.0,7257.471038616031,9.141421416404235,-3838.2185045458036,1195.6879682271785,-6042.29218677394,3838.2185045458036,-1195.6879682271785,6042.29218677394,18-24 h,WITHIN_CALIBRATED_SUPPORT,1430188250.103293,37.65263471646583,1467.668474883233,6163.095783230393,987.1487955398294,ORBIT_DISTINCT,2.220446049250313e-16,0.0,0,0,SCORED,60,60,3,60,0,60,0,0.0,conditional verifier acceptance fraction under the controlled observation model
same_pair_multi_pass_real_TLE,orbit_unit_7f0c99e21a52875d5689e262,65421,,REAL_B,65686,same_tle_65421_20260310T064225Z_segment_3,2026-03-10T06:45:54.500000Z,315434193,2026-03-09T17:56:44.636640,2026-03-10T03:44:43,12.81940648888889,3.019861111111111,CAUSAL_GP:65421:315434193,STATIC_TLE:data/tle/starlink_tle.txt:65686,,0.0,0.0,0.0,7238.897059224215,5.370647461430525,-3820.7844970468936,3171.555288880761,-5267.302299160698,3820.7844970468936,-3171.555288880761,5267.302299160698,12-18 h,WITHIN_CALIBRATED_SUPPORT,1617292364.9583943,29.005502435074128,1099.4845501122445,7467.136180736257,1212.829362418973,ORBIT_DISTINCT,1.1102230246251565e-16,0.0,0,0,SCORED,60,60,3,60,0,60,0,0.0,conditional verifier acceptance fraction under the controlled observation model
same_pair_multi_pass_real_TLE,orbit_unit_8226dc0359789a2795020342,65421,,REAL_B,47749,same_tle_65421_20260310T131350Z_segment_2,2026-03-10T13:16:19.500000Z,315434193,2026-03-09T17:56:44.636640,2026-03-10T03:44:43,19.326350933333334,9.526805555555555,CAUSAL_GP:65421:315434193,STATIC_TLE:data/tle/starlink_tle.txt:47749,,0.0,0.0,0.0,10522.398277300752,11.022887110229028,-8076.534898908003,6364.350072275207,-2232.822807657046,8076.534898908003,-6364.350072275207,2232.822807657046,18-24 h,WITHIN_CALIBRATED_SUPPORT,3287326522.8022943,37.65263471646583,1467.668474883233,9343.804353667381,1496.6058516533303,ORBIT_DISTINCT,2.220446049250313e-16,0.0,0,0,SCORED,60,60,3,60,0,60,0,0.0,conditional verifier acceptance fraction under the controlled observation model
same_pair_multi_pass_real_TLE,orbit_unit_893a0af82834c948fd258132,44714,,REAL_B,47749,same_tle_44714_20260311T034020Z_segment_3,2026-03-11T03:43:49.500000Z,315542230,2026-03-10T16:27:18.322272,2026-03-11T02:43:10,11.275327146666667,1.0109722222222222,CAUSAL_GP:44714:315542230,STATIC_TLE:data/tle/starlink_tle.txt:47749,,0.0,0.0,0.0,10384.140454892617,11.469979612145707,-7866.785017651485,-6662.339277411202,-1247.9189980345523,7866.785017651485,6662.339277411202,1247.9189980345523,9-12 h,WITHIN_CALIBRATED_SUPPORT,2702122274.001624,31.32749048335574,948.5696084793932,9287.304724363792,1687.7880035970454,ORBIT_DISTINCT,2.220446049250313e-16,0.0,0,0,SCORED,60,60,3,60,0,60,0,0.0,conditional verifier acceptance fraction under the controlled observation model
same_pair_multi_pass_real_TLE,orbit_unit_8a2d15c625c2a616fb8b8a19,65686,,REAL_B,65421,same_tle_65686_20260310T131505Z_segment_2,2026-03-10T13:17:34.500000Z,315485957,2026-03-10T00:29:40.547616,2026-03-10T09:52:28,12.798320106666665,3.4184722222222224,CAUSAL_GP:65686:315485957,STATIC_TLE:data/tle/starlink_tle.txt:65421,,0.0,0.0,0.0,1023.063157517672,9.62600908301359,-75.57375330722755,-1007.4160289445915,161.43040824639345,75.57375330722755,1007.4160289445915,-161.43040824639345,12-18 h,WITHIN_CALIBRATED_SUPPORT,1850594.5520028942,29.005502435074128,1099.4845501122445,252.58958727505626,41.0261793375077,ORBIT_DISTINCT,2.220446049250313e-16,0.0,0,0,SCORED,60,60,3,60,0,60,0,0.0,conditional verifier acceptance fraction under the controlled observation model
same_pair_multi_pass_real_TLE,orbit_unit_8bb357fa3f3c6160faa12256,65409,,REAL_B,47383,same_tle_65409_20260310T113340Z_segment_3,2026-03-10T11:37:09.500000Z,315434187,2026-03-09T17:55:17.144544,2026-03-10T03:44:43,17.697876515555556,7.874027777777778,CAUSAL_GP:65409:315434187,STATIC_TLE:data/tle/starlink_tle.txt:47383,,0.0,0.0,0.0,11825.667066444352,12.601074372203332,-10209.670074858706,-4050.663146890288,4381.913577347923,10209.670074858706,4050.663146890288,-4381.913577347923,12-18 h,WITHIN_CALIBRATED_SUPPORT,5959655592.271076,29.005502435074128,1099.4845501122445,14334.098514951742,2328.1771139502016,ORBIT_DISTINCT,2.220446049250313e-16,0.0,0,0,SCORED,60,60,3,60,0,60,0,0.0,conditional verifier acceptance fraction under the controlled observation model
same_pair_multi_pass_real_TLE,orbit_unit_90b220cc47c908983a04ec8d,65686,,REAL_B,47749,same_tle_65686_20260310T131505Z_segment_2,2026-03-10T13:17:34.500000Z,315485957,2026-03-10T00:29:40.547616,2026-03-10T09:52:28,12.798320106666665,3.4184722222222224,CAUSAL_GP:65686:315485957,STATIC_TLE:data/tle/starlink_tle.txt:47749,,0.0,0.0,0.0,10464.969286017096,7.459952090796032,-7988.427546261155,-439.72152039990215,-6745.906349773493,7988.427546261155,439.72152039990215,6745.906349773493,12-18 h,WITHIN_CALIBRATED_SUPPORT,3995337518.037737,29.005502435074128,1099.4845501122445,11736.444256716994,1906.2601592377002,ORBIT_DISTINCT,2.220446049250313e-16,0.0,0,0,SCORED,60,60,3,60,0,60,0,0.0,conditional verifier acceptance fraction under the controlled observation model
same_pair_multi_pass_real_TLE,orbit_unit_968e340e78a34ed283cd0d79,65409,,REAL_B,47749,same_tle_65409_20260312T085505Z_segment_3,2026-03-12T08:58:34.500000Z,315679331,2026-03-11T20:03:20.806272,2026-03-12T03:14:55,12.920470479999999,5.7276388888888885,CAUSAL_GP:65409:315679331,STATIC_TLE:data/tle/starlink_tle.txt:47749,,0.0,0.0,0.0,9926.103014498452,10.772962118235313,-7187.9067696106995,5956.534802613003,-3373.6049666610415,7187.9067696106995,-5956.534802613003,3373.6049666610415,12-18 h,WITHIN_CALIBRATED_SUPPORT,2259662058.600974,29.005502435074128,1099.4845501122445,8826.358239912199,1433.5973226537117,ORBIT_DISTINCT,2.220446049250313e-16,0.0,0,0,SCORED,60,60,3,60,7,53,0,0.11666666666666667,conditional verifier acceptance fraction under the controlled observation model
same_pair_multi_pass_real_TLE,orbit_unit_9b5c1cf2c5fe3fb376542a14,65410,,REAL_B,45230,same_tle_65410_20260311T110240Z_segment_3,2026-03-11T11:06:09.500000Z,315555532,2026-03-10T17:24:38.025504,2026-03-11T02:43:10,17.69207624888889,8.383194444444445,CAUSAL_GP:65410:315555532,STATIC_TLE:data/tle/starlink_tle.txt:45230,,0.0,0.0,0.0,8799.571661946658,7.262707460702009,-5645.644765537596,997.964420520989,-6675.569161537226,5645.644765537596,-997.964420520989,6675.569161537226,12-18 h,WITHIN_CALIBRATED_SUPPORT,2873887927.6498485,29.005502435074128,1099.4845501122445,9953.933102509232,1616.7406146176709,ORBIT_DISTINCT,1.1102230246251565e-16,0.0,0,0,SCORED,60,60,3,60,0,60,0,0.0,conditional verifier acceptance fraction under the controlled observation model
same_pair_multi_pass_real_TLE,orbit_unit_9bc3c5aaf88b96035dd39f7f,65410,,REAL_B,45230,same_tle_65410_20260310T064015Z_segment_3,2026-03-10T06:43:44.500000Z,315434688,2026-03-09T16:20:35.643840,2026-03-10T03:44:43,14.385793377777778,2.98375,CAUSAL_GP:65410:315434688,STATIC_TLE:data/tle/starlink_tle.txt:45230,,0.0,0.0,0.0,10342.7487081958,3.994380800610522,-7802.6674705545065,-2927.181204514953,-6125.556413973412,7802.6674705545065,2927.181204514953,6125.556413973412,12-18 h,WITHIN_CALIBRATED_SUPPORT,3603893220.0263166,29.005502435074128,1099.4845501122445,11146.685838281906,1810.4702460368237,ORBIT_DISTINCT,4.440892098500626e-16,0.0,0,0,SCORED,60,60,3,60,0,60,0,0.0,conditional verifier acceptance fraction under the controlled observation model
same_pair_multi_pass_real_TLE,orbit_unit_a11d83247bd38a500c6412b6,65686,,REAL_B,65421,same_tle_65686_20260312T121505Z_segment_2,2026-03-12T12:17:34.500000Z,315682814,2026-03-11T21:55:43.056192,2026-03-12T07:26:32,14.364289946666668,4.850694444444445,CAUSAL_GP:65686:315682814,STATIC_TLE:data/tle/starlink_tle.txt:65421,,0.0,0.0,0.0,992.3513499699329,9.622561484015229,-71.6863048352997,-979.5368420446247,141.87970455090687,71.6863048352997,979.5368420446247,-141.87970455090687,12-18 h,WITHIN_CALIBRATED_SUPPORT,1495881.2625668196,29.005502435074128,1099.4845501122445,227.09541433781914,36.88535737303945,ORBIT_DISTINCT,3.3306690738754696e-16,0.0,0,0,SCORED,60,60,3,60,0,60,0,0.0,conditional verifier acceptance fraction under the controlled observation model
same_pair_multi_pass_real_TLE,orbit_unit_a43b1d824ecd15413d05e9e6,44714,,REAL_B,65409,same_tle_44714_20260311T034020Z_segment_3,2026-03-11T03:43:49.500000Z,315542230,2026-03-10T16:27:18.322272,2026-03-11T02:43:10,11.275327146666667,1.0109722222222222,CAUSAL_GP:44714:315542230,STATIC_TLE:data/tle/starlink_tle.txt:65409,,0.0,0.0,0.0,13291.590841283334,14.628798242660542,-12896.454238296672,-8.443269424751634,3216.7971466675144,12896.454238296672,8.443269424751634,-3216.7971466675144,9-12 h,WITHIN_CALIBRATED_SUPPORT,8358596132.674759,31.32749048335574,948.5696084793932,16334.425613344994,2968.465923544956,ORBIT_DISTINCT,2.220446049250313e-16,0.0,0,0,SCORED,60,60,3,60,0,60,0,0.0,conditional verifier acceptance fraction under the controlled observation model
same_pair_multi_pass_real_TLE,orbit_unit_ad716ff611712ba6e00fb636,65421,,REAL_B,47749,same_tle_65421_20260311T110455Z_segment_3,2026-03-11T11:08:24.500000Z,315556037,2026-03-10T20:34:46.163136,2026-03-11T02:43:10,14.560649128888889,8.420694444444445,CAUSAL_GP:65421:315556037,STATIC_TLE:data/tle/starlink_tle.txt:47749,,0.0,0.0,0.0,10489.744278639382,11.066935424281654,-8027.1785371836,6125.967761841775,-2841.066480091917,8027.1785371836,-6125.967761841775,2841.066480091917,12-18 h,WITHIN_CALIBRATED_SUPPORT,2640816336.180098,29.005502435074128,1099.4845501122445,9541.769092480243,1549.7959920212445,ORBIT_DISTINCT,2.220446049250313e-16,0.0,0,0,SCORED,60,60,3,60,0,60,0,0.0,conditional verifier acceptance fraction under the controlled observation model
same_pair_multi_pass_real_TLE,orbit_unit_ba78985c658138ef4bef56f9,44714,,REAL_B,47749,same_tle_44714_20260310T090420Z_segment_3,2026-03-10T09:07:49.500000Z,315443210,2026-03-09T21:39:16.344864,2026-03-10T08:26:21,11.475876426666668,0.69125,CAUSAL_GP:44714:315443210,STATIC_TLE:data/tle/starlink_tle.txt:47749,,0.0,0.0,0.0,10318.61009265841,11.564318852211047,-7772.1589415842955,-6635.535101883741,-1427.2118072423555,7772.1589415842955,6635.535101883741,1427.2118072423555,9-12 h,WITHIN_CALIBRATED_SUPPORT,2642686209.522016,31.32749048335574,948.5696084793932,9184.59468788553,1669.1224410294406,ORBIT_DISTINCT,2.220446049250313e-16,0.0,0,0,SCORED,60,60,3,60,0,60,0,0.0,conditional verifier acceptance fraction under the controlled observation model
same_pair_multi_pass_real_TLE,orbit_unit_c3a7b9d76a49bdb79048cc52,65421,,REAL_B,47749,same_tle_65421_20260310T064225Z_segment_3,2026-03-10T06:45:54.500000Z,315434193,2026-03-09T17:56:44.636640,2026-03-10T03:44:43,12.81940648888889,3.019861111111111,CAUSAL_GP:65421:315434193,STATIC_TLE:data/tle/starlink_tle.txt:47749,,0.0,0.0,0.0,10128.91708333015,11.49652148085984,-7486.607811013698,5893.087278723632,-3437.6135749079986,7486.607811013698,-5893.087278723632,3437.6135749079986,12-18 h,WITHIN_CALIBRATED_SUPPORT,2436878319.0327835,29.005502435074128,1099.4845501122445,9165.933997874448,1488.7519950815135,ORBIT_DISTINCT,1.1102230246251565e-16,0.0,0,0,SCORED,60,60,3,60,0,60,0,0.0,conditional verifier acceptance fraction under the controlled observation model
same_pair_multi_pass_real_TLE,orbit_unit_c57a6f9b62fda32828caa6d3,65409,,REAL_B,47749,same_tle_65409_20260311T110325Z_segment_3,2026-03-11T11:06:54.500000Z,315556031,2026-03-10T20:33:19.547136,2026-03-11T02:43:10,14.559709128888889,8.395694444444445,CAUSAL_GP:65409:315556031,STATIC_TLE:data/tle/starlink_tle.txt:47749,,0.0,0.0,0.0,10067.192448985832,10.609450801727716,-7392.7853220003435,6128.899820622331,-3021.8663068556125,7392.7853220003435,-6128.899820622331,3021.8663068556125,12-18 h,WITHIN_CALIBRATED_SUPPORT,2300673524.153593,29.005502435074128,1099.4845501122445,8906.094540852113,1446.5482752933715,ORBIT_DISTINCT,3.3306690738754696e-16,0.0,0,0,SCORED,60,60,3,60,0,60,0,0.0,conditional verifier acceptance fraction under the controlled observation model
same_pair_multi_pass_real_TLE,orbit_unit_dbea98e58ee20dd22a5cc550,65421,,REAL_B,65686,same_tle_65421_20260310T131350Z_segment_2,2026-03-10T13:16:19.500000Z,315434193,2026-03-09T17:56:44.636640,2026-03-10T03:44:43,19.326350933333334,9.526805555555555,CAUSAL_GP:65421:315434193,STATIC_TLE:data/tle/starlink_tle.txt:65686,,0.0,0.0,0.0,905.9174847817492,9.639597017592207,-59.777476804253794,813.6538508990345,393.80268335472186,59.777476804253794,-813.6538508990345,-393.80268335472186,18-24 h,WITHIN_CALIBRATED_SUPPORT,6003752.372065637,37.65263471646583,1467.668474883233,399.31323061213453,63.95837230283578,ORBIT_DISTINCT,2.220446049250313e-16,0.0,0,0,SCORED,60,60,3,60,5,55,0,0.08333333333333333,conditional verifier acceptance fraction under the controlled observation model
same_pair_multi_pass_real_TLE,orbit_unit_df624eb2ae18157472d6c489,65410,,REAL_B,45230,same_tle_65410_20260312T085425Z_segment_3,2026-03-12T08:57:54.500000Z,315679831,2026-03-11T16:54:40.030272,2026-03-12T03:14:55,16.054019368888888,5.716527777777777,CAUSAL_GP:65410:315679831,STATIC_TLE:data/tle/starlink_tle.txt:45230,,0.0,0.0,0.0,9936.521204335093,5.086636517871969,-7201.31428244994,-208.77810849081277,-6843.386438818025,7201.31428244994,208.77810849081277,6843.386438818025,12-18 h,WITHIN_CALIBRATED_SUPPORT,3635177056.174706,29.005502435074128,1099.4845501122445,11194.961076535988,1818.311220811513,ORBIT_DISTINCT,2.220446049250313e-16,0.0,0,0,SCORED,60,60,3,60,17,43,0,0.2833333333333333,conditional verifier acceptance fraction under the controlled observation model
same_pair_multi_pass_real_TLE,orbit_unit_e1b673a537d048421367d0b9,44714,,REAL_B,47749,same_tle_44714_20260312T044740Z_segment_3,2026-03-12T04:51:09.500000Z,315665530,2026-03-11T12:49:19.719264,2026-03-12T03:14:55,16.03049464888889,1.6040277777777778,CAUSAL_GP:44714:315665530,STATIC_TLE:data/tle/starlink_tle.txt:47749,,0.0,0.0,0.0,10366.752729809941,11.489157267727578,-7841.395565974558,-6637.381823753078,-1388.250793138141,7841.395565974558,6637.381823753078,1388.250793138141,12-18 h,WITHIN_CALIBRATED_SUPPORT,2520635933.8225565,29.005502435074128,1099.4845501122445,9322.123779880596,1514.1206972374446,ORBIT_DISTINCT,2.220446049250313e-16,0.0,0,0,SCORED,60,60,3,60,0,60,0,0.0,conditional verifier acceptance fraction under the controlled observation model
same_pair_multi_pass_real_TLE,orbit_unit_ed7a185bcf098759983586ed,65686,,REAL_B,44714,same_tle_65686_20260310T131505Z_segment_2,2026-03-10T13:17:34.500000Z,315485957,2026-03-10T00:29:40.547616,2026-03-10T09:52:28,12.798320106666665,3.4184722222222224,CAUSAL_GP:65686:315485957,STATIC_TLE:data/tle/starlink_tle.txt:44714,,0.0,0.0,0.0,12597.917995952324,10.658171693105826,-11585.723633804831,4744.844363411547,1401.7837496694206,11585.723633804831,-4744.844363411547,-1401.7837496694206,12-18 h,WITHIN_CALIBRATED_SUPPORT,5810261842.744637,29.005502435074128,1099.4845501122445,14153.298162950308,2298.8111066435818,ORBIT_DISTINCT,2.220446049250313e-16,0.0,0,0,SCORED,60,60,3,60,0,60,0,0.0,conditional verifier acceptance fraction under the controlled observation model
same_pair_multi_pass_real_TLE,orbit_unit_edc9922fbb194474433e5fee,65409,,REAL_B,47749,same_tle_65409_20260310T064055Z_segment_3,2026-03-10T06:44:24.500000Z,315434187,2026-03-09T17:55:17.144544,2026-03-10T03:44:43,12.818709848888888,2.994861111111111,CAUSAL_GP:65409:315434187,STATIC_TLE:data/tle/starlink_tle.txt:47749,,0.0,0.0,0.0,9668.48018679469,11.063202005024452,-6821.3180064459575,5956.44810622894,-3386.717545822103,6821.3180064459575,-5956.44810622894,3386.717545822103,12-18 h,WITHIN_CALIBRATED_SUPPORT,2072521983.4095254,29.005502435074128,1099.4845501122445,8452.970951842992,1372.9509040585076,ORBIT_DISTINCT,4.440892098500626e-16,0.0,0,0,SCORED,60,60,3,60,0,60,0,0.0,conditional verifier acceptance fraction under the controlled observation model
same_pair_multi_pass_real_TLE,orbit_unit_f7da9ce4ede19438b11778f5,65409,,REAL_B,47383,same_tle_65409_20260312T054045Z_segment_2,2026-03-12T05:43:14.500000Z,315679331,2026-03-11T20:03:20.806272,2026-03-12T03:14:55,9.664914924444444,2.4720833333333334,CAUSAL_GP:65409:315679331,STATIC_TLE:data/tle/starlink_tle.txt:47383,,0.0,0.0,0.0,8958.557608623385,15.257109445886437,-5862.27640126432,-469.8828314472557,6757.86060428258,5862.27640126432,469.8828314472557,-6757.86060428258,9-12 h,WITHIN_CALIBRATED_SUPPORT,4355013231.114672,31.32749048335574,948.5696084793932,11790.492219482516,2142.693915527801,ORBIT_DISTINCT,2.220446049250313e-16,0.0,0,0,SCORED,60,60,3,60,0,60,0,0.0,conditional verifier acceptance fraction under the controlled observation model
same_pair_multi_pass_real_TLE,orbit_unit_f9ebff79997a584e3a24f750,65686,,REAL_B,65421,same_tle_65686_20260312T152900Z_segment_3,2026-03-12T15:32:29.500000Z,315682814,2026-03-11T21:55:43.056192,2026-03-12T07:26:32,17.61290105777778,8.099305555555556,CAUSAL_GP:65686:315682814,STATIC_TLE:data/tle/starlink_tle.txt:65421,,0.0,0.0,0.0,4373.058140810238,8.3685645598198,-1392.3106687452482,-2995.068566314444,-2866.1250474604203,1392.3106687452482,2995.068566314444,2866.1250474604203,12-18 h,WITHIN_CALIBRATED_SUPPORT,417549694.4580905,29.005502435074128,1099.4845501122445,3794.144690164878,616.2536713029759,ORBIT_DISTINCT,2.220446049250313e-16,0.0,0,0,SCORED,60,60,3,60,0,60,0,0.0,conditional verifier acceptance fraction under the controlled observation model
segment_local_heatmap_and_direction_sensitivity,orbit_unit_00083ba4f539c11fd2eb129f,65421,STARLINK-35146,REAL_B,65410,65421_20260310T064222Z:segment:0.0:59.0,2026-03-10T06:42:51.500000Z,315434193,2026-03-09T17:56:44.636640,2026-03-10T03:44:43,12.768573155555556,2.969027777777778,CAUSAL_GP:65421:315434193,STATIC_TLE:data/tle/starlink_tle.txt:65410,,0.0,0.0,0.0,974.4576134756852,1.085658397208678,-69.80306625054584,971.9542495201381,0.3305185248457292,69.80306625054584,-971.9542495201381,-0.3305185248457292,12-18 h,WITHIN_CALIBRATED_SUPPORT,169185.94178698177,29.005502435074128,1099.4845501122445,76.37336751040503,12.404737289028706,ORBIT_DISTINCT,2.220446049250313e-16,0.0,0,0,SCORED,200,200,100,200,8,192,0,0.04,conditional verifier acceptance fraction under the controlled observation model
segment_local_heatmap_and_direction_sensitivity,orbit_unit_039db0a7b0f47fe671ce1da6,65410,STARLINK-35024,REAL_B,45230,65410_20260310T064012Z:segment:0.0:59.0,2026-03-10T06:40:41.500000Z,315434688,2026-03-09T16:20:35.643840,2026-03-10T03:44:43,14.334960044444445,2.932916666666667,CAUSAL_GP:65410:315434688,STATIC_TLE:data/tle/starlink_tle.txt:45230,,0.0,0.0,0.0,9974.465690128112,5.018971656699242,-7255.943261527711,-4234.157959682492,-5377.095829673385,7255.943261527711,4234.157959682492,5377.095829673385,12-18 h,WITHIN_CALIBRATED_SUPPORT,2993943692.3846235,29.005502435074128,1099.4845501122445,10159.717162513905,1650.1645330049266,ORBIT_DISTINCT,2.220446049250313e-16,0.0,0,0,SCORED,200,200,100,200,0,200,0,0.0,conditional verifier acceptance fraction under the controlled observation model
segment_local_heatmap_and_direction_sensitivity,orbit_unit_09052dc2d5b44caf00ce6959,65409,STARLINK-35022,REAL_B,65686,65409_20260310T064053Z:segment:0.0:59.0,2026-03-10T06:41:22.500000Z,315434187,2026-03-09T17:55:17.144544,2026-03-10T03:44:43,12.768154293333332,2.9443055555555557,CAUSAL_GP:65409:315434187,STATIC_TLE:data/tle/starlink_tle.txt:65686,,0.0,0.0,0.0,8153.139437606343,3.120755273702446,-4847.301478868932,1936.419947148408,-6263.196376475249,4847.301478868932,-1936.419947148408,6263.196376475249,12-18 h,WITHIN_CALIBRATED_SUPPORT,2381338430.9666166,29.005502435074128,1099.4845501122445,9060.879693102952,1471.6888342670527,ORBIT_DISTINCT,2.220446049250313e-16,0.0,0,0,SCORED,200,200,100,200,8,192,0,0.04,conditional verifier acceptance fraction under the controlled observation model
segment_local_heatmap_and_direction_sensitivity,orbit_unit_0d54b366492d22eb4a2aaa94,65409,STARLINK-35022,REAL_B,47383,65409_20260310T064053Z:segment:0.0:59.0,2026-03-10T06:41:22.500000Z,315434187,2026-03-09T17:55:17.144544,2026-03-10T03:44:43,12.768154293333332,2.9443055555555557,CAUSAL_GP:65409:315434187,STATIC_TLE:data/tle/starlink_tle.txt:47383,,0.0,0.0,0.0,8987.747852502713,15.23576052776356,-5901.204212642724,476.39238643289525,6762.281463751981,5901.204212642724,-476.39238643289525,-6762.281463751981,12-18 h,WITHIN_CALIBRATED_SUPPORT,4245019690.6242504,29.005502435074128,1099.4845501122445,12097.612185358235,1964.9218814854053,ORBIT_DISTINCT,2.220446049250313e-16,0.0,0,0,SCORED,200,200,100,200,4,196,0,0.02,conditional verifier acceptance fraction under the controlled observation model
segment_local_heatmap_and_direction_sensitivity,orbit_unit_162cee6dc4496501293ebaf6,44714,STARLINK-1008,SYNTHETIC_RELATIVE_TO_A,synthetic_same_plane_altitude_offset_-10,44714_20260310T023437Z:segment:0.0:59.0,2026-03-10T02:35:06.500000Z,315393241,2026-03-09T13:49:15.828096,2026-03-09T22:56:35,12.76407552888889,3.6420833333333333,CAUSAL_GP:44714:315393241,SYNTHETIC_RELATIVE_TO_CAUSAL_A:FROZEN_ORIGINAL_PERTURBATION_RULE,2026-03-10T02:35:07Z,-10.0,0.0,0.0,10.003487957885612,0.007634010952073442,-10.00348541464938,-0.007133194088164263,-1.311204951726097e-06,10.00348541464938,0.007133194088164263,1.311204951726097e-06,12-18 h,WITHIN_CALIBRATED_SUPPORT,4147.331433485211,29.005502435074128,1099.4845501122445,11.957604234246489,1.9421814693688415,ORBIT_DISTINCT,4.440892098500626e-16,0.0,0,0,SCORED,100,100,100,100,29,71,0,0.29,conditional verifier acceptance fraction under the controlled observation model
segment_local_heatmap_and_direction_sensitivity,orbit_unit_1b373b67814be87a7fd42df0,44714,STARLINK-1008,REAL_B,47749,44714_20260310T023437Z:segment:0.0:59.0,2026-03-10T02:35:06.500000Z,315393241,2026-03-09T13:49:15.828096,2026-03-09T22:56:35,12.76407552888889,3.6420833333333333,CAUSAL_GP:44714:315393241,STATIC_TLE:data/tle/starlink_tle.txt:47749,,0.0,0.0,0.0,10395.761816623613,11.460758846655853,-7883.324264674557,-6710.246810935054,-947.4439415072284,7883.324264674557,6710.246810935054,947.4439415072284,12-18 h,WITHIN_CALIBRATED_SUPPORT,2552374394.594351,29.005502435074128,1099.4845501122445,9380.629714067558,1523.623365079603,ORBIT_DISTINCT,4.440892098500626e-16,0.0,0,0,SCORED,200,200,100,200,8,192,0,0.04,conditional verifier acceptance fraction under the controlled observation model
segment_local_heatmap_and_direction_sensitivity,orbit_unit_1c03a510db3a61521739461c,65686,STARLINK-35137,SYNTHETIC_RELATIVE_TO_A,synthetic_same_plane_altitude_offset_-1,65686_20260310T131505Z:segment:0.0:59.0,2026-03-10T13:15:34.500000Z,315485957,2026-03-10T00:29:40.547616,2026-03-10T09:52:28,12.764986773333332,3.3851388888888887,CAUSAL_GP:65686:315485957,SYNTHETIC_RELATIVE_TO_CAUSAL_A:FROZEN_ORIGINAL_PERTURBATION_RULE,2026-03-10T13:15:35Z,-1.0,0.0,0.0,1.0033277886498502,0.006887763788183142,-1.0033277320319802,0.0003370624089601981,-1.2221698324488273e-06,1.0033277320319802,-0.0003370624089601981,1.2221698324488273e-06,12-18 h,WITHIN_CALIBRATED_SUPPORT,44.15636441873606,29.005502435074128,1099.4845501122445,1.2338332170512676,0.20040201728584142,AMBIGUOUS,1.1102230246251565e-16,0.0,0,0,SCORED,100,100,100,100,72,28,0,0.72,conditional verifier acceptance fraction under the controlled observation model
segment_local_heatmap_and_direction_sensitivity,orbit_unit_1e157262f22b02d41b3c8b49,65410,STARLINK-35024,REAL_B,65421,65410_20260310T064012Z:segment:0.0:59.0,2026-03-10T06:40:41.500000Z,315434688,2026-03-09T16:20:35.643840,2026-03-10T03:44:43,14.334960044444445,2.932916666666667,CAUSAL_GP:65410:315434688,STATIC_TLE:data/tle/starlink_tle.txt:65421,,0.0,0.0,0.0,978.2219367413278,1.0894288290264331,-69.00647927695678,-975.7847373907099,-0.6400117941572034,69.00647927695678,975.7847373907099,0.6400117941572034,12-18 h,WITHIN_CALIBRATED_SUPPORT,322404.3244941499,29.005502435074128,1099.4845501122445,105.42903535478725,17.12402541414295,ORBIT_DISTINCT,2.220446049250313e-16,0.0,0,0,SCORED,200,200,100,200,8,192,0,0.04,conditional verifier acceptance fraction under the controlled observation model
segment_local_heatmap_and_direction_sensitivity,orbit_unit_206a4059c719a31d6970e75e,65421,STARLINK-35146,REAL_B,65411,65421_20260310T064222Z:segment:0.0:59.0,2026-03-10T06:42:51.500000Z,315434193,2026-03-09T17:56:44.636640,2026-03-10T03:44:43,12.768573155555556,2.969027777777778,CAUSAL_GP:65421:315434193,STATIC_TLE:data/tle/starlink_tle.txt:65411,,0.0,0.0,0.0,8399.342961487047,9.355592219083778,-5152.719793176987,6633.121933886202,-11.589990591006881,5152.719793176987,-6633.121933886202,11.589990591006881,12-18 h,WITHIN_CALIBRATED_SUPPORT,1055190785.4801,29.005502435074128,1099.4845501122445,6031.499534678747,979.6499699505257,ORBIT_DISTINCT,2.220446049250313e-16,0.0,0,0,SCORED,200,200,100,200,4,196,0,0.02,conditional verifier acceptance fraction under the controlled observation model
segment_local_heatmap_and_direction_sensitivity,orbit_unit_239d32e6ed93ab3d8bf26832,44714,STARLINK-1008,SYNTHETIC_RELATIVE_TO_A,synthetic_same_plane_phase_offset_60,44714_20260310T023437Z:segment:0.0:59.0,2026-03-10T02:35:06.500000Z,315393241,2026-03-09T13:49:15.828096,2026-03-09T22:56:35,12.76407552888889,3.6420833333333333,CAUSAL_GP:44714:315393241,SYNTHETIC_RELATIVE_TO_CAUSAL_A:FROZEN_ORIGINAL_PERTURBATION_RULE,2026-03-10T02:35:07Z,0.0,60.0,0.0,457.77797759494047,0.503476872419514,-15.311133482816615,457.5218529888038,-0.0002765326381961586,15.311133482816615,-457.5218529888038,0.0002765326381961586,12-18 h,WITHIN_CALIBRATED_SUPPORT,12072.341705029283,29.005502435074128,1099.4845501122445,20.40119295347593,3.3136084897156635,ORBIT_DISTINCT,4.440892098500626e-16,0.0,0,0,SCORED,100,100,100,100,4,96,0,0.04,conditional verifier acceptance fraction under the controlled observation model
segment_local_heatmap_and_direction_sensitivity,orbit_unit_30a930356434a24357ba0018,65409,STARLINK-35022,SYNTHETIC_RELATIVE_TO_A,synthetic_inclination_offset_0.05,65409_20260310T064053Z:segment:0.0:59.0,2026-03-10T06:41:22.500000Z,315434187,2026-03-09T17:55:17.144544,2026-03-10T03:44:43,12.768154293333332,2.9443055555555557,CAUSAL_GP:65409:315434187,SYNTHETIC_RELATIVE_TO_CAUSAL_A:FROZEN_ORIGINAL_PERTURBATION_RULE,2026-03-10T06:41:23Z,0.0,0.0,0.05,0.003741365677108279,0.0074771748373665065,-0.0029749966354345445,0.0011558475476880288,-0.0019522368184983609,0.0029749966354345445,-0.0011558475476880288,0.0019522368184983609,12-18 h,WITHIN_CALIBRATED_SUPPORT,0.32071710049198665,29.005502435074128,1099.4845501122445,0.10515280497823434,0.017079159443660223,NOT_ORBIT_DISTINCT,2.220446049250313e-16,0.0,0,0,SCORED,100,100,100,100,0,100,0,0.0,conditional verifier acceptance fraction under the controlled observation model
segment_local_heatmap_and_direction_sensitivity,orbit_unit_3f733466eafcd55390d94b87,44714,STARLINK-1008,SYNTHETIC_RELATIVE_TO_A,synthetic_same_plane_altitude_offset_-2,44714_20260310T023437Z:segment:0.0:59.0,2026-03-10T02:35:06.500000Z,315393241,2026-03-09T13:49:15.828096,2026-03-09T22:56:35,12.76407552888889,3.6420833333333333,CAUSAL_GP:44714:315393241,SYNTHETIC_RELATIVE_TO_CAUSAL_A:FROZEN_ORIGINAL_PERTURBATION_RULE,2026-03-10T02:35:07Z,-2.0,0.0,0.0,2.003485459209105,0.007097659430906111,-2.0034854109406135,-0.00043978256593302234,-1.3167711322426001e-06,2.0034854109406135,0.00043978256593302234,1.3167711322426001e-06,12-18 h,WITHIN_CALIBRATED_SUPPORT,170.42680725046702,29.005502435074128,1099.4845501122445,2.4239784677325837,0.39370813500384805,AMBIGUOUS,4.440892098500626e-16,0.0,0,0,SCORED,100,100,100,100,57,43,0,0.57,conditional verifier acceptance fraction under the controlled observation model
segment_local_heatmap_and_direction_sensitivity,orbit_unit_4695716f1da0a7700724a60d,44714,STARLINK-1008,SYNTHETIC_RELATIVE_TO_A,synthetic_same_plane_altitude_offset_10,44714_20260310T023437Z:segment:0.0:59.0,2026-03-10T02:35:06.500000Z,315393241,2026-03-09T13:49:15.828096,2026-03-09T22:56:35,12.76407552888889,3.6420833333333333,CAUSAL_GP:44714:315393241,SYNTHETIC_RELATIVE_TO_CAUSAL_A:FROZEN_ORIGINAL_PERTURBATION_RULE,2026-03-10T02:35:07Z,10.0,0.0,0.0,9.996519185250506,0.01063288053873012,9.99651458236111,0.009593003771264819,-1.325115209560579e-06,-9.99651458236111,-0.009593003771264819,1.325115209560579e-06,12-18 h,WITHIN_CALIBRATED_SUPPORT,4094.5626688140296,29.005502435074128,1099.4845501122445,11.881289140250392,1.9297861969974857,ORBIT_DISTINCT,4.440892098500626e-16,0.0,0,0,SCORED,100,100,100,100,25,75,0,0.25,conditional verifier acceptance fraction under the controlled observation model
segment_local_heatmap_and_direction_sensitivity,orbit_unit_52c84639e4263a6e03ea2932,65409,STARLINK-35022,SYNTHETIC_RELATIVE_TO_A,synthetic_same_plane_altitude_offset_-1,65409_20260310T064053Z:segment:0.0:59.0,2026-03-10T06:41:22.500000Z,315434187,2026-03-09T17:55:17.144544,2026-03-10T03:44:43,12.768154293333332,2.9443055555555557,CAUSAL_GP:65409:315434187,SYNTHETIC_RELATIVE_TO_CAUSAL_A:FROZEN_ORIGINAL_PERTURBATION_RULE,2026-03-10T06:41:23Z,-1.0,0.0,0.0,1.0029750470039644,0.006200629857954471,-1.0029749962675134,0.00031901934887162975,-1.2004930302622618e-06,1.0029749962675134,-0.00031901934887162975,1.2004930302622618e-06,12-18 h,WITHIN_CALIBRATED_SUPPORT,44.126392268434934,29.005502435074128,1099.4845501122445,1.2334143995986748,0.20033399199586363,AMBIGUOUS,2.220446049250313e-16,0.0,0,0,SCORED,100,100,100,100,49,51,0,0.49,conditional verifier acceptance fraction under the controlled observation model
segment_local_heatmap_and_direction_sensitivity,orbit_unit_5688e91c8302b1c99c8991f2,44714,STARLINK-1008,REAL_B,65421,44714_20260310T023437Z:segment:0.0:59.0,2026-03-10T02:35:06.500000Z,315393241,2026-03-09T13:49:15.828096,2026-03-09T22:56:35,12.76407552888889,3.6420833333333333,CAUSAL_GP:44714:315393241,STATIC_TLE:data/tle/starlink_tle.txt:65421,,0.0,0.0,0.0,12910.500612721366,14.9234440675376,-12167.707752688395,671.201056252652,4263.496600013987,12167.707752688395,-671.201056252652,-4263.496600013987,12-18 h,WITHIN_CALIBRATED_SUPPORT,7762358228.557926,29.005502435074128,1099.4845501122445,16358.995927348013,2657.0655898261366,ORBIT_DISTINCT,4.440892098500626e-16,0.0,0,0,SCORED,200,200,100,200,8,192,0,0.04,conditional verifier acceptance fraction under the controlled observation model
segment_local_heatmap_and_direction_sensitivity,orbit_unit_59e9d654131370a8bf955a80,65421,STARLINK-35146,SYNTHETIC_RELATIVE_TO_A,synthetic_same_plane_altitude_offset_-1,65421_20260310T064222Z:segment:0.0:59.0,2026-03-10T06:42:51.500000Z,315434193,2026-03-09T17:56:44.636640,2026-03-10T03:44:43,12.768573155555556,2.969027777777778,CAUSAL_GP:65421:315434193,SYNTHETIC_RELATIVE_TO_CAUSAL_A:FROZEN_ORIGINAL_PERTURBATION_RULE,2026-03-10T06:42:52Z,-1.0,0.0,0.0,1.0031853431555706,0.0066011491821883145,-1.003185294081064,0.00031378373205909194,-1.191219240137542e-06,1.003185294081064,-0.00031378373205909194,1.191219240137542e-06,12-18 h,WITHIN_CALIBRATED_SUPPORT,44.144276480117426,29.005502435074128,1099.4845501122445,1.233664322699889,0.20037458507842737,AMBIGUOUS,2.220446049250313e-16,0.0,0,0,SCORED,100,100,100,100,0,100,0,0.0,conditional verifier acceptance fraction under the controlled observation model
segment_local_heatmap_and_direction_sensitivity,orbit_unit_6a9531995b67c2963c9426b6,65409,STARLINK-35022,REAL_B,48309,65409_20260310T064053Z:segment:0.0:59.0,2026-03-10T06:41:22.500000Z,315434187,2026-03-09T17:55:17.144544,2026-03-10T03:44:43,12.768154293333332,2.9443055555555557,CAUSAL_GP:65409:315434187,STATIC_TLE:data/tle/starlink_tle.txt:48309,,0.0,0.0,0.0,9368.155235941404,8.32796652694248,-6399.643972143046,-1390.6594961362584,-6698.727918068888,6399.643972143046,1390.6594961362584,6698.727918068888,12-18 h,WITHIN_CALIBRATED_SUPPORT,3197315784.12061,29.005502435074128,1099.4845501122445,10499.1120203443,1705.2898232189496,ORBIT_DISTINCT,2.220446049250313e-16,0.0,0,0,SCORED,200,200,100,200,4,196,0,0.02,conditional verifier acceptance fraction under the controlled observation model
segment_local_heatmap_and_direction_sensitivity,orbit_unit_751b0eefa7a940247e443936,65686,STARLINK-35137,REAL_B,65410,65686_20260310T131505Z:segment:0.0:59.0,2026-03-10T13:15:34.500000Z,315485957,2026-03-10T00:29:40.547616,2026-03-10T09:52:28,12.764986773333332,3.3851388888888887,CAUSAL_GP:65686:315485957,STATIC_TLE:data/tle/starlink_tle.txt:65410,,0.0,0.0,0.0,133.3373942017206,9.5937075123829,-1.1248825518146504,-83.33649223646356,104.07989428065109,1.1248825518146504,83.33649223646356,-104.07989428065109,12-18 h,WITHIN_CALIBRATED_SUPPORT,525582.3138547299,29.005502435074128,1099.4845501122445,134.61088356317646,21.863808043003246,ORBIT_DISTINCT,1.1102230246251565e-16,0.0,0,0,SCORED,200,200,100,200,8,192,0,0.04,conditional verifier acceptance fraction under the controlled observation model
segment_local_heatmap_and_direction_sensitivity,orbit_unit_7abb89cd4a6ed0336244e190,65686,STARLINK-35137,REAL_B,65421,65686_20260310T131505Z:segment:0.0:59.0,2026-03-10T13:15:34.500000Z,315485957,2026-03-10T00:29:40.547616,2026-03-10T09:52:28,12.764986773333332,3.3851388888888887,CAUSAL_GP:65686:315485957,STATIC_TLE:data/tle/starlink_tle.txt:65421,,0.0,0.0,0.0,1094.3438432571243,9.616253661215163,-88.06428924522783,-286.43465896315786,1052.5152323739385,88.06428924522783,286.43465896315786,-1052.5152323739385,12-18 h,WITHIN_CALIBRATED_SUPPORT,55157327.26160205,29.005502435074128,1099.4845501122445,1378.9909322183787,223.97886587613505,ORBIT_DISTINCT,1.1102230246251565e-16,0.0,0,0,SCORED,200,200,100,200,4,196,0,0.02,conditional verifier acceptance fraction under the controlled observation model
segment_local_heatmap_and_direction_sensitivity,orbit_unit_8d45467e3c60a8d8865e75f5,44714,STARLINK-1008,SYNTHETIC_RELATIVE_TO_A,synthetic_inclination_offset_0.2,44714_20260310T023437Z:segment:0.0:59.0,2026-03-10T02:35:06.500000Z,315393241,2026-03-09T13:49:15.828096,2026-03-09T22:56:35,12.76407552888889,3.6420833333333333,CAUSAL_GP:44714:315393241,SYNTHETIC_RELATIVE_TO_CAUSAL_A:FROZEN_ORIGINAL_PERTURBATION_RULE,2026-03-10T02:35:07Z,0.0,0.0,0.2,0.00879122670910113,0.017574568749801765,-0.003485415684545328,0.001241285081226807,-0.007974757419750286,0.003485415684545328,-0.001241285081226807,0.007974757419750286,12-18 h,WITHIN_CALIBRATED_SUPPORT,0.3150810746983996,29.005502435074128,1099.4845501122445,0.1042247741459023,0.01692842655016002,NOT_ORBIT_DISTINCT,4.440892098500626e-16,0.0,0,0,SCORED,100,100,100,100,80,20,0,0.8,conditional verifier acceptance fraction under the controlled observation model
segment_local_heatmap_and_direction_sensitivity,orbit_unit_8efe2ae5533bdc3630ec1c81,65686,STARLINK-35137,REAL_B,47749,65686_20260310T131505Z:segment:0.0:59.0,2026-03-10T13:15:34.500000Z,315485957,2026-03-10T00:29:40.547616,2026-03-10T09:52:28,12.764986773333332,3.3851388888888887,CAUSAL_GP:65686:315485957,STATIC_TLE:data/tle/starlink_tle.txt:47749,,0.0,0.0,0.0,9854.49217344026,8.431063301626045,-7082.386775406965,-951.9132153240216,-6785.622653112045,7082.386775406965,951.9132153240216,6785.622653112045,12-18 h,WITHIN_CALIBRATED_SUPPORT,3551262222.815137,29.005502435074128,1099.4845501122445,11064.99378624234,1797.201635823788,ORBIT_DISTINCT,1.1102230246251565e-16,0.0,0,0,SCORED,200,200,100,200,4,196,0,0.02,conditional verifier acceptance fraction under the controlled observation model
segment_local_heatmap_and_direction_sensitivity,orbit_unit_931c23f3cb9115dcb3bc09bb,65410,STARLINK-35024,REAL_B,65686,65410_20260310T064012Z:segment:0.0:59.0,2026-03-10T06:40:41.500000Z,315434688,2026-03-09T16:20:35.643840,2026-03-10T03:44:43,14.334960044444445,2.932916666666667,CAUSAL_GP:65410:315434688,STATIC_TLE:data/tle/starlink_tle.txt:65686,,0.0,0.0,0.0,8207.38424245752,2.8882877567351892,-4911.907824975187,1648.5533763700641,-6365.264282615953,4911.907824975187,-1648.5533763700641,6365.264282615953,12-18 h,WITHIN_CALIBRATED_SUPPORT,2456568204.156289,29.005502435074128,1099.4845501122445,9202.889698797338,1494.7544246747605,ORBIT_DISTINCT,2.220446049250313e-16,0.0,0,0,SCORED,200,200,100,200,8,192,0,0.04,conditional verifier acceptance fraction under the controlled observation model
segment_local_heatmap_and_direction_sensitivity,orbit_unit_984c28b86ed7c916eca821d0,65421,STARLINK-35146,REAL_B,44714,65421_20260310T064222Z:segment:0.0:59.0,2026-03-10T06:42:51.500000Z,315434193,2026-03-09T17:56:44.636640,2026-03-10T03:44:43,12.768573155555556,2.969027777777778,CAUSAL_GP:65421:315434193,STATIC_TLE:data/tle/starlink_tle.txt:44714,,0.0,0.0,0.0,13572.942428761404,14.164638947950458,-13445.215963965606,-1813.687625566938,-401.8346098350612,13445.215963965606,1813.687625566938,401.8346098350612,12-18 h,WITHIN_CALIBRATED_SUPPORT,7402293342.041094,29.005502435074128,1099.4845501122445,15975.076605184322,2594.7085341290212,ORBIT_DISTINCT,2.220446049250313e-16,0.0,0,0,SCORED,200,200,100,200,4,196,0,0.02,conditional verifier acceptance fraction under the controlled observation model
segment_local_heatmap_and_direction_sensitivity,orbit_unit_9da6b606e814d633c5875acd,44714,STARLINK-1008,REAL_B,65686,44714_20260310T023437Z:segment:0.0:59.0,2026-03-10T02:35:06.500000Z,315393241,2026-03-09T13:49:15.828096,2026-03-09T22:56:35,12.76407552888889,3.6420833333333333,CAUSAL_GP:44714:315393241,STATIC_TLE:data/tle/starlink_tle.txt:65686,,0.0,0.0,0.0,8228.45273941892,15.054614747434334,-4946.004516799445,-853.1418073710395,6520.477195816721,4946.004516799445,853.1418073710395,-6520.477195816721,12-18 h,WITHIN_CALIBRATED_SUPPORT,3555939321.8543367,29.005502435074128,1099.4845501122445,11072.277822183158,1798.384725625837,ORBIT_DISTINCT,4.440892098500626e-16,0.0,0,0,SCORED,200,200,100,200,8,192,0,0.04,conditional verifier acceptance fraction under the controlled observation model
segment_local_heatmap_and_direction_sensitivity,orbit_unit_a1862b3f717d9758a530bf7c,44714,STARLINK-1008,SYNTHETIC_RELATIVE_TO_A,synthetic_same_plane_phase_offset_-60,44714_20260310T023437Z:segment:0.0:59.0,2026-03-10T02:35:06.500000Z,315393241,2026-03-09T13:49:15.828096,2026-03-09T22:56:35,12.76407552888889,3.6420833333333333,CAUSAL_GP:44714:315393241,SYNTHETIC_RELATIVE_TO_CAUSAL_A:FROZEN_ORIGINAL_PERTURBATION_RULE,2026-03-10T02:35:07Z,0.0,-60.0,0.0,457.7755130560269,0.5173954018641408,-15.310968659715485,-457.519392586079,0.0002739022099262911,15.310968659715485,457.519392586079,-0.0002739022099262911,12-18 h,WITHIN_CALIBRATED_SUPPORT,28367.929512907285,29.005502435074128,1099.4845501122445,31.273293678429983,5.079479992691352,ORBIT_DISTINCT,4.440892098500626e-16,0.0,0,0,SCORED,100,100,100,100,4,96,0,0.04,conditional verifier acceptance fraction under the controlled observation model
segment_local_heatmap_and_direction_sensitivity,orbit_unit_b307e4bc84bf69b4632f7cac,44714,STARLINK-1008,SYNTHETIC_RELATIVE_TO_A,synthetic_inclination_offset_-0.2,44714_20260310T023437Z:segment:0.0:59.0,2026-03-10T02:35:06.500000Z,315393241,2026-03-09T13:49:15.828096,2026-03-09T22:56:35,12.76407552888889,3.6420833333333333,CAUSAL_GP:44714:315393241,SYNTHETIC_RELATIVE_TO_CAUSAL_A:FROZEN_ORIGINAL_PERTURBATION_RULE,2026-03-10T02:35:07Z,0.0,0.0,-0.2,0.008788836643822111,0.017582899944858163,-0.0034854156821135154,0.001241294673072786,0.007972121085963799,0.0034854156821135154,-0.001241294673072786,-0.007972121085963799,12-18 h,WITHIN_CALIBRATED_SUPPORT,0.3411592144200275,29.005502435074128,1099.4845501122445,0.10845219754909934,0.017615054342485746,NOT_ORBIT_DISTINCT,4.440892098500626e-16,0.0,0,0,SCORED,100,100,100,100,80,20,0,0.8,conditional verifier acceptance fraction under the controlled observation model
segment_local_heatmap_and_direction_sensitivity,orbit_unit_c541e7c0bc7b1009ab3c85d8,44714,STARLINK-1008,SYNTHETIC_RELATIVE_TO_A,synthetic_same_plane_altitude_offset_-1,44714_20260310T023437Z:segment:0.0:59.0,2026-03-10T02:35:06.500000Z,315393241,2026-03-09T13:49:15.828096,2026-03-09T22:56:35,12.76407552888889,3.6420833333333333,CAUSAL_GP:44714:315393241,SYNTHETIC_RELATIVE_TO_CAUSAL_A:FROZEN_ORIGINAL_PERTURBATION_RULE,2026-03-10T02:35:07Z,-1.0,0.0,0.0,1.003485489320362,0.007224323083967391,-1.0034854109395308,0.00039661859641865194,-1.3174667045090516e-06,1.0034854109395308,-0.00039661859641865194,1.3174667045090516e-06,12-18 h,WITHIN_CALIBRATED_SUPPORT,44.1697129763622,29.005502435074128,1099.4845501122445,1.23401969808841,0.20043230596304057,AMBIGUOUS,4.440892098500626e-16,0.0,0,0,SCORED,100,100,100,100,67,33,0,0.67,conditional verifier acceptance fraction under the controlled observation model
segment_local_heatmap_and_direction_sensitivity,orbit_unit_cbd52cc0053eb9f66ad0abbf,44714,STARLINK-1008,REAL_B,65410,44714_20260310T023437Z:segment:0.0:59.0,2026-03-10T02:35:06.500000Z,315393241,2026-03-09T13:49:15.828096,2026-03-09T22:56:35,12.76407552888889,3.6420833333333333,CAUSAL_GP:44714:315393241,STATIC_TLE:data/tle/starlink_tle.txt:65410,,0.0,0.0,0.0,13046.489851751374,14.941723412412053,-12425.038181146865,-219.9315903230863,3972.5248576279746,12425.038181146865,219.9315903230863,-3972.5248576279746,12-18 h,WITHIN_CALIBRATED_SUPPORT,7882635323.282779,29.005502435074128,1099.4845501122445,16485.24937587646,2677.57196412757,ORBIT_DISTINCT,4.440892098500626e-16,0.0,0,0,SCORED,200,200,100,200,8,192,0,0.04,conditional verifier acceptance fraction under the controlled observation model
segment_local_heatmap_and_direction_sensitivity,orbit_unit_d70706124708d0800d467de5,65410,STARLINK-35024,REAL_B,47749,65410_20260310T064012Z:segment:0.0:59.0,2026-03-10T06:40:41.500000Z,315434688,2026-03-09T16:20:35.643840,2026-03-10T03:44:43,14.334960044444445,2.932916666666667,CAUSAL_GP:65410:315434688,STATIC_TLE:data/tle/starlink_tle.txt:47749,,0.0,0.0,0.0,9339.690892010294,10.968833041917497,-6366.610770522466,6080.9733032467975,-3117.3477412966217,6366.610770522466,-6080.9733032467975,3117.3477412966217,12-18 h,WITHIN_CALIBRATED_SUPPORT,1793195156.081456,29.005502435074128,1099.4845501122445,7862.733975068684,1277.0832623160072,ORBIT_DISTINCT,2.220446049250313e-16,0.0,0,0,SCORED,200,200,100,200,4,196,0,0.02,conditional verifier acceptance fraction under the controlled observation model
segment_local_heatmap_and_direction_sensitivity,orbit_unit_e78e86fa148232911fd635b0,65409,STARLINK-35022,REAL_B,65411,65409_20260310T064053Z:segment:0.0:59.0,2026-03-10T06:41:22.500000Z,315434187,2026-03-09T17:55:17.144544,2026-03-10T03:44:43,12.768154293333332,2.9443055555555557,CAUSAL_GP:65409:315434187,STATIC_TLE:data/tle/starlink_tle.txt:65411,,0.0,0.0,0.0,7861.359862359932,8.756630525825004,-4514.3127110127025,6435.981574535563,-10.040166913761858,4514.3127110127025,-6435.981574535563,10.040166913761858,12-18 h,WITHIN_CALIBRATED_SUPPORT,806999939.2560334,29.005502435074128,1099.4845501122445,5274.685311183493,856.7264702399771,ORBIT_DISTINCT,2.220446049250313e-16,0.0,0,0,SCORED,200,200,100,200,8,192,0,0.04,conditional verifier acceptance fraction under the controlled observation model
segment_local_heatmap_and_direction_sensitivity,orbit_unit_e88e0236957454d7fd514c50,65410,STARLINK-35024,REAL_B,65411,65410_20260310T064012Z:segment:0.0:59.0,2026-03-10T06:40:41.500000Z,315434688,2026-03-09T16:20:35.643840,2026-03-10T03:44:43,14.334960044444445,2.932916666666667,CAUSAL_GP:65410:315434688,STATIC_TLE:data/tle/starlink_tle.txt:65411,,0.0,0.0,0.0,7603.974411876122,8.46986886005759,-4223.828584834337,6322.943642994956,-9.090099717377655,4223.828584834337,-6322.943642994956,9.090099717377655,12-18 h,WITHIN_CALIBRATED_SUPPORT,705197685.1348494,29.005502435074128,1099.4845501122445,4930.7756503734745,800.8678753845645,ORBIT_DISTINCT,2.220446049250313e-16,0.0,0,0,SCORED,200,200,100,200,4,196,0,0.02,conditional verifier acceptance fraction under the controlled observation model
segment_local_heatmap_and_direction_sensitivity,orbit_unit_e8ef71ef04007ad514938c2e,65686,STARLINK-35137,REAL_B,44714,65686_20260310T131505Z:segment:0.0:59.0,2026-03-10T13:15:34.500000Z,315485957,2026-03-10T00:29:40.547616,2026-03-10T09:52:28,12.764986773333332,3.3851388888888887,CAUSAL_GP:65686:315485957,STATIC_TLE:data/tle/starlink_tle.txt:44714,,0.0,0.0,0.0,13036.04225996488,9.982746081653836,-12404.763856191921,3973.590832869676,520.3915531970429,12404.763856191921,-3973.590832869676,-520.3915531970429,12-18 h,WITHIN_CALIBRATED_SUPPORT,6395290431.572614,29.005502435074128,1099.4845501122445,14848.751514748652,2411.768233022193,ORBIT_DISTINCT,1.1102230246251565e-16,0.0,0,0,SCORED,200,200,100,200,4,196,0,0.02,conditional verifier acceptance fraction under the controlled observation model
segment_local_heatmap_and_direction_sensitivity,orbit_unit_ebdb3d51bcde8a467940cc71,65409,STARLINK-35022,REAL_B,47749,65409_20260310T064053Z:segment:0.0:59.0,2026-03-10T06:41:22.500000Z,315434187,2026-03-09T17:55:17.144544,2026-03-10T03:44:43,12.768154293333332,2.9443055555555557,CAUSAL_GP:65409:315434187,STATIC_TLE:data/tle/starlink_tle.txt:47749,,0.0,0.0,0.0,9560.447509681318,11.180965541297686,-6671.034569120167,6063.966406268301,-3182.41508710365,6671.034569120167,-6063.966406268301,3182.41508710365,12-18 h,WITHIN_CALIBRATED_SUPPORT,1953234060.9106555,29.005502435074128,1099.4845501122445,8206.102704408457,1332.8539978429849,ORBIT_DISTINCT,2.220446049250313e-16,0.0,0,0,SCORED,200,200,100,200,4,196,0,0.02,conditional verifier acceptance fraction under the controlled observation model
segment_local_heatmap_and_direction_sensitivity,orbit_unit_ed62a656ff5819b2c12f5eb6,65421,STARLINK-35146,REAL_B,47749,65421_20260310T064222Z:segment:0.0:59.0,2026-03-10T06:42:51.500000Z,315434193,2026-03-09T17:56:44.636640,2026-03-10T03:44:43,12.768573155555556,2.969027777777778,CAUSAL_GP:65421:315434193,STATIC_TLE:data/tle/starlink_tle.txt:47749,,0.0,0.0,0.0,10018.422137267362,11.618374228547507,-7325.283709679057,5984.866304992653,-3300.0569698965755,7325.283709679057,-5984.866304992653,3300.0569698965755,12-18 h,WITHIN_CALIBRATED_SUPPORT,2318092071.930175,29.005502435074128,1099.4845501122445,8939.745276342093,1452.0139048307742,ORBIT_DISTINCT,2.220446049250313e-16,0.0,0,0,SCORED,200,200,100,200,0,200,0,0.0,conditional verifier acceptance fraction under the controlled observation model
segment_local_heatmap_and_direction_sensitivity,orbit_unit_f5f814b3690a7369740f43ab,65686,STARLINK-35137,REAL_B,65409,65686_20260310T131505Z:segment:0.0:59.0,2026-03-10T13:15:34.500000Z,315485957,2026-03-10T00:29:40.547616,2026-03-10T09:52:28,12.764986773333332,3.3851388888888887,CAUSAL_GP:65686:315485957,STATIC_TLE:data/tle/starlink_tle.txt:65409,,0.0,0.0,0.0,435.7393543059085,9.59795914398142,-13.562325713269104,-148.65958678794382,409.3716837645406,13.562325713269104,148.65958678794382,-409.3716837645406,12-18 h,WITHIN_CALIBRATED_SUPPORT,8175082.516483317,29.005502435074128,1099.4845501122445,530.8916272814249,86.22863414362094,ORBIT_DISTINCT,1.1102230246251565e-16,0.0,0,0,SCORED,200,200,100,200,8,192,0,0.04,conditional verifier acceptance fraction under the controlled observation model
segment_local_heatmap_and_direction_sensitivity,orbit_unit_f6233a57fa037b3e866e6bc7,44714,STARLINK-1008,REAL_B,65409,44714_20260310T023437Z:segment:0.0:59.0,2026-03-10T02:35:06.500000Z,315393241,2026-03-09T13:49:15.828096,2026-03-09T22:56:35,12.76407552888889,3.6420833333333333,CAUSAL_GP:44714:315393241,STATIC_TLE:data/tle/starlink_tle.txt:65409,,0.0,0.0,0.0,13010.166461225692,14.943256846522349,-12355.607426436829,63.607119623707604,4074.230063081129,12355.607426436829,-63.607119623707604,-4074.230063081129,12-18 h,WITHIN_CALIBRATED_SUPPORT,7861833180.8773,29.005502435074128,1099.4845501122445,16463.482857719835,2674.036596390996,ORBIT_DISTINCT,4.440892098500626e-16,0.0,0,0,SCORED,200,200,100,200,4,196,0,0.02,conditional verifier acceptance fraction under the controlled observation model
segment_local_heatmap_and_direction_sensitivity,orbit_unit_f6998bc7a2d72b5c8c91108f,65421,STARLINK-35146,REAL_B,65686,65421_20260310T064222Z:segment:0.0:59.0,2026-03-10T06:42:51.500000Z,315434193,2026-03-09T17:56:44.636640,2026-03-10T03:44:43,12.768573155555556,2.969027777777778,CAUSAL_GP:65421:315434193,STATIC_TLE:data/tle/starlink_tle.txt:65686,,0.0,0.0,0.0,8043.896166551772,3.6824166996996883,-4718.610207996423,2544.635467679549,-5996.9837068217485,4718.610207996423,-2544.635467679549,5996.9837068217485,12-18 h,WITHIN_CALIBRATED_SUPPORT,2202900933.1300125,29.005502435074128,1099.4845501122445,8714.797237619601,1415.4773291238748,ORBIT_DISTINCT,2.220446049250313e-16,0.0,0,0,SCORED,200,200,100,200,8,192,0,0.04,conditional verifier acceptance fraction under the controlled observation model
