segment_id,pass_id,satellite_norad_id,satellite_name,month,analysis_role,station_id,station_lat_deg,station_lon_deg,station_alt_m,carrier_freq_hz,visibility_threshold_deg,pass_start_utc,pass_end_utc,pass_duration_s,pass_max_public_elevation_deg,phase_label,segment_phase_fraction,segment_center_utc,segment_start_utc,segment_end_utc,sample_cadence_s,point_count,public_min_elevation_deg,public_mean_elevation_deg,public_max_elevation_deg,ordinary_gp_id,ordinary_gp_epoch,ordinary_gp_creation_date,element_age_hours,publication_age_hours,freshness_bin,ordinary_raw_path,ordinary_raw_sha256,reference_epoch,reference_abs_epoch_separation_hours,reference_source_path,reference_source_sha256,reference_source_row_index,population_selection_uses_science_outcome,population_status,raw_mean_hz,raw_rms_hz,raw_p95_abs_hz,raw_max_abs_hz,raw_end_minus_start_hz,delta_b_orbit_hz,abs_delta_b_orbit_hz,delta_k_orbit_hz_per_s,abs_delta_k_orbit_hz_per_s,score_orbit_hz,projected_residual_rms_hz,raw_energy_hz2,projected_energy_hz2,projection_residual_ratio,explained_fraction,energy_status,linear_r2,quadratic_coefficient_hz_per_s2,quadratic_residual_rms_hz,curvature_gain_fraction,obvious_curvature_flag,reference_min_elevation_deg,reference_mean_elevation_deg,reference_max_elevation_deg,delta_vector_sha256,production_bk_gate_executed,final_verifier_decision,execution_status
legit_segment_006360522cac7ec1d47d2774,legit_pass_8b12913c26755f49056d9286,65411,STARLINK-34983,2026-06,CONFIRMATORY,controlled_example_station,52.21,5.16,14.0,11325000000.0,10.0,2026-06-01T06:05:05Z,2026-06-01T06:09:52Z,287.0,16.689893338126375,RISING_25_PERCENT,0.2508710801393728,2026-06-01T06:06:17Z,2026-06-01T06:05:47Z,2026-06-01T06:06:47Z,1.0,61,12.834063659572266,14.519885817942775,15.930620214112801,326367574,2026-05-31T09:14:51.463968Z,2026-05-31T16:26:43Z,20.857093342222225,13.659444444444444,18-24 h,data/orbit_uncertainty_stage1/raw/spacetrack_gp/spacetrack_gp_history_20260529_20260701_20sat_omm.json,1F5A8BA23D1C8AE605C4142F44E424711D1D85014DB46C28BBC18C3ABC326A96,2026-06-01T06:51:42.000019Z,0.7569444497222222,data/orbit_uncertainty_stage1/june/sat000065411.csv,26E105CAB95698D658010132E70DA6D62EE0D10BD67ED831612077EEE7C12C95,5,False,SELECTED_FROZEN,4539.423494870545,4565.070855351923,5255.5538902282715,5311.771390914917,1599.3425979614258,4539.423494870544,4539.423494870544,27.43282054354439,27.43282054354439,14.586270214545943,14.586270214545943,1271232186.7773955,12978.31600507676,1.0209241191396442e-05,0.9999897907588086,FINITE_NONZERO,0.9990888497415096,-0.04744366811266332,6.31264732771841,0.8127013942038164,True,12.571825136001321,14.29878170167242,15.770312790515144,0bba732c9b52e477263e2d59ce937bc3bc3063e052b6b1dfd77e1dbfd5e38673,False,NOT_APPLICABLE_STAGE_A,COMPLETE
legit_segment_007be5283dd8834bbf119f1c,legit_pass_cf1fab6d94663d4c4f53ed27,48111,STARLINK-2448,2026-06,CONFIRMATORY,controlled_example_station,52.21,5.16,14.0,11325000000.0,10.0,2026-06-10T21:07:33Z,2026-06-10T21:11:44Z,251.0,15.140696411684791,RISING_25_PERCENT,0.250996015936255,2026-06-10T21:08:36Z,2026-06-10T21:08:06Z,2026-06-10T21:09:06Z,1.0,61,12.018398488391455,13.506704119225212,14.69103995086178,328665097,2026-06-10T11:18:14.996160Z,2026-06-10T17:34:46Z,9.839167733333333,3.563888888888889,9-12 h,data/orbit_uncertainty_stage1/raw/spacetrack_gp/spacetrack_gp_history_20260529_20260701_20sat_omm.json,1F5A8BA23D1C8AE605C4142F44E424711D1D85014DB46C28BBC18C3ABC326A96,2026-06-10T19:31:42.000038Z,1.6149999894444445,data/orbit_uncertainty_stage1/june/sat000048111.csv,63E98DFF9634CD904EDA2CF3528E739282097399B04E926A453B20B62792D5D5,99,False,SELECTED_FROZEN,-76.401020550337,77.13373220953093,92.2648983001709,93.5529670715332,-35.14177894592285,-76.40102055033698,76.40102055033698,-0.6022509740812323,0.6022509740812323,0.24035462603665997,0.24035462603665997,362926.3713188694,3.5239911216905826,9.709934025693551e-06,0.9999902900659743,FINITE_NONZERO,0.9994864707632188,0.0007243355131790752,0.13216227027513378,0.6976499741492594,False,12.013627329449115,13.500503592840849,14.683155794457653,2aa9b6bcf4a8679418569809e40a85d97910874362497539e7db963ad1e04129,False,NOT_APPLICABLE_STAGE_A,COMPLETE
legit_segment_010c27af991f5073285f64fa,legit_pass_5a17c7801cd82b0fcabd0703,48458,STARLINK-2698,2026-06,CONFIRMATORY,controlled_example_station,52.21,5.16,14.0,11325000000.0,10.0,2026-06-06T19:28:24Z,2026-06-06T19:35:45Z,441.0,79.5525671528907,RISING_25_PERCENT,0.2494331065759637,2026-06-06T19:30:14Z,2026-06-06T19:29:44Z,2026-06-06T19:30:44Z,1.0,61,21.103960177478807,28.188062371416574,37.06314422804839,327592185,2026-06-06T14:30:00.771840Z,2026-06-06T17:50:36Z,5.003674488888889,1.6605555555555556,0-6 h,data/orbit_uncertainty_stage1/raw/spacetrack_gp/spacetrack_gp_history_20260529_20260701_20sat_omm.json,1F5A8BA23D1C8AE605C4142F44E424711D1D85014DB46C28BBC18C3ABC326A96,2026-06-06T18:23:41.999971Z,1.1088888969444444,data/orbit_uncertainty_stage1/june/sat000048458.csv,091BB60895838155D6E08F3AB53CB4B529B9EB7F826CA2A0FB9BFADE0198C1C6,59,False,SELECTED_FROZEN,-219.3843188989358,229.07562833490866,337.43490982055664,353.87646484375,-223.91127395629883,-219.38431889893576,219.38431889893576,-3.6917192429855743,3.6917192429855743,11.010854548306853,11.010854548306853,3201014.253319026,7395.573990922153,0.0023103845861523194,0.9976896154138477,FINITE_NONZERO,0.9721043857101606,-0.039485062443912256,1.2141938169112336,0.9878399885881826,True,21.16582052993689,28.273091266497655,37.1792940499624,5c21957055c8a12bedeb654ea43e5d0dd0ff1a8bf15c6f6e74a8b59a8247a7c1,False,NOT_APPLICABLE_STAGE_A,COMPLETE
legit_segment_0147cb8d85997ff86ca4d075,legit_pass_2bbe8abba8db3614f5ea4b75,65405,STARLINK-34830,2026-06,CONFIRMATORY,controlled_example_station,52.21,5.16,14.0,11325000000.0,10.0,2026-06-03T04:07:14Z,2026-06-03T04:14:17Z,423.0,44.91083086080674,PEAK,0.5011820330969267,2026-06-03T04:10:46Z,2026-06-03T04:10:16Z,2026-06-03T04:11:16Z,1.0,61,41.741634190182225,43.78219776373996,44.91083086080674,326775021,2026-06-02T22:00:01.999584Z,2026-06-03T03:08:42Z,6.178889004444444,1.0344444444444445,6-9 h,data/orbit_uncertainty_stage1/raw/spacetrack_gp/spacetrack_gp_history_20260529_20260701_20sat_omm.json,1F5A8BA23D1C8AE605C4142F44E424711D1D85014DB46C28BBC18C3ABC326A96,2026-06-03T05:03:42.000019Z,0.8822222275,data/orbit_uncertainty_stage1/june/sat000065405.csv,10707AFA6592FB845A94CB76E13C89BAD9EFA77F9A31B0B3C5036D80E7E87A62,25,False,SELECTED_FROZEN,155.5588089989834,155.83401455223662,164.92091941833496,165.02499389648438,-18.54876136779785,155.55880899898338,155.55880899898338,-0.329712825373706,0.329712825373706,7.210878216109431,7.210878216109431,1481338.6455794685,3171.8026435012534,0.0021411732239392913,0.9978588267760607,FINITE_NONZERO,0.3932489603438969,-0.02597927766271596,0.3879945657162455,0.9971048240396165,True,41.749985696821675,43.78017700059682,44.90896864819704,bad97f55246b02eae5cdeaab64fe8f53a186651d6b134bd84d9cdf1b1e0e3049,False,NOT_APPLICABLE_STAGE_A,COMPLETE
legit_segment_017a369ea7f49caa77e4413c,legit_pass_f006ecc6838fa87e10f8bfaa,47383,STARLINK-2103,2026-06,CONFIRMATORY,controlled_example_station,52.21,5.16,14.0,11325000000.0,10.0,2026-06-10T09:40:50Z,2026-06-10T09:48:08Z,438.0,87.28788024676078,PEAK,0.5,2026-06-10T09:44:29Z,2026-06-10T09:43:59Z,2026-06-10T09:44:59Z,1.0,61,64.58426701676181,76.32302452363268,87.28788024676078,328491992,2026-06-10T03:03:08.662176Z,2026-06-10T07:17:33Z,6.688982728888888,2.448888888888889,6-9 h,data/orbit_uncertainty_stage1/raw/spacetrack_gp/spacetrack_gp_history_20260529_20260701_20sat_omm.json,1F5A8BA23D1C8AE605C4142F44E424711D1D85014DB46C28BBC18C3ABC326A96,2026-06-10T10:10:41.999981Z,0.43694443916666664,data/orbit_uncertainty_stage1/june/sat000047383.csv,6A97ABED011A96AE20108B2FFAB622CC78ED39D918CC694CBFCE03E18290B2FA,97,False,SELECTED_FROZEN,446.24207943775616,447.83028839400873,490.6621837615967,491.0575828552246,-9.178693771362305,446.24207943775605,446.24207943775605,-0.16923845514048347,0.16923845514048347,37.564542179719496,37.564542179719496,12233669.999386724,86076.78457948742,0.007036055785696562,0.9929639442143035,FINITE_NONZERO,0.006252871227869439,-0.13521192856711872,2.58606810609519,0.9952605961618559,True,64.55652962094408,76.31747464076265,87.27062516245688,a6d7ff4f6f0fc9d5ed136abccd8ece1180b793b339c7cb371e7e8b9b2434fafd,False,NOT_APPLICABLE_STAGE_A,COMPLETE
legit_segment_01af25c4a5a4fa894897eeea,legit_pass_e0ad56b72a70760aee79b8f1,58380,STARLINK-30915,2026-06,CONFIRMATORY,controlled_example_station,52.21,5.16,14.0,11325000000.0,10.0,2026-06-03T01:09:16Z,2026-06-03T01:14:47Z,331.0,20.036369135811498,PEAK,0.4984894259818731,2026-06-03T01:12:01Z,2026-06-03T01:11:31Z,2026-06-03T01:12:31Z,1.0,61,19.489240231674827,19.85133463757997,20.036369135811498,326617437,2026-06-01T14:26:45.904416Z,2026-06-02T07:37:26Z,34.754193217777775,17.57638888888889,24-36 h,data/orbit_uncertainty_stage1/raw/spacetrack_gp/spacetrack_gp_history_20260529_20260701_20sat_omm.json,1F5A8BA23D1C8AE605C4142F44E424711D1D85014DB46C28BBC18C3ABC326A96,2026-06-03T00:14:41.999971Z,0.9552777858333332,data/orbit_uncertainty_stage1/june/sat000058380.csv,3EDD695EBC2FD369BB6D3F364CEB1C354CEB8FF41D75D9C0E85CB4203365E2E7,23,False,SELECTED_FROZEN,1347.4058441724933,1347.5947887194213,1371.6744918823242,1371.9467296600342,27.8049259185791,1347.4058441724928,1347.4058441724928,0.4791820301195125,0.4791820301195125,20.929044268091804,20.929044268091804,110776714.58960825,26719.518532520528,0.00024120157951522273,0.9997587984204848,FINITE_NONZERO,0.13978787604650555,-0.07548780551376355,0.533411862533155,0.9993504291217137,True,19.459433305322325,19.85009608215759,20.03593189685959,c9a6bbf57a5c4781396d1ba48751c8fce94ae9f7998db91abb8c427b867d7fc7,False,NOT_APPLICABLE_STAGE_A,COMPLETE
legit_segment_01f1290aba02d7ebbdb3f999,legit_pass_000782383df3dd27a022149f,48111,STARLINK-2448,2026-06,CONFIRMATORY,controlled_example_station,52.21,5.16,14.0,11325000000.0,10.0,2026-06-01T00:25:02Z,2026-06-01T00:30:40Z,338.0,22.57884478416862,RISING_25_PERCENT,0.2514792899408284,2026-06-01T00:26:27Z,2026-06-01T00:25:57Z,2026-06-01T00:26:57Z,1.0,61,15.012708060277113,17.773485306409057,20.348416295286484,326328513,2026-05-31T05:15:58.027104Z,2026-05-31T16:16:51Z,19.174714693333335,8.16,18-24 h,data/orbit_uncertainty_stage1/raw/spacetrack_gp/spacetrack_gp_history_20260529_20260701_20sat_omm.json,1F5A8BA23D1C8AE605C4142F44E424711D1D85014DB46C28BBC18C3ABC326A96,2026-06-01T03:01:42.000038Z,2.5875000105555555,data/orbit_uncertainty_stage1/june/sat000048111.csv,63E98DFF9634CD904EDA2CF3528E739282097399B04E926A453B20B62792D5D5,2,False,SELECTED_FROZEN,1633.4254572196085,1654.3790173826328,2043.8983554840088,2081.5714149475098,870.4084911346436,1633.4254572196082,1633.4254572196082,14.9015042752327,14.9015042752327,7.3628572413933435,7.3628572413933435,166955165.92251146,3306.9116721854425,1.980718388624328e-05,0.9999801928161137,FINITE_NONZERO,0.9992130829513375,0.02411668628903385,3.0875880026661773,0.8241485598124906,True,14.879095980012416,17.646428747708537,20.240120617114805,f11be27467678b60ed00edc34e191b310ccc6236f6a9f5ecb3c9391b67b77d6e,False,NOT_APPLICABLE_STAGE_A,COMPLETE
legit_segment_01f4f67a8920e74022dec0a0,legit_pass_bc99dddd596326bfc1da4d8c,65410,STARLINK-35024,2026-06,CONFIRMATORY,controlled_example_station,52.21,5.16,14.0,11325000000.0,10.0,2026-06-01T01:32:51Z,2026-06-01T01:40:14Z,443.0,89.4057445466526,PEAK,0.49887133182844245,2026-06-01T01:36:32Z,2026-06-01T01:36:02Z,2026-06-01T01:37:02Z,1.0,61,64.83707289730702,76.92474674726284,89.4057445466526,326441204,2026-05-31T20:00:01.999008Z,2026-06-01T00:06:54Z,5.6083336088888895,1.4938888888888888,0-6 h,data/orbit_uncertainty_stage1/raw/spacetrack_gp/spacetrack_gp_history_20260529_20260701_20sat_omm.json,1F5A8BA23D1C8AE605C4142F44E424711D1D85014DB46C28BBC18C3ABC326A96,2026-06-01T00:19:42.000038Z,1.280555545,data/orbit_uncertainty_stage1/june/sat000065410.csv,480E0881CFF425F783D504E2B784746BB847F6C9A822B6001FD1AFCD7FF9CBC4,2,False,SELECTED_FROZEN,-340.3702284390809,342.0731110064553,376.58071517944336,376.98831367492676,59.96893501281738,-340.3702284390809,340.3702284390809,1.1066439329537694,1.1066439329537694,27.972772828522757,27.972772828522757,7137854.809691717,47731.03720268461,0.006687028312466628,0.9933129716875334,FINITE_NONZERO,0.32668275509534683,0.10058201795244748,2.308269264280335,0.9931907089007608,True,64.9144748607047,76.92923754613619,89.43565489127164,fac6973174cf95e7e1de0182e669fc01697e6ee09ff161144e9bd3e176415355,False,NOT_APPLICABLE_STAGE_A,COMPLETE
legit_segment_029755a3c5b0fc15a60a36a3,legit_pass_ea3dc6417915507c3e5b73dc,65693,STARLINK-35060,2026-06,CONFIRMATORY,controlled_example_station,52.21,5.16,14.0,11325000000.0,10.0,2026-06-26T21:09:48Z,2026-06-26T21:16:35Z,407.0,34.74457508294117,PEAK,0.4987714987714988,2026-06-26T21:13:11Z,2026-06-26T21:12:41Z,2026-06-26T21:13:41Z,1.0,61,33.05972775492706,34.15981475139964,34.74457508294117,331499297,2026-06-26T17:47:38.131584Z,2026-06-26T20:06:42Z,3.425796782222222,1.1080555555555556,0-6 h,data/orbit_uncertainty_stage1/raw/spacetrack_gp/spacetrack_gp_history_20260529_20260701_20sat_omm.json,1F5A8BA23D1C8AE605C4142F44E424711D1D85014DB46C28BBC18C3ABC326A96,2026-06-26T20:27:41.999962Z,0.7580555661111111,data/orbit_uncertainty_stage1/june/sat000065693.csv,D31425DC1D7BF768E17AFC34A7D7E516943AB5AC5C7598CCE830821EDB62E3E7,263,False,SELECTED_FROZEN,342.39231928841014,342.6289345498468,355.8207149505615,355.920597076416,20.51089096069336,342.39231928841,342.39231928841,0.35998899781596827,0.35998899781596827,11.041419234707762,11.041419234707762,7161069.794236555,7436.689261711046,0.0010384885883525836,0.9989615114116475,FINITE_NONZERO,0.24785252656469892,-0.03980823132272554,0.42404789513224944,0.9985250407441647,True,33.04438853902526,34.15940652381517,34.74399193991618,5df2b14892a6d626b6f81bdaf64df4df6725af926804d9fa301febe8914716da,False,NOT_APPLICABLE_STAGE_A,COMPLETE
legit_segment_02c032704595d27d14828cc9,legit_pass_746e29a7adfe14901f629854,48309,STARLINK-2517,2026-06,CONFIRMATORY,controlled_example_station,52.21,5.16,14.0,11325000000.0,10.0,2026-06-19T07:39:52Z,2026-06-19T07:46:48Z,416.0,38.90072873924975,SETTING_75_PERCENT,0.75,2026-06-19T07:45:04Z,2026-06-19T07:44:34Z,2026-06-19T07:45:34Z,1.0,61,18.790314157366073,23.63999506117799,28.95347521450654,330620351,2026-06-19T04:17:28.274208Z,2026-06-19T06:47:17Z,3.459923831111111,0.9630555555555556,0-6 h,data/orbit_uncertainty_stage1/raw/spacetrack_gp/spacetrack_gp_history_20260529_20260701_20sat_omm.json,1F5A8BA23D1C8AE605C4142F44E424711D1D85014DB46C28BBC18C3ABC326A96,2026-06-19T08:16:42.000038Z,0.5272222327777778,data/orbit_uncertainty_stage1/june/sat000048309.csv,79D62147447BEB30EC557417B61811EF138EF8094DC33D3F68D9F90E474F7689,188,False,SELECTED_FROZEN,-271.8411708581643,284.38123971939655,415.4458122253418,432.98541831970215,280.57104873657227,-271.8411708581642,271.8411708581642,4.7072500612167145,4.7072500612167145,10.296812990801081,10.296812990801081,4933234.059764793,6467.485823819326,0.001311003237524814,0.9986889967624751,FINITE_NONZERO,0.9847995219631348,-0.037092541878541496,0.5777548167899775,0.9968516609262947,True,18.75664337662095,23.59866382609387,28.90591210382777,6a71d925f7f7699ef2ba12e4e20e791594b5a05404c2e5eb1a5e1aa845966dd7,False,NOT_APPLICABLE_STAGE_A,COMPLETE
legit_segment_031f460f1c2c1db6986858d0,legit_pass_814c978060dd8488bf492628,48672,STARLINK-2705,2026-06,CONFIRMATORY,controlled_example_station,52.21,5.16,14.0,11325000000.0,10.0,2026-06-01T16:47:06Z,2026-06-01T16:54:28Z,442.0,88.7873591106956,PEAK,0.5,2026-06-01T16:50:47Z,2026-06-01T16:50:17Z,2026-06-01T16:51:17Z,1.0,61,64.67933309112966,76.83863778082349,88.7873591106956,326542936,2026-06-01T03:58:06.459456Z,2026-06-01T10:22:25Z,12.877927928888889,6.472777777777778,12-18 h,data/orbit_uncertainty_stage1/raw/spacetrack_gp/spacetrack_gp_history_20260529_20260701_20sat_omm.json,1F5A8BA23D1C8AE605C4142F44E424711D1D85014DB46C28BBC18C3ABC326A96,2026-06-01T16:52:42.000010Z,0.03194444722222222,data/orbit_uncertainty_stage1/june/sat000048672.csv,9CCC0F6B332261080A38A7EF3636C88202FADE4135B08985F943785C7A1E9415,8,False,SELECTED_FROZEN,3029.213158935797,3040.2031498857777,3326.1617374420166,3330.209077835083,212.5701961517334,3029.2131589357964,3029.2131589357964,3.924295177489974,3.924295177489974,248.85498103753304,248.85498103753304,563812946.7470996,3777656.8968186467,0.006700195372620857,0.9932998046273791,FINITE_NONZERO,0.07157160643032412,-0.8956741925757585,17.404709029840678,0.9951085135082596,True,64.73223006989774,76.8564879872887,88.82809726413598,0abb5d7c8343590687e42951a856ac901edb14fcbf6094220427b86f479dc7b0,False,NOT_APPLICABLE_STAGE_A,COMPLETE
legit_segment_035d4dbeabf385775e707b5f,legit_pass_50fdc2c27918b3b0cdb8c285,48672,STARLINK-2705,2026-06,CONFIRMATORY,controlled_example_station,52.21,5.16,14.0,11325000000.0,10.0,2026-06-02T21:10:50Z,2026-06-02T21:14:34Z,224.0,13.508460057328776,RISING_25_PERCENT,0.25,2026-06-02T21:11:46Z,2026-06-02T21:11:16Z,2026-06-02T21:12:16Z,1.0,61,11.320759614733008,12.448521564356371,13.289561084163854,326644700,2026-06-02T00:19:35.988672Z,2026-06-02T10:48:41Z,20.869447591111108,10.384722222222223,18-24 h,data/orbit_uncertainty_stage1/raw/spacetrack_gp/spacetrack_gp_history_20260529_20260701_20sat_omm.json,1F5A8BA23D1C8AE605C4142F44E424711D1D85014DB46C28BBC18C3ABC326A96,2026-06-02T21:13:42.000010Z,0.032222225,data/orbit_uncertainty_stage1/june/sat000048672.csv,9CCC0F6B332261080A38A7EF3636C88202FADE4135B08985F943785C7A1E9415,20,False,SELECTED_FROZEN,377.6552268794326,378.57715612611605,414.2755947113037,416.5473003387451,87.00421905517578,377.6552268794325,377.6552268794325,1.4940066960424045,1.4940066960424045,2.2924634692653463,2.2924634692653463,8742560.451572796,320.5787142328826,3.666874435797697e-05,0.9999633312556421,FINITE_NONZERO,0.9924620720037515,-0.008164474142408285,0.3671586882236971,0.9743490903246519,True,11.307137292858059,12.439647333096561,13.286416693219723,9707d750498b861302c63aa4527e168c51f8bc36cab50094b2f4a2e610deedd0,False,NOT_APPLICABLE_STAGE_A,COMPLETE
legit_segment_037f6a99132b413934b7026b,legit_pass_202880fd00351c4afaee58f3,48458,STARLINK-2698,2026-06,CONFIRMATORY,controlled_example_station,52.21,5.16,14.0,11325000000.0,10.0,2026-06-01T18:50:42Z,2026-06-01T18:53:11Z,149.0,11.428843519999424,PEAK,0.4966442953020134,2026-06-01T18:51:56Z,2026-06-01T18:51:26Z,2026-06-01T18:52:26Z,1.0,61,11.181472989162389,11.345735235334793,11.428843519999424,326577316,2026-06-01T09:13:09.424704Z,2026-06-01T18:19:01Z,9.646270915555556,0.5486111111111112,9-12 h,data/orbit_uncertainty_stage1/raw/spacetrack_gp/spacetrack_gp_history_20260529_20260701_20sat_omm.json,1F5A8BA23D1C8AE605C4142F44E424711D1D85014DB46C28BBC18C3ABC326A96,2026-06-01T18:15:42.000019Z,0.603888883611111,data/orbit_uncertainty_stage1/june/sat000048458.csv,091BB60895838155D6E08F3AB53CB4B529B9EB7F826CA2A0FB9BFADE0198C1C6,8,False,SELECTED_FROZEN,-320.2604841326104,320.30673799640675,325.1304054260254,325.1657257080078,15.510725021362305,-320.2604841326104,320.2604841326104,0.2647420727847312,0.2647420727847312,2.810927936298651,2.810927936298651,6258380.790759825,481.98026764691576,7.701357328057357e-05,0.9999229864267194,FINITE_NONZERO,0.7333223040153884,0.010138288618435631,0.07473763196976314,0.9992930653919863,True,11.192026543977178,11.352332937871838,11.43544356562222,4163fa392a34ef77ec5b937475c845d1d648363a130f9c3967563436ceb03c46,False,NOT_APPLICABLE_STAGE_A,COMPLETE
legit_segment_04f22285d8c186e8eb1c9ee1,legit_pass_5ab238793a5db7777996ab67,58380,STARLINK-30915,2026-06,CONFIRMATORY,controlled_example_station,52.21,5.16,14.0,11325000000.0,10.0,2026-06-01T03:44:46Z,2026-06-01T03:52:10Z,444.0,77.42484125853215,SETTING_75_PERCENT,0.75,2026-06-01T03:50:19Z,2026-06-01T03:49:49Z,2026-06-01T03:50:49Z,1.0,61,21.094248400508018,28.058392289863406,36.7395758231309,326422776,2026-05-31T13:21:55.128384Z,2026-06-01T00:06:54Z,14.47329767111111,3.723611111111111,12-18 h,data/orbit_uncertainty_stage1/raw/spacetrack_gp/spacetrack_gp_history_20260529_20260701_20sat_omm.json,1F5A8BA23D1C8AE605C4142F44E424711D1D85014DB46C28BBC18C3ABC326A96,2026-06-01T02:55:42.000010Z,0.910277775,data/orbit_uncertainty_stage1/june/sat000058380.csv,3EDD695EBC2FD369BB6D3F364CEB1C354CEB8FF41D75D9C0E85CB4203365E2E7,3,False,SELECTED_FROZEN,-97.73336698188156,105.82144683447176,171.7815818786621,182.66439819335938,138.27440452575684,-97.73336698188155,97.73336698188155,2.2626602165791057,2.2626602165791057,7.699473960080657,7.699473960080657,683088.8952185969,3616.195854979567,0.005293887633500965,0.9947061123664991,FINITE_NONZERO,0.9639923066542857,-0.027558684488318885,0.9695776578061086,0.9841421943928843,True,21.058141270727663,28.005854754103844,36.66381582903286,4cd7d92c050cd787bb4795be061925cdafdd6ce08a6d16d561788d90f994627c,False,NOT_APPLICABLE_STAGE_A,COMPLETE
legit_segment_0537fea3dd8895f5bb929cc8,legit_pass_b41cbb1a998605ed4d23f488,65686,STARLINK-35137,2026-06,CONFIRMATORY,controlled_example_station,52.21,5.16,14.0,11325000000.0,10.0,2026-06-04T11:55:07Z,2026-06-04T11:59:16Z,249.0,14.640930860943323,RISING_25_PERCENT,0.24899598393574296,2026-06-04T11:56:09Z,2026-06-04T11:55:39Z,2026-06-04T11:56:39Z,1.0,61,11.827719488709969,13.17898089319685,14.243510086867008,327025019,2026-06-03T15:05:49.254720Z,2026-06-04T06:26:29Z,20.838818133333334,5.4944444444444445,18-24 h,data/orbit_uncertainty_stage1/raw/spacetrack_gp/spacetrack_gp_history_20260529_20260701_20sat_omm.json,1F5A8BA23D1C8AE605C4142F44E424711D1D85014DB46C28BBC18C3ABC326A96,2026-06-04T11:22:41.999981Z,0.5575000052777778,data/orbit_uncertainty_stage1/june/sat000065686.csv,B6BC6FF15B3CA146A8A5647889EB05C3E5134E71663266D0DFF94290D3AA7A5B,38,False,SELECTED_FROZEN,3237.012743215092,3249.3692910457444,3643.939332962036,3672.7788524627686,935.2100067138672,3237.0127432150907,3237.0127432150907,16.05359273917584,16.05359273917584,16.0237169621549,16.0237169621549,644062448.1650586,15662.32982227829,2.431802982288511e-05,0.9999756819701772,FINITE_NONZERO,0.9967964843387855,-0.05611340246616692,3.8576674457831546,0.9420407119657046,True,11.683049976508066,13.069753642756842,14.180581145947228,cf180896a79f7f116b17cf909b1c949d00e275ed6e5dd8528e4c7b82f3120ca2,False,NOT_APPLICABLE_STAGE_A,COMPLETE
legit_segment_0557c872e959ce59de74be63,legit_pass_d35c2cee8b8ed33010473fd0,47749,STARLINK-2163,2026-06,CONFIRMATORY,controlled_example_station,52.21,5.16,14.0,11325000000.0,10.0,2026-06-01T00:34:30Z,2026-06-01T00:40:16Z,346.0,81.71047543065858,SETTING_75_PERCENT,0.7514450867052023,2026-06-01T00:38:50Z,2026-06-01T00:38:20Z,2026-06-01T00:39:20Z,1.0,61,18.75285542044999,27.111851203221864,38.51315773432599,326401775,2026-05-31T20:00:01.999008Z,2026-05-31T23:56:49Z,4.646666942222223,0.7002777777777778,0-6 h,data/orbit_uncertainty_stage1/raw/spacetrack_gp/spacetrack_gp_history_20260529_20260701_20sat_omm.json,1F5A8BA23D1C8AE605C4142F44E424711D1D85014DB46C28BBC18C3ABC326A96,2026-06-01T02:57:42.000019Z,2.314444449722222,data/orbit_uncertainty_stage1/june/sat000047749.csv,0CE3EE486737D6898F4E0960379BB2CF5D672CBD2C80BC161C0E3F96D2261670,2,False,SELECTED_FROZEN,324.8246190430688,361.8940230244851,629.5882091522217,680.7845153808594,-550.2493305206299,324.82461904306865,324.82461904306865,-8.78391410942623,8.78391410942623,39.211416309805124,39.211416309805124,7989004.317951638,93789.64531027194,0.0117398416094885,0.9882601583905115,FINITE_NONZERO,0.9396008790433206,0.13936578177238168,6.746324594270272,0.9703987938303617,True,18.84121574356398,27.25659762323366,38.74688669473399,af0669ea8c1c85fa32984dc36e8c09d565bf611b2b44771098c9f030fdae3990,False,NOT_APPLICABLE_STAGE_A,COMPLETE
legit_segment_060af18f97110dc8b8d575cb,legit_pass_af63052065adc801b1bcae58,60265,STARLINK-32120,2026-06,CONFIRMATORY,controlled_example_station,52.21,5.16,14.0,11325000000.0,10.0,2026-06-03T14:13:11Z,2026-06-03T14:20:38Z,447.0,78.09517708929214,PEAK,0.4988814317673378,2026-06-03T14:16:54Z,2026-06-03T14:16:24Z,2026-06-03T14:17:24Z,1.0,61,62.97456235583855,71.93942982523438,78.09517708929214,326848612,2026-06-02T19:02:56.828256Z,2026-06-03T11:16:57Z,19.23254770666667,2.9991666666666665,18-24 h,data/orbit_uncertainty_stage1/raw/spacetrack_gp/spacetrack_gp_history_20260529_20260701_20sat_omm.json,1F5A8BA23D1C8AE605C4142F44E424711D1D85014DB46C28BBC18C3ABC326A96,2026-06-03T13:32:42Z,0.7366666666666667,data/orbit_uncertainty_stage1/june/sat000060265.csv,310CEC01430FB37300D0520AC911958B04898B003A2B2906A630DA9E075D20EF,29,False,SELECTED_FROZEN,14014.502921933034,14059.297931437002,15300.787748336792,15312.56630897522,987.4227142333984,14014.50292193303,14014.50292193303,19.236768856784902,19.236768856784902,1069.0414680750055,1069.0414680750055,12057495357.819435,69713829.28830172,0.005781783630801188,0.9942182163691988,FINITE_NONZERO,0.09122105680084913,-3.8471454164807746,76.8291068306819,0.9948350934855211,True,60.45601809269067,71.78196503815333,78.14361424129437,92d346f15a32cc3d628515c18cfc6c2b6033f6fc8737aa50926c501021927093,False,NOT_APPLICABLE_STAGE_A,COMPLETE
legit_segment_06192556911f9e8ff34375e8,legit_pass_5ec3b129c4f788a1e61f19a8,58380,STARLINK-30915,2026-06,CONFIRMATORY,controlled_example_station,52.21,5.16,14.0,11325000000.0,10.0,2026-06-09T01:22:58Z,2026-06-09T01:30:16Z,438.0,83.93810406277022,PEAK,0.5,2026-06-09T01:26:37Z,2026-06-09T01:26:07Z,2026-06-09T01:27:07Z,1.0,61,64.17933687981308,75.04420408725757,83.93810406277022,328153995,2026-06-08T20:00:03.000384Z,2026-06-08T23:46:52Z,5.442777671111111,1.6625,0-6 h,data/orbit_uncertainty_stage1/raw/spacetrack_gp/spacetrack_gp_history_20260529_20260701_20sat_omm.json,1F5A8BA23D1C8AE605C4142F44E424711D1D85014DB46C28BBC18C3ABC326A96,2026-06-09T02:08:42Z,0.7013888888888888,data/orbit_uncertainty_stage1/june/sat000058380.csv,3EDD695EBC2FD369BB6D3F364CEB1C354CEB8FF41D75D9C0E85CB4203365E2E7,81,False,SELECTED_FROZEN,365.84264330004083,367.1609118760003,402.1082134246826,402.4081344604492,19.284513473510742,365.8426433000407,365.8426433000407,0.35716519156566456,0.35716519156566456,30.442565445353523,30.442565445353523,8223235.247786578,56531.73724457258,0.006874634561839763,0.9931253654381602,FINITE_NONZERO,0.04092512052203501,-0.10957135798499057,2.1170521311401242,0.9951638405856684,True,64.17322164618749,75.04550877354492,83.938573398455,1897c7cae0eeaaa7a7dfa0dd720062e2c3aee4a066660179c1d2c8c5e7c5e158,False,NOT_APPLICABLE_STAGE_A,COMPLETE
legit_segment_06219c6b0a0dc3830ce59ad3,legit_pass_b60a7065cc86ebcc9061460d,60265,STARLINK-32120,2026-06,CONFIRMATORY,controlled_example_station,52.21,5.16,14.0,11325000000.0,10.0,2026-06-05T13:15:53Z,2026-06-05T13:23:20Z,447.0,75.80871671052242,PEAK,0.5011185682326622,2026-06-05T13:19:37Z,2026-06-05T13:19:07Z,2026-06-05T13:20:07Z,1.0,61,62.08839634684238,70.37182803620972,75.80871671052242,327266690,2026-06-05T06:38:59.086464Z,2026-06-05T11:08:39Z,6.677198204444444,2.182777777777778,6-9 h,data/orbit_uncertainty_stage1/raw/spacetrack_gp/spacetrack_gp_history_20260529_20260701_20sat_omm.json,1F5A8BA23D1C8AE605C4142F44E424711D1D85014DB46C28BBC18C3ABC326A96,2026-06-05T12:15:42.000019Z,1.0652777725,data/orbit_uncertainty_stage1/june/sat000060265.csv,310CEC01430FB37300D0520AC911958B04898B003A2B2906A630DA9E075D20EF,49,False,SELECTED_FROZEN,6518.347875219877,6536.889895488447,7093.805292129517,7101.297313690186,7.26887321472168,6518.347875219874,6518.347875219874,0.25215068355179004,0.25215068355179004,491.98655831805473,491.98655831805473,2606586699.8500767,14765097.187504327,0.005664533310307143,0.9943354666896929,FINITE_NONZERO,8.142169819147504e-05,-1.7715868482317036,30.918396057935606,0.9960506335067089,True,61.42514638652653,70.36585123222386,75.83096627718596,67236ae54843a25768b037e9ece9ca020315878aad82ffa10240e52ae4c4e536,False,NOT_APPLICABLE_STAGE_A,COMPLETE
legit_segment_0673c5a44796419a8191d471,legit_pass_af4aaaee0abbc3ee755724c9,47749,STARLINK-2163,2026-06,CONFIRMATORY,controlled_example_station,52.21,5.16,14.0,11325000000.0,10.0,2026-06-02T00:57:57Z,2026-06-02T01:03:30Z,333.0,45.02025119957367,SETTING_75_PERCENT,0.7507507507507507,2026-06-02T01:02:07Z,2026-06-02T01:01:37Z,2026-06-02T01:02:37Z,1.0,61,17.585503186593822,24.20747294346566,32.21772365118242,326577115,2026-06-01T14:00:01.999872Z,2026-06-01T18:19:01Z,11.034722257777778,6.718333333333334,9-12 h,data/orbit_uncertainty_stage1/raw/spacetrack_gp/spacetrack_gp_history_20260529_20260701_20sat_omm.json,1F5A8BA23D1C8AE605C4142F44E424711D1D85014DB46C28BBC18C3ABC326A96,2026-06-02T00:45:41.999990Z,0.27361111388888887,data/orbit_uncertainty_stage1/june/sat000047749.csv,0CE3EE486737D6898F4E0960379BB2CF5D672CBD2C80BC161C0E3F96D2261670,11,False,SELECTED_FROZEN,97.60662519736368,109.99842027498592,191.06734466552734,204.8392505645752,-172.25242805480957,97.60662519736364,97.60662519736364,-2.819921878933719,2.819921878933719,10.36782356882052,10.36782356882052,738078.8002425383,6556.997698805604,0.00888387215111845,0.9911161278488816,FINITE_NONZERO,0.9582166680430121,0.03714787774732198,1.218863374061058,0.9861791466819051,True,17.59364410714996,24.22247830747234,32.2406071376409,4f5bc6b6a7baeaadaa1765a1f2bf2d996ba295e9fada93d306405b82136e6d23,False,NOT_APPLICABLE_STAGE_A,COMPLETE
legit_segment_06844d92fbe1df7802f8d961,legit_pass_815da39796694753bb8df6b4,45230,STARLINK-1227,2026-06,CONFIRMATORY,controlled_example_station,52.21,5.16,14.0,11325000000.0,10.0,2026-06-01T09:37:10Z,2026-06-01T09:44:09Z,419.0,87.76526967726589,PEAK,0.5011933174224343,2026-06-01T09:40:40Z,2026-06-01T09:40:10Z,2026-06-01T09:41:10Z,1.0,61,62.97415487687894,75.71445203717089,87.76526967726589,326471307,2026-05-31T19:20:28.438944Z,2026-06-01T06:47:07Z,14.336544737777777,2.8925,12-18 h,data/orbit_uncertainty_stage1/raw/spacetrack_gp/spacetrack_gp_history_20260529_20260701_20sat_omm.json,1F5A8BA23D1C8AE605C4142F44E424711D1D85014DB46C28BBC18C3ABC326A96,2026-06-01T07:53:41.999971Z,1.7827777858333334,data/orbit_uncertainty_stage1/june/sat000045230.csv,A086445B48BCEA5D6D786487B3F9BAAB43C341130589A86BCBB60E49241950E8,5,False,SELECTED_FROZEN,-723.0500969183249,726.5838532699263,805.7494812011719,806.4616985321045,68.1546459197998,-723.0500969183248,723.0500969183248,1.294862107206817,1.294862107206817,67.84457338066031,67.84457338066031,32203369.845786996,280776.05436943186,0.008718840783246924,0.9912811592167531,FINITE_NONZERO,0.10146442158218927,0.24397441741116865,5.514404604627315,0.993393567158277,True,62.835624706369586,75.71601220640005,87.77400959615429,0116cb43f724acbbe974696b047b0f0dd153df49044d652ff20c4badc1a93edc,False,NOT_APPLICABLE_STAGE_A,COMPLETE
legit_segment_0749b6a0afe7b0aa17290584,legit_pass_8947393d22b91563fb34e440,45230,STARLINK-1227,2026-06,CONFIRMATORY,controlled_example_station,52.21,5.16,14.0,11325000000.0,10.0,2026-06-02T10:32:11Z,2026-06-02T10:39:08Z,417.0,74.91074643949632,RISING_25_PERCENT,0.24940047961630696,2026-06-02T10:33:55Z,2026-06-02T10:33:25Z,2026-06-02T10:34:25Z,1.0,61,20.452804037408637,27.666163899277073,36.80121543312366,326609912,2026-06-01T15:32:42.453312Z,2026-06-02T07:37:26Z,19.02015185777778,2.941388888888889,18-24 h,data/orbit_uncertainty_stage1/raw/spacetrack_gp/spacetrack_gp_history_20260529_20260701_20sat_omm.json,1F5A8BA23D1C8AE605C4142F44E424711D1D85014DB46C28BBC18C3ABC326A96,2026-06-02T10:14:42Z,0.3202777777777778,data/orbit_uncertainty_stage1/june/sat000045230.csv,A086445B48BCEA5D6D786487B3F9BAAB43C341130589A86BCBB60E49241950E8,15,False,SELECTED_FROZEN,-275.52704492162485,293.67708565348755,460.97397804260254,488.1978530883789,-346.41422843933105,-275.5270449216248,275.5270449216248,-5.668428113585363,5.668428113585363,19.2469269814288,19.2469269814288,5261020.0689134775,22597.09609193557,0.0042951929085878575,0.9957048070914122,FINITE_NONZERO,0.9641427358614512,-0.06888532597621921,2.434817464523066,0.9839966825937694,True,20.535165397487273,27.784211583317767,36.969144020514285,f575759f098a5db0a79dbe4e7cd7ae4437c203f6573ee1952dc6ffe875bd9136,False,NOT_APPLICABLE_STAGE_A,COMPLETE
legit_segment_0751643fcad9b6637af81549,legit_pass_4d12445535953f2bece2914f,65410,STARLINK-35024,2026-06,CONFIRMATORY,controlled_example_station,52.21,5.16,14.0,11325000000.0,10.0,2026-06-01T06:27:52Z,2026-06-01T06:30:44Z,172.0,11.92879649813667,PEAK,0.5,2026-06-01T06:29:18Z,2026-06-01T06:28:48Z,2026-06-01T06:29:48Z,1.0,61,11.670327007803243,11.841501415924283,11.92879649813667,326441204,2026-05-31T20:00:01.999008Z,2026-06-01T00:06:54Z,10.487778053333333,6.373333333333333,9-12 h,data/orbit_uncertainty_stage1/raw/spacetrack_gp/spacetrack_gp_history_20260529_20260701_20sat_omm.json,1F5A8BA23D1C8AE605C4142F44E424711D1D85014DB46C28BBC18C3ABC326A96,2026-06-01T05:44:42Z,0.7433333333333333,data/orbit_uncertainty_stage1/june/sat000065410.csv,480E0881CFF425F783D504E2B784746BB847F6C9A822B6001FD1AFCD7FF9CBC4,4,False,SELECTED_FROZEN,68.43300816270171,68.45743759015481,70.17329597473145,70.18177032470703,-5.712329864501953,68.43300816270171,68.43300816270171,-0.09747960692294265,0.09747960692294265,0.6312292342155817,0.6312292342155817,285871.66644600645,24.305471113831775,8.502231583843386e-05,0.9999149776841616,FINITE_NONZERO,0.8808517186897168,-0.0022762020082228024,0.021188338586721853,0.9988732706686597,False,11.66724909137665,11.837647324874654,11.924936350279701,d4aa663f5d04342dbfcfff9cbda89700dbe59f2fb59f8d9e0ae1d71c7da5210e,False,NOT_APPLICABLE_STAGE_A,COMPLETE
legit_segment_079db431f7c508e7de88d811,legit_pass_75d9a3f0035ab98629c3a32f,48309,STARLINK-2517,2026-06,CONFIRMATORY,controlled_example_station,52.21,5.16,14.0,11325000000.0,10.0,2026-06-06T15:40:51Z,2026-06-06T15:48:17Z,446.0,82.31522089725505,SETTING_75_PERCENT,0.7511210762331838,2026-06-06T15:46:26Z,2026-06-06T15:45:56Z,2026-06-06T15:46:56Z,1.0,61,21.127062210814653,28.15407349503679,36.94579912705286,327472821,2026-06-05T20:30:36.931104Z,2026-06-06T10:37:48Z,19.263630248888887,5.143888888888889,18-24 h,data/orbit_uncertainty_stage1/raw/spacetrack_gp/spacetrack_gp_history_20260529_20260701_20sat_omm.json,1F5A8BA23D1C8AE605C4142F44E424711D1D85014DB46C28BBC18C3ABC326A96,2026-06-06T16:11:42.000029Z,0.42111111916666666,data/orbit_uncertainty_stage1/june/sat000048309.csv,79D62147447BEB30EC557417B61811EF138EF8094DC33D3F68D9F90E474F7689,58,False,SELECTED_FROZEN,-143.79898887384132,152.6561924662562,236.52032852172852,249.82904815673828,174.36715698242188,-143.7989888738413,143.7989888738413,2.86312973722461,2.86312973722461,9.194303159008347,9.194303159008347,1421538.6989959737,5156.647845364803,0.003627511406482933,0.996372488593517,FINITE_NONZERO,0.9678054791326334,-0.03293710010017614,1.0949915043162346,0.9858164853875465,True,21.078659501172645,28.0873873203979,36.85381167849724,63f9dd5d1e2650db7ed76c2bcd747d399ffdf0f479cb933759b1555fbbae1d4c,False,NOT_APPLICABLE_STAGE_A,COMPLETE
legit_segment_080ab992a37c1cdb9b7f26af,legit_pass_411dc6e1d344be3b7f6f235d,60265,STARLINK-32120,2026-06,CONFIRMATORY,controlled_example_station,52.21,5.16,14.0,11325000000.0,10.0,2026-06-04T10:29:12Z,2026-06-04T10:35:40Z,388.0,28.480537686290738,PEAK,0.5,2026-06-04T10:32:26Z,2026-06-04T10:31:56Z,2026-06-04T10:32:56Z,1.0,61,27.424186373830064,28.111822871433723,28.480537686290738,327051091,2026-06-04T02:24:59.435424Z,2026-06-04T06:26:29Z,8.124045715555555,4.099166666666667,6-9 h,data/orbit_uncertainty_stage1/raw/spacetrack_gp/spacetrack_gp_history_20260529_20260701_20sat_omm.json,1F5A8BA23D1C8AE605C4142F44E424711D1D85014DB46C28BBC18C3ABC326A96,2026-06-04T09:27:41.999990Z,1.0788888916666668,data/orbit_uncertainty_stage1/june/sat000060265.csv,310CEC01430FB37300D0520AC911958B04898B003A2B2906A630DA9E075D20EF,37,False,SELECTED_FROZEN,17008.524543418258,17014.49349671128,17495.007627487183,17498.626211166382,587.208517074585,17008.524543418258,17008.524543418258,10.422422393726192,10.422422393726192,411.5913873220276,411.5913873220276,17659072325.927456,10333855.677177949,0.0005851867802820845,0.9994148132197179,FINITE_NONZERO,0.16581660458024328,-1.4841690066228193,14.001203922169603,0.9988428272310895,True,26.860809535035195,28.098017048635224,28.54605420228697,25a0f30066387efc8ca0a3dd128f0da0b6b53e0ad43594a2da640f561a3406e3,False,NOT_APPLICABLE_STAGE_A,COMPLETE
legit_segment_088698db11ca9db346f1111a,legit_pass_740dbf825d38dafd0c863393,65409,STARLINK-35022,2026-06,CONFIRMATORY,controlled_example_station,52.21,5.16,14.0,11325000000.0,10.0,2026-06-01T01:25:52Z,2026-06-01T01:33:14Z,442.0,87.05400545143078,RISING_25_PERCENT,0.251131221719457,2026-06-01T01:27:43Z,2026-06-01T01:27:13Z,2026-06-01T01:28:13Z,1.0,61,21.301409162944815,28.502187863569137,37.565097542332836,326441202,2026-05-31T20:00:01.999008Z,2026-06-01T00:06:54Z,5.461389164444444,1.3469444444444445,0-6 h,data/orbit_uncertainty_stage1/raw/spacetrack_gp/spacetrack_gp_history_20260529_20260701_20sat_omm.json,1F5A8BA23D1C8AE605C4142F44E424711D1D85014DB46C28BBC18C3ABC326A96,2026-06-01T01:29:42.000029Z,0.03305556361111111,data/orbit_uncertainty_stage1/june/sat000065409.csv,C82A923C1B14CF8F30B1B5DDBB30C6CB9AE3A8DB51A9A3F182BEC8348A9F0DF5,2,False,SELECTED_FROZEN,-102.60691536449995,106.77340244347636,155.48685836791992,162.8449993133545,-100.30151748657227,-102.60691536449994,102.60691536449994,-1.6540133610911505,1.6540133610911505,4.928968162994562,4.928968162994562,695434.1276307504,1481.9783562606535,0.0021310118347363143,0.9978689881652637,FINITE_NONZERO,0.9721512227172668,-0.017676672494695955,0.5401943623152761,0.9879887538043242,True,21.3332269446312,28.54470473146921,37.6220266773151,c0fff6e531394fa2d7c01e9c727d3d65330bb84c4482cd11ad31663d7f0b5182,False,NOT_APPLICABLE_STAGE_A,COMPLETE
legit_segment_08c967f37045cbf2f20bfff5,legit_pass_1871fd1399b657e473591c05,48458,STARLINK-2698,2026-06,CONFIRMATORY,controlled_example_station,52.21,5.16,14.0,11325000000.0,10.0,2026-06-01T00:11:55Z,2026-06-01T00:19:17Z,442.0,87.34596802503475,PEAK,0.5,2026-06-01T00:15:36Z,2026-06-01T00:15:06Z,2026-06-01T00:16:06Z,1.0,61,64.60652263891241,76.50950117536101,87.34596802503475,326329302,2026-05-31T06:35:49.627680Z,2026-05-31T16:16:51Z,17.6628812,7.979166666666667,12-18 h,data/orbit_uncertainty_stage1/raw/spacetrack_gp/spacetrack_gp_history_20260529_20260701_20sat_omm.json,1F5A8BA23D1C8AE605C4142F44E424711D1D85014DB46C28BBC18C3ABC326A96,2026-06-01T02:58:41.999981Z,2.718333328055556,data/orbit_uncertainty_stage1/june/sat000048458.csv,091BB60895838155D6E08F3AB53CB4B529B9EB7F826CA2A0FB9BFADE0198C1C6,2,False,SELECTED_FROZEN,2911.326027385524,2921.15658107282,3193.2150344848633,3195.783815383911,-53.06414604187012,2911.3260273855235,2911.3260273855235,-0.88417347747141,0.88417347747141,238.9438991977105,238.9438991977105,520522502.0398478,3482745.4047921435,0.006690864258785737,0.9933091357412143,FINITE_NONZERO,0.004226737028511396,-0.8601628503511146,16.06471925514112,0.995479833964356,True,64.00400954090979,76.48436958444552,87.35971084452686,300bbfe2f00dcd77bb0cafb4240bb45650f0d397f445cfdb3a60165836303ff7,False,NOT_APPLICABLE_STAGE_A,COMPLETE
legit_segment_0939f6db33ee720f985a4f82,legit_pass_1af11b00814d39262f53556b,65405,STARLINK-34830,2026-06,CONFIRMATORY,controlled_example_station,52.21,5.16,14.0,11325000000.0,10.0,2026-06-04T00:20:28Z,2026-06-04T00:27:50Z,442.0,87.29771420160442,PEAK,0.5,2026-06-04T00:24:09Z,2026-06-04T00:23:39Z,2026-06-04T00:24:39Z,1.0,61,64.72243012991294,76.48485148764392,87.29771420160442,326853902,2026-06-03T00:00:02.000160Z,2026-06-03T11:16:57Z,24.4019444,13.12,24-36 h,data/orbit_uncertainty_stage1/raw/spacetrack_gp/spacetrack_gp_history_20260529_20260701_20sat_omm.json,1F5A8BA23D1C8AE605C4142F44E424711D1D85014DB46C28BBC18C3ABC326A96,2026-06-04T00:19:42.000038Z,0.0741666561111111,data/orbit_uncertainty_stage1/june/sat000065405.csv,10707AFA6592FB845A94CB76E13C89BAD9EFA77F9A31B0B3C5036D80E7E87A62,32,False,SELECTED_FROZEN,9066.005453266082,9097.345673904347,9948.906909942627,9955.78318977356,397.1783275604248,9066.005453266082,9066.005453266082,7.677033539363013,7.677033539363013,742.2755621915595,742.2755621915595,5048463596.940873,33609353.623834535,0.006657342967511976,0.993342657032488,FINITE_NONZERO,0.03209597266574171,-2.6716398941737536,51.693960360497286,0.9951499157161026,True,63.28345991644979,76.43812042837266,87.31294589487361,9b284d06c302f98a04846b7cd50838af264688c4669995972b05a39e0922aed0,False,NOT_APPLICABLE_STAGE_A,COMPLETE
legit_segment_09b44795cfc64476d42ce5ca,legit_pass_28ec93ef9decc6bddf213e42,60265,STARLINK-32120,2026-06,CONFIRMATORY,controlled_example_station,52.21,5.16,14.0,11325000000.0,10.0,2026-06-01T18:28:33Z,2026-06-01T18:30:14Z,101.0,10.619642975430338,RISING_25_PERCENT,0.297029702970297,2026-06-01T18:29:03Z,2026-06-01T18:28:33Z,2026-06-01T18:29:33Z,1.0,61,10.016627466285062,10.445079208672635,10.619642975430338,326549442,2026-05-31T23:08:04.244928Z,2026-06-01T10:22:25Z,19.349654186666665,8.110555555555555,18-24 h,data/orbit_uncertainty_stage1/raw/spacetrack_gp/spacetrack_gp_history_20260529_20260701_20sat_omm.json,1F5A8BA23D1C8AE605C4142F44E424711D1D85014DB46C28BBC18C3ABC326A96,2026-06-01T19:16:42.000010Z,0.7941666694444445,data/orbit_uncertainty_stage1/june/sat000060265.csv,310CEC01430FB37300D0520AC911958B04898B003A2B2906A630DA9E075D20EF,9,False,SELECTED_FROZEN,-399.9780744646416,400.1764123648907,414.1017036437988,414.2172107696533,-40.57413101196289,-399.9780744646416,399.9780744646416,-0.695109394099711,0.695109394099711,2.98597876170267,2.98597876170267,9768610.821807338,543.880219085704,5.5676311504963615e-05,0.9999443236884951,FINITE_NONZERO,0.9438184298267353,0.010757649543748249,0.16171165166372595,0.9970670193558537,True,10.017184099395248,10.440606291638405,10.611675159188874,89e9f5be80c745fd4e958cfa5e484a1ef52321bf25e028aee4068a146c05b198,False,NOT_APPLICABLE_STAGE_A,COMPLETE
legit_segment_0a0b62efd8d6ef3e893709aa,legit_pass_3bae9af48601ebb8a03bd82e,47767,STARLINK-2185,2026-06,CONFIRMATORY,controlled_example_station,52.21,5.16,14.0,11325000000.0,10.0,2026-06-03T02:01:30Z,2026-06-03T02:07:33Z,363.0,33.03570096261693,RISING_25_PERCENT,0.25068870523415976,2026-06-03T02:03:01Z,2026-06-03T02:02:31Z,2026-06-03T02:03:31Z,1.0,61,17.21542710111005,21.7843247530404,26.64145376311034,326719990,2026-06-02T07:02:28.533120Z,2026-06-02T22:36:30Z,19.00901857777778,3.4419444444444443,18-24 h,data/orbit_uncertainty_stage1/raw/spacetrack_gp/spacetrack_gp_history_20260529_20260701_20sat_omm.json,1F5A8BA23D1C8AE605C4142F44E424711D1D85014DB46C28BBC18C3ABC326A96,2026-06-03T01:55:41.999981Z,0.12194444972222222,data/orbit_uncertainty_stage1/june/sat000047767.csv,6E26A6FFCB0389E48C81BEEAD935A847B2444F9441CBE4C1AD8107642DE7DD5F,23,False,SELECTED_FROZEN,997.1842340875844,1028.9429502932066,1424.0825881958008,1472.460994720459,847.3076248168945,997.1842340875844,997.1842340875844,14.332778630592035,14.332778630592035,25.77498458668191,25.77498458668191,64582139.29244339,40525.339657065095,0.0006275007316427945,0.9993724992683573,FINITE_NONZERO,0.989675543791174,0.09285724963769404,1.4103266911638614,0.9970060632445998,True,17.084397900682564,21.635824498726855,26.48464961909676,bc0f7297abc612169f33ae3f12e4917cc0063d27ac9e33d851a7d4c60f1c4bab,False,NOT_APPLICABLE_STAGE_A,COMPLETE
legit_segment_0a2733ea8906bdf5de7d4d2b,legit_pass_3e044755f6f62b0f987dc82c,48672,STARLINK-2705,2026-06,CONFIRMATORY,controlled_example_station,52.21,5.16,14.0,11325000000.0,10.0,2026-06-21T12:59:53Z,2026-06-21T13:06:37Z,404.0,34.86261914635035,RISING_25_PERCENT,0.25,2026-06-21T13:01:34Z,2026-06-21T13:01:04Z,2026-06-21T13:02:04Z,1.0,61,18.153930427131822,22.573589740184435,27.275871957623526,330889072,2026-06-20T11:30:26.051616Z,2026-06-20T16:06:57Z,25.51887455111111,20.91027777777778,24-36 h,data/orbit_uncertainty_stage1/raw/spacetrack_gp/spacetrack_gp_history_20260529_20260701_20sat_omm.json,1F5A8BA23D1C8AE605C4142F44E424711D1D85014DB46C28BBC18C3ABC326A96,2026-06-21T12:52:41.999981Z,0.14777778305555556,data/orbit_uncertainty_stage1/june/sat000048672.csv,9CCC0F6B332261080A38A7EF3636C88202FADE4135B08985F943785C7A1E9415,214,False,SELECTED_FROZEN,1170.7947897989243,1203.9530054802062,1641.5769805908203,1695.0265712738037,938.9928665161133,1170.794789798924,1170.794789798924,15.86260268414607,15.86260268414607,27.194278273938508,27.194278273938508,88419673.20369412,45111.25502126464,0.0005101947721220476,0.999489805227878,FINITE_NONZERO,0.9906082520377517,0.09798023504804654,1.4374478879980879,0.997205982360413,True,17.988967154962523,22.386991917800074,27.076253733787247,36319997143fc95c51606532cb95fe6a7bcfc98ae1e37b9214c43b977039f117,False,NOT_APPLICABLE_STAGE_A,COMPLETE
legit_segment_0a98280b6ea19b2a3b01f2fb,legit_pass_67427c197c30a031a6736472,65421,STARLINK-35146,2026-06,CONFIRMATORY,controlled_example_station,52.21,5.16,14.0,11325000000.0,10.0,2026-06-01T01:46:49Z,2026-06-01T01:54:11Z,442.0,83.5367745302046,SETTING_75_PERCENT,0.751131221719457,2026-06-01T01:52:21Z,2026-06-01T01:51:51Z,2026-06-01T01:52:51Z,1.0,61,21.11945723905363,28.190961708658804,37.061320420989034,326441216,2026-05-31T12:57:20.022048Z,2026-06-01T00:06:54Z,12.91693832,1.7575,12-18 h,data/orbit_uncertainty_stage1/raw/spacetrack_gp/spacetrack_gp_history_20260529_20260701_20sat_omm.json,1F5A8BA23D1C8AE605C4142F44E424711D1D85014DB46C28BBC18C3ABC326A96,2026-06-01T01:42:41.999962Z,0.1608333438888889,data/orbit_uncertainty_stage1/june/sat000065421.csv,47F2014ECBC8E7384C87E8BF3D80DB676A195CA775414C519EDF2550466E6CB3,2,False,SELECTED_FROZEN,586.4786678689425,631.5411990812537,1013.1319332122803,1075.5136413574219,-798.2805366516113,586.4786678689424,586.4786678689424,-13.071312168752756,13.071312168752756,43.82585663319535,43.82585663319535,24329501.45435625,117163.04828763695,0.004815678139046234,0.9951843218609537,FINITE_NONZERO,0.9650062187678735,0.15688086250298383,5.485566081237539,0.9843331359506567,True,21.312141670019063,28.47215441472469,37.46765179691561,6e87241da3a3fc3abcb3a48c44fad5548194f9a01057c80f19dd43e0ada5a814,False,NOT_APPLICABLE_STAGE_A,COMPLETE
legit_segment_0ab448fac0b062bd6dce7157,legit_pass_a01e5be85ac50df0f3de5883,48458,STARLINK-2698,2026-06,CONFIRMATORY,controlled_example_station,52.21,5.16,14.0,11325000000.0,10.0,2026-06-23T10:45:24Z,2026-06-23T10:48:27Z,183.0,12.212626023035838,RISING_25_PERCENT,0.25136612021857924,2026-06-23T10:46:10Z,2026-06-23T10:45:40Z,2026-06-23T10:46:40Z,1.0,61,10.680015313779357,11.55557882402514,12.144768850486583,330964544,2026-06-22T09:28:26.857056Z,2026-06-23T03:40:42Z,25.295317484444446,7.091111111111111,24-36 h,data/orbit_uncertainty_stage1/raw/spacetrack_gp/spacetrack_gp_history_20260529_20260701_20sat_omm.json,1F5A8BA23D1C8AE605C4142F44E424711D1D85014DB46C28BBC18C3ABC326A96,2026-06-23T10:40:42.000038Z,0.09111110055555555,data/orbit_uncertainty_stage1/june/sat000048458.csv,091BB60895838155D6E08F3AB53CB4B529B9EB7F826CA2A0FB9BFADE0198C1C6,233,False,SELECTED_FROZEN,3974.1117481169154,3978.9872791195844,4228.518434524536,4239.714191436768,644.2395401000977,3974.111748116915,3974.111748116915,11.070699363559223,11.070699363559223,27.961790198663543,27.961790198663543,965772725.811124,47693.56437795867,4.938383856088114e-05,0.9999506161614391,FINITE_NONZERO,0.9798362347261075,-0.10035825020723799,2.85794316972424,0.9895533455018086,True,10.550130417219403,11.471209620323423,12.113179082545493,12a151ee07179a231fce27cd1f3180b0491c5a9a25b94e4f7cfa2e489df790c7,False,NOT_APPLICABLE_STAGE_A,COMPLETE
legit_segment_0aec15921752deffdcf0b247,legit_pass_cf1fab6d94663d4c4f53ed27,48111,STARLINK-2448,2026-06,CONFIRMATORY,controlled_example_station,52.21,5.16,14.0,11325000000.0,10.0,2026-06-10T21:07:33Z,2026-06-10T21:11:44Z,251.0,15.140696411684791,PEAK,0.50199203187251,2026-06-10T21:09:39Z,2026-06-10T21:09:09Z,2026-06-10T21:10:09Z,1.0,61,14.761867138219392,15.010330362144346,15.140696411684791,328665097,2026-06-10T11:18:14.996160Z,2026-06-10T17:34:46Z,9.856667733333333,3.5813888888888887,9-12 h,data/orbit_uncertainty_stage1/raw/spacetrack_gp/spacetrack_gp_history_20260529_20260701_20sat_omm.json,1F5A8BA23D1C8AE605C4142F44E424711D1D85014DB46C28BBC18C3ABC326A96,2026-06-10T19:31:42.000038Z,1.6324999894444443,data/orbit_uncertainty_stage1/june/sat000048111.csv,63E98DFF9634CD904EDA2CF3528E739282097399B04E926A453B20B62792D5D5,99,False,SELECTED_FROZEN,-104.72430469950692,104.80617624695289,108.77518844604492,108.7857437133789,-13.014116287231445,-104.72430469950689,104.72430469950689,-0.22276985303615543,0.22276985303615543,1.3305631933300115,1.3305631933300115,670044.4093499485,107.99430309811801,0.00016117484392249456,0.9998388251560775,FINITE_NONZERO,0.896797361105057,0.0047965702169995295,0.055137019142774704,0.998282821052991,True,14.750041504125953,15.000318328481969,15.130651984830727,f646f4f6c3a8bcce78f15ee9b6777ad18e6bf6c8a3da421404be07f557103479,False,NOT_APPLICABLE_STAGE_A,COMPLETE
legit_segment_0b1563cc04811cccb1f5b600,legit_pass_ec490155f8bc556c0246e06e,65693,STARLINK-35060,2026-06,CONFIRMATORY,controlled_example_station,52.21,5.16,14.0,11325000000.0,10.0,2026-06-23T22:38:02Z,2026-06-23T22:45:08Z,426.0,45.877878027819854,RISING_25_PERCENT,0.2511737089201878,2026-06-23T22:39:49Z,2026-06-23T22:39:19Z,2026-06-23T22:40:19Z,1.0,61,19.79711602034289,25.38779990876543,31.767026590081915,330976525,2026-06-22T11:54:10.990656Z,2026-06-23T03:40:42Z,34.76055815111111,18.985277777777778,24-36 h,data/orbit_uncertainty_stage1/raw/spacetrack_gp/spacetrack_gp_history_20260529_20260701_20sat_omm.json,1F5A8BA23D1C8AE605C4142F44E424711D1D85014DB46C28BBC18C3ABC326A96,2026-06-23T23:17:42Z,0.6313888888888889,data/orbit_uncertainty_stage1/june/sat000065693.csv,D31425DC1D7BF768E17AFC34A7D7E516943AB5AC5C7598CCE830821EDB62E3E7,239,False,SELECTED_FROZEN,-2410.59810210056,2505.819192414167,3594.8887844085693,3742.4269218444824,-2301.920907974243,-2410.598102100559,2410.598102100559,-38.529053746147326,38.529053746147326,89.1927161968871,89.1927161968871,383026919.3293425,485275.7779772853,0.0012669495366721864,0.9987330504633278,FINITE_NONZERO,0.9830067325834798,-0.32116297893075796,5.647777153513997,0.995990443616553,True,20.236188093455915,25.93017551937622,32.410733508720384,a34225120b618484794dbe43e5932dffd2518d014e034cb3b2f4eaa9c8e0a2a1,False,NOT_APPLICABLE_STAGE_A,COMPLETE
legit_segment_0b319aa20921dfaa80694eb0,legit_pass_29fa69ebaf365610d85ab856,65407,STARLINK-35035,2026-06,CONFIRMATORY,controlled_example_station,52.21,5.16,14.0,11325000000.0,10.0,2026-06-05T20:58:35Z,2026-06-05T21:01:42Z,187.0,12.291176970530682,PEAK,0.49732620320855614,2026-06-05T21:00:08Z,2026-06-05T20:59:38Z,2026-06-05T21:00:38Z,1.0,61,12.027461909264854,12.20169384620034,12.291176970530682,327358352,2026-06-05T17:36:53.745696Z,2026-06-05T20:26:19Z,3.387292862222222,0.5636111111111111,0-6 h,data/orbit_uncertainty_stage1/raw/spacetrack_gp/spacetrack_gp_history_20260529_20260701_20sat_omm.json,1F5A8BA23D1C8AE605C4142F44E424711D1D85014DB46C28BBC18C3ABC326A96,2026-06-05T21:16:41.999981Z,0.27611110583333337,data/orbit_uncertainty_stage1/june/sat000065407.csv,1D5D20428BDA125132468A3B81A5A0011425555B1C761A0A7A4BD8F31D76DA01,51,False,SELECTED_FROZEN,830.8371158975069,830.885859583119,840.0631771087646,840.1499614715576,15.700885772705078,830.8371158975068,830.8371158975068,0.2675604557499314,0.2675604557499314,7.66850944264895,7.66850944264895,42112650.01096589,3587.168261391763,8.518030236657359e-05,0.9999148196976334,FINITE_NONZERO,0.27398611815532015,-0.027661366196623405,0.16927414813460306,0.9995127415712163,True,12.037788499024547,12.222978681571103,12.312774928770121,a8a6e07fe5eba4f3d1ee217697d251ccd28e3d1f181eab1a0265d0b15b3b104e,False,NOT_APPLICABLE_STAGE_A,COMPLETE
legit_segment_0bc2d9b53e3670812417f5a7,legit_pass_8c6a2d5e5eaf97dd1ac3db86,48458,STARLINK-2698,2026-06,CONFIRMATORY,controlled_example_station,52.21,5.16,14.0,11325000000.0,10.0,2026-06-01T20:25:31Z,2026-06-01T20:32:33Z,422.0,44.89141388672559,SETTING_75_PERCENT,0.7511848341232228,2026-06-01T20:30:48Z,2026-06-01T20:30:18Z,2026-06-01T20:31:18Z,1.0,61,19.376256796395854,24.821168524963024,31.02043419260341,326577316,2026-06-01T09:13:09.424704Z,2026-06-01T18:19:01Z,11.294048693333334,2.196388888888889,9-12 h,data/orbit_uncertainty_stage1/raw/spacetrack_gp/spacetrack_gp_history_20260529_20260701_20sat_omm.json,1F5A8BA23D1C8AE605C4142F44E424711D1D85014DB46C28BBC18C3ABC326A96,2026-06-01T21:40:42.000010Z,1.1650000027777776,data/orbit_uncertainty_stage1/june/sat000048458.csv,091BB60895838155D6E08F3AB53CB4B529B9EB7F826CA2A0FB9BFADE0198C1C6,9,False,SELECTED_FROZEN,-185.59691244656923,196.82840291208302,300.52872467041016,315.42341232299805,221.02959632873535,-185.59691244656918,185.59691244656918,3.6830223088539333,3.6830223088539333,9.495459530319003,9.495459530319003,2363226.6317681987,5499.988853207486,0.002327321797779639,0.9976726782022204,FINITE_NONZERO,0.9790082837129083,-0.034159724206397346,0.7251515199295867,0.994167892118632,True,19.345736129447037,24.78085798723549,30.969782584363248,d0d4fcaa277b5972ef1c5c76b53fc1d3826c2469b5bfe2c8fa229ea1256966a6,False,NOT_APPLICABLE_STAGE_A,COMPLETE
legit_segment_0cadb06dd0525369d77e8b2e,legit_pass_96adfd5b693bd860302288e4,48111,STARLINK-2448,2026-06,CONFIRMATORY,controlled_example_station,52.21,5.16,14.0,11325000000.0,10.0,2026-06-21T12:05:25Z,2026-06-21T12:12:23Z,418.0,78.51027540102822,RISING_25_PERCENT,0.2511961722488038,2026-06-21T12:07:10Z,2026-06-21T12:06:40Z,2026-06-21T12:07:40Z,1.0,61,20.64599095207453,28.01980305772162,37.41055570099806,330888880,2026-06-20T07:48:59.080320Z,2026-06-20T16:06:57Z,28.303033244444446,20.003611111111113,24-36 h,data/orbit_uncertainty_stage1/raw/spacetrack_gp/spacetrack_gp_history_20260529_20260701_20sat_omm.json,1F5A8BA23D1C8AE605C4142F44E424711D1D85014DB46C28BBC18C3ABC326A96,2026-06-21T12:35:42.000029Z,0.4755555636111111,data/orbit_uncertainty_stage1/june/sat000048111.csv,63E98DFF9634CD904EDA2CF3528E739282097399B04E926A453B20B62792D5D5,214,False,SELECTED_FROZEN,-266.45766311395363,281.75301919241383,433.0214538574219,457.25695419311523,-311.89928245544434,-266.4576631139536,266.4576631139536,-5.110373343190842,5.110373343190842,17.00422661531251,17.00422661531251,4842470.593266483,17637.76708987905,0.003642307526741533,0.9963576924732584,FINITE_NONZERO,0.9655168697467381,-0.060879083570594794,2.1061874928499735,0.9846580596240795,True,20.72376391482656,28.129328905424963,37.56421958017553,f22e8e4aab627efdfbeaa346ec69f09c10dc0f8abbd199db70c99dd0b216331e,False,NOT_APPLICABLE_STAGE_A,COMPLETE
legit_segment_0d44f222d018920e8c1dac42,legit_pass_61b6ca81ce28205dc84238bc,48111,STARLINK-2448,2026-06,CONFIRMATORY,controlled_example_station,52.21,5.16,14.0,11325000000.0,10.0,2026-06-09T16:54:47Z,2026-06-09T17:01:48Z,421.0,89.80380151818925,RISING_25_PERCENT,0.2494061757719715,2026-06-09T16:56:32Z,2026-06-09T16:56:02Z,2026-06-09T16:57:02Z,1.0,61,20.7082931116807,28.12267717790741,37.59887083392056,328347435,2026-06-09T11:57:18.216000Z,2026-06-09T16:06:37Z,4.9871622222222225,0.8319444444444445,0-6 h,data/orbit_uncertainty_stage1/raw/spacetrack_gp/spacetrack_gp_history_20260529_20260701_20sat_omm.json,1F5A8BA23D1C8AE605C4142F44E424711D1D85014DB46C28BBC18C3ABC326A96,2026-06-09T16:26:41.999971Z,0.4972222302777778,data/orbit_uncertainty_stage1/june/sat000048111.csv,63E98DFF9634CD904EDA2CF3528E739282097399B04E926A453B20B62792D5D5,88,False,SELECTED_FROZEN,-1.8916753237364723,1.9099419677718397,2.3358001708984375,2.383821487426758,-0.8714485168457031,-1.8916753237364718,1.8916753237364718,-0.014876756612615323,0.014876756612615323,0.02888329545381786,0.02888329545381786,222.52057753562622,0.05088893013262467,0.0002286931424329833,0.999771306857567,FINITE_NONZERO,0.9879865892715033,-0.00010373730099761877,0.0027519828292022906,0.9909218374640282,False,20.71008641619649,28.124549194868383,37.60080901387908,33e340cc14e9bb8e0d93c0030306d2ac522a35b8cfe6dbd94d6b88626bccfbac,False,NOT_APPLICABLE_STAGE_A,COMPLETE
legit_segment_0d680a789a676ee980c3cfd9,legit_pass_f951c4dd481fef1c39248d3a,65686,STARLINK-35137,2026-06,CONFIRMATORY,controlled_example_station,52.21,5.16,14.0,11325000000.0,10.0,2026-06-02T06:29:15Z,2026-06-02T06:35:59Z,404.0,36.280040450035095,SETTING_75_PERCENT,0.75,2026-06-02T06:34:18Z,2026-06-02T06:33:48Z,2026-06-02T06:34:48Z,1.0,61,18.26919947514404,22.8841089426765,27.86048511350108,326589309,2026-06-01T14:00:01.999872Z,2026-06-01T18:19:01Z,16.571111146666667,12.254722222222222,12-18 h,data/orbit_uncertainty_stage1/raw/spacetrack_gp/spacetrack_gp_history_20260529_20260701_20sat_omm.json,1F5A8BA23D1C8AE605C4142F44E424711D1D85014DB46C28BBC18C3ABC326A96,2026-06-02T07:35:41.999971Z,1.0233333252777779,data/orbit_uncertainty_stage1/june/sat000065686.csv,B6BC6FF15B3CA146A8A5647889EB05C3E5134E71663266D0DFF94290D3AA7A5B,15,False,SELECTED_FROZEN,-376.04653855620836,389.106177319404,545.6237869262695,565.5040645599365,335.0138969421387,-376.04653855620825,376.04653855620825,5.643821390616966,5.643821390616966,10.875426537201989,10.875426537201989,9235620.65091529,7214.769044330711,0.0007811894096814919,0.9992188105903185,FINITE_NONZERO,0.9881637723406366,-0.03919107810015898,0.535739816977052,0.9975733046846553,True,18.21486176938064,22.820864569100944,27.79081712164658,d017ae79e739d968cc44c8a6184ec0d8a2ba89e808d790087cec2ca20fc649a4,False,NOT_APPLICABLE_STAGE_A,COMPLETE
legit_segment_0dbbaa1c4d966f528ef6a12d,legit_pass_2c9498d3f6c1a54b15156bbe,60265,STARLINK-32120,2026-06,CONFIRMATORY,controlled_example_station,52.21,5.16,14.0,11325000000.0,10.0,2026-06-01T13:32:33Z,2026-06-01T13:40:00Z,447.0,86.03302205140432,RISING_25_PERCENT,0.2505592841163311,2026-06-01T13:34:25Z,2026-06-01T13:33:55Z,2026-06-01T13:34:55Z,1.0,61,21.4203783171915,28.559326486670734,37.51021486941596,326549442,2026-05-31T23:08:04.244928Z,2026-06-01T10:22:25Z,14.439098631111111,3.2,12-18 h,data/orbit_uncertainty_stage1/raw/spacetrack_gp/spacetrack_gp_history_20260529_20260701_20sat_omm.json,1F5A8BA23D1C8AE605C4142F44E424711D1D85014DB46C28BBC18C3ABC326A96,2026-06-01T14:29:41.999971Z,0.9213888808333334,data/orbit_uncertainty_stage1/june/sat000060265.csv,310CEC01430FB37300D0520AC911958B04898B003A2B2906A630DA9E075D20EF,7,False,SELECTED_FROZEN,-82.21262863034107,87.28341870263031,135.43927764892578,143.14789962768555,-99.80865478515625,-82.21262863034106,82.21262863034106,-1.636802845213037,1.636802845213037,5.380573606789169,5.380573606789169,464722.1060055391,1765.9849126226488,0.003800088030676982,0.996199911969323,FINITE_NONZERO,0.9663161327052836,-0.0192693939936055,0.6536939034614859,0.9852398179064424,True,21.449281459338025,28.59951517571703,37.56621787500449,bb9730bda470d1307d9fd46ccf1efe3595590e9630c80558d4faff569dafaf9f,False,NOT_APPLICABLE_STAGE_A,COMPLETE
legit_segment_0e7b445c6ea8cc775b3a5bfc,legit_pass_3377ddcba7d35d1d49a8bff4,47767,STARLINK-2185,2026-06,CONFIRMATORY,controlled_example_station,52.21,5.16,14.0,11325000000.0,10.0,2026-06-07T00:17:59Z,2026-06-07T00:24:11Z,372.0,38.97717151224011,SETTING_75_PERCENT,0.75,2026-06-07T00:22:38Z,2026-06-07T00:22:08Z,2026-06-07T00:23:08Z,1.0,61,18.065108104018382,23.418001588850004,29.411593771880174,327630762,2026-06-06T16:08:59.222688Z,2026-06-06T22:36:27Z,8.227438142222221,1.7697222222222222,6-9 h,data/orbit_uncertainty_stage1/raw/spacetrack_gp/spacetrack_gp_history_20260529_20260701_20sat_omm.json,1F5A8BA23D1C8AE605C4142F44E424711D1D85014DB46C28BBC18C3ABC326A96,2026-06-07T00:23:41.999971Z,0.017777769722222222,data/orbit_uncertainty_stage1/june/sat000047767.csv,6E26A6FFCB0389E48C81BEEAD935A847B2444F9441CBE4C1AD8107642DE7DD5F,62,False,SELECTED_FROZEN,414.18687929872607,433.63456637859696,636.520565032959,663.9637069702148,-431.06573486328125,414.186879298726,414.186879298726,-7.2290924672409735,7.2290924672409735,16.959806194681732,16.959806194681732,11470375.166659584,17545.73659583106,0.0015296567323125098,0.9984703432676875,FINITE_NONZERO,0.9825550626366861,0.06109473670702492,0.9522109137747174,0.9968477217937858,True,18.117355207061596,23.481891536596947,29.484150416395327,ee91e70da69d2b78f442c2d8e6f966d004d30d94b54148132d8413503b13d353,False,NOT_APPLICABLE_STAGE_A,COMPLETE
legit_segment_0f72dc27a0e26ab2a545bcd1,legit_pass_ec0929f91950c574d9fc3627,65407,STARLINK-35035,2026-06,CONFIRMATORY,controlled_example_station,52.21,5.16,14.0,11325000000.0,10.0,2026-06-01T01:01:02Z,2026-06-01T01:08:25Z,443.0,70.64276741058887,PEAK,0.49887133182844245,2026-06-01T01:04:43Z,2026-06-01T01:04:13Z,2026-06-01T01:05:13Z,1.0,61,59.68939869195802,66.41230814742616,70.64276741058887,326441198,2026-05-31T13:46:41.763072Z,2026-06-01T00:06:54Z,11.30034359111111,0.9636111111111111,9-12 h,data/orbit_uncertainty_stage1/raw/spacetrack_gp/spacetrack_gp_history_20260529_20260701_20sat_omm.json,1F5A8BA23D1C8AE605C4142F44E424711D1D85014DB46C28BBC18C3ABC326A96,2026-06-01T00:24:42.000019Z,0.6669444391666667,data/orbit_uncertainty_stage1/june/sat000065407.csv,1D5D20428BDA125132468A3B81A5A0011425555B1C761A0A7A4BD8F31D76DA01,2,False,SELECTED_FROZEN,3054.7206049434476,3062.9675850455883,3317.7913188934326,3319.9246578216553,46.483177185058594,3054.7206049434467,3054.7206049434467,0.877276377624962,0.877276377624962,224.08452084580213,224.08452084580213,572287996.0494401,3063046.2214442566,0.005352281093765313,0.9946477189062347,FINITE_NONZERO,0.0047288145200391485,-0.8069674263885714,13.793670071224497,0.9962109009995321,True,59.34073201333092,66.42393806255124,70.66151203651607,8f7f3dcb3358d8b65eb22b44bdf41fbd8d4619a08b894d03f0d4a50594de240d,False,NOT_APPLICABLE_STAGE_A,COMPLETE
legit_segment_0f950e7189c8902c804370bd,legit_pass_740dbf825d38dafd0c863393,65409,STARLINK-35022,2026-06,CONFIRMATORY,controlled_example_station,52.21,5.16,14.0,11325000000.0,10.0,2026-06-01T01:25:52Z,2026-06-01T01:33:14Z,442.0,87.05400545143078,PEAK,0.5,2026-06-01T01:29:33Z,2026-06-01T01:29:03Z,2026-06-01T01:30:03Z,1.0,61,64.82666874593569,76.41419285325996,87.05400545143078,326441202,2026-05-31T20:00:01.999008Z,2026-06-01T00:06:54Z,5.49194472,1.3775,0-6 h,data/orbit_uncertainty_stage1/raw/spacetrack_gp/spacetrack_gp_history_20260529_20260701_20sat_omm.json,1F5A8BA23D1C8AE605C4142F44E424711D1D85014DB46C28BBC18C3ABC326A96,2026-06-01T01:29:42.000029Z,0.0025000080555555556,data/orbit_uncertainty_stage1/june/sat000065409.csv,C82A923C1B14CF8F30B1B5DDBB30C6CB9AE3A8DB51A9A3F182BEC8348A9F0DF5,2,False,SELECTED_FROZEN,-431.6141448724465,433.75314906656934,477.4043598175049,477.91563415527344,75.0863094329834,-431.6141448724464,431.6141448724464,1.391452746540072,1.391452746540072,35.366942757008964,35.366942757008964,11476649.453835096,76300.05903863048,0.0066482869713454275,0.9933517130286545,FINITE_NONZERO,0.3242548682671327,0.1271587713095148,2.953518568209683,0.9930259609939631,True,64.74592509775393,76.41745290460682,87.04745294295158,41b3b94bd9ffe01894c1729bbaf0448eda144885a09579abfcff0cbf48b8af44,False,NOT_APPLICABLE_STAGE_A,COMPLETE
legit_segment_1025fc3659db140cd5cb60f9,legit_pass_b371d3116095f1e576079cc2,44714,STARLINK-1008,2026-06,CONFIRMATORY,controlled_example_station,52.21,5.16,14.0,11325000000.0,10.0,2026-06-21T12:16:04Z,2026-06-21T12:22:10Z,366.0,33.71656840106745,PEAK,0.5,2026-06-21T12:19:07Z,2026-06-21T12:18:37Z,2026-06-21T12:19:37Z,1.0,61,31.73692991476711,33.026936262374576,33.71656840106745,330879528,2026-06-20T09:43:48.440064Z,2026-06-20T15:56:36Z,26.588488871111114,20.37527777777778,24-36 h,data/orbit_uncertainty_stage1/raw/spacetrack_gp/spacetrack_gp_history_20260529_20260701_20sat_omm.json,1F5A8BA23D1C8AE605C4142F44E424711D1D85014DB46C28BBC18C3ABC326A96,2026-06-21T12:47:42Z,0.47638888888888886,data/orbit_uncertainty_stage1/june/sat000044714.csv,F91F0DA10678FA8B4BBDEBC15B9D96435ECFD92205FFA13417B9E47754646E40,215,False,SELECTED_FROZEN,274.0813100533407,274.5471453678574,289.44327545166016,289.61864280700684,37.37795066833496,274.0813100533407,274.0813100533407,0.6588834106953672,0.6588834106953672,10.999592307362018,10.999592307362018,4597944.236808005,7380.45288661884,0.0016051636354212323,0.9983948363645788,FINITE_NONZERO,0.5265845368393477,-0.039631563576999373,0.5796612541601276,0.9972228753900448,True,31.75521909771191,33.032742664247344,33.72222735381661,b8c1f27f68cec0af814357991317961ba7386ff5bb10917f058f45d07ad7d2f1,False,NOT_APPLICABLE_STAGE_A,COMPLETE
legit_segment_10315feb3e75e29ce9b85cd7,legit_pass_a9460e539bbc6c4ea60963c3,65686,STARLINK-35137,2026-06,CONFIRMATORY,controlled_example_station,52.21,5.16,14.0,11325000000.0,10.0,2026-06-02T13:01:48Z,2026-06-02T13:03:01Z,73.0,10.327661533991918,SETTING_75_PERCENT,0.589041095890411,2026-06-02T13:02:31Z,2026-06-02T13:02:01Z,2026-06-02T13:03:01Z,1.0,61,10.011636699416275,10.243009696645423,10.327661533991918,326656631,2026-06-02T06:00:02.999808Z,2026-06-02T10:48:41Z,7.041111164444445,2.2305555555555556,6-9 h,data/orbit_uncertainty_stage1/raw/spacetrack_gp/spacetrack_gp_history_20260529_20260701_20sat_omm.json,1F5A8BA23D1C8AE605C4142F44E424711D1D85014DB46C28BBC18C3ABC326A96,2026-06-02T13:43:42.000010Z,0.6863888916666667,data/orbit_uncertainty_stage1/june/sat000065686.csv,B6BC6FF15B3CA146A8A5647889EB05C3E5134E71663266D0DFF94290D3AA7A5B,18,False,SELECTED_FROZEN,209.81486983377425,209.87823500334653,214.8066806793213,214.83062171936035,-16.188093185424805,209.8148698337742,209.8148698337742,-0.27655366819917304,0.27655366819917304,1.698389243974749,1.698389243974749,2686981.2852153173,175.95608746699628,6.54846717523365e-05,0.9999345153282476,FINITE_NONZERO,0.8915343992855456,-0.006123815290885348,0.06136343003603302,0.9986945964382387,True,10.006490841145771,10.235300790284368,10.319429289306614,f8b114bfbca524b77e772a5308c94891a681c853ffc5892d9fe7fbc3e0c067c8,False,NOT_APPLICABLE_STAGE_A,COMPLETE
legit_segment_103b71f4cee8a8b7b9531085,legit_pass_95e6fcf9f120c392269616ee,65693,STARLINK-35060,2026-06,CONFIRMATORY,controlled_example_station,52.21,5.16,14.0,11325000000.0,10.0,2026-06-04T05:12:46Z,2026-06-04T05:18:50Z,364.0,24.157703056905323,RISING_25_PERCENT,0.25,2026-06-04T05:14:17Z,2026-06-04T05:13:47Z,2026-06-04T05:14:47Z,1.0,61,15.681917840580992,18.587034719258384,21.351191025827827,327021296,2026-06-03T21:09:00.026784Z,2026-06-04T04:32:25Z,8.088048115555555,0.6977777777777778,6-9 h,data/orbit_uncertainty_stage1/raw/spacetrack_gp/spacetrack_gp_history_20260529_20260701_20sat_omm.json,1F5A8BA23D1C8AE605C4142F44E424711D1D85014DB46C28BBC18C3ABC326A96,2026-06-04T06:13:42.000010Z,0.9902777805555556,data/orbit_uncertainty_stage1/june/sat000065693.csv,D31425DC1D7BF768E17AFC34A7D7E516943AB5AC5C7598CCE830821EDB62E3E7,35,False,SELECTED_FROZEN,507.0093472277532,514.1897635069711,642.1946411132812,655.0266742706299,284.50442123413086,507.0093472277531,507.0093472277531,4.860397807383024,4.860397807383024,3.0594111816213534,3.0594111816213534,16127857.886616645,570.9598034720157,3.5402085477564525e-05,0.9999645979145224,FINITE_NONZERO,0.9987235151978971,0.01056858127746807,0.8830725706694256,0.9166861716360342,True,15.646459806600097,18.55357158348463,21.323511259773117,da39153636a0e2d08df6917883ae66a022d37355b52c3f7d46b87ef367fa2d35,False,NOT_APPLICABLE_STAGE_A,COMPLETE
legit_segment_10481a4dd0cf3cd94de9ebc8,legit_pass_6c96b3d16fe326ec5b012572,65409,STARLINK-35022,2026-06,CONFIRMATORY,controlled_example_station,52.21,5.16,14.0,11325000000.0,10.0,2026-06-01T23:17:58Z,2026-06-01T23:24:15Z,377.0,26.968527975723482,PEAK,0.4986737400530504,2026-06-01T23:21:06Z,2026-06-01T23:20:36Z,2026-06-01T23:21:36Z,1.0,61,26.002974430690998,26.632527098047678,26.968527975723482,326554235,2026-06-01T04:16:47.216928Z,2026-06-01T10:22:25Z,19.07188418666667,12.978055555555555,18-24 h,data/orbit_uncertainty_stage1/raw/spacetrack_gp/spacetrack_gp_history_20260529_20260701_20sat_omm.json,1F5A8BA23D1C8AE605C4142F44E424711D1D85014DB46C28BBC18C3ABC326A96,2026-06-02T00:24:42.000019Z,1.0600000052777778,data/orbit_uncertainty_stage1/june/sat000065409.csv,C82A923C1B14CF8F30B1B5DDBB30C6CB9AE3A8DB51A9A3F182BEC8348A9F0DF5,11,False,SELECTED_FROZEN,1175.9616022891685,1176.307673896069,1207.4252662658691,1207.7065124511719,26.996469497680664,1175.9616022891685,1175.9616022891685,0.467953933401122,0.467953933401122,27.31610393703009,27.31610393703009,84405684.36367361,45516.34159221648,0.0005392568277286042,0.9994607431722714,FINITE_NONZERO,0.0833901763762408,-0.09851387592205996,0.8075225406088318,0.9991260797665718,True,25.978929461246537,26.645024711953884,26.98138110709534,0465564eb50ec0e96238bdce6cd47a48529869c018fb89b524c5b58b3fbc5e8e,False,NOT_APPLICABLE_STAGE_A,COMPLETE
legit_segment_1157ff0aeb764a1b047f1946,legit_pass_7c21a3de23e1bc1f4502547c,65407,STARLINK-35035,2026-06,CONFIRMATORY,controlled_example_station,52.21,5.16,14.0,11325000000.0,10.0,2026-06-05T22:33:47Z,2026-06-05T22:40:55Z,428.0,47.215409122448825,RISING_25_PERCENT,0.25,2026-06-05T22:35:34Z,2026-06-05T22:35:04Z,2026-06-05T22:36:04Z,1.0,61,19.762752348085375,25.42804869364231,31.94185044107845,327358352,2026-06-05T17:36:53.745696Z,2026-06-05T20:26:19Z,4.9778484177777775,2.154166666666667,0-6 h,data/orbit_uncertainty_stage1/raw/spacetrack_gp/spacetrack_gp_history_20260529_20260701_20sat_omm.json,1F5A8BA23D1C8AE605C4142F44E424711D1D85014DB46C28BBC18C3ABC326A96,2026-06-05T21:16:41.999981Z,1.3144444497222223,data/orbit_uncertainty_stage1/june/sat000065407.csv,1D5D20428BDA125132468A3B81A5A0011425555B1C761A0A7A4BD8F31D76DA01,51,False,SELECTED_FROZEN,669.4701945195433,701.0454253289132,1032.5390014648438,1079.0039501190186,701.2866916656494,669.4701945195432,669.4701945195432,11.699901931819184,11.699901931819184,28.968231015442893,28.968231015442893,29979345.99085041,51188.66289800812,0.0017074642960400377,0.9982925357039599,FINITE_NONZERO,0.9806084096962162,0.1042347062268334,2.1308492672821653,0.9945891996603945,True,19.646194322701948,25.278436793962328,31.757497603553347,b382c496753f547070c474aecfcd32eb9dca8ff865006c0a5598914706ef5412,False,NOT_APPLICABLE_STAGE_A,COMPLETE
legit_segment_115a735032694bb2eb532c69,legit_pass_fa16816d61d9b87e22f1b15f,48111,STARLINK-2448,2026-06,CONFIRMATORY,controlled_example_station,52.21,5.16,14.0,11325000000.0,10.0,2026-06-01T22:08:46Z,2026-06-01T22:15:50Z,424.0,85.42662149123208,SETTING_75_PERCENT,0.75,2026-06-01T22:14:04Z,2026-06-01T22:13:34Z,2026-06-01T22:14:34Z,1.0,61,20.723950086356798,28.045902938679248,37.366676900330546,326577200,2026-06-01T03:04:33.620160Z,2026-06-01T18:19:01Z,19.158438844444444,3.9175,18-24 h,data/orbit_uncertainty_stage1/raw/spacetrack_gp/spacetrack_gp_history_20260529_20260701_20sat_omm.json,1F5A8BA23D1C8AE605C4142F44E424711D1D85014DB46C28BBC18C3ABC326A96,2026-06-01T22:00:42.000019Z,0.22277777250000003,data/orbit_uncertainty_stage1/june/sat000048111.csv,63E98DFF9634CD904EDA2CF3528E739282097399B04E926A453B20B62792D5D5,10,False,SELECTED_FROZEN,-205.22718570271476,215.84459911788485,326.52101707458496,344.0596618652344,227.69423484802246,-205.22718570271476,205.22718570271476,3.733949615764974,3.733949615764974,12.188334572521137,12.188334572521137,2841922.3490699856,9061.885478754553,0.0031886464039807562,0.9968113535960192,FINITE_NONZERO,0.9667712606425284,-0.04364423671981976,1.4936810470842883,0.9849814845249785,True,20.66030774233286,27.957654597315003,37.244169631687505,1d50fd9d9029442f06784fa68f6981a90f856b1ed2ff8bed2c5e009fa8cc5ada,False,NOT_APPLICABLE_STAGE_A,COMPLETE
legit_segment_11770684bd87cd95d312fe03,legit_pass_6c96b3d16fe326ec5b012572,65409,STARLINK-35022,2026-06,CONFIRMATORY,controlled_example_station,52.21,5.16,14.0,11325000000.0,10.0,2026-06-01T23:17:58Z,2026-06-01T23:24:15Z,377.0,26.968527975723482,RISING_25_PERCENT,0.2493368700265252,2026-06-01T23:19:32Z,2026-06-01T23:19:02Z,2026-06-01T23:20:02Z,1.0,61,16.424250984557972,19.782396534305107,23.09321985840411,326554235,2026-06-01T04:16:47.216928Z,2026-06-01T10:22:25Z,19.04577307555556,12.951944444444445,18-24 h,data/orbit_uncertainty_stage1/raw/spacetrack_gp/spacetrack_gp_history_20260529_20260701_20sat_omm.json,1F5A8BA23D1C8AE605C4142F44E424711D1D85014DB46C28BBC18C3ABC326A96,2026-06-02T00:24:42.000019Z,1.0861111163888888,data/orbit_uncertainty_stage1/june/sat000065409.csv,C82A923C1B14CF8F30B1B5DDBB30C6CB9AE3A8DB51A9A3F182BEC8348A9F0DF5,11,False,SELECTED_FROZEN,628.9008984174885,640.9632926218701,828.662223815918,848.8897666931152,412.0231761932373,628.9008984174884,628.9008984174884,7.017784902269032,7.017784902269032,7.0935131384351475,7.0935131384351475,25060870.49180881,3069.3936473542753,0.00012247753518208844,0.9998775224648179,FINITE_NONZERO,0.9967150258154311,0.025316180079758333,1.0414331920110027,0.9784453946609998,True,16.37040682324923,19.728361808578946,23.044334731944286,010ff61917c72ce547814bde1fe5be4bd0887e04fa33c9e3e3422a4f6515978d,False,NOT_APPLICABLE_STAGE_A,COMPLETE
legit_segment_11ec60034694b8631cf3aaa4,legit_pass_f9e118fc607eea7d1dbcbc7f,58380,STARLINK-30915,2026-06,CONFIRMATORY,controlled_example_station,52.21,5.16,14.0,11325000000.0,10.0,2026-06-10T04:05:49Z,2026-06-10T04:12:48Z,419.0,45.03856516743013,PEAK,0.5011933174224343,2026-06-10T04:09:19Z,2026-06-10T04:08:49Z,2026-06-10T04:09:49Z,1.0,61,41.749409212171685,43.87576881678849,45.03856516743013,328451363,2026-06-09T22:00:01.999584Z,2026-06-10T02:40:42Z,6.154722337777778,1.4769444444444444,6-9 h,data/orbit_uncertainty_stage1/raw/spacetrack_gp/spacetrack_gp_history_20260529_20260701_20sat_omm.json,1F5A8BA23D1C8AE605C4142F44E424711D1D85014DB46C28BBC18C3ABC326A96,2026-06-10T04:17:41.999971Z,0.13972221416666666,data/orbit_uncertainty_stage1/june/sat000058380.csv,3EDD695EBC2FD369BB6D3F364CEB1C354CEB8FF41D75D9C0E85CB4203365E2E7,92,False,SELECTED_FROZEN,40.049268034637954,41.01261127071324,50.05143165588379,50.077232360839844,-27.513816833496094,40.04926803463795,40.04926803463795,-0.48976573308645166,0.48976573308645166,1.93146742338358,1.93146742338358,102604.09127780072,227.56455086311237,0.0022178896380162954,0.9977821103619837,FINITE_NONZERO,0.9522276005728287,-0.0068449338713120755,0.36249614932429486,0.9647765395604473,True,41.748677888797175,43.87254089559792,45.03556106422158,7eadbf16860562a7fda8f2415159ba5410d4236deb386fcea91970adfdcbc0d3,False,NOT_APPLICABLE_STAGE_A,COMPLETE
legit_segment_11f247f59bbe243911db3f8a,legit_pass_178d0b73c26dfe86d4994b7a,65407,STARLINK-35035,2026-06,CONFIRMATORY,controlled_example_station,52.21,5.16,14.0,11325000000.0,10.0,2026-06-01T22:55:07Z,2026-06-01T23:00:30Z,323.0,19.208411263265685,RISING_25_PERCENT,0.25077399380804954,2026-06-01T22:56:28Z,2026-06-01T22:55:58Z,2026-06-01T22:56:58Z,1.0,61,13.8987419478923,16.00275269238011,17.86138251400757,326554234,2026-06-01T03:53:10.688064Z,2026-06-01T10:22:25Z,19.05480887111111,12.5675,18-24 h,data/orbit_uncertainty_stage1/raw/spacetrack_gp/spacetrack_gp_history_20260529_20260701_20sat_omm.json,1F5A8BA23D1C8AE605C4142F44E424711D1D85014DB46C28BBC18C3ABC326A96,2026-06-01T22:55:41.999981Z,0.012777783055555556,data/orbit_uncertainty_stage1/june/sat000065407.csv,1D5D20428BDA125132468A3B81A5A0011425555B1C761A0A7A4BD8F31D76DA01,10,False,SELECTED_FROZEN,991.170126711736,998.3529946754395,1171.7479629516602,1186.7580184936523,395.91793060302734,991.1701267117357,991.1701267117357,6.78874467237484,6.78874467237484,1.8695136754993742,1.8695136754993742,60799230.820622504,213.19996435562996,3.506622723314365e-06,0.9999964933772767,FINITE_NONZERO,0.9997554259254953,-0.003859291728233849,1.5332788074783161,0.32735646357811976,True,13.826172619904824,15.938039696980372,17.809957911158662,91e138ef3f8f48a221ca736a5f9a0ccdcb49413f308b4a76db8126cdd0a5e062,False,NOT_APPLICABLE_STAGE_A,COMPLETE
legit_segment_11fe0525fa9d3307726812f4,legit_pass_8f9e234ac95176a3908e7f29,47844,STARLINK-2446,2026-06,CONFIRMATORY,controlled_example_station,52.21,5.16,14.0,11325000000.0,10.0,2026-06-07T02:13:24Z,2026-06-07T02:20:47Z,443.0,87.72818314266205,RISING_25_PERCENT,0.2505643340857788,2026-06-07T02:15:15Z,2026-06-07T02:14:45Z,2026-06-07T02:15:45Z,1.0,61,21.202903280423126,28.335577918028537,37.30350950482455,327630858,2026-06-06T19:35:25.892160Z,2026-06-06T22:36:27Z,6.663641066666667,3.6466666666666665,6-9 h,data/orbit_uncertainty_stage1/raw/spacetrack_gp/spacetrack_gp_history_20260529_20260701_20sat_omm.json,1F5A8BA23D1C8AE605C4142F44E424711D1D85014DB46C28BBC18C3ABC326A96,2026-06-07T01:12:41.999990Z,1.0425000027777778,data/orbit_uncertainty_stage1/june/sat000047844.csv,FE1F3D11E12AC1E3987E760842AEC279FE294DEAF66BE25CA508FB5254D084DD,64,False,SELECTED_FROZEN,221.95381802418194,234.6819647190167,359.9064712524414,379.72095108032227,259.4835624694824,221.95381802418188,221.95381802418188,4.259800619350297,4.259800619350297,13.67105777600313,13.67105777600313,3359613.0984270456,11400.767063603753,0.003393476191928629,0.9966065238080714,FINITE_NONZERO,0.9678434739372908,0.048968414694266826,1.6417994519147014,0.9855776518420702,True,21.131489744199865,28.235490351568306,37.16353096477161,6a62e1045a31c724789e96b2ac605b581d44d01b9b7eb4e541dbe3156b0fd990,False,NOT_APPLICABLE_STAGE_A,COMPLETE
legit_segment_1215b494672e98e70941129e,legit_pass_38820fc065d4877268a7d6c5,47749,STARLINK-2163,2026-06,CONFIRMATORY,controlled_example_station,52.21,5.16,14.0,11325000000.0,10.0,2026-06-01T02:09:48Z,2026-06-01T02:14:26Z,278.0,21.822261901368428,RISING_25_PERCENT,0.2517985611510791,2026-06-01T02:10:58Z,2026-06-01T02:10:28Z,2026-06-01T02:11:28Z,1.0,61,14.06191165000032,17.214865266675282,20.125535059066348,326401775,2026-05-31T20:00:01.999008Z,2026-05-31T23:56:49Z,6.182222497777778,2.2358333333333333,6-9 h,data/orbit_uncertainty_stage1/raw/spacetrack_gp/spacetrack_gp_history_20260529_20260701_20sat_omm.json,1F5A8BA23D1C8AE605C4142F44E424711D1D85014DB46C28BBC18C3ABC326A96,2026-06-01T02:57:42.000019Z,0.7788888941666667,data/orbit_uncertainty_stage1/june/sat000047749.csv,0CE3EE486737D6898F4E0960379BB2CF5D672CBD2C80BC161C0E3F96D2261670,2,False,SELECTED_FROZEN,600.3264219565469,612.0267601518794,787.2782573699951,804.0193195343018,392.4687213897705,600.326421956547,600.326421956547,6.759856540169558,6.759856540169558,4.39175424147894,4.39175424147894,22849182.06366238,1176.5378243704438,5.14914635058872e-05,0.9999485085364941,FINITE_NONZERO,0.9986402831264779,0.014254709469049054,1.9178993683146792,0.8092890746407105,True,14.015072234477731,17.16962473272995,20.088132045148594,fe8d098a7da2c43757956970ea03162a57abd525bcd0295e8da226285b118416,False,NOT_APPLICABLE_STAGE_A,COMPLETE
legit_segment_122f305bac35626872f08a99,legit_pass_2ae7e39cf8f6e70690e58fe8,48309,STARLINK-2517,2026-06,CONFIRMATORY,controlled_example_station,52.21,5.16,14.0,11325000000.0,10.0,2026-06-01T18:08:17Z,2026-06-01T18:15:41Z,444.0,79.78124367184824,PEAK,0.5,2026-06-01T18:11:59Z,2026-06-01T18:11:29Z,2026-06-01T18:12:29Z,1.0,61,63.37114314083594,72.95586106672167,79.78124367184824,326542819,2026-06-01T03:38:45.544992Z,2026-06-01T10:22:25Z,14.553737502222221,7.8261111111111115,12-18 h,data/orbit_uncertainty_stage1/raw/spacetrack_gp/spacetrack_gp_history_20260529_20260701_20sat_omm.json,1F5A8BA23D1C8AE605C4142F44E424711D1D85014DB46C28BBC18C3ABC326A96,2026-06-01T17:41:42.000029Z,0.5047222141666666,data/orbit_uncertainty_stage1/june/sat000048309.csv,79D62147447BEB30EC557417B61811EF138EF8094DC33D3F68D9F90E474F7689,8,False,SELECTED_FROZEN,4737.083650839133,4752.176686573824,5178.653602600098,5182.126176834106,205.87020111083984,4737.083650839132,4737.083650839132,3.970006089737532,3.970006089737532,371.93527848142884,371.93527848142884,1377574178.8853614,8438486.93412254,0.006125613461302233,0.9938743865386978,FINITE_NONZERO,0.034114191086873635,-1.3388847131538752,25.118949602047575,0.9954389146210457,True,62.48440090102642,72.92598252181729,79.77669919478701,6a37e5785149f19b06a6827db7e816bd19e79f788338cc2e3932379fab714492,False,NOT_APPLICABLE_STAGE_A,COMPLETE
legit_segment_1264b13732707fc2a7a6a92f,legit_pass_e80dafa9109602d3047f6f74,48111,STARLINK-2448,2026-06,CONFIRMATORY,controlled_example_station,52.21,5.16,14.0,11325000000.0,10.0,2026-06-09T21:48:02Z,2026-06-09T21:50:26Z,144.0,11.424829698770548,PEAK,0.5,2026-06-09T21:49:14Z,2026-06-09T21:48:44Z,2026-06-09T21:49:44Z,1.0,61,11.162655421431346,11.335089198705163,11.424829698770548,328411309,2026-06-09T11:57:18.216864Z,2026-06-09T19:23:37Z,9.865495315555554,2.4269444444444446,9-12 h,data/orbit_uncertainty_stage1/raw/spacetrack_gp/spacetrack_gp_history_20260529_20260701_20sat_omm.json,1F5A8BA23D1C8AE605C4142F44E424711D1D85014DB46C28BBC18C3ABC326A96,2026-06-09T20:48:42.000019Z,1.0088888836111112,data/orbit_uncertainty_stage1/june/sat000048111.csv,63E98DFF9634CD904EDA2CF3528E739282097399B04E926A453B20B62792D5D5,90,False,SELECTED_FROZEN,268.93518572948017,268.94938475390717,271.9209499359131,271.9502429962158,-3.115917205810547,268.93518572948005,268.93518572948005,-0.052919015223736286,0.052919015223736286,2.601788861881166,2.601788861881166,4412360.0651298165,412.9276221903425,9.358429867354755e-05,0.9999064157013264,FINITE_NONZERO,0.11366784032698185,-0.009385070131998068,0.05666632056522165,0.9995256423292018,True,11.152763681900463,11.32866881175956,11.41838568400433,d3cf250611e48c68204e33af43d2dae6f8e202ffc8742c390374e0fcf2cec3d4,False,NOT_APPLICABLE_STAGE_A,COMPLETE
legit_segment_12f5e1cf2de6b78be9315ad4,legit_pass_36fc4ef48ddead76ffc19c47,45230,STARLINK-1227,2026-06,CONFIRMATORY,controlled_example_station,52.21,5.16,14.0,11325000000.0,10.0,2026-06-01T08:00:40Z,2026-06-01T08:06:59Z,379.0,32.952291047538935,RISING_25_PERCENT,0.25065963060686014,2026-06-01T08:02:15Z,2026-06-01T08:01:45Z,2026-06-01T08:02:45Z,1.0,61,17.58336511787588,21.992350309459177,26.632513114051587,326471307,2026-05-31T19:20:28.438944Z,2026-06-01T06:47:07Z,12.696266959999999,1.2522222222222221,12-18 h,data/orbit_uncertainty_stage1/raw/spacetrack_gp/spacetrack_gp_history_20260529_20260701_20sat_omm.json,1F5A8BA23D1C8AE605C4142F44E424711D1D85014DB46C28BBC18C3ABC326A96,2026-06-01T07:53:41.999971Z,0.14250000805555557,data/orbit_uncertainty_stage1/june/sat000045230.csv,A086445B48BCEA5D6D786487B3F9BAAB43C341130589A86BCBB60E49241950E8,5,False,SELECTED_FROZEN,-248.5312795170018,254.40228044199245,338.5076160430908,348.25145149230957,-181.19286727905273,-248.53127951700176,248.53127951700176,-3.075268071041986,3.075268071041986,4.579142497160173,4.579142497160173,3947951.7379392562,1279.0813065671964,0.00032398605440775945,0.9996760139455922,FINITE_NONZERO,0.992898574231628,-0.01647063339860866,0.3594765917166229,0.9938372732217629,True,17.617330675030068,22.029579818367765,26.670702729378455,b880b952f5d174527cdfcc9f04d63137bb4d47bfcd74772e9decb6be0f824e09,False,NOT_APPLICABLE_STAGE_A,COMPLETE
legit_segment_1310027bb6ee885dee9906c6,legit_pass_5ab238793a5db7777996ab67,58380,STARLINK-30915,2026-06,CONFIRMATORY,controlled_example_station,52.21,5.16,14.0,11325000000.0,10.0,2026-06-01T03:44:46Z,2026-06-01T03:52:10Z,444.0,77.42484125853215,PEAK,0.49774774774774777,2026-06-01T03:48:27Z,2026-06-01T03:47:57Z,2026-06-01T03:48:57Z,1.0,61,62.586115237407334,71.42202399798704,77.42484125853215,326422776,2026-05-31T13:21:55.128384Z,2026-06-01T00:06:54Z,14.44218656,3.6925,12-18 h,data/orbit_uncertainty_stage1/raw/spacetrack_gp/spacetrack_gp_history_20260529_20260701_20sat_omm.json,1F5A8BA23D1C8AE605C4142F44E424711D1D85014DB46C28BBC18C3ABC326A96,2026-06-01T02:55:42.000010Z,0.8791666638888889,data/orbit_uncertainty_stage1/june/sat000058380.csv,3EDD695EBC2FD369BB6D3F364CEB1C354CEB8FF41D75D9C0E85CB4203365E2E7,3,False,SELECTED_FROZEN,-768.7584472718786,771.4767229788417,841.2375583648682,842.1252632141113,77.43195152282715,-768.7584472718785,768.7584472718785,1.4230151466438237,1.4230151466438237,59.65771109381925,59.65771109381925,36305756.37998852,217101.59207016986,0.005979811845755532,0.9940201881542444,FINITE_NONZERO,0.14993402487292218,0.21472116598573265,4.163513316763171,0.9951293520172393,True,62.7144730168496,71.39519617597344,77.38314684773603,4be624d602a54882ab720157fad43e232903210b24ac76a517bbf9ad43525cc8,False,NOT_APPLICABLE_STAGE_A,COMPLETE
legit_segment_13de7d1e262c5fd7253d5477,legit_pass_4495635a8215ac56745c1867,65411,STARLINK-34983,2026-06,CONFIRMATORY,controlled_example_station,52.21,5.16,14.0,11325000000.0,10.0,2026-06-12T02:02:42Z,2026-06-12T02:07:22Z,280.0,16.218517395797107,SETTING_75_PERCENT,0.75,2026-06-12T02:06:12Z,2026-06-12T02:05:42Z,2026-06-12T02:06:42Z,1.0,61,12.626312574471424,14.234393168937032,15.56064836558108,328835332,2026-06-11T16:10:01.396128Z,2026-06-11T22:16:21Z,9.936278853333333,3.8308333333333335,9-12 h,data/orbit_uncertainty_stage1/raw/spacetrack_gp/spacetrack_gp_history_20260529_20260701_20sat_omm.json,1F5A8BA23D1C8AE605C4142F44E424711D1D85014DB46C28BBC18C3ABC326A96,2026-06-12T01:43:42.000010Z,0.3749999972222222,data/orbit_uncertainty_stage1/june/sat000065411.csv,26E105CAB95698D658010132E70DA6D62EE0D10BD67ED831612077EEE7C12C95,112,False,SELECTED_FROZEN,1166.2340850830078,1171.5363228099436,1327.9289207458496,1339.7615718841553,-367.8144073486328,1166.2340850830074,1166.2340850830074,-6.316267778103093,6.316267778103093,5.28114322718206,5.28114322718206,83722338.6954457,1701.3189009466678,2.032096722877637e-05,0.9999796790327712,FINITE_NONZERO,0.9977499361646749,-0.01821875491742997,1.5468711680426377,0.9142068926874323,True,12.678811637043243,14.274314594373298,15.583451785743915,c85b6a40582b6ff2221bca919512e1906c7d4ba1e1810716a7a7550694048d75,False,NOT_APPLICABLE_STAGE_A,COMPLETE
legit_segment_14324b9799cee64828ace044,legit_pass_95123bc96545fe0cebd547f2,47767,STARLINK-2185,2026-06,CONFIRMATORY,controlled_example_station,52.21,5.16,14.0,11325000000.0,10.0,2026-06-01T00:27:24Z,2026-06-01T00:34:03Z,399.0,73.33483226394719,RISING_25_PERCENT,0.2506265664160401,2026-06-01T00:29:04Z,2026-06-01T00:28:34Z,2026-06-01T00:29:34Z,1.0,61,20.13994924380023,27.64258957908771,37.27532719518514,326327644,2026-05-31T10:12:02.566080Z,2026-05-31T16:16:51Z,14.283731644444446,8.203611111111112,12-18 h,data/orbit_uncertainty_stage1/raw/spacetrack_gp/spacetrack_gp_history_20260529_20260701_20sat_omm.json,1F5A8BA23D1C8AE605C4142F44E424711D1D85014DB46C28BBC18C3ABC326A96,2026-06-01T00:30:41.999962Z,0.027222211666666666,data/orbit_uncertainty_stage1/june/sat000047767.csv,6E26A6FFCB0389E48C81BEEAD935A847B2444F9441CBE4C1AD8107642DE7DD5F,2,False,SELECTED_FROZEN,226.39945105255626,242.10528158065878,383.9263801574707,407.4572982788086,292.71157455444336,226.39945105255623,226.39945105255623,4.776256516192845,4.776256516192845,16.92163634889224,16.92163634889224,3575513.009524255,17466.848380173215,0.004885130702544218,0.9951148692974557,FINITE_NONZERO,0.9610856459252495,0.06051859277852234,2.235138966932964,0.9825528560356914,True,20.07776092720093,27.551939858704994,37.14457641953903,3c9e4ccf7eebdc81afe78be9c572f64c8e97b40246b989ddf91cca2365435e66,False,NOT_APPLICABLE_STAGE_A,COMPLETE
legit_segment_15774701c8c2e2598e7421db,legit_pass_f9e118fc607eea7d1dbcbc7f,58380,STARLINK-30915,2026-06,CONFIRMATORY,controlled_example_station,52.21,5.16,14.0,11325000000.0,10.0,2026-06-10T04:05:49Z,2026-06-10T04:12:48Z,419.0,45.03856516743013,SETTING_75_PERCENT,0.7494033412887828,2026-06-10T04:11:03Z,2026-06-10T04:10:33Z,2026-06-10T04:11:33Z,1.0,61,19.479777101066116,25.043715642161185,31.38990668463743,328451363,2026-06-09T22:00:01.999584Z,2026-06-10T02:40:42Z,6.183611226666667,1.5058333333333334,6-9 h,data/orbit_uncertainty_stage1/raw/spacetrack_gp/spacetrack_gp_history_20260529_20260701_20sat_omm.json,1F5A8BA23D1C8AE605C4142F44E424711D1D85014DB46C28BBC18C3ABC326A96,2026-06-10T04:17:41.999971Z,0.11083332527777778,data/orbit_uncertainty_stage1/june/sat000058380.csv,3EDD695EBC2FD369BB6D3F364CEB1C354CEB8FF41D75D9C0E85CB4203365E2E7,92,False,SELECTED_FROZEN,-5.307874460689357,5.780024234329327,7.901206970214844,7.993259429931641,-7.7732086181640625,-5.307874460689358,5.307874460689358,-0.12559382692334015,0.12559382692334015,0.5875950621035796,0.5875950621035796,2037.9294891154932,21.061345377519086,0.010334678157417595,0.9896653218425824,FINITE_NONZERO,0.9340481108927385,0.0021021605616722006,0.07617837165878165,0.9831923461451118,False,19.478045813898525,25.042270290743808,31.38890764446675,9366d402bedd879ddb90b2e40994509efdb49b9201906bc29c7259a7547d78c3,False,NOT_APPLICABLE_STAGE_A,COMPLETE
legit_segment_173cff45ca17e07917c0f0a6,legit_pass_cd0d7c5acdd409c94988452b,47767,STARLINK-2185,2026-06,CONFIRMATORY,controlled_example_station,52.21,5.16,14.0,11325000000.0,10.0,2026-06-01T20:26:44Z,2026-06-01T20:30:38Z,234.0,14.838477657330296,PEAK,0.5,2026-06-01T20:28:41Z,2026-06-01T20:28:11Z,2026-06-01T20:29:11Z,1.0,61,14.426657679350066,14.698063021550558,14.838477657330296,326542677,2026-05-31T10:12:02.566944Z,2026-06-01T10:22:25Z,34.27734251555555,10.104444444444445,24-36 h,data/orbit_uncertainty_stage1/raw/spacetrack_gp/spacetrack_gp_history_20260529_20260701_20sat_omm.json,1F5A8BA23D1C8AE605C4142F44E424711D1D85014DB46C28BBC18C3ABC326A96,2026-06-01T20:51:41.999990Z,0.38361110833333334,data/orbit_uncertainty_stage1/june/sat000047767.csv,6E26A6FFCB0389E48C81BEEAD935A847B2444F9441CBE4C1AD8107642DE7DD5F,9,False,SELECTED_FROZEN,1628.2310189731786,1628.3960496037384,1654.2797546386719,1654.5059757232666,-3.268421173095703,1628.2310189731782,1628.2310189731782,-0.057294010321720136,0.057294010321720136,23.160863790100258,23.160863790100258,161752095.3562687,32721.962301718217,0.0002022969917616593,0.9997977030082383,FINITE_NONZERO,0.0018934225729254628,-0.08354081400551874,0.5546136000662064,0.999426581731405,True,14.419526948094198,14.703651569619783,14.84432687192109,047d01553f2c8efab114e0adf0c2324253ea3416647878d49d951c62bb9eb116,False,NOT_APPLICABLE_STAGE_A,COMPLETE
legit_segment_177f3e1a9cd56c27a9f69e0a,legit_pass_2dd243d244c2fcfae2076afe,65407,STARLINK-35035,2026-06,CONFIRMATORY,controlled_example_station,52.21,5.16,14.0,11325000000.0,10.0,2026-06-03T21:56:46Z,2026-06-03T22:01:16Z,270.0,15.521301728387042,SETTING_75_PERCENT,0.7518518518518519,2026-06-03T22:00:09Z,2026-06-03T21:59:39Z,2026-06-03T22:00:39Z,1.0,61,12.235635663712038,13.72614298592322,14.942982610342549,326941520,2026-06-03T10:45:04.315104Z,2026-06-03T21:59:02Z,11.25130136,0.01861111111111111,9-12 h,data/orbit_uncertainty_stage1/raw/spacetrack_gp/spacetrack_gp_history_20260529_20260701_20sat_omm.json,1F5A8BA23D1C8AE605C4142F44E424711D1D85014DB46C28BBC18C3ABC326A96,2026-06-03T21:19:42.000038Z,0.674166656111111,data/orbit_uncertainty_stage1/june/sat000065407.csv,1D5D20428BDA125132468A3B81A5A0011425555B1C761A0A7A4BD8F31D76DA01,31,False,SELECTED_FROZEN,159.04837789691862,159.69677582663837,179.86020469665527,181.3719539642334,-47.51377487182617,159.0483778969186,159.0483778969186,-0.8154714220229564,0.8154714220229564,0.7250305789084992,0.7250305789084992,1555686.6727748387,32.065829761496005,2.0612010324868952e-05,0.9999793879896751,FINITE_NONZERO,0.9974565252086143,-0.0025204785911461247,0.19405927678771118,0.9283599022873885,False,12.243877355807255,13.732842015648236,14.947568663713444,195f26c6a6688cd93ef3945e2417f284c59f4009d1962d867ff7154696349283,False,NOT_APPLICABLE_STAGE_A,COMPLETE
legit_segment_17d83861d53af96d70187147,legit_pass_63b50fe5b5f95cfe1b100f94,47844,STARLINK-2446,2026-06,CONFIRMATORY,controlled_example_station,52.21,5.16,14.0,11325000000.0,10.0,2026-06-07T03:51:20Z,2026-06-07T03:58:04Z,404.0,34.64304903545816,RISING_25_PERCENT,0.25,2026-06-07T03:53:01Z,2026-06-07T03:52:31Z,2026-06-07T03:53:31Z,1.0,61,18.080004880341182,22.468431887765053,27.131493287480414,327692022,2026-06-06T19:35:25.892160Z,2026-06-07T03:17:11Z,8.293085511111112,0.5972222222222222,6-9 h,data/orbit_uncertainty_stage1/raw/spacetrack_gp/spacetrack_gp_history_20260529_20260701_20sat_omm.json,1F5A8BA23D1C8AE605C4142F44E424711D1D85014DB46C28BBC18C3ABC326A96,2026-06-07T03:31:42.000010Z,0.355277775,data/orbit_uncertainty_stage1/june/sat000047844.csv,FE1F3D11E12AC1E3987E760842AEC279FE294DEAF66BE25CA508FB5254D084DD,65,False,SELECTED_FROZEN,331.1276560298732,339.998212846296,460.27996253967285,474.8410110473633,258.08925437927246,331.1276560298731,331.1276560298731,4.362618201753567,4.362618201753567,7.294141677606871,7.294141677606871,7051525.869059186,3245.474671593096,0.00046025140258417667,0.9995397485974158,FINITE_NONZERO,0.9910629635754252,0.026277664017898772,0.40059135872330953,0.9969838373032485,True,18.029603542389303,22.41178138885767,27.071026652644107,f0b5786b8d4efbaa18ddf350c7aa935dcdbe616074f2b961534c424a152da9a2,False,NOT_APPLICABLE_STAGE_A,COMPLETE
legit_segment_17f12a53f742f948d90af41c,legit_pass_e6606babbae9bf0102e1e69f,44714,STARLINK-1008,2026-06,CONFIRMATORY,controlled_example_station,52.21,5.16,14.0,11325000000.0,10.0,2026-06-01T20:06:23Z,2026-06-01T20:12:49Z,386.0,42.490693292269604,RISING_25_PERCENT,0.25129533678756477,2026-06-01T20:08:00Z,2026-06-01T20:07:30Z,2026-06-01T20:08:30Z,1.0,61,18.73058941684157,24.408318169315052,30.889431722700447,326575989,2026-06-01T09:00:48.874752Z,2026-06-01T18:19:01Z,11.119757013333333,1.8163888888888888,9-12 h,data/orbit_uncertainty_stage1/raw/spacetrack_gp/spacetrack_gp_history_20260529_20260701_20sat_omm.json,1F5A8BA23D1C8AE605C4142F44E424711D1D85014DB46C28BBC18C3ABC326A96,2026-06-01T19:47:42.000029Z,0.33833332527777776,data/orbit_uncertainty_stage1/june/sat000044714.csv,F91F0DA10678FA8B4BBDEBC15B9D96435ECFD92205FFA13417B9E47754646E40,9,False,SELECTED_FROZEN,-464.4338893890381,486.3424184263251,716.0564861297607,747.8345527648926,-485.4089832305908,-464.43388938903803,464.43388938903803,-8.117257213945559,8.117257213945559,20.10602640400568,20.10602640400568,14428265.825606767,24659.390163272983,0.0017091028444671697,0.9982908971555329,FINITE_NONZERO,0.9805928873630531,-0.07239195113057484,1.2962648879868386,0.9958434307754237,True,18.803047048550585,24.498646376007656,30.995950722679602,15bd50ac2862f690d0e8fc0b1adcc0fa8c8e186e2f3a545164bfcb6fbb8ec277,False,NOT_APPLICABLE_STAGE_A,COMPLETE
legit_segment_180ba4251788362b149daf05,legit_pass_e314a716b031cf41b8439df0,65693,STARLINK-35060,2026-06,CONFIRMATORY,controlled_example_station,52.21,5.16,14.0,11325000000.0,10.0,2026-06-04T06:49:38Z,2026-06-04T06:57:02Z,444.0,76.78245052612418,RISING_25_PERCENT,0.25,2026-06-04T06:51:29Z,2026-06-04T06:50:59Z,2026-06-04T06:51:59Z,1.0,61,21.174681167203257,28.194414428332916,36.94732819401227,327021296,2026-06-03T21:09:00.026784Z,2026-06-04T04:32:25Z,9.708048115555556,2.3177777777777777,9-12 h,data/orbit_uncertainty_stage1/raw/spacetrack_gp/spacetrack_gp_history_20260529_20260701_20sat_omm.json,1F5A8BA23D1C8AE605C4142F44E424711D1D85014DB46C28BBC18C3ABC326A96,2026-06-04T06:13:42.000010Z,0.6297222194444444,data/orbit_uncertainty_stage1/june/sat000065693.csv,D31425DC1D7BF768E17AFC34A7D7E516943AB5AC5C7598CCE830821EDB62E3E7,35,False,SELECTED_FROZEN,401.89302575783654,426.61246921642714,660.5395812988281,697.5202732086182,486.82872772216797,401.8930257578365,401.8930257578365,7.99815700093254,7.99815700093254,25.482051733767527,25.482051733767527,11101890.132347157,39609.43259430668,0.003567809816357142,0.9964321901836428,FINITE_NONZERO,0.9682944928569012,0.09129911166255944,3.0027298848833395,0.9861144289015915,True,21.053271798455363,28.022188214893706,36.70525433385451,6b81e54cfe945e6c300f4b7b34d638a64535127a9abafdd910eba65df859ef39,False,NOT_APPLICABLE_STAGE_A,COMPLETE
legit_segment_1a316f444d02f3ab164f3f0d,legit_pass_a0343a2c0fe07aee6504ff6d,65411,STARLINK-34983,2026-06,CONFIRMATORY,controlled_example_station,52.21,5.16,14.0,11325000000.0,10.0,2026-06-01T01:10:51Z,2026-06-01T01:18:12Z,441.0,78.50139833455108,PEAK,0.5011337868480725,2026-06-01T01:14:32Z,2026-06-01T01:14:02Z,2026-06-01T01:15:02Z,1.0,61,62.771691382374115,72.04528437016518,78.50139833455108,326367574,2026-05-31T09:14:51.463968Z,2026-05-31T16:26:43Z,15.994593342222224,8.796944444444444,12-18 h,data/orbit_uncertainty_stage1/raw/spacetrack_gp/spacetrack_gp_history_20260529_20260701_20sat_omm.json,1F5A8BA23D1C8AE605C4142F44E424711D1D85014DB46C28BBC18C3ABC326A96,2026-06-01T01:47:42.000029Z,0.5527777858333334,data/orbit_uncertainty_stage1/june/sat000065411.csv,26E105CAB95698D658010132E70DA6D62EE0D10BD67ED831612077EEE7C12C95,2,False,SELECTED_FROZEN,8705.817504007307,8733.729610419552,9520.00066947937,9531.367292404175,261.33787536621094,8705.81750400731,8705.81750400731,5.085037476546153,5.085037476546153,691.9238664307725,691.9238664307725,4652960007.383076,29204276.853127073,0.0062764942760709826,0.993723505723929,FINITE_NONZERO,0.016467292324733984,-2.490879464059387,46.29096611564295,0.9955241464516832,True,61.61482274602932,72.0162950581973,78.52666853185477,cfa4c9e49de2653002673c54aa168988b3ce9ca96cce3201283cca582da34a3f,False,NOT_APPLICABLE_STAGE_A,COMPLETE
legit_segment_1a432f90fd323a4a03810490,legit_pass_ff87c465502af4a0af65ba64,47844,STARLINK-2446,2026-06,CONFIRMATORY,controlled_example_station,52.21,5.16,14.0,11325000000.0,10.0,2026-06-06T22:57:57Z,2026-06-06T23:04:59Z,422.0,44.350858236844076,PEAK,0.5,2026-06-06T23:01:28Z,2026-06-06T23:00:58Z,2026-06-06T23:01:58Z,1.0,61,41.26424178477895,43.25855590057709,44.350858236844076,327630858,2026-06-06T19:35:25.892160Z,2026-06-06T22:36:27Z,3.4339188444444444,0.41694444444444445,0-6 h,data/orbit_uncertainty_stage1/raw/spacetrack_gp/spacetrack_gp_history_20260529_20260701_20sat_omm.json,1F5A8BA23D1C8AE605C4142F44E424711D1D85014DB46C28BBC18C3ABC326A96,2026-06-06T23:46:42.000010Z,0.7538888916666667,data/orbit_uncertainty_stage1/june/sat000047844.csv,FE1F3D11E12AC1E3987E760842AEC279FE294DEAF66BE25CA508FB5254D084DD,63,False,SELECTED_FROZEN,1073.6894690091492,1074.807409805991,1129.967586517334,1130.4116668701172,-11.288864135742188,1073.689469009149,1073.689469009149,-0.20154423090845544,0.20154423090845544,48.88046735497216,48.88046735497216,70467869.05860567,145747.30541927044,0.0020682803008851805,0.9979317196991149,FINITE_NONZERO,0.005242626327255584,-0.1761993577667783,2.0957210138911293,0.9981617852907726,True,41.24683371132785,43.257522351940466,44.34991912891281,517e073907b8df8e2c35b8624750768d614c889e4fa5e0e197769b25e6f43960,False,NOT_APPLICABLE_STAGE_A,COMPLETE
legit_segment_1a6a1a625c34321aee46ed9f,legit_pass_95e6fcf9f120c392269616ee,65693,STARLINK-35060,2026-06,CONFIRMATORY,controlled_example_station,52.21,5.16,14.0,11325000000.0,10.0,2026-06-04T05:12:46Z,2026-06-04T05:18:50Z,364.0,24.157703056905323,SETTING_75_PERCENT,0.75,2026-06-04T05:17:19Z,2026-06-04T05:16:49Z,2026-06-04T05:17:49Z,1.0,61,15.605138778770666,18.50007076685414,21.265033829427384,327021296,2026-06-03T21:09:00.026784Z,2026-06-04T04:32:25Z,8.138603671111111,0.7483333333333333,6-9 h,data/orbit_uncertainty_stage1/raw/spacetrack_gp/spacetrack_gp_history_20260529_20260701_20sat_omm.json,1F5A8BA23D1C8AE605C4142F44E424711D1D85014DB46C28BBC18C3ABC326A96,2026-06-04T06:13:42.000010Z,0.939722225,data/orbit_uncertainty_stage1/june/sat000065693.csv,D31425DC1D7BF768E17AFC34A7D7E516943AB5AC5C7598CCE830821EDB62E3E7,35,False,SELECTED_FROZEN,517.3755045406153,524.1384008838205,649.7441272735596,662.2753028869629,-278.837308883667,517.3755045406153,517.3755045406153,-4.763817107645942,4.763817107645942,2.919763262862488,2.919763262862488,16757984.860143958,520.0260681808455,3.1031539443482845e-05,0.9999689684605565,FINITE_NONZERO,0.9987896876184528,0.010058198690342302,0.8680686504964955,0.9116080194570594,True,15.655649770143246,18.550180844800412,21.310982872897366,296bf6b3bde32b9ecada02b001f190996bbad9801499d5bf5aecd4e864581521,False,NOT_APPLICABLE_STAGE_A,COMPLETE
legit_segment_1aacad154764be6f398d4547,legit_pass_0d86785ee31b91854fc289df,65410,STARLINK-35024,2026-06,CONFIRMATORY,controlled_example_station,52.21,5.16,14.0,11325000000.0,10.0,2026-06-01T23:24:49Z,2026-06-01T23:31:16Z,387.0,29.497737928099532,RISING_25_PERCENT,0.25064599483204136,2026-06-01T23:26:26Z,2026-06-01T23:25:56Z,2026-06-01T23:26:56Z,1.0,61,17.132329050449883,20.86464616380702,24.639021961176347,326554735,2026-06-01T00:00:02.000160Z,2026-06-01T10:22:25Z,23.439999955555557,13.066944444444445,18-24 h,data/orbit_uncertainty_stage1/raw/spacetrack_gp/spacetrack_gp_history_20260529_20260701_20sat_omm.json,1F5A8BA23D1C8AE605C4142F44E424711D1D85014DB46C28BBC18C3ABC326A96,2026-06-02T00:29:42Z,1.0544444444444445,data/orbit_uncertainty_stage1/june/sat000065410.csv,480E0881CFF425F783D504E2B784746BB847F6C9A822B6001FD1AFCD7FF9CBC4,11,False,SELECTED_FROZEN,1463.0858936622494,1494.9035213808907,1964.438772201538,2017.063144683838,1022.6660709381104,1463.0858936622492,1463.0858936622492,17.38153992102678,17.38153992102678,21.439395872727342,21.439395872727342,136318928.83245623,28038.509418638605,0.00020568317003942673,0.9997943168299606,FINITE_NONZERO,0.9951161684591248,0.07694112677074116,2.211328963681641,0.9893614700243527,True,16.982173985286583,20.70735991235688,24.487470855540618,14abc75a6c4517baadf69f903377e5c723799b36564971b7daa9d0423b8df572,False,NOT_APPLICABLE_STAGE_A,COMPLETE
legit_segment_1ae562f3af9d7bdd1a5e941a,legit_pass_a9f5b7cd758426ab7b882de0,48672,STARLINK-2705,2026-06,CONFIRMATORY,controlled_example_station,52.21,5.16,14.0,11325000000.0,10.0,2026-06-02T19:31:57Z,2026-06-02T19:39:06Z,429.0,50.79550738458741,PEAK,0.5011655011655012,2026-06-02T19:35:32Z,2026-06-02T19:35:02Z,2026-06-02T19:36:02Z,1.0,61,46.42636110774513,49.22443102144641,50.79550738458741,326644700,2026-06-02T00:19:35.988672Z,2026-06-02T10:48:41Z,19.265558702222222,8.780833333333334,18-24 h,data/orbit_uncertainty_stage1/raw/spacetrack_gp/spacetrack_gp_history_20260529_20260701_20sat_omm.json,1F5A8BA23D1C8AE605C4142F44E424711D1D85014DB46C28BBC18C3ABC326A96,2026-06-02T17:57:42.000019Z,1.6305555502777778,data/orbit_uncertainty_stage1/june/sat000048672.csv,9CCC0F6B332261080A38A7EF3636C88202FADE4135B08985F943785C7A1E9415,19,False,SELECTED_FROZEN,793.89362116329,795.0722765830533,843.4838371276855,844.0476036071777,20.699769973754883,793.8936211632899,793.8936211632899,0.3756004134792926,0.3756004134792926,42.76809335602728,42.76809335602728,38560535.424448505,111575.69836790176,0.0028935204643750745,0.9971064795356249,FINITE_NONZERO,0.02335137096295392,-0.15412227606026774,2.0976005415873367,0.9975944976022366,True,46.35571624795773,49.22235474656733,50.792903103362306,83dc12f31d2a29c30b3c8b154c4791553cc3f8902539c0be76112e47f29e7ab1,False,NOT_APPLICABLE_STAGE_A,COMPLETE
legit_segment_1b529eaef8287682f7a44771,legit_pass_29a86345945c3ff203081f6a,48309,STARLINK-2517,2026-06,CONFIRMATORY,controlled_example_station,52.21,5.16,14.0,11325000000.0,10.0,2026-06-02T14:22:58Z,2026-06-02T14:30:12Z,434.0,53.81335105387985,PEAK,0.5,2026-06-02T14:26:35Z,2026-06-02T14:26:05Z,2026-06-02T14:27:05Z,1.0,61,48.79136892091068,52.00144999013763,53.81335105387985,326542819,2026-06-01T03:38:45.544992Z,2026-06-01T10:22:25Z,34.79707083555556,28.069444444444443,24-36 h,data/orbit_uncertainty_stage1/raw/spacetrack_gp/spacetrack_gp_history_20260529_20260701_20sat_omm.json,1F5A8BA23D1C8AE605C4142F44E424711D1D85014DB46C28BBC18C3ABC326A96,2026-06-02T14:43:42.000038Z,0.2852777883333333,data/orbit_uncertainty_stage1/june/sat000048309.csv,79D62147447BEB30EC557417B61811EF138EF8094DC33D3F68D9F90E474F7689,18,False,SELECTED_FROZEN,10556.736052841437,10573.993887885967,11251.243741989136,11258.028650283813,280.51836013793945,10556.736052841436,10556.736052841436,5.338569286473512,5.338569286473512,596.5195318339357,596.5195318339357,6820370151.204037,21705968.663422048,0.003182520623105797,0.9968174793768942,FINITE_NONZERO,0.024227614115153506,-2.1493490583570978,30.973079612839335,0.9973040027740612,True,47.85814609461535,51.96975436320745,53.83652314500104,8b2e90c9e3e2c37ad1562473c865393ec11c0a90df0e812bc4906eac00965faf,False,NOT_APPLICABLE_STAGE_A,COMPLETE
legit_segment_1c1d2850e307c29a319aa024,legit_pass_9c28e7c4f9d8a7e3774e19d2,47383,STARLINK-2103,2026-06,CONFIRMATORY,controlled_example_station,52.21,5.16,14.0,11325000000.0,10.0,2026-06-06T11:54:33Z,2026-06-06T12:01:43Z,430.0,58.74605582349162,RISING_25_PERCENT,0.25116279069767444,2026-06-06T11:56:21Z,2026-06-06T11:55:51Z,2026-06-06T11:56:51Z,1.0,61,20.456982760148584,26.926034501838433,34.7410977163245,327472127,2026-06-06T03:41:11.436576Z,2026-06-06T10:37:48Z,8.252656506666666,1.3091666666666666,6-9 h,data/orbit_uncertainty_stage1/raw/spacetrack_gp/spacetrack_gp_history_20260529_20260701_20sat_omm.json,1F5A8BA23D1C8AE605C4142F44E424711D1D85014DB46C28BBC18C3ABC326A96,2026-06-06T10:20:42.000029Z,1.5941666586111112,data/orbit_uncertainty_stage1/june/sat000047383.csv,6A97ABED011A96AE20108B2FFAB622CC78ED39D918CC694CBFCE03E18290B2FA,58,False,SELECTED_FROZEN,440.2903768508161,466.8239543762488,718.0553855895996,756.4945182800293,526.0616321563721,440.290376850816,440.290376850816,8.68659115705082,8.68659115705082,26.026140586357435,26.026140586357435,13293400.867148161,41318.95962307134,0.0031082309211920667,0.9968917690788079,FINITE_NONZERO,0.9718575628662884,0.09339794782514588,2.6949970891535977,0.9892774752320738,True,20.344652488520612,26.771445379676067,34.532937846023685,90c24e2eff94d691582fbe9cbc36d9fc7d42e34300cfcf039e44d909c38a1bf5,False,NOT_APPLICABLE_STAGE_A,COMPLETE
legit_segment_1c42936362e84bcc74c36be6,legit_pass_ec490155f8bc556c0246e06e,65693,STARLINK-35060,2026-06,CONFIRMATORY,controlled_example_station,52.21,5.16,14.0,11325000000.0,10.0,2026-06-23T22:38:02Z,2026-06-23T22:45:08Z,426.0,45.877878027819854,SETTING_75_PERCENT,0.7511737089201878,2026-06-23T22:43:22Z,2026-06-23T22:42:52Z,2026-06-23T22:43:52Z,1.0,61,19.546983683802658,25.048147192391568,31.33344179855762,330976525,2026-06-22T11:54:10.990656Z,2026-06-23T03:40:42Z,34.81972481777778,19.044444444444444,24-36 h,data/orbit_uncertainty_stage1/raw/spacetrack_gp/spacetrack_gp_history_20260529_20260701_20sat_omm.json,1F5A8BA23D1C8AE605C4142F44E424711D1D85014DB46C28BBC18C3ABC326A96,2026-06-23T23:17:42Z,0.5722222222222222,data/orbit_uncertainty_stage1/june/sat000065693.csv,D31425DC1D7BF768E17AFC34A7D7E516943AB5AC5C7598CCE830821EDB62E3E7,239,False,SELECTED_FROZEN,-2155.2127237163604,2243.210325442068,3236.791067123413,3373.755641937256,2096.2584648132324,-2155.21272371636,2155.21272371636,35.01243485683239,35.01243485683239,83.84983824551188,83.84983824551188,306951546.4143645,428878.5178017089,0.0013972189513674934,0.9986027810486325,FINITE_NONZERO,0.981834948903256,-0.30178013774462187,5.906265589755475,0.9950384030024924,True,19.11614569965569,24.511299632808253,30.68523337692854,68ccb4660dd17c8c5ed2f81b9e806c27b32f639534a9b5b259e12da6d7759616,False,NOT_APPLICABLE_STAGE_A,COMPLETE
legit_segment_1ca82978fdc7a89ad9877a38,legit_pass_28ec93ef9decc6bddf213e42,60265,STARLINK-32120,2026-06,CONFIRMATORY,controlled_example_station,52.21,5.16,14.0,11325000000.0,10.0,2026-06-01T18:28:33Z,2026-06-01T18:30:14Z,101.0,10.619642975430338,PEAK,0.49504950495049505,2026-06-01T18:29:23Z,2026-06-01T18:28:53Z,2026-06-01T18:29:53Z,1.0,61,10.395721338145243,10.544392227327233,10.619642975430338,326549442,2026-05-31T23:08:04.244928Z,2026-06-01T10:22:25Z,19.355209742222222,8.116111111111111,18-24 h,data/orbit_uncertainty_stage1/raw/spacetrack_gp/spacetrack_gp_history_20260529_20260701_20sat_omm.json,1F5A8BA23D1C8AE605C4142F44E424711D1D85014DB46C28BBC18C3ABC326A96,2026-06-01T19:16:42.000010Z,0.7886111138888889,data/orbit_uncertainty_stage1/june/sat000060265.csv,310CEC01430FB37300D0520AC911958B04898B003A2B2906A630DA9E075D20EF,9,False,SELECTED_FROZEN,-409.29554417094243,409.3305557327714,414.1753177642822,414.21850395202637,-14.129440307617188,-409.29554417094226,409.29554417094226,-0.24108514679858914,0.24108514679858914,3.2624443948441297,3.2624443948441297,10220641.735246468,649.2561491964427,6.352401013700008e-05,0.999936475989863,FINITE_NONZERO,0.628645094672692,0.011767494814545587,0.0790743402059074,0.999412531050355,True,10.393042667503703,10.536431166259174,10.611675159188874,e64273a0aaf1bd4a2719b75c7053fe725dac0823e4f977f10da0fab54b2aaa94,False,NOT_APPLICABLE_STAGE_A,COMPLETE
legit_segment_1cc60cf25923bd75156f929b,legit_pass_f6f2778599e756a41c2c8561,47844,STARLINK-2446,2026-06,CONFIRMATORY,controlled_example_station,52.21,5.16,14.0,11325000000.0,10.0,2026-06-01T02:03:21Z,2026-06-01T02:10:42Z,441.0,77.76787166548536,SETTING_75_PERCENT,0.7505668934240363,2026-06-01T02:08:52Z,2026-06-01T02:08:22Z,2026-06-01T02:09:22Z,1.0,61,20.946554157136035,27.919726697177577,36.63004147782668,326255106,2026-05-31T00:00:02.000160Z,2026-05-31T06:56:47Z,26.147222177777778,19.20138888888889,24-36 h,data/orbit_uncertainty_stage1/raw/spacetrack_gp/spacetrack_gp_history_20260529_20260701_20sat_omm.json,1F5A8BA23D1C8AE605C4142F44E424711D1D85014DB46C28BBC18C3ABC326A96,2026-06-01T02:27:41.999962Z,0.31388887833333334,data/orbit_uncertainty_stage1/june/sat000047844.csv,FE1F3D11E12AC1E3987E760842AEC279FE294DEAF66BE25CA508FB5254D084DD,3,False,SELECTED_FROZEN,718.2617599299697,757.6898808585559,1153.399419784546,1215.281744003296,-820.3934497833252,718.2617599299697,718.2617599299697,-13.488096173032773,13.488096173032773,42.38031243550438,42.38031243550438,35019731.288882606,109561.54380998899,0.0031285660905333813,0.9968714339094666,FINITE_NONZERO,0.9691361499640805,0.15186886948624867,4.9344439510478315,0.9864434827055388,True,21.16850107667608,28.228007338522627,37.056403096885575,8d19e89d605667e417d30bf2684932a186e58260b33c28ea80e23bca15fd0e8d,False,NOT_APPLICABLE_STAGE_A,COMPLETE
legit_segment_1d61d6ca00681667c50c87c8,legit_pass_4495635a8215ac56745c1867,65411,STARLINK-34983,2026-06,CONFIRMATORY,controlled_example_station,52.21,5.16,14.0,11325000000.0,10.0,2026-06-12T02:02:42Z,2026-06-12T02:07:22Z,280.0,16.218517395797107,PEAK,0.5,2026-06-12T02:05:02Z,2026-06-12T02:04:32Z,2026-06-12T02:05:32Z,1.0,61,15.82898566344259,16.08630168142776,16.218517395797107,328835332,2026-06-11T16:10:01.396128Z,2026-06-11T22:16:21Z,9.916834408888889,3.8113888888888887,9-12 h,data/orbit_uncertainty_stage1/raw/spacetrack_gp/spacetrack_gp_history_20260529_20260701_20sat_omm.json,1F5A8BA23D1C8AE605C4142F44E424711D1D85014DB46C28BBC18C3ABC326A96,2026-06-12T01:43:42.000010Z,0.3555555527777778,data/orbit_uncertainty_stage1/june/sat000065411.csv,26E105CAB95698D658010132E70DA6D62EE0D10BD67ED831612077EEE7C12C95,112,False,SELECTED_FROZEN,1416.267786119805,1416.3772659956926,1435.8722591400146,1436.1252040863037,7.327236175537109,1416.2677861198044,1416.2677861198044,0.12784212002484555,0.12784212002484555,17.465712420830847,17.465712420830847,122373598.1373954,18608.117732397062,0.00015205990520524476,0.9998479400947947,FINITE_NONZERO,0.01633740846288867,-0.0629996242342449,0.40509927008033186,0.9994620395958497,True,15.794974608935217,16.076787866081833,16.209636913259484,49515af9c92e26bad8a96f1eb215f8369e7f36d6c19a6b2ad1946702e39f6dd4,False,NOT_APPLICABLE_STAGE_A,COMPLETE
legit_segment_1e5f0281f410d5658c84a789,legit_pass_e79ffaeb3d7df3b1d46ec9d8,47844,STARLINK-2446,2026-06,CONFIRMATORY,controlled_example_station,52.21,5.16,14.0,11325000000.0,10.0,2026-06-02T23:25:07Z,2026-06-02T23:30:28Z,321.0,19.297120154490365,SETTING_75_PERCENT,0.7507788161993769,2026-06-02T23:29:08Z,2026-06-02T23:28:38Z,2026-06-02T23:29:38Z,1.0,61,13.9105915639874,16.03747228281814,17.92203244360755,326715966,2026-06-02T07:32:11.363424Z,2026-06-02T22:26:32Z,15.949065715555555,1.0433333333333332,12-18 h,data/orbit_uncertainty_stage1/raw/spacetrack_gp/spacetrack_gp_history_20260529_20260701_20sat_omm.json,1F5A8BA23D1C8AE605C4142F44E424711D1D85014DB46C28BBC18C3ABC326A96,2026-06-03T00:27:41.999990Z,0.9761111083333333,data/orbit_uncertainty_stage1/june/sat000047844.csv,FE1F3D11E12AC1E3987E760842AEC279FE294DEAF66BE25CA508FB5254D084DD,23,False,SELECTED_FROZEN,3380.1977980879487,3407.4288345141563,4031.771421432495,4086.4671173095703,-1424.0293655395508,3380.197798087948,3380.197798087948,-24.415612961614286,24.415612961614286,6.019936010290524,6.019936010290524,708244846.9989886,2210.6174036475486,3.12126154255056e-06,0.9999968787384574,FINITE_NONZERO,0.9998039342957614,-0.008908866095445944,5.490241033114818,0.1682380046091806,False,14.140459336032734,16.24058626646667,18.07937814036649,6fb2451da706602e8be156f3829292885c04b1382ccebcab009447f753e6f10a,False,NOT_APPLICABLE_STAGE_A,COMPLETE
legit_segment_1e61e68469513bdf7da747c5,legit_pass_b17fa1a788b02d3aeffcc0b0,47383,STARLINK-2103,2026-06,CONFIRMATORY,controlled_example_station,52.21,5.16,14.0,11325000000.0,10.0,2026-06-10T08:03:07Z,2026-06-10T08:10:24Z,437.0,77.53857339751936,SETTING_75_PERCENT,0.7505720823798627,2026-06-10T08:08:35Z,2026-06-10T08:08:05Z,2026-06-10T08:09:05Z,1.0,61,20.906885412449952,27.93784532626729,36.7441683337597,328491992,2026-06-10T03:03:08.662176Z,2026-06-10T07:17:33Z,5.090649395555555,0.8505555555555555,0-6 h,data/orbit_uncertainty_stage1/raw/spacetrack_gp/spacetrack_gp_history_20260529_20260701_20sat_omm.json,1F5A8BA23D1C8AE605C4142F44E424711D1D85014DB46C28BBC18C3ABC326A96,2026-06-10T07:38:42.000029Z,0.4980555475,data/orbit_uncertainty_stage1/june/sat000047383.csv,6A97ABED011A96AE20108B2FFAB622CC78ED39D918CC694CBFCE03E18290B2FA,96,False,SELECTED_FROZEN,-3.392823672685467,5.709508229891615,12.03445816040039,13.413835525512695,15.72122573852539,-3.392823672685467,3.392823672685467,0.25389233159993724,0.25389233159993724,1.0508205266537831,1.0508205266537831,1988.5075378592046,67.35765053345298,0.03387347005280611,0.966126529947194,FINITE_NONZERO,0.9476354320871939,-0.0037503781497280064,0.1541193626986559,0.9784891627899428,True,20.905856191425833,27.93551676422354,36.739821801107794,a782f7165d52a45134eba8953f87a31b77294bdfdc15e46423a2531f0c7d8f2b,False,NOT_APPLICABLE_STAGE_A,COMPLETE
legit_segment_1ecd9363cd5d8708daddb7eb,legit_pass_021e2a748f3438f26011c15e,65693,STARLINK-35060,2026-06,CONFIRMATORY,controlled_example_station,52.21,5.16,14.0,11325000000.0,10.0,2026-06-23T21:02:59Z,2026-06-23T21:05:47Z,168.0,11.820000627626015,SETTING_75_PERCENT,0.75,2026-06-23T21:05:05Z,2026-06-23T21:04:35Z,2026-06-23T21:05:35Z,1.0,61,10.473457079114038,11.266316761293051,11.77947005477049,330976525,2026-06-22T11:54:10.990656Z,2026-06-23T03:40:42Z,33.18166926222222,17.406388888888888,24-36 h,data/orbit_uncertainty_stage1/raw/spacetrack_gp/spacetrack_gp_history_20260529_20260701_20sat_omm.json,1F5A8BA23D1C8AE605C4142F44E424711D1D85014DB46C28BBC18C3ABC326A96,2026-06-23T19:36:42.000019Z,1.4730555502777778,data/orbit_uncertainty_stage1/june/sat000065693.csv,D31425DC1D7BF768E17AFC34A7D7E516943AB5AC5C7598CCE830821EDB62E3E7,238,False,SELECTED_FROZEN,-2680.322100592441,2683.6037638005414,2852.723512649536,2860.6394939422607,434.73889923095703,-2680.322100592441,2680.322100592441,7.463166889874542,7.463166889874542,18.32898120618912,18.32898120618912,439305478.8261503,20493.044675466874,4.66487345667199e-05,0.9999533512654333,FINITE_NONZERO,0.9809146610630861,0.06579979085541954,1.8328613772121387,0.990000400928323,True,10.377576063115793,11.200449536776532,11.748325825883025,1f374451cd21f1000e082f3ca7cab8e7ea0594d73acb68f0f5e5afd902d560c2,False,NOT_APPLICABLE_STAGE_A,COMPLETE
legit_segment_1ed938fd4c757ea203a8a938,legit_pass_cd0d7c5acdd409c94988452b,47767,STARLINK-2185,2026-06,CONFIRMATORY,controlled_example_station,52.21,5.16,14.0,11325000000.0,10.0,2026-06-01T20:26:44Z,2026-06-01T20:30:38Z,234.0,14.838477657330296,SETTING_75_PERCENT,0.7521367521367521,2026-06-01T20:29:40Z,2026-06-01T20:29:10Z,2026-06-01T20:30:10Z,1.0,61,11.744718757283824,13.262765449739131,14.452861721786281,326542677,2026-05-31T10:12:02.566944Z,2026-06-01T10:22:25Z,34.29373140444444,10.120833333333334,24-36 h,data/orbit_uncertainty_stage1/raw/spacetrack_gp/spacetrack_gp_history_20260529_20260701_20sat_omm.json,1F5A8BA23D1C8AE605C4142F44E424711D1D85014DB46C28BBC18C3ABC326A96,2026-06-01T20:51:41.999990Z,0.36722221944444444,data/orbit_uncertainty_stage1/june/sat000047767.csv,6E26A6FFCB0389E48C81BEEAD935A847B2444F9441CBE4C1AD8107642DE7DD5F,9,False,SELECTED_FROZEN,1379.7323948907072,1386.0384160115316,1567.4085388183594,1579.8819961547852,-434.3427429199219,1379.7323948907065,1379.7323948907065,-7.484896040139283,7.484896040139283,8.583230282668723,8.583230282668723,117187251.93024509,4493.982367204606,3.834873071244659e-05,0.9999616512692876,FINITE_NONZERO,0.9957759415492351,-0.02996403163660233,2.1682536218033297,0.9361856085664517,True,11.810891000292361,13.31464386860769,14.484904533616348,0de1395ee4f790daeb7534a5e21f85214261f3d97148f8e54bcaed08dbf38123,False,NOT_APPLICABLE_STAGE_A,COMPLETE
legit_segment_1ef0c47a2de217b81353ac38,legit_pass_a788ccfedc5f65dbc29a1d9c,47749,STARLINK-2163,2026-06,CONFIRMATORY,controlled_example_station,52.21,5.16,14.0,11325000000.0,10.0,2026-06-04T18:14:44Z,2026-06-04T18:15:48Z,64.0,10.36994742735458,SETTING_75_PERCENT,0.53125,2026-06-04T18:15:18Z,2026-06-04T18:14:48Z,2026-06-04T18:15:48Z,1.0,61,10.001890229221363,10.258289986564398,10.36994742735458,327088644,2026-06-04T05:49:40.553472Z,2026-06-04T12:20:25Z,12.42706848,5.914722222222222,12-18 h,data/orbit_uncertainty_stage1/raw/spacetrack_gp/spacetrack_gp_history_20260529_20260701_20sat_omm.json,1F5A8BA23D1C8AE605C4142F44E424711D1D85014DB46C28BBC18C3ABC326A96,2026-06-04T18:38:42Z,0.39,data/orbit_uncertainty_stage1/june/sat000047749.csv,0CE3EE486737D6898F4E0960379BB2CF5D672CBD2C80BC161C0E3F96D2261670,39,False,SELECTED_FROZEN,62.66342907264585,62.70800324641646,64.87979125976562,64.88970565795898,7.325601577758789,62.663429072645826,62.663429072645826,0.12517230610315405,0.12517230610315405,0.8551111526317021,0.8551111526317021,239869.91394030725,44.604120084662206,0.00018595129064732208,0.9998140487093526,FINITE_NONZERO,0.869153155999682,-0.003083295806908054,0.030469683195892466,0.9987303303567014,False,10.010271534043415,10.266102818313824,10.377749084712672,aec658eb4126ccbd726a6ae3309183115b26f17b1dd22c0c30ea3def41044cec,False,NOT_APPLICABLE_STAGE_A,COMPLETE
legit_segment_1fb06c9452d93d4ce415cee1,legit_pass_b08cf818976f97a8a1919b36,65421,STARLINK-35146,2026-06,CONFIRMATORY,controlled_example_station,52.21,5.16,14.0,11325000000.0,10.0,2026-06-08T01:26:02Z,2026-06-08T01:33:23Z,441.0,76.85408662189558,SETTING_75_PERCENT,0.7505668934240363,2026-06-08T01:31:33Z,2026-06-08T01:31:03Z,2026-06-08T01:32:03Z,1.0,61,21.108924420132862,28.168213242471225,36.99106118913786,327936140,2026-06-07T14:05:05.186112Z,2026-06-08T00:36:35Z,11.441059413333333,0.9161111111111111,9-12 h,data/orbit_uncertainty_stage1/raw/spacetrack_gp/spacetrack_gp_history_20260529_20260701_20sat_omm.json,1F5A8BA23D1C8AE605C4142F44E424711D1D85014DB46C28BBC18C3ABC326A96,2026-06-08T00:52:41.999981Z,0.6475000052777778,data/orbit_uncertainty_stage1/june/sat000065421.csv,47F2014ECBC8E7384C87E8BF3D80DB676A195CA775414C519EDF2550466E6CB3,72,False,SELECTED_FROZEN,186.93430578513224,198.0636730680995,305.20743560791016,322.0985584259033,-222.65201377868652,186.9343057851322,186.9343057851322,-3.6585662434304114,3.6585662434304114,11.636182922739,11.636182922739,2392982.333942847,8259.445933698007,0.003451528169073091,0.9965484718309269,FINITE_NONZERO,0.9683996309125563,0.041693129334408496,1.3662778330208838,0.9862134066798987,True,21.165461633613926,28.247815827844814,37.102304588596716,37e7a8f09622e7baf03357999a32262e65daac59933055dd735294474826ed6c,False,NOT_APPLICABLE_STAGE_A,COMPLETE
legit_segment_1fd23be3fcd4949cf300f209,legit_pass_a579ad43c8bce9660a6674d3,47383,STARLINK-2103,2026-06,CONFIRMATORY,controlled_example_station,52.21,5.16,14.0,11325000000.0,10.0,2026-06-01T08:11:13Z,2026-06-01T08:14:50Z,217.0,13.305870757377097,RISING_25_PERCENT,0.2488479262672811,2026-06-01T08:12:07Z,2026-06-01T08:11:37Z,2026-06-01T08:12:37Z,1.0,61,11.185771620401493,12.29188262461,13.108313410400127,326474416,2026-05-31T22:34:37.492608Z,2026-06-01T06:47:07Z,9.624863164444445,1.4166666666666667,9-12 h,data/orbit_uncertainty_stage1/raw/spacetrack_gp/spacetrack_gp_history_20260529_20260701_20sat_omm.json,1F5A8BA23D1C8AE605C4142F44E424711D1D85014DB46C28BBC18C3ABC326A96,2026-06-01T07:58:42.000038Z,0.22361110055555555,data/orbit_uncertainty_stage1/june/sat000047383.csv,6A97ABED011A96AE20108B2FFAB622CC78ED39D918CC694CBFCE03E18290B2FA,6,False,SELECTED_FROZEN,-1795.8657157772877,1799.881869764044,1960.281488418579,1969.9072017669678,-395.42405700683594,-1795.8657157772875,1795.8657157772875,-6.79253301454057,6.79253301454057,11.753277305423577,11.753277305423577,197614059.45142397,8426.51117250928,4.2641253339470117e-05,0.9999573587466606,FINITE_NONZERO,0.9904342635266082,0.04195815195362407,1.7036649556181565,0.9789888214094228,True,11.2307180413082,12.315826280450018,13.107091997275369,e279a1c67061e3c7fb2c135d84c5293418784315b4baffbb23ecc2fe98d99f51,False,NOT_APPLICABLE_STAGE_A,COMPLETE
legit_segment_20001384948e4ea71405f5ba,legit_pass_803aa2a47b000f01668b4751,65411,STARLINK-34983,2026-06,CONFIRMATORY,controlled_example_station,52.21,5.16,14.0,11325000000.0,10.0,2026-06-07T02:58:54Z,2026-06-07T03:05:37Z,403.0,34.10684348958414,SETTING_75_PERCENT,0.749379652605459,2026-06-07T03:03:56Z,2026-06-07T03:03:26Z,2026-06-07T03:04:26Z,1.0,61,18.09827022871537,22.45047020751753,27.04314577155002,327674076,2026-06-06T18:42:57.515904Z,2026-06-06T22:56:32Z,8.349578915555556,4.123333333333333,6-9 h,data/orbit_uncertainty_stage1/raw/spacetrack_gp/spacetrack_gp_history_20260529_20260701_20sat_omm.json,1F5A8BA23D1C8AE605C4142F44E424711D1D85014DB46C28BBC18C3ABC326A96,2026-06-07T03:45:41.999990Z,0.6961111083333332,data/orbit_uncertainty_stage1/june/sat000065411.csv,26E105CAB95698D658010132E70DA6D62EE0D10BD67ED831612077EEE7C12C95,63,False,SELECTED_FROZEN,1333.0698267201908,1373.2266593416234,1884.2270946502686,1946.055248260498,-1102.0933742523193,1333.0698267201903,1333.0698267201903,-18.641406683515843,18.641406683515843,30.832801385610797,30.832801385610797,115030838.93351986,57990.36011835591,0.0005041288115082814,0.9994958711884917,FINITE_NONZERO,0.9912523550682746,0.11106441966040492,1.757315462589278,0.9967515701686641,True,18.253303223937834,22.621769863584515,27.218667568609842,ba9debaf995a032d8bf1602cf92c10735307ccab07aceebe79df59c3e9e97365,False,NOT_APPLICABLE_STAGE_A,COMPLETE
legit_segment_20936b6e90c2751fe3b1d0bd,legit_pass_abbf46e8ba59b3a68ba578c8,65411,STARLINK-34983,2026-06,CONFIRMATORY,controlled_example_station,52.21,5.16,14.0,11325000000.0,10.0,2026-06-18T19:09:42Z,2026-06-18T19:17:04Z,442.0,82.11867905081957,RISING_25_PERCENT,0.251131221719457,2026-06-18T19:11:33Z,2026-06-18T19:11:03Z,2026-06-18T19:12:03Z,1.0,61,21.316622662100063,28.489070635555805,37.49681379993659,330402342,2026-06-18T14:09:51.291072Z,2026-06-18T17:45:15Z,5.02825248,1.4383333333333332,0-6 h,data/orbit_uncertainty_stage1/raw/spacetrack_gp/spacetrack_gp_history_20260529_20260701_20sat_omm.json,1F5A8BA23D1C8AE605C4142F44E424711D1D85014DB46C28BBC18C3ABC326A96,2026-06-18T20:17:42Z,1.1025,data/orbit_uncertainty_stage1/june/sat000065411.csv,26E105CAB95698D658010132E70DA6D62EE0D10BD67ED831612077EEE7C12C95,186,False,SELECTED_FROZEN,142.33512919066382,151.94233597797327,238.82745742797852,252.79158401489258,181.0481357574463,142.3351291906638,142.3351291906638,2.969009131114362,2.969009131114362,9.722640707226201,9.722640707226201,1408274.8812090422,5766.3142816305335,0.0040945942859394015,0.9959054057140606,FINITE_NONZERO,0.9665639990474034,0.034817083419111494,1.1868917905117045,0.9850976836730567,True,21.274126016862624,28.42721356720608,37.40788219007971,59e04acdc86cb64777d03b7cfe16bd61934a21195d61fca7e18233dee619135a,False,NOT_APPLICABLE_STAGE_A,COMPLETE
legit_segment_20c0229635782e9ad858634f,legit_pass_26b315bf394fcf28c6681377,65686,STARLINK-35137,2026-06,CONFIRMATORY,controlled_example_station,52.21,5.16,14.0,11325000000.0,10.0,2026-06-02T08:06:28Z,2026-06-02T08:13:46Z,438.0,85.86730547881662,SETTING_75_PERCENT,0.7511415525114156,2026-06-02T08:11:57Z,2026-06-02T08:11:27Z,2026-06-02T08:12:27Z,1.0,61,21.021388348804148,28.15331683364735,37.13527304837867,326623630,2026-06-01T22:00:03.000096Z,2026-06-02T07:37:26Z,10.198333306666665,0.5752777777777778,9-12 h,data/orbit_uncertainty_stage1/raw/spacetrack_gp/spacetrack_gp_history_20260529_20260701_20sat_omm.json,1F5A8BA23D1C8AE605C4142F44E424711D1D85014DB46C28BBC18C3ABC326A96,2026-06-02T07:35:41.999971Z,0.6041666747222222,data/orbit_uncertainty_stage1/june/sat000065686.csv,B6BC6FF15B3CA146A8A5647889EB05C3E5134E71663266D0DFF94290D3AA7A5B,15,False,SELECTED_FROZEN,-15.310455885089812,18.543786264337605,34.88811683654785,37.97084617614746,35.80562400817871,-15.310455885089809,15.310455885089809,0.5795065704821786,0.5795065704821786,2.3141545726744024,2.3141545726744024,20976.1925500636,326.67399456002056,0.015573560062454236,0.9844264399375457,FINITE_NONZERO,0.9510760460105044,-0.00826188576021869,0.3343803876299008,0.9791216167338054,True,21.01390029173284,28.141505432268236,37.11694314688483,7f88669f1fa9c15c9d732f129d4481e23cb7ba97816d9dbffeb7472d2c2d23b5,False,NOT_APPLICABLE_STAGE_A,COMPLETE
legit_segment_20fe3cdabd8bb1e13cec9ae8,legit_pass_9bc1993cba8f8ced0ea41d2c,47383,STARLINK-2103,2026-06,CONFIRMATORY,controlled_example_station,52.21,5.16,14.0,11325000000.0,10.0,2026-06-13T11:16:13Z,2026-06-13T11:19:10Z,177.0,12.091384720804854,RISING_25_PERCENT,0.24858757062146894,2026-06-13T11:16:57Z,2026-06-13T11:16:27Z,2026-06-13T11:17:27Z,1.0,61,10.573959074009268,11.444649533806599,12.027843408847223,328984835,2026-06-13T08:00:01.999872Z,2026-06-13T10:14:27Z,3.28194448,1.0416666666666667,0-6 h,data/orbit_uncertainty_stage1/raw/spacetrack_gp/spacetrack_gp_history_20260529_20260701_20sat_omm.json,1F5A8BA23D1C8AE605C4142F44E424711D1D85014DB46C28BBC18C3ABC326A96,2026-06-13T11:23:42.000029Z,0.11250000805555554,data/orbit_uncertainty_stage1/june/sat000047383.csv,6A97ABED011A96AE20108B2FFAB622CC78ED39D918CC694CBFCE03E18290B2FA,128,False,SELECTED_FROZEN,193.31509343131643,193.58802734247718,206.7597484588623,207.39684867858887,33.67557334899902,193.31509343131637,193.31509343131637,0.5784789802030812,0.5784789802030812,1.3642666626004485,1.3642666626004485,2286055.784151453,113.53463512766092,4.966398279287972e-05,0.9999503360172072,FINITE_NONZERO,0.9823746072968321,-0.0048938617298794895,0.14642896817594053,0.9884799206469934,True,10.568388573962006,11.441372966093395,12.027213633096425,4b51379289e0e11ca8e2ad8f5ee7c08bec7f1de8924a2f3dc3c7672024a65065,False,NOT_APPLICABLE_STAGE_A,COMPLETE
legit_segment_229bb0264a9c6c51010876a1,legit_pass_2e8b6dcbc010ec88d9fba15a,48672,STARLINK-2705,2026-06,CONFIRMATORY,controlled_example_station,52.21,5.16,14.0,11325000000.0,10.0,2026-06-09T17:33:20Z,2026-06-09T17:39:56Z,396.0,31.913423526940424,SETTING_75_PERCENT,0.75,2026-06-09T17:38:17Z,2026-06-09T17:37:47Z,2026-06-09T17:38:47Z,1.0,61,17.648149582756332,21.714088358781662,25.92445078875783,328348482,2026-06-09T09:17:08.786400Z,2026-06-09T16:06:37Z,8.352281555555555,1.5277777777777777,6-9 h,data/orbit_uncertainty_stage1/raw/spacetrack_gp/spacetrack_gp_history_20260529_20260701_20sat_omm.json,1F5A8BA23D1C8AE605C4142F44E424711D1D85014DB46C28BBC18C3ABC326A96,2026-06-09T17:07:42.000038Z,0.5097222116666666,data/orbit_uncertainty_stage1/june/sat000048672.csv,9CCC0F6B332261080A38A7EF3636C88202FADE4135B08985F943785C7A1E9415,87,False,SELECTED_FROZEN,917.5174228793285,939.8584253474625,1253.5364780426025,1289.763391494751,-679.7721138000488,917.5174228793284,917.5174228793284,-11.533027741620309,11.533027741620309,16.19606291363365,16.19606291363365,53883365.44149331,16001.05968804514,0.000296957318032021,0.999703042681968,FINITE_NONZERO,0.9936785536033009,0.05824941110251025,1.292071580551486,0.9936356473189408,True,17.745343374519038,21.817931823383265,26.026548205610723,0174e25161def48c1921243a023c0990127bcb193738f732a5942b41fdb319be,False,NOT_APPLICABLE_STAGE_A,COMPLETE
legit_segment_2314f26d0518c738cc3a34f4,legit_pass_43ebc9c482a7e5cb19d15d9a,44714,STARLINK-1008,2026-06,CONFIRMATORY,controlled_example_station,52.21,5.16,14.0,11325000000.0,10.0,2026-06-05T21:49:28Z,2026-06-05T21:56:13Z,405.0,87.91491985419754,RISING_25_PERCENT,0.24938271604938272,2026-06-05T21:51:09Z,2026-06-05T21:50:39Z,2026-06-05T21:51:39Z,1.0,61,20.21691775143729,27.735951553918245,37.45028459382072,327305531,2026-06-05T15:15:33.356736Z,2026-06-05T20:06:26Z,6.593234239999999,1.7452777777777777,6-9 h,data/orbit_uncertainty_stage1/raw/spacetrack_gp/spacetrack_gp_history_20260529_20260701_20sat_omm.json,1F5A8BA23D1C8AE605C4142F44E424711D1D85014DB46C28BBC18C3ABC326A96,2026-06-05T21:48:41.999962Z,0.04083334388888889,data/orbit_uncertainty_stage1/june/sat000044714.csv,F91F0DA10678FA8B4BBDEBC15B9D96435ECFD92205FFA13417B9E47754646E40,52,False,SELECTED_FROZEN,141.81378352055785,149.276908663773,226.9356632232666,239.4833755493164,158.96088790893555,141.81378352055782,141.81378352055782,2.5988927343924306,2.5988927343924306,8.867400740052702,8.867400740052702,1359299.3230729583,4796.47854896592,0.0035286404308085394,0.9964713595691914,FINITE_NONZERO,0.9638054127298579,0.03172549515252143,1.1458350145891119,0.9833024978841132,True,20.173528608040506,27.675416698988542,37.36553217892032,ba64ed0c6a5f0ee473a79c277530d2ff6550041d75163fdab03f298f85aa451e,False,NOT_APPLICABLE_STAGE_A,COMPLETE
legit_segment_2315f3f38e7005c912c43d18,legit_pass_6c9927a71195d8254589bbf0,48672,STARLINK-2705,2026-06,CONFIRMATORY,controlled_example_station,52.21,5.16,14.0,11325000000.0,10.0,2026-06-01T15:09:51Z,2026-06-01T15:16:32Z,401.0,33.56896627265587,PEAK,0.49875311720698257,2026-06-01T15:13:11Z,2026-06-01T15:12:41Z,2026-06-01T15:13:41Z,1.0,61,31.9878613256851,33.019965326314114,33.56896627265587,326542936,2026-06-01T03:58:06.459456Z,2026-06-01T10:22:25Z,11.251261262222224,4.846111111111111,9-12 h,data/orbit_uncertainty_stage1/raw/spacetrack_gp/spacetrack_gp_history_20260529_20260701_20sat_omm.json,1F5A8BA23D1C8AE605C4142F44E424711D1D85014DB46C28BBC18C3ABC326A96,2026-06-01T15:04:42.000010Z,0.1413888861111111,data/orbit_uncertainty_stage1/june/sat000048672.csv,9CCC0F6B332261080A38A7EF3636C88202FADE4135B08985F943785C7A1E9415,7,False,SELECTED_FROZEN,1261.211636965392,1262.2223502017673,1311.7903957366943,1312.3618412017822,102.09490013122559,1261.2116369653918,1261.2116369653918,1.7837499970547557,1.7837499970547557,39.54897313245117,39.54897313245117,97185520.94228126,95411.39782571202,0.000981744985267683,0.9990182550147323,FINITE_NONZERO,0.3867316920223549,-0.14257985979617183,1.5769884332176876,0.9984100385584356,True,31.998390294036792,33.041750345072444,33.590469627555805,584cf7387484cced9b02e222e57c89ca938bb4e0e8a9f93cbbf72ea1b79d4396,False,NOT_APPLICABLE_STAGE_A,COMPLETE
legit_segment_23905cfdf5d4183d65253c29,legit_pass_8b5dda634e59a8b5455f1464,44714,STARLINK-1008,2026-06,CONFIRMATORY,controlled_example_station,52.21,5.16,14.0,11325000000.0,10.0,2026-06-01T00:06:05Z,2026-06-01T00:12:50Z,405.0,77.96289034006644,SETTING_75_PERCENT,0.7506172839506173,2026-06-01T00:11:09Z,2026-06-01T00:10:39Z,2026-06-01T00:11:39Z,1.0,61,20.211762386595684,27.657391901536347,37.21425697704151,326323666,2026-05-31T06:40:14.651904Z,2026-05-31T16:16:51Z,17.515096693333334,7.905,12-18 h,data/orbit_uncertainty_stage1/raw/spacetrack_gp/spacetrack_gp_history_20260529_20260701_20sat_omm.json,1F5A8BA23D1C8AE605C4142F44E424711D1D85014DB46C28BBC18C3ABC326A96,2026-06-01T02:55:42.000010Z,2.7425000027777777,data/orbit_uncertainty_stage1/june/sat000044714.csv,F91F0DA10678FA8B4BBDEBC15B9D96435ECFD92205FFA13417B9E47754646E40,2,False,SELECTED_FROZEN,429.7040617583228,466.1035933282247,763.2111492156982,813.935245513916,-617.1082878112793,429.7040617583228,429.7040617583228,-10.040014764330873,10.040014764330873,36.85635788854082,36.85635788854082,13252406.14252247,82861.85812530051,0.006252589698366167,0.9937474103016338,FINITE_NONZERO,0.9583404793220314,0.13170463576718916,5.088964105542868,0.9809351258654025,True,20.340583913844746,27.850897843439295,37.5015036042661,283db2c826788c641a5ce59f68b8a8846776e7ceeb201839505af01ae3221879,False,NOT_APPLICABLE_STAGE_A,COMPLETE
legit_segment_23a1fad467261d146ed487d1,legit_pass_21caa62fb471e178f0bd8255,47844,STARLINK-2446,2026-06,CONFIRMATORY,controlled_example_station,52.21,5.16,14.0,11325000000.0,10.0,2026-06-01T00:26:32Z,2026-06-01T00:32:36Z,364.0,24.541073655885278,RISING_25_PERCENT,0.25,2026-06-01T00:28:03Z,2026-06-01T00:27:33Z,2026-06-01T00:28:33Z,1.0,61,15.747682646363488,18.732676601692365,21.589973035576776,326255106,2026-05-31T00:00:02.000160Z,2026-05-31T06:56:47Z,24.466944400000003,17.52111111111111,24-36 h,data/orbit_uncertainty_stage1/raw/spacetrack_gp/spacetrack_gp_history_20260529_20260701_20sat_omm.json,1F5A8BA23D1C8AE605C4142F44E424711D1D85014DB46C28BBC18C3ABC326A96,2026-06-01T00:17:42.000029Z,0.17249999194444443,data/orbit_uncertainty_stage1/june/sat000047844.csv,FE1F3D11E12AC1E3987E760842AEC279FE294DEAF66BE25CA508FB5254D084DD,2,False,SELECTED_FROZEN,905.4416498278008,919.2539581298322,1157.366075515747,1181.6355533599854,527.6426696777344,905.4416498278007,905.4416498278007,9.009229382454942,9.009229382454942,6.460025859833275,6.460025859833275,51546698.21177916,2545.6479806925927,4.938527721472712e-05,0.9999506147227852,FINITE_NONZERO,0.9983441849612411,0.022598821649653544,1.581285477076896,0.9400827252952019,True,15.678344952490523,18.666435829703005,21.5339026993569,6e189118f31c956e835edfa507b8592d3b65b2dff81e7a331a73576ad5b97a9e,False,NOT_APPLICABLE_STAGE_A,COMPLETE
legit_segment_23fef8188b10da968a695534,legit_pass_ea3dc6417915507c3e5b73dc,65693,STARLINK-35060,2026-06,CONFIRMATORY,controlled_example_station,52.21,5.16,14.0,11325000000.0,10.0,2026-06-26T21:09:48Z,2026-06-26T21:16:35Z,407.0,34.74457508294117,SETTING_75_PERCENT,0.7493857493857494,2026-06-26T21:14:53Z,2026-06-26T21:14:23Z,2026-06-26T21:15:23Z,1.0,61,18.184077088350517,22.563247305194395,27.212469652916774,331499297,2026-06-26T17:47:38.131584Z,2026-06-26T20:06:42Z,3.4541301155555555,1.136388888888889,0-6 h,data/orbit_uncertainty_stage1/raw/spacetrack_gp/spacetrack_gp_history_20260529_20260701_20sat_omm.json,1F5A8BA23D1C8AE605C4142F44E424711D1D85014DB46C28BBC18C3ABC326A96,2026-06-26T20:27:41.999962Z,0.7863888994444445,data/orbit_uncertainty_stage1/june/sat000065693.csv,D31425DC1D7BF768E17AFC34A7D7E516943AB5AC5C7598CCE830821EDB62E3E7,263,False,SELECTED_FROZEN,160.15432557903353,163.8985021530201,217.98140144348145,224.34577178955078,-116.393798828125,160.1543255790335,160.1543255790335,-1.9710590071050287,1.9710590071050287,2.9896801478764674,2.9896801478764674,1638625.8594882155,545.229430583006,0.00033273576602366997,0.9996672642339763,FINITE_NONZERO,0.9926332264852241,0.010763779808993679,0.1952795989537618,0.9957335732494618,True,18.2054535493371,22.586786533710068,27.236875588380578,48b65885a8aaffb5596025c6856e80ee5af6e44689a36481a34125dac3f4830b,False,NOT_APPLICABLE_STAGE_A,COMPLETE
legit_segment_243a6828aab704a5064c34e7,legit_pass_b17fa1a788b02d3aeffcc0b0,47383,STARLINK-2103,2026-06,CONFIRMATORY,controlled_example_station,52.21,5.16,14.0,11325000000.0,10.0,2026-06-10T08:03:07Z,2026-06-10T08:10:24Z,437.0,77.53857339751936,RISING_25_PERCENT,0.2494279176201373,2026-06-10T08:04:56Z,2026-06-10T08:04:26Z,2026-06-10T08:05:26Z,1.0,61,21.062039719796285,28.177751898529706,37.10120192931811,328491992,2026-06-10T03:03:08.662176Z,2026-06-10T07:17:33Z,5.029816062222221,0.7897222222222222,0-6 h,data/orbit_uncertainty_stage1/raw/spacetrack_gp/spacetrack_gp_history_20260529_20260701_20sat_omm.json,1F5A8BA23D1C8AE605C4142F44E424711D1D85014DB46C28BBC18C3ABC326A96,2026-06-10T07:38:42.000029Z,0.4372222141666667,data/orbit_uncertainty_stage1/june/sat000047383.csv,6A97ABED011A96AE20108B2FFAB622CC78ED39D918CC694CBFCE03E18290B2FA,96,False,SELECTED_FROZEN,-34.5162706218782,35.50623186970766,49.29072189331055,51.28981018066406,-28.210643768310547,-34.5162706218782,34.5162706218782,-0.4670193790696024,0.4670193790696024,1.3062782285866459,1.3062782285866459,76902.2425967121,104.08813143924738,0.0013535123024318357,0.9986464876975681,FINITE_NONZERO,0.9753841092842179,-0.004689942747349629,0.12925809060752252,0.990208615726448,True,21.074306278324645,28.193391484080905,37.1212774431781,6bda6cfde20e10d19f5ef2cdab6fbe3d825e2f7089b3a570ff08d1beabb93cb8,False,NOT_APPLICABLE_STAGE_A,COMPLETE
legit_segment_245aaf7ec768bd7431c8d431,legit_pass_fa16816d61d9b87e22f1b15f,48111,STARLINK-2448,2026-06,CONFIRMATORY,controlled_example_station,52.21,5.16,14.0,11325000000.0,10.0,2026-06-01T22:08:46Z,2026-06-01T22:15:50Z,424.0,85.42662149123208,RISING_25_PERCENT,0.25,2026-06-01T22:10:32Z,2026-06-01T22:10:02Z,2026-06-01T22:11:02Z,1.0,61,20.77170396388242,28.11802950958692,37.47352607727213,326577200,2026-06-01T03:04:33.620160Z,2026-06-01T18:19:01Z,19.099549955555553,3.858611111111111,18-24 h,data/orbit_uncertainty_stage1/raw/spacetrack_gp/spacetrack_gp_history_20260529_20260701_20sat_omm.json,1F5A8BA23D1C8AE605C4142F44E424711D1D85014DB46C28BBC18C3ABC326A96,2026-06-01T22:00:42.000019Z,0.16388888361111112,data/orbit_uncertainty_stage1/june/sat000048111.csv,63E98DFF9634CD904EDA2CF3528E739282097399B04E926A453B20B62792D5D5,10,False,SELECTED_FROZEN,-128.6909465789795,140.83218673059898,234.1944694519043,250.1854076385498,-195.42855072021484,-128.69094657897946,128.69094657897946,-3.1817361132673723,3.1817361132673723,11.579172364332399,11.579172364332399,1209855.99397866,8178.711191218069,0.006760069985124468,0.9932399300148755,FINITE_NONZERO,0.9590271719393163,-0.041386644647168236,1.5808816492489521,0.981360095672708,True,20.81464396649558,28.182782190302987,37.570096566653746,338e2fd235205135031f749509fcd79df0a2dd81fdbb0852a06762c229d4a4fc,False,NOT_APPLICABLE_STAGE_A,COMPLETE
legit_segment_24e389e8656456fb4368351d,legit_pass_c5ef53d7f995dc3b01f2ac99,47383,STARLINK-2103,2026-06,CONFIRMATORY,controlled_example_station,52.21,5.16,14.0,11325000000.0,10.0,2026-06-02T09:13:55Z,2026-06-02T09:20:54Z,419.0,44.218530524861784,SETTING_75_PERCENT,0.7494033412887828,2026-06-02T09:19:09Z,2026-06-02T09:18:39Z,2026-06-02T09:19:39Z,1.0,61,19.365029108978913,24.802116125859115,30.97457009334535,326542126,2026-05-31T22:34:37.493472Z,2026-06-01T10:22:25Z,34.74208514666667,22.945555555555554,24-36 h,data/orbit_uncertainty_stage1/raw/spacetrack_gp/spacetrack_gp_history_20260529_20260701_20sat_omm.json,1F5A8BA23D1C8AE605C4142F44E424711D1D85014DB46C28BBC18C3ABC326A96,2026-06-02T08:39:42.000019Z,0.6574999947222222,data/orbit_uncertainty_stage1/june/sat000047383.csv,6A97ABED011A96AE20108B2FFAB622CC78ED39D918CC694CBFCE03E18290B2FA,16,False,SELECTED_FROZEN,-5398.6714066052045,5613.989576773923,8070.991138458252,8407.477725982666,5186.385494232178,-5398.671406605204,5398.671406605204,86.68380036951689,86.68380036951689,204.59918185059573,204.59918185059573,1922529617.0557013,2553510.338049921,0.0013282033813141192,0.9986717966186859,FINITE_NONZERO,0.9823463368701981,-0.7364747825488536,13.9684649358646,0.995338887571678,True,18.32231892730509,23.511949774640257,29.430075296134042,4a304453a028be54939b4c9f6fb6076227439e84eed2ae78ef57f3a3fd6c32cf,False,NOT_APPLICABLE_STAGE_A,COMPLETE
legit_segment_24e6ac8eb3e5b87420c95749,legit_pass_e683ef90da1277934a641800,65411,STARLINK-34983,2026-06,CONFIRMATORY,controlled_example_station,52.21,5.16,14.0,11325000000.0,10.0,2026-06-01T04:26:36Z,2026-06-01T04:33:50Z,434.0,59.57238577178561,PEAK,0.5,2026-06-01T04:30:13Z,2026-06-01T04:29:43Z,2026-06-01T04:30:43Z,1.0,61,52.76115756816291,57.09247898188453,59.57238577178561,326367574,2026-05-31T09:14:51.463968Z,2026-05-31T16:26:43Z,19.255982231111112,12.058333333333334,18-24 h,data/orbit_uncertainty_stage1/raw/spacetrack_gp/spacetrack_gp_history_20260529_20260701_20sat_omm.json,1F5A8BA23D1C8AE605C4142F44E424711D1D85014DB46C28BBC18C3ABC326A96,2026-06-01T05:02:41.999971Z,0.5413888808333334,data/orbit_uncertainty_stage1/june/sat000065411.csv,26E105CAB95698D658010132E70DA6D62EE0D10BD67ED831612077EEE7C12C95,4,False,SELECTED_FROZEN,11365.074795300843,11390.438635806067,12231.45983505249,12238.47017288208,644.9502487182617,11365.074795300841,11365.074795300841,12.27441174735598,12.27441174735598,728.3283918127613,728.3283918127613,7914267631.279879,32358197.025554348,0.004088590193445537,0.9959114098065545,FINITE_NONZERO,0.08092103273679829,-2.6228943401430413,44.576625195637114,0.9962540679801151,True,51.39473739560904,56.957637930277066,59.51845837915509,9656548cd681dd7a4cab4bad6d46d300b2b6083ae0daa45c6e7c13c3f22f34f4,False,NOT_APPLICABLE_STAGE_A,COMPLETE
legit_segment_25330497aae38c88b623567d,legit_pass_b1adb7350ee7a0376773b7fe,65421,STARLINK-35146,2026-06,CONFIRMATORY,controlled_example_station,52.21,5.16,14.0,11325000000.0,10.0,2026-06-01T00:09:23Z,2026-06-01T00:16:18Z,415.0,39.459325044750365,PEAK,0.4987951807228916,2026-06-01T00:12:50Z,2026-06-01T00:12:20Z,2026-06-01T00:13:20Z,1.0,61,37.175598998416206,38.65016631724534,39.459325044750365,326441216,2026-05-31T12:57:20.022048Z,2026-06-01T00:06:54Z,11.25832720888889,0.09888888888888889,9-12 h,data/orbit_uncertainty_stage1/raw/spacetrack_gp/spacetrack_gp_history_20260529_20260701_20sat_omm.json,1F5A8BA23D1C8AE605C4142F44E424711D1D85014DB46C28BBC18C3ABC326A96,2026-06-01T01:42:41.999962Z,1.4977777672222221,data/orbit_uncertainty_stage1/june/sat000065421.csv,47F2014ECBC8E7384C87E8BF3D80DB676A195CA775414C519EDF2550466E6CB3,2,False,SELECTED_FROZEN,2422.380462365072,2424.428216051191,2532.9825382232666,2533.799873352051,-102.46120834350586,2422.3804623650713,2422.3804623650713,-1.7967683559117134,1.7967683559117134,94.46837362022316,94.46837362022316,358548982.66189486,544380.6904814546,0.0015182882027441021,0.9984817117972559,FINITE_NONZERO,0.10083522722703109,-0.340573704231528,3.757576201733063,0.9984178679944361,True,37.01832984331302,38.623595748657685,39.43513128526328,87a13e06ece0d7f8c92ee8069e88801bfdff4ec5e696b3e554970a4596a9c917,False,NOT_APPLICABLE_STAGE_A,COMPLETE
legit_segment_25b16348a5d7472ba15eb8c2,legit_pass_5f26005a758e294129057e05,65686,STARLINK-35137,2026-06,CONFIRMATORY,controlled_example_station,52.21,5.16,14.0,11325000000.0,10.0,2026-06-04T10:16:33Z,2026-06-04T10:23:40Z,427.0,54.21063939098734,RISING_25_PERCENT,0.2505854800936768,2026-06-04T10:18:20Z,2026-06-04T10:17:50Z,2026-06-04T10:18:50Z,1.0,61,20.199762216875552,26.408816431013573,33.79512922651784,327025019,2026-06-03T15:05:49.254720Z,2026-06-04T06:26:29Z,19.208540355555556,3.8641666666666667,18-24 h,data/orbit_uncertainty_stage1/raw/spacetrack_gp/spacetrack_gp_history_20260529_20260701_20sat_omm.json,1F5A8BA23D1C8AE605C4142F44E424711D1D85014DB46C28BBC18C3ABC326A96,2026-06-04T09:56:42Z,0.3605555555555556,data/orbit_uncertainty_stage1/june/sat000065686.csv,B6BC6FF15B3CA146A8A5647889EB05C3E5134E71663266D0DFF94290D3AA7A5B,37,False,SELECTED_FROZEN,1794.8579561514932,1884.966676370372,2815.952133178711,2953.1942825317383,1948.3075122833252,1794.8579561514932,1794.8579561514932,32.30049986806515,32.30049986806515,90.301593735214,90.301593735214,216739061.63263276,497417.0476982981,0.0022950041582324807,0.9977049958417675,FINITE_NONZERO,0.9754078280555711,0.32440849273588057,8.365683907056225,0.9914175343990443,True,19.770025167004764,25.84550499276165,33.072058328405426,0bea6c5b8db2c5588b8e04540f737d5886199ac50717c60a91a8451b4d20f08b,False,NOT_APPLICABLE_STAGE_A,COMPLETE
legit_segment_25f225459d2dcc4b77478371,legit_pass_46adb5c4e842cc698e919b75,47383,STARLINK-2103,2026-06,CONFIRMATORY,controlled_example_station,52.21,5.16,14.0,11325000000.0,10.0,2026-06-01T09:46:32Z,2026-06-01T09:53:37Z,425.0,50.31862709255336,SETTING_75_PERCENT,0.7505882352941177,2026-06-01T09:51:51Z,2026-06-01T09:51:21Z,2026-06-01T09:52:21Z,1.0,61,19.898467109641167,25.821402929012212,32.752212459182836,326474416,2026-05-31T22:34:37.492608Z,2026-06-01T06:47:07Z,11.287085386666666,3.078888888888889,9-12 h,data/orbit_uncertainty_stage1/raw/spacetrack_gp/spacetrack_gp_history_20260529_20260701_20sat_omm.json,1F5A8BA23D1C8AE605C4142F44E424711D1D85014DB46C28BBC18C3ABC326A96,2026-06-01T07:58:42.000038Z,1.8858333227777777,data/orbit_uncertainty_stage1/june/sat000047383.csv,6A97ABED011A96AE20108B2FFAB622CC78ED39D918CC694CBFCE03E18290B2FA,6,False,SELECTED_FROZEN,-1572.6762351677066,1640.7657920250383,2393.5726528167725,2500.4908237457275,1579.1490173339844,-1572.6762351677064,1572.6762351677064,26.28565226766183,26.28565226766183,67.91048465431984,67.91048465431984,164218855.44105262,281321.86948506127,0.0017130911595352309,0.9982869088404648,FINITE_NONZERO,0.9789223260201116,-0.24421751746732667,5.499065930543788,0.9934430149494138,True,19.549681518921304,25.37567956460321,32.19707800349649,c13d9aa1ee16fd0307866e58b0ea51c97889c15706893d51e78f731a045fbbee,False,NOT_APPLICABLE_STAGE_A,COMPLETE
legit_segment_2614d21d98b216f124a50f67,legit_pass_2ae7e39cf8f6e70690e58fe8,48309,STARLINK-2517,2026-06,CONFIRMATORY,controlled_example_station,52.21,5.16,14.0,11325000000.0,10.0,2026-06-01T18:08:17Z,2026-06-01T18:15:41Z,444.0,79.78124367184824,SETTING_75_PERCENT,0.75,2026-06-01T18:13:50Z,2026-06-01T18:13:20Z,2026-06-01T18:14:20Z,1.0,61,21.274270921878493,28.366275253515894,37.23819454912968,326542819,2026-06-01T03:38:45.544992Z,2026-06-01T10:22:25Z,14.584570835555555,7.856944444444444,12-18 h,data/orbit_uncertainty_stage1/raw/spacetrack_gp/spacetrack_gp_history_20260529_20260701_20sat_omm.json,1F5A8BA23D1C8AE605C4142F44E424711D1D85014DB46C28BBC18C3ABC326A96,2026-06-01T17:41:42.000029Z,0.5355555475,data/orbit_uncertainty_stage1/june/sat000048309.csv,79D62147447BEB30EC557417B61811EF138EF8094DC33D3F68D9F90E474F7689,8,False,SELECTED_FROZEN,853.6611417238829,902.4635795849737,1382.3058242797852,1457.6710605621338,-995.6312885284424,853.6611417238828,853.6611417238828,-16.36437148321627,16.36437148321627,51.840571325779656,51.840571325779656,49680871.26111677,163934.1349583781,0.0032997435591811527,0.9967002564408188,FINITE_NONZERO,0.9686424094812627,0.18576219837244423,6.053135803309278,0.986366063194715,True,21.539517764016097,28.736813884426013,37.75349506215129,3b6ed54dbe6c209f6d5620994e772eba7011b79a0c29e9a2f930c5cee0227527,False,NOT_APPLICABLE_STAGE_A,COMPLETE
legit_segment_26f1da72d8d7cf68334777eb,legit_pass_6f8b090e8b6a2f8b73b1664a,44714,STARLINK-1008,2026-06,CONFIRMATORY,controlled_example_station,52.21,5.16,14.0,11325000000.0,10.0,2026-06-05T20:12:40Z,2026-06-05T20:19:25Z,405.0,78.8340433235779,RISING_25_PERCENT,0.24938271604938272,2026-06-05T20:14:21Z,2026-06-05T20:13:51Z,2026-06-05T20:14:51Z,1.0,61,20.190549047345687,27.65486239976737,37.25194211267726,327305531,2026-06-05T15:15:33.356736Z,2026-06-05T20:06:26Z,4.979900906666666,0.13194444444444445,0-6 h,data/orbit_uncertainty_stage1/raw/spacetrack_gp/spacetrack_gp_history_20260529_20260701_20sat_omm.json,1F5A8BA23D1C8AE605C4142F44E424711D1D85014DB46C28BBC18C3ABC326A96,2026-06-05T20:16:42.000038Z,0.03916667722222222,data/orbit_uncertainty_stage1/june/sat000044714.csv,F91F0DA10678FA8B4BBDEBC15B9D96435ECFD92205FFA13417B9E47754646E40,51,False,SELECTED_FROZEN,60.75801630489162,62.837604713874356,89.56789588928223,93.60731887817383,54.45664596557617,60.758016304891605,60.758016304891605,0.8970766052375203,0.8970766052375203,2.748931759004441,2.748931759004441,240862.43853680464,460.9541747554582,0.0019137652909090796,0.998086234709091,FINITE_NONZERO,0.970599992210823,0.009856324828139695,0.30655649220314374,0.9875636447795122,True,20.172683560613724,27.63137468955368,37.220956362320464,5b7608b2401093fc9720583d5a69235dc75239d9bf117ae250cfbdd37fafe967,False,NOT_APPLICABLE_STAGE_A,COMPLETE
legit_segment_275dda4a667f4cb22dd7583c,legit_pass_457570044d3ce1f9d652e76f,65686,STARLINK-35137,2026-06,CONFIRMATORY,controlled_example_station,52.21,5.16,14.0,11325000000.0,10.0,2026-06-01T08:39:10Z,2026-06-01T08:46:28Z,438.0,81.79969897862425,RISING_25_PERCENT,0.2511415525114155,2026-06-01T08:41:00Z,2026-06-01T08:40:30Z,2026-06-01T08:41:30Z,1.0,61,21.22135397510897,28.429074227389478,37.502273494461406,326446506,2026-06-01T04:00:03.000096Z,2026-06-01T06:47:07Z,4.682499973333333,1.8980555555555556,0-6 h,data/orbit_uncertainty_stage1/raw/spacetrack_gp/spacetrack_gp_history_20260529_20260701_20sat_omm.json,1F5A8BA23D1C8AE605C4142F44E424711D1D85014DB46C28BBC18C3ABC326A96,2026-06-01T07:49:42.000038Z,0.8549999894444444,data/orbit_uncertainty_stage1/june/sat000065686.csv,B6BC6FF15B3CA146A8A5647889EB05C3E5134E71663266D0DFF94290D3AA7A5B,5,False,SELECTED_FROZEN,-52.57084008513904,54.688838952374894,79.55994987487793,83.31464004516602,-51.17825889587402,-52.57084008513903,52.57084008513903,-0.8440094569068562,0.8440094569068562,2.5192796715713155,2.5192796715713155,182443.01546348666,387.15297387914103,0.0021220487553091564,0.9978779512446908,FINITE_NONZERO,0.9720623065271341,-0.009035263599695642,0.2750576542020455,0.9880794936042936,True,21.23782822381949,28.451000209147196,37.53151971789942,1c3fac57364b38f9ecc0fc25a34bf91a1f1289bd708bad4f95b5962e4184b3a1,False,NOT_APPLICABLE_STAGE_A,COMPLETE
legit_segment_2836e5f3db70213efcef73bd,legit_pass_9c28e7c4f9d8a7e3774e19d2,47383,STARLINK-2103,2026-06,CONFIRMATORY,controlled_example_station,52.21,5.16,14.0,11325000000.0,10.0,2026-06-06T11:54:33Z,2026-06-06T12:01:43Z,430.0,58.74605582349162,SETTING_75_PERCENT,0.7511627906976744,2026-06-06T11:59:56Z,2026-06-06T11:59:26Z,2026-06-06T12:00:26Z,1.0,61,20.441852736786412,26.938797913727402,34.78938341188385,327472127,2026-06-06T03:41:11.436576Z,2026-06-06T10:37:48Z,8.31237872888889,1.3688888888888888,6-9 h,data/orbit_uncertainty_stage1/raw/spacetrack_gp/spacetrack_gp_history_20260529_20260701_20sat_omm.json,1F5A8BA23D1C8AE605C4142F44E424711D1D85014DB46C28BBC18C3ABC326A96,2026-06-06T10:20:42.000029Z,1.6538888808333334,data/orbit_uncertainty_stage1/june/sat000047383.csv,6A97ABED011A96AE20108B2FFAB622CC78ED39D918CC694CBFCE03E18290B2FA,58,False,SELECTED_FROZEN,546.4360485389584,572.6101951752864,850.1868686676025,891.1504745483398,-579.3266773223877,546.4360485389583,546.4360485389583,-9.598712474615224,9.598712474615224,26.984130762456953,26.984130762456953,20000828.57273946,44416.74209332792,0.0022207451022237465,0.9977792548977763,FINITE_NONZERO,0.9751402761215777,0.09691999175081101,2.5601948292859023,0.9909982039979898,True,20.569253663818518,27.10813709614688,35.00982672389868,d43521de4d69b0647f5620d1ccb2bab5b07d841809c333475ed616ec2696bed1,False,NOT_APPLICABLE_STAGE_A,COMPLETE
legit_segment_284532be5d0e0a6ba515d7ea,legit_pass_2f051a3a14c617cd8618cafd,65410,STARLINK-35024,2026-06,CONFIRMATORY,controlled_example_station,52.21,5.16,14.0,11325000000.0,10.0,2026-06-03T03:46:41Z,2026-06-03T03:53:54Z,433.0,56.999312383206075,SETTING_75_PERCENT,0.7505773672055427,2026-06-03T03:52:06Z,2026-06-03T03:51:36Z,2026-06-03T03:52:36Z,1.0,61,20.333624846430133,26.669433458551413,34.26497098463007,326774524,2026-06-02T17:58:31.379520Z,2026-06-03T03:08:42Z,9.892950133333333,0.7233333333333334,9-12 h,data/orbit_uncertainty_stage1/raw/spacetrack_gp/spacetrack_gp_history_20260529_20260701_20sat_omm.json,1F5A8BA23D1C8AE605C4142F44E424711D1D85014DB46C28BBC18C3ABC326A96,2026-06-03T03:44:42.000029Z,0.12333332527777778,data/orbit_uncertainty_stage1/june/sat000065410.csv,480E0881CFF425F783D504E2B784746BB847F6C9A822B6001FD1AFCD7FF9CBC4,23,False,SELECTED_FROZEN,2245.319836382006,2353.925941823599,3497.8164501190186,3665.820869445801,-2391.0060024261475,2245.3198363820056,2245.3198363820056,-39.64890413723065,39.64890413723065,110.34099945973887,110.34099945973887,337999007.7149972,742683.3058682197,0.002197294337900704,0.9978027056620993,FINITE_NONZERO,0.9756256542046364,0.3964200433790168,10.162467298179518,0.991517487754197,True,20.871483753258513,27.377859509072657,35.17880242924103,ac9aea1fffd7c6867ac4fd19d0554560f5b368d86336e5265c95763a1f9645fb,False,NOT_APPLICABLE_STAGE_A,COMPLETE
legit_segment_288abbeb56a85d143c69f27e,legit_pass_062055424ad8c075e0d1583a,65411,STARLINK-34983,2026-06,CONFIRMATORY,controlled_example_station,52.21,5.16,14.0,11325000000.0,10.0,2026-06-07T01:20:58Z,2026-06-07T01:28:21Z,443.0,88.3614086507848,RISING_25_PERCENT,0.2505643340857788,2026-06-07T01:22:49Z,2026-06-07T01:22:19Z,2026-06-07T01:23:19Z,1.0,61,21.1793673402664,28.289397157245496,37.223291384202625,327674076,2026-06-06T18:42:57.515904Z,2026-06-06T22:56:32Z,6.664301137777778,2.4380555555555556,6-9 h,data/orbit_uncertainty_stage1/raw/spacetrack_gp/spacetrack_gp_history_20260529_20260701_20sat_omm.json,1F5A8BA23D1C8AE605C4142F44E424711D1D85014DB46C28BBC18C3ABC326A96,2026-06-07T00:18:41.999990Z,1.068611113888889,data/orbit_uncertainty_stage1/june/sat000065411.csv,26E105CAB95698D658010132E70DA6D62EE0D10BD67ED831612077EEE7C12C95,62,False,SELECTED_FROZEN,725.3609334914411,757.290990575932,1116.3914432525635,1171.4785652160645,739.6438140869141,725.3609334914408,725.3609334914408,12.175327990031137,12.175327990031137,37.24501249566918,37.24501249566918,34982868.308856055,84618.64830395575,0.002418859641721665,0.9975811403582784,FINITE_NONZERO,0.9706979943236564,0.13350052131370127,4.2556624544259165,0.9869443620214979,True,20.954074666090335,27.98299799277988,36.80622148369742,796759dd30a9eb6471813a3946ee1443da6792e6df350001a01b989d1ead72ef,False,NOT_APPLICABLE_STAGE_A,COMPLETE
legit_segment_296ff673dcbacfc466f4a60b,legit_pass_6214b893b09d33600c36eb60,47749,STARLINK-2163,2026-06,CONFIRMATORY,controlled_example_station,52.21,5.16,14.0,11325000000.0,10.0,2026-06-21T14:24:29Z,2026-06-21T14:30:00Z,331.0,77.5316101361961,SETTING_75_PERCENT,0.7492447129909365,2026-06-21T14:28:37Z,2026-06-21T14:28:07Z,2026-06-21T14:29:07Z,1.0,61,18.299624757167617,26.804206077141085,38.549435792360654,330881914,2026-06-20T10:00:01.998720Z,2026-06-20T15:56:36Z,28.476389244444444,22.53361111111111,24-36 h,data/orbit_uncertainty_stage1/raw/spacetrack_gp/spacetrack_gp_history_20260529_20260701_20sat_omm.json,1F5A8BA23D1C8AE605C4142F44E424711D1D85014DB46C28BBC18C3ABC326A96,2026-06-21T13:30:41.999990Z,0.9652777805555556,data/orbit_uncertainty_stage1/june/sat000047749.csv,0CE3EE486737D6898F4E0960379BB2CF5D672CBD2C80BC161C0E3F96D2261670,212,False,SELECTED_FROZEN,-1954.8426387349114,2178.7127979855823,3801.094882965088,4116.018842697144,3323.3478775024414,-1954.8426387349111,1954.8426387349111,52.87774058795368,52.87774058795368,242.0795829621895,242.0795829621895,289554156.8224761,3574753.9937160034,0.012345718096209766,0.9876542819037902,FINITE_NONZERO,0.9366719157471095,-0.8595197102687635,43.02758637217793,0.968407961854591,True,17.7775216409821,25.951327084393654,37.172237527906155,4cc02c76ea529d433bc2aeccfd700f6044943d653bda54787beb070d3495557e,False,NOT_APPLICABLE_STAGE_A,COMPLETE
legit_segment_2a2c85f9e1988c35a5babb1a,legit_pass_8b5dda634e59a8b5455f1464,44714,STARLINK-1008,2026-06,CONFIRMATORY,controlled_example_station,52.21,5.16,14.0,11325000000.0,10.0,2026-06-01T00:06:05Z,2026-06-01T00:12:50Z,405.0,77.96289034006644,RISING_25_PERCENT,0.24938271604938272,2026-06-01T00:07:46Z,2026-06-01T00:07:16Z,2026-06-01T00:08:16Z,1.0,61,20.27469981632706,27.727839424425103,37.29548028339858,326323666,2026-05-31T06:40:14.651904Z,2026-05-31T16:16:51Z,17.458707804444444,7.848611111111111,12-18 h,data/orbit_uncertainty_stage1/raw/spacetrack_gp/spacetrack_gp_history_20260529_20260701_20sat_omm.json,1F5A8BA23D1C8AE605C4142F44E424711D1D85014DB46C28BBC18C3ABC326A96,2026-06-01T02:55:42.000010Z,2.7988888916666665,data/orbit_uncertainty_stage1/june/sat000044714.csv,F91F0DA10678FA8B4BBDEBC15B9D96435ECFD92205FFA13417B9E47754646E40,2,False,SELECTED_FROZEN,530.168936025901,564.1100726921763,883.1461791992188,935.5730037689209,657.5270233154297,530.1689360259008,530.1689360259008,10.738143356258693,10.738143356258693,37.35879195948751,37.35879195948751,19411430.62087912,85136.4395370084,0.004385892065339832,0.9956141079346602,FINITE_NONZERO,0.9624222132147442,0.13362875442535227,4.895677396243237,0.9828272465326934,True,20.118759645126882,27.503937251095397,36.97544089733432,d0fdd465ca5b0006d3163f3266311acc45ab105b6c18f73ab574f2570443d293,False,NOT_APPLICABLE_STAGE_A,COMPLETE
legit_segment_2a8179b6be63b97b7e09c4d7,legit_pass_63b50fe5b5f95cfe1b100f94,47844,STARLINK-2446,2026-06,CONFIRMATORY,controlled_example_station,52.21,5.16,14.0,11325000000.0,10.0,2026-06-07T03:51:20Z,2026-06-07T03:58:04Z,404.0,34.64304903545816,SETTING_75_PERCENT,0.75,2026-06-07T03:56:23Z,2026-06-07T03:55:53Z,2026-06-07T03:56:53Z,1.0,61,18.108383930326678,22.522981854368982,27.208756471427186,327692022,2026-06-06T19:35:25.892160Z,2026-06-07T03:17:11Z,8.349196622222223,0.6533333333333333,6-9 h,data/orbit_uncertainty_stage1/raw/spacetrack_gp/spacetrack_gp_history_20260529_20260701_20sat_omm.json,1F5A8BA23D1C8AE605C4142F44E424711D1D85014DB46C28BBC18C3ABC326A96,2026-06-07T03:31:42.000010Z,0.41138888611111113,data/orbit_uncertainty_stage1/june/sat000047844.csv,FE1F3D11E12AC1E3987E760842AEC279FE294DEAF66BE25CA508FB5254D084DD,65,False,SELECTED_FROZEN,326.71605332171333,336.0156660875779,458.13231658935547,472.9385585784912,-262.54949951171875,326.71605332171316,326.71605332171316,-4.438779622748188,4.438779622748188,7.435815420750752,7.435815420750752,6887298.199233,3372.772409259956,0.0004897090719312202,0.9995102909280688,FINITE_NONZERO,0.9910287165328009,0.02678755663410559,0.4108693580403975,0.9969468347868075,True,18.148632926320257,22.567779458671314,27.25534704708639,b6bca9f75f57a812da6963066b9f48c06dc0b7b32cd6862c4af0dd97071b17db,False,NOT_APPLICABLE_STAGE_A,COMPLETE
legit_segment_2acd87518d2274716530e28f,legit_pass_b7c08c6a9c69fb707d8c83a3,45230,STARLINK-1227,2026-06,CONFIRMATORY,controlled_example_station,52.21,5.16,14.0,11325000000.0,10.0,2026-06-06T07:42:19Z,2026-06-06T07:49:17Z,418.0,88.77856179404864,SETTING_75_PERCENT,0.7511961722488039,2026-06-06T07:47:33Z,2026-06-06T07:47:03Z,2026-06-06T07:48:03Z,1.0,61,20.450245809865564,27.785561491186687,37.163464757846754,327404691,2026-06-05T03:27:08.871552Z,2026-06-06T04:26:37Z,28.34003568,3.348888888888889,24-36 h,data/orbit_uncertainty_stage1/raw/spacetrack_gp/spacetrack_gp_history_20260529_20260701_20sat_omm.json,1F5A8BA23D1C8AE605C4142F44E424711D1D85014DB46C28BBC18C3ABC326A96,2026-06-06T07:42:41.999962Z,0.0808333438888889,data/orbit_uncertainty_stage1/june/sat000045230.csv,A086445B48BCEA5D6D786487B3F9BAAB43C341130589A86BCBB60E49241950E8,54,False,SELECTED_FROZEN,90.25138695513616,95.48804752071017,147.0518684387207,155.36455154418945,-106.31049537658691,90.25138695513614,90.25138695513614,-1.740105502483141,1.740105502483141,5.829627128927829,5.829627128927829,556196.0003783616,2073.05770020221,0.0037272071334421286,0.9962727928665579,FINITE_NONZERO,0.9650599910503236,0.02086344594680445,0.73956340175262,0.9839058046794009,True,20.47881823382189,27.82578591808945,37.22011196092458,7ecbe8f01da823b8f014707e87f4b6248f003920cbf2a3f7478dbb81d1ce805b,False,NOT_APPLICABLE_STAGE_A,COMPLETE
legit_segment_2b45b40205a22e188344e2fa,legit_pass_61df85e5cee011de18c21fbc,48309,STARLINK-2517,2026-06,CONFIRMATORY,controlled_example_station,52.21,5.16,14.0,11325000000.0,10.0,2026-06-01T13:16:22Z,2026-06-01T13:21:07Z,285.0,16.371305923593233,RISING_25_PERCENT,0.24912280701754386,2026-06-01T13:17:33Z,2026-06-01T13:17:03Z,2026-06-01T13:18:03Z,1.0,61,12.665637940671546,14.297267611036157,15.654539684033276,326542819,2026-06-01T03:38:45.544992Z,2026-06-01T10:22:25Z,9.64651528,2.918888888888889,9-12 h,data/orbit_uncertainty_stage1/raw/spacetrack_gp/spacetrack_gp_history_20260529_20260701_20sat_omm.json,1F5A8BA23D1C8AE605C4142F44E424711D1D85014DB46C28BBC18C3ABC326A96,2026-06-01T13:43:42.000010Z,0.4358333361111111,data/orbit_uncertainty_stage1/june/sat000048309.csv,79D62147447BEB30EC557417B61811EF138EF8094DC33D3F68D9F90E474F7689,6,False,SELECTED_FROZEN,619.9920531413594,622.9748117317936,709.2119388580322,715.9558086395264,201.35619163513184,619.9920531413592,619.9920531413592,3.455511919926363,3.455511919926363,2.4281019154683943,2.4281019154683943,23673954.579188082,359.63641362597843,1.5191226815233354e-05,0.9999848087731847,FINITE_NONZERO,0.9984097838248999,-0.008249331765989965,0.8173742944347692,0.8866795924292827,True,12.631778363096618,14.269785778484168,15.635977500986513,19ac9d34341cddff3eea166163d7eeba82b44f77212025ff4cf807d52ee098a6,False,NOT_APPLICABLE_STAGE_A,COMPLETE
legit_segment_2b6d22f65fbf42ae02068b26,legit_pass_137ddaf1058792b3888c7020,47749,STARLINK-2163,2026-06,CONFIRMATORY,controlled_example_station,52.21,5.16,14.0,11325000000.0,10.0,2026-06-01T20:13:33Z,2026-06-01T20:18:21Z,288.0,23.903299666787255,RISING_25_PERCENT,0.25,2026-06-01T20:14:45Z,2026-06-01T20:14:15Z,2026-06-01T20:15:15Z,1.0,61,14.574437571407802,18.15346238998506,21.585702712070464,326577115,2026-06-01T14:00:01.999872Z,2026-06-01T18:19:01Z,6.245277813333333,1.9288888888888889,6-9 h,data/orbit_uncertainty_stage1/raw/spacetrack_gp/spacetrack_gp_history_20260529_20260701_20sat_omm.json,1F5A8BA23D1C8AE605C4142F44E424711D1D85014DB46C28BBC18C3ABC326A96,2026-06-01T19:48:41.999990Z,0.43416666944444443,data/orbit_uncertainty_stage1/june/sat000047749.csv,0CE3EE486737D6898F4E0960379BB2CF5D672CBD2C80BC161C0E3F96D2261670,9,False,SELECTED_FROZEN,132.3610614401395,136.6038038948726,186.99978256225586,192.38235092163086,111.73407936096191,132.36106144013948,132.36106144013948,1.9146669390843327,1.9146669390843327,2.1689425592748695,2.1689425592748695,1138296.5535514778,286.9630213514631,0.00025209864727793505,0.9997479013527221,FINITE_NONZERO,0.995877564405729,0.0076742176706441345,0.4245255772704731,0.9616900468241795,True,14.573852002629154,18.1538846970548,21.588680039637538,a527904b9db2c930bab634a177d8de08b11188a4207bcd6681ef97dd5ba542f3,False,NOT_APPLICABLE_STAGE_A,COMPLETE
legit_segment_2c88f2034ebb122a9d8589b9,legit_pass_456a9df6bc9b4c4cfc9a8350,48309,STARLINK-2517,2026-06,CONFIRMATORY,controlled_example_station,52.21,5.16,14.0,11325000000.0,10.0,2026-06-01T16:30:17Z,2026-06-01T16:37:42Z,445.0,75.59344685485364,SETTING_75_PERCENT,0.750561797752809,2026-06-01T16:35:51Z,2026-06-01T16:35:21Z,2026-06-01T16:36:21Z,1.0,61,21.145863353075928,28.100806940999288,36.752910107280044,326542819,2026-06-01T03:38:45.544992Z,2026-06-01T10:22:25Z,12.951515279999999,6.223888888888889,12-18 h,data/orbit_uncertainty_stage1/raw/spacetrack_gp/spacetrack_gp_history_20260529_20260701_20sat_omm.json,1F5A8BA23D1C8AE605C4142F44E424711D1D85014DB46C28BBC18C3ABC326A96,2026-06-01T17:41:42.000029Z,1.0975000080555555,data/orbit_uncertainty_stage1/june/sat000048309.csv,79D62147447BEB30EC557417B61811EF138EF8094DC33D3F68D9F90E474F7689,8,False,SELECTED_FROZEN,703.1055909453845,743.0997789326834,1136.6604480743408,1198.1575832366943,-817.5908279418945,703.1055909453844,703.1055909453844,-13.448341791041003,13.448341791041003,42.11723380351726,42.11723380351726,33684034.16843798,108205.54437886836,0.003212368917505054,0.9967876310824949,FINITE_NONZERO,0.9693314794653356,0.15095357140623555,4.838501657365051,0.9868021827921539,True,21.363038834605142,28.402307419122177,37.1691540446604,bfae1cd24597a60cf13a24527523c26d11c5fe78a81840f35ca6af66900b748f,False,NOT_APPLICABLE_STAGE_A,COMPLETE
legit_segment_2cd6449ef03424e411a80c62,legit_pass_7c21a3de23e1bc1f4502547c,65407,STARLINK-35035,2026-06,CONFIRMATORY,controlled_example_station,52.21,5.16,14.0,11325000000.0,10.0,2026-06-05T22:33:47Z,2026-06-05T22:40:55Z,428.0,47.215409122448825,PEAK,0.5,2026-06-05T22:37:21Z,2026-06-05T22:36:51Z,2026-06-05T22:37:51Z,1.0,61,43.65588840923337,45.94815012339389,47.215409122448825,327358352,2026-06-05T17:36:53.745696Z,2026-06-05T20:26:19Z,5.007570639999999,2.1838888888888888,0-6 h,data/orbit_uncertainty_stage1/raw/spacetrack_gp/spacetrack_gp_history_20260529_20260701_20sat_omm.json,1F5A8BA23D1C8AE605C4142F44E424711D1D85014DB46C28BBC18C3ABC326A96,2026-06-05T21:16:41.999981Z,1.3441666719444445,data/orbit_uncertainty_stage1/june/sat000065407.csv,1D5D20428BDA125132468A3B81A5A0011425555B1C761A0A7A4BD8F31D76DA01,51,False,SELECTED_FROZEN,2502.5391335721874,2505.6169841346937,2643.532720565796,2644.8587970733643,84.08636474609375,2502.539133572187,2502.539133572187,1.5009766130331381,1.5009766130331381,121.30930540652015,121.30930540652015,382965104.7422386,897672.8022709553,0.002344006780657339,0.9976559932193426,FINITE_NONZERO,0.04530896653561223,-0.43723051031823346,5.5326881266054695,0.9979199003160625,True,43.5576038818668,45.98300190301279,47.25257610228283,758e246eaf0e5d52d5304b8474b476519f3fe2fc2582af9db034c92748c4a5cc,False,NOT_APPLICABLE_STAGE_A,COMPLETE
legit_segment_2dae3e575ec5255c0d321683,legit_pass_b466356a9a46a9f6e200a095,45230,STARLINK-1227,2026-06,CONFIRMATORY,controlled_example_station,52.21,5.16,14.0,11325000000.0,10.0,2026-06-01T14:30:21Z,2026-06-01T14:31:50Z,89.0,10.540980347237884,SETTING_75_PERCENT,0.6629213483146067,2026-06-01T14:31:20Z,2026-06-01T14:30:50Z,2026-06-01T14:31:50Z,1.0,61,10.020850285015198,10.403015836082572,10.540980347237884,326541150,2026-05-31T19:20:28.439808Z,2026-06-01T10:22:25Z,19.180988942222225,4.148611111111111,18-24 h,data/orbit_uncertainty_stage1/raw/spacetrack_gp/spacetrack_gp_history_20260529_20260701_20sat_omm.json,1F5A8BA23D1C8AE605C4142F44E424711D1D85014DB46C28BBC18C3ABC326A96,2026-06-01T15:26:42.000029Z,0.9227777858333333,data/orbit_uncertainty_stage1/june/sat000045230.csv,A086445B48BCEA5D6D786487B3F9BAAB43C341130589A86BCBB60E49241950E8,7,False,SELECTED_FROZEN,-241.0072778482906,241.0195968124215,243.5813388824463,243.61178016662598,3.444408416748047,-241.00727784829058,241.00727784829058,0.060366802729985916,0.060366802729985916,2.1928030027337035,2.1928030027337035,3543517.208904955,293.3114855366748,8.277411064903963e-05,0.999917225889351,FINITE_NONZERO,0.1902447144968471,0.007909096766166135,0.05591337016279759,0.9993498222465045,True,10.018003587096004,10.403291174500252,10.542812516872162,ffdaacaea95a36a93f1fc281e64bf3f1f4e5c2aac50534fb1947ac6246e53885,False,NOT_APPLICABLE_STAGE_A,COMPLETE
legit_segment_2de51585db5d981af76dd3d1,legit_pass_2701bacc92f55bfb47429552,48111,STARLINK-2448,2026-06,CONFIRMATORY,controlled_example_station,52.21,5.16,14.0,11325000000.0,10.0,2026-06-09T18:32:05Z,2026-06-09T18:39:06Z,421.0,78.37590504158935,SETTING_75_PERCENT,0.7505938242280285,2026-06-09T18:37:21Z,2026-06-09T18:36:51Z,2026-06-09T18:37:51Z,1.0,61,20.55187650264186,27.804600704045395,37.00903822308734,328347435,2026-06-09T11:57:18.216000Z,2026-06-09T16:06:37Z,6.66744,2.5122222222222224,6-9 h,data/orbit_uncertainty_stage1/raw/spacetrack_gp/spacetrack_gp_history_20260529_20260701_20sat_omm.json,1F5A8BA23D1C8AE605C4142F44E424711D1D85014DB46C28BBC18C3ABC326A96,2026-06-09T18:08:42.000029Z,0.4774999919444444,data/orbit_uncertainty_stage1/june/sat000048111.csv,63E98DFF9634CD904EDA2CF3528E739282097399B04E926A453B20B62792D5D5,89,False,SELECTED_FROZEN,48.39767887553231,53.029826017024945,88.27367973327637,94.27447128295898,-74.01676177978516,48.39767887553231,48.39767887553231,-1.2063908959746303,1.2063908959746303,4.319680399143416,4.319680399143416,171541.9092911521,1138.237963795373,0.00663533458674219,0.9933646654132579,FINITE_NONZERO,0.9602840328195192,0.015443633802828094,0.5814621940757358,0.9818807701662557,True,20.56700507096268,27.827823240059285,37.04393818159851,3ac208cb223e32a3b797035f546d5a48b4998250e05acfa1a434bdd4968d944d,False,NOT_APPLICABLE_STAGE_A,COMPLETE
legit_segment_2e629ac9fb2e0976a7564eec,legit_pass_7ec31641e380388b3b01cb9d,65693,STARLINK-35060,2026-06,CONFIRMATORY,controlled_example_station,52.21,5.16,14.0,11325000000.0,10.0,2026-06-01T13:13:13Z,2026-06-01T13:16:28Z,195.0,12.506059788654824,SETTING_75_PERCENT,0.7487179487179487,2026-06-01T13:15:39Z,2026-06-01T13:15:09Z,2026-06-01T13:16:09Z,1.0,61,10.831097483038391,11.761695717722892,12.407799275187392,326554871,2026-05-31T17:54:26.109792Z,2026-06-01T10:22:25Z,19.35358061333333,2.8872222222222224,18-24 h,data/orbit_uncertainty_stage1/raw/spacetrack_gp/spacetrack_gp_history_20260529_20260701_20sat_omm.json,1F5A8BA23D1C8AE605C4142F44E424711D1D85014DB46C28BBC18C3ABC326A96,2026-06-01T13:48:41.999990Z,0.5508333305555556,data/orbit_uncertainty_stage1/june/sat000065693.csv,D31425DC1D7BF768E17AFC34A7D7E516943AB5AC5C7598CCE830821EDB62E3E7,7,False,SELECTED_FROZEN,2825.743838701092,2829.306768329879,3009.519203186035,3017.7030925750732,-464.4844341278076,2825.7438387010907,2825.7438387010907,-7.982085688110383,7.982085688110383,19.93245747660569,19.93245747660569,488303584.14835304,24235.47452445834,4.963198164258259e-05,0.9999503680183575,FINITE_NONZERO,0.9802813148781215,-0.07153011903590833,2.0637621094539713,0.9892799311006971,True,10.925193226145742,11.822503541206295,12.429991801350386,7bf0fbd0d593fa50380f82403f1184ce8b9b8dd23f424ebbe8aa8935d3697d6c,False,NOT_APPLICABLE_STAGE_A,COMPLETE
legit_segment_2f4723281b53d5518cdc3368,legit_pass_494f460adad84f6567ef42ba,65421,STARLINK-35146,2026-06,CONFIRMATORY,controlled_example_station,52.21,5.16,14.0,11325000000.0,10.0,2026-06-02T01:15:52Z,2026-06-02T01:23:14Z,442.0,87.1364657241297,PEAK,0.497737556561086,2026-06-02T01:19:32Z,2026-06-02T01:19:02Z,2026-06-02T01:20:02Z,1.0,61,64.56131002115167,76.43693932831995,87.1364657241297,326554740,2026-06-01T03:02:59.084736Z,2026-06-01T10:22:25Z,22.275809795555553,14.951944444444445,18-24 h,data/orbit_uncertainty_stage1/raw/spacetrack_gp/spacetrack_gp_history_20260529_20260701_20sat_omm.json,1F5A8BA23D1C8AE605C4142F44E424711D1D85014DB46C28BBC18C3ABC326A96,2026-06-02T01:13:42.000038Z,0.09722221166666666,data/orbit_uncertainty_stage1/june/sat000065421.csv,47F2014ECBC8E7384C87E8BF3D80DB676A195CA775414C519EDF2550466E6CB3,12,False,SELECTED_FROZEN,7321.870699272781,7349.068651326061,8044.854299545288,8052.434030532837,604.1644554138184,7321.87069927278,7321.87069927278,11.562917268269915,11.562917268269915,597.9733921762547,597.9733921762547,3294537412.55611,21811902.84279739,0.006620626847237513,0.9933793731527625,FINITE_NONZERO,0.1038729354341621,-2.1515110616276996,44.515923034127084,0.9944579933034904,True,63.12345865320817,76.38457420711907,87.13488456843639,15e3d6b6a96695cce8c2de7f5fdfdae8e82f896367e8d723796cedd2c90c7384,False,NOT_APPLICABLE_STAGE_A,COMPLETE
legit_segment_2fd006244c21de14f0dbf247,legit_pass_96bb40b822495f33c47b0519,65407,STARLINK-35035,2026-06,CONFIRMATORY,controlled_example_station,52.21,5.16,14.0,11325000000.0,10.0,2026-06-01T04:16:57Z,2026-06-01T04:24:18Z,441.0,67.86588553978955,RISING_25_PERCENT,0.2494331065759637,2026-06-01T04:18:47Z,2026-06-01T04:18:17Z,2026-06-01T04:19:17Z,1.0,61,20.934427098070444,27.687581759630678,35.99213625652949,326441198,2026-05-31T13:46:41.763072Z,2026-06-01T00:06:54Z,14.534788035555556,4.198055555555555,12-18 h,data/orbit_uncertainty_stage1/raw/spacetrack_gp/spacetrack_gp_history_20260529_20260701_20sat_omm.json,1F5A8BA23D1C8AE605C4142F44E424711D1D85014DB46C28BBC18C3ABC326A96,2026-06-01T04:11:42.000029Z,0.11805554750000001,data/orbit_uncertainty_stage1/june/sat000065407.csv,1D5D20428BDA125132468A3B81A5A0011425555B1C761A0A7A4BD8F31D76DA01,3,False,SELECTED_FROZEN,903.5152422482851,952.1345297794691,1442.3407611846924,1517.6305656433105,1019.9029350280762,903.5152422482847,903.5152422482847,16.8129279319727,16.8129279319727,50.904426852919535,50.904426852919535,55300169.930700615,158066.90106667834,0.00285834385798018,0.9971416561420198,FINITE_NONZERO,0.9712785407741441,0.18256225631379408,5.567340925165631,0.9880385307054201,True,20.674570924198747,27.330989638417652,35.50775168066001,0188f388346d0acb2c380b55fd051d189faf787e71d2caf469fec082818f5f12,False,NOT_APPLICABLE_STAGE_A,COMPLETE
legit_segment_305348ff12da874664888470,legit_pass_49b6701f46ea0b0a71de403d,65686,STARLINK-35137,2026-06,CONFIRMATORY,controlled_example_station,52.21,5.16,14.0,11325000000.0,10.0,2026-06-13T03:39:08Z,2026-06-13T03:46:24Z,436.0,82.56034069529656,RISING_25_PERCENT,0.25,2026-06-13T03:40:57Z,2026-06-13T03:40:27Z,2026-06-13T03:41:27Z,1.0,61,20.998737575312518,28.1753315473314,37.21929880241877,328918670,2026-06-11T23:14:09.376512Z,2026-06-12T12:00:27Z,28.44656208,15.675,24-36 h,data/orbit_uncertainty_stage1/raw/spacetrack_gp/spacetrack_gp_history_20260529_20260701_20sat_omm.json,1F5A8BA23D1C8AE605C4142F44E424711D1D85014DB46C28BBC18C3ABC326A96,2026-06-13T03:27:41.999990Z,0.2208333361111111,data/orbit_uncertainty_stage1/june/sat000065686.csv,B6BC6FF15B3CA146A8A5647889EB05C3E5134E71663266D0DFF94290D3AA7A5B,122,False,SELECTED_FROZEN,1745.9403794710754,1856.333285632717,2891.3931007385254,3057.7750091552734,2148.1528301239014,1745.940379471075,1745.940379471075,35.20573735996128,35.20573735996128,115.92168188996114,115.92168188996114,210204369.30822545,819708.016264038,0.003899576488165616,0.9961004235118344,FINITE_NONZERO,0.9662081882173258,0.4150281159928042,14.354914683602564,0.9846654200513087,True,20.44247807218061,27.38270561596716,36.09542697796257,61a2873a3a16558f2e9c2adbabb4168e8e888316443fa7d9e545abd760c998b0,False,NOT_APPLICABLE_STAGE_A,COMPLETE
legit_segment_308ae547273d568e8019e2a2,legit_pass_5ec3b129c4f788a1e61f19a8,58380,STARLINK-30915,2026-06,CONFIRMATORY,controlled_example_station,52.21,5.16,14.0,11325000000.0,10.0,2026-06-09T01:22:58Z,2026-06-09T01:30:16Z,438.0,83.93810406277022,RISING_25_PERCENT,0.2511415525114155,2026-06-09T01:24:48Z,2026-06-09T01:24:18Z,2026-06-09T01:25:18Z,1.0,61,21.20333674288217,28.421979202380452,37.519983752671514,328153995,2026-06-08T20:00:03.000384Z,2026-06-08T23:46:52Z,5.412499893333334,1.6322222222222222,0-6 h,data/orbit_uncertainty_stage1/raw/spacetrack_gp/spacetrack_gp_history_20260529_20260701_20sat_omm.json,1F5A8BA23D1C8AE605C4142F44E424711D1D85014DB46C28BBC18C3ABC326A96,2026-06-09T02:08:42Z,0.7316666666666667,data/orbit_uncertainty_stage1/june/sat000058380.csv,3EDD695EBC2FD369BB6D3F364CEB1C354CEB8FF41D75D9C0E85CB4203365E2E7,81,False,SELECTED_FROZEN,52.85837001487857,56.83578582519245,90.9460391998291,96.53483963012695,71.19432258605957,52.85837001487856,52.85837001487856,1.1650640173982156,1.1650640173982156,3.9386899725864044,3.9386899725864044,197048.699572396,946.3100007093142,0.004802416878481547,0.9951975831215184,FINITE_NONZERO,0.9644434914835127,0.01409662467416739,0.4984005457153071,0.9839877108656038,True,21.187171208920475,28.39796503689266,37.484834871076934,0a06b5934dfbf9bf8d9ba1c103765347d6b2470f69d33bbfe9966a5451e24ebb,False,NOT_APPLICABLE_STAGE_A,COMPLETE
legit_segment_30eb077b2064bbd54064d542,legit_pass_af515479e06fb4767de6ff3d,65411,STARLINK-34983,2026-06,CONFIRMATORY,controlled_example_station,52.21,5.16,14.0,11325000000.0,10.0,2026-06-06T23:43:04Z,2026-06-06T23:50:27Z,443.0,79.99921698156052,SETTING_75_PERCENT,0.7494356659142212,2026-06-06T23:48:36Z,2026-06-06T23:48:06Z,2026-06-06T23:49:06Z,1.0,61,21.119111163871946,28.15945294946451,36.969636677264674,327674076,2026-06-06T18:42:57.515904Z,2026-06-06T22:56:32Z,5.0940233600000004,0.8677777777777778,0-6 h,data/orbit_uncertainty_stage1/raw/spacetrack_gp/spacetrack_gp_history_20260529_20260701_20sat_omm.json,1F5A8BA23D1C8AE605C4142F44E424711D1D85014DB46C28BBC18C3ABC326A96,2026-06-07T00:18:41.999990Z,0.5016666638888889,data/orbit_uncertainty_stage1/june/sat000065411.csv,26E105CAB95698D658010132E70DA6D62EE0D10BD67ED831612077EEE7C12C95,62,False,SELECTED_FROZEN,202.46888367074436,231.20561710666283,407.87830352783203,438.77343559265137,-381.0228958129883,202.4688836707443,202.4688836707443,-6.212587152417537,6.212587152417537,22.30592740991751,22.30592740991751,3260818.2802820397,30350.81825460706,0.009307730650964675,0.9906922693490353,FINITE_NONZERO,0.9600755187060075,0.07976786087982468,2.9611234478888386,0.9823772996166035,True,21.1919372152689,28.274514152422313,37.14591588085737,eed48a8ed5194a4b496a9c9979f448b9d19f32913e24680d95fd077da3616025,False,NOT_APPLICABLE_STAGE_A,COMPLETE
legit_segment_3145b4bc7d9e06bc87f5f659,legit_pass_56fe6fcacbb76c0ebaa73d46,65407,STARLINK-35035,2026-06,CONFIRMATORY,controlled_example_station,52.21,5.16,14.0,11325000000.0,10.0,2026-06-02T05:25:43Z,2026-06-02T05:31:33Z,350.0,22.156413288437534,SETTING_75_PERCENT,0.7514285714285714,2026-06-02T05:30:06Z,2026-06-02T05:29:36Z,2026-06-02T05:30:36Z,1.0,61,14.982267844151039,17.571936342828288,19.972657082270835,326554234,2026-06-01T03:53:10.688064Z,2026-06-01T10:22:25Z,25.615364426666666,19.128055555555555,24-36 h,data/orbit_uncertainty_stage1/raw/spacetrack_gp/spacetrack_gp_history_20260529_20260701_20sat_omm.json,1F5A8BA23D1C8AE605C4142F44E424711D1D85014DB46C28BBC18C3ABC326A96,2026-06-02T05:13:41.999981Z,0.2733333386111111,data/orbit_uncertainty_stage1/june/sat000065407.csv,1D5D20428BDA125132468A3B81A5A0011425555B1C761A0A7A4BD8F31D76DA01,13,False,SELECTED_FROZEN,1979.584496826422,2000.493295259308,2426.4910736083984,2466.553457260132,-956.8134746551514,1979.5844968264214,1979.5844968264214,-16.381225644842406,16.381225644842406,5.64204550516099,5.64204550516099,244120378.88702416,1941.7933264207468,7.95424509528303e-06,0.9999920457549047,FINITE_NONZERO,0.9996174814219898,0.016260436558887648,3.3943865769507755,0.6380492894388956,True,15.146064153666593,17.72498336830136,20.101452532896474,8a038618ed1c7824682d0e0d227da9f76ae62d0bb08776d877c9a548d6d31724,False,NOT_APPLICABLE_STAGE_A,COMPLETE
legit_segment_31d341f9442e7daf742ece98,legit_pass_545a0fe472bef8c6f60a4f46,65409,STARLINK-35022,2026-06,CONFIRMATORY,controlled_example_station,52.21,5.16,14.0,11325000000.0,10.0,2026-06-03T00:23:58Z,2026-06-03T00:31:19Z,441.0,76.6859669868966,PEAK,0.4988662131519274,2026-06-03T00:27:38Z,2026-06-03T00:27:08Z,2026-06-03T00:28:08Z,1.0,61,62.025403793614444,70.82967046375718,76.6859669868966,326691403,2026-06-02T06:54:06.756480Z,2026-06-02T18:52:58Z,17.558678755555558,5.5777777777777775,12-18 h,data/orbit_uncertainty_stage1/raw/spacetrack_gp/spacetrack_gp_history_20260529_20260701_20sat_omm.json,1F5A8BA23D1C8AE605C4142F44E424711D1D85014DB46C28BBC18C3ABC326A96,2026-06-02T23:29:41.999971Z,0.9655555636111111,data/orbit_uncertainty_stage1/june/sat000065409.csv,C82A923C1B14CF8F30B1B5DDBB30C6CB9AE3A8DB51A9A3F182BEC8348A9F0DF5,22,False,SELECTED_FROZEN,7662.058751653452,7686.701516526043,8374.963258743286,8383.622282028198,385.31075286865234,7662.058751653451,7662.058751653451,7.503330819963583,7.503330819963583,600.6520611988493,600.6520611988493,3604208192.45399,22007756.815968,0.006106128070527364,0.9938938719294726,FINITE_NONZERO,0.046143140289520934,-2.162012227762503,41.38552201832071,0.995252653495305,True,60.67608668040937,70.76908813634849,76.69709361149657,acac8ca2b7b493004f394e97771106ef404dce66370436545a0d8563dcec7205,False,NOT_APPLICABLE_STAGE_A,COMPLETE
legit_segment_32acd1d4bf04f66a2c6d93d9,legit_pass_0e0c4f207e7ef155af769f01,58380,STARLINK-30915,2026-06,CONFIRMATORY,controlled_example_station,52.21,5.16,14.0,11325000000.0,10.0,2026-06-01T02:07:52Z,2026-06-01T02:13:58Z,366.0,24.482729020216482,RISING_25_PERCENT,0.25136612021857924,2026-06-01T02:09:24Z,2026-06-01T02:08:54Z,2026-06-01T02:09:54Z,1.0,61,15.837155195269236,18.791186575749155,21.608906177222444,326422776,2026-05-31T13:21:55.128384Z,2026-06-01T00:06:54Z,12.791353226666665,2.0416666666666665,12-18 h,data/orbit_uncertainty_stage1/raw/spacetrack_gp/spacetrack_gp_history_20260529_20260701_20sat_omm.json,1F5A8BA23D1C8AE605C4142F44E424711D1D85014DB46C28BBC18C3ABC326A96,2026-06-01T02:55:42.000010Z,0.7716666694444445,data/orbit_uncertainty_stage1/june/sat000058380.csv,3EDD695EBC2FD369BB6D3F364CEB1C354CEB8FF41D75D9C0E85CB4203365E2E7,3,False,SELECTED_FROZEN,-405.98712123808315,409.9119601676158,493.5317916870117,501.3033790588379,-187.5147762298584,-405.98712123808303,405.98712123808303,-3.213419332156291,3.213419332156291,1.092107112677822,1.092107112677822,10249696.72039588,72.75457467925081,7.098217309637701e-06,0.9999929017826904,FINITE_NONZERO,0.9996275463896258,-0.0030144001305876245,0.7033369611381983,0.5852404351461906,True,15.868499989815717,18.81988997919568,21.63197786023628,316e4e7aa004c4fd182921914797ebf143a4654869ed33765d06b1a5e0396e14,False,NOT_APPLICABLE_STAGE_A,COMPLETE
legit_segment_32c3c77436e27e0a3e65d68a,legit_pass_a9460e539bbc6c4ea60963c3,65686,STARLINK-35137,2026-06,CONFIRMATORY,controlled_example_station,52.21,5.16,14.0,11325000000.0,10.0,2026-06-02T13:01:48Z,2026-06-02T13:03:01Z,73.0,10.327661533991918,RISING_25_PERCENT,0.410958904109589,2026-06-02T13:02:18Z,2026-06-02T13:01:48Z,2026-06-02T13:02:48Z,1.0,61,10.000852957366261,10.241051510666514,10.327661533991918,326656631,2026-06-02T06:00:02.999808Z,2026-06-02T10:48:41Z,7.037500053333333,2.2269444444444444,6-9 h,data/orbit_uncertainty_stage1/raw/spacetrack_gp/spacetrack_gp_history_20260529_20260701_20sat_omm.json,1F5A8BA23D1C8AE605C4142F44E424711D1D85014DB46C28BBC18C3ABC326A96,2026-06-02T13:43:42.000010Z,0.6900000027777778,data/orbit_uncertainty_stage1/june/sat000065686.csv,B6BC6FF15B3CA146A8A5647889EB05C3E5134E71663266D0DFF94290D3AA7A5B,18,False,SELECTED_FROZEN,212.34565262716325,212.36243240188,214.8066806793213,214.83062171936035,-6.770709991455078,212.34565262716322,212.34565262716322,-0.11473433506167302,0.11473433506167302,1.7451865281797474,1.7451865281797474,2750965.9644342265,185.7862371065449,6.753490937673392e-05,0.9999324650906233,FINITE_NONZERO,0.5726270315885997,-0.006295153340378445,0.03819566051120645,0.9995209902585837,True,9.989554792642027,10.232237356290609,10.319429289306614,02c8da107bc74741818593821f46472c9f41c9b646837aed2b4fa9e463ad365c,False,NOT_APPLICABLE_STAGE_A,COMPLETE
legit_segment_335249ee1c4abc8d6aaeeb79,legit_pass_2bbe8abba8db3614f5ea4b75,65405,STARLINK-34830,2026-06,CONFIRMATORY,controlled_example_station,52.21,5.16,14.0,11325000000.0,10.0,2026-06-03T04:07:14Z,2026-06-03T04:14:17Z,423.0,44.91083086080674,RISING_25_PERCENT,0.25059101654846333,2026-06-03T04:09:00Z,2026-06-03T04:08:30Z,2026-06-03T04:09:30Z,1.0,61,19.473334452129425,24.940102497070008,31.161548205275338,326775021,2026-06-02T22:00:01.999584Z,2026-06-03T03:08:42Z,6.14944456,1.005,6-9 h,data/orbit_uncertainty_stage1/raw/spacetrack_gp/spacetrack_gp_history_20260529_20260701_20sat_omm.json,1F5A8BA23D1C8AE605C4142F44E424711D1D85014DB46C28BBC18C3ABC326A96,2026-06-03T05:03:42.000019Z,0.9116666719444445,data/orbit_uncertainty_stage1/june/sat000065405.csv,10707AFA6592FB845A94CB76E13C89BAD9EFA77F9A31B0B3C5036D80E7E87A62,25,False,SELECTED_FROZEN,59.46532458946353,61.20921449469921,84.30734825134277,87.31100845336914,48.73910140991211,59.46532458946352,59.46532458946352,0.818131300887376,0.818131300887376,1.7169958140375265,1.7169958140375265,228540.64428254386,179.8325521507657,0.0007868733927626434,0.9992131266072374,FINITE_NONZERO,0.9859911088653464,0.006185124532098851,0.09666040019727357,0.9968307339014668,True,19.46183372312982,24.92634877958226,31.145649141630347,92fd0ceafb22cbb6e81f589b20ef2dce1866d3f157baac196ab86b6b4d5ff401,False,NOT_APPLICABLE_STAGE_A,COMPLETE
legit_segment_33b745c5907d6e6369ed730c,legit_pass_5ab238793a5db7777996ab67,58380,STARLINK-30915,2026-06,CONFIRMATORY,controlled_example_station,52.21,5.16,14.0,11325000000.0,10.0,2026-06-01T03:44:46Z,2026-06-01T03:52:10Z,444.0,77.42484125853215,RISING_25_PERCENT,0.25,2026-06-01T03:46:37Z,2026-06-01T03:46:07Z,2026-06-01T03:47:07Z,1.0,61,21.291015996632705,28.363740321264086,37.193899868261695,326422776,2026-05-31T13:21:55.128384Z,2026-06-01T00:06:54Z,14.411631004444443,3.6619444444444444,12-18 h,data/orbit_uncertainty_stage1/raw/spacetrack_gp/spacetrack_gp_history_20260529_20260701_20sat_omm.json,1F5A8BA23D1C8AE605C4142F44E424711D1D85014DB46C28BBC18C3ABC326A96,2026-06-01T02:55:42.000010Z,0.8486111083333333,data/orbit_uncertainty_stage1/june/sat000058380.csv,3EDD695EBC2FD369BB6D3F364CEB1C354CEB8FF41D75D9C0E85CB4203365E2E7,3,False,SELECTED_FROZEN,-168.31250953674316,176.09376372206654,260.99978828430176,273.8900203704834,-175.7640323638916,-168.31250953674314,168.31250953674314,-2.8989000868129087,2.8989000868129087,8.648122577550334,8.648122577550334,1891549.830929983,4562.191471096486,0.0024118801400296592,0.9975881198599703,FINITE_NONZERO,0.9720923660779958,-0.03101740208692716,0.940755895808219,0.9881665814932581,True,21.337736889747802,28.4269618012871,37.27904522831362,619a2e16be2d888fdd6b22e7c1d294780404a37ce3c5cbb82aece5d15ed57c1a,False,NOT_APPLICABLE_STAGE_A,COMPLETE
legit_segment_33c0a8b1f7b882e582bbb510,legit_pass_2c9498d3f6c1a54b15156bbe,60265,STARLINK-32120,2026-06,CONFIRMATORY,controlled_example_station,52.21,5.16,14.0,11325000000.0,10.0,2026-06-01T13:32:33Z,2026-06-01T13:40:00Z,447.0,86.03302205140432,SETTING_75_PERCENT,0.7494407158836689,2026-06-01T13:38:08Z,2026-06-01T13:37:38Z,2026-06-01T13:38:38Z,1.0,61,21.356896622702635,28.44539038454012,37.326225101985045,326549442,2026-05-31T23:08:04.244928Z,2026-06-01T10:22:25Z,14.501043075555556,3.2619444444444445,12-18 h,data/orbit_uncertainty_stage1/raw/spacetrack_gp/spacetrack_gp_history_20260529_20260701_20sat_omm.json,1F5A8BA23D1C8AE605C4142F44E424711D1D85014DB46C28BBC18C3ABC326A96,2026-06-01T14:29:41.999971Z,0.8594444363888889,data/orbit_uncertainty_stage1/june/sat000060265.csv,310CEC01430FB37300D0520AC911958B04898B003A2B2906A630DA9E075D20EF,7,False,SELECTED_FROZEN,-92.33062750394227,97.23120867626238,147.3690586090088,155.22214317321777,103.67150688171387,-92.33062750394224,92.33062750394224,1.7037491456974385,1.7037491456974385,5.395109676463344,5.395109676463344,576688.3843794598,1775.5397136851727,0.003078854649718194,0.9969211453502818,FINITE_NONZERO,0.9686669940144353,-0.01933142267177468,0.6324729541143982,0.9862569425449729,True,21.325461953063652,28.402611303888634,37.26778927330867,89dd8c9789fd5e9f2bc72bdb59467ebf80972444e85a988227962d693fae3641,False,NOT_APPLICABLE_STAGE_A,COMPLETE
legit_segment_34679a5f4f7f76141ed1e948,legit_pass_8f9e234ac95176a3908e7f29,47844,STARLINK-2446,2026-06,CONFIRMATORY,controlled_example_station,52.21,5.16,14.0,11325000000.0,10.0,2026-06-07T02:13:24Z,2026-06-07T02:20:47Z,443.0,87.72818314266205,PEAK,0.5011286681715575,2026-06-07T02:17:06Z,2026-06-07T02:16:36Z,2026-06-07T02:17:36Z,1.0,61,64.77097747132844,76.61511648562951,87.72818314266205,327630858,2026-06-06T19:35:25.892160Z,2026-06-06T22:36:27Z,6.6944744,3.6775,6-9 h,data/orbit_uncertainty_stage1/raw/spacetrack_gp/spacetrack_gp_history_20260529_20260701_20sat_omm.json,1F5A8BA23D1C8AE605C4142F44E424711D1D85014DB46C28BBC18C3ABC326A96,2026-06-07T01:12:41.999990Z,1.0733333361111113,data/orbit_uncertainty_stage1/june/sat000047844.csv,FE1F3D11E12AC1E3987E760842AEC279FE294DEAF66BE25CA508FB5254D084DD,64,False,SELECTED_FROZEN,1294.2175073467317,1298.5953854463767,1419.4045314788818,1420.704360961914,-29.507787704467773,1294.2175073467317,1294.2175073467317,-0.5484376746974043,0.5484376746974043,106.10266620635784,106.10266620635784,102867348.48126005,686724.3223419653,0.0066758240829651585,0.9933241759170348,FINITE_NONZERO,0.008214505283363316,-0.3819462163974119,7.165348920944729,0.995439398849292,True,64.88669556990274,76.6165268432876,87.74628783138083,67c5952762c5daa7d13b7d472a74759a7ef5e73497b9d143204803d14adca69e,False,NOT_APPLICABLE_STAGE_A,COMPLETE
legit_segment_346ce7d93efe1a227aff24b0,legit_pass_1af11b00814d39262f53556b,65405,STARLINK-34830,2026-06,CONFIRMATORY,controlled_example_station,52.21,5.16,14.0,11325000000.0,10.0,2026-06-04T00:20:28Z,2026-06-04T00:27:50Z,442.0,87.29771420160442,RISING_25_PERCENT,0.251131221719457,2026-06-04T00:22:19Z,2026-06-04T00:21:49Z,2026-06-04T00:22:49Z,1.0,61,21.32519862107259,28.538972935579228,37.62100984789583,326853902,2026-06-03T00:00:02.000160Z,2026-06-03T11:16:57Z,24.371388844444446,13.089444444444444,24-36 h,data/orbit_uncertainty_stage1/raw/spacetrack_gp/spacetrack_gp_history_20260529_20260701_20sat_omm.json,1F5A8BA23D1C8AE605C4142F44E424711D1D85014DB46C28BBC18C3ABC326A96,2026-06-04T00:19:42.000038Z,0.04361110055555556,data/orbit_uncertainty_stage1/june/sat000065405.csv,10707AFA6592FB845A94CB76E13C89BAD9EFA77F9A31B0B3C5036D80E7E87A62,32,False,SELECTED_FROZEN,1412.0189188347488,1503.0171393327325,2347.0813999176025,2482.6727199554443,1754.1364517211914,1412.0189188347488,1412.0189188347488,28.756623705375276,28.756623705375276,94.39617487804978,94.39617487804978,137802691.788805,543548.9077280487,0.003944399784012102,0.9960556002159879,FINITE_NONZERO,0.9664083016680197,0.3379950277949568,11.614664833079091,0.9848607426612883,True,20.87049634398476,27.888629146736264,36.69591571924313,168b30ca8d9db44dd87b22f6184884457f85728af53d849d397dd35f18231f37,False,NOT_APPLICABLE_STAGE_A,COMPLETE
legit_segment_3485b74ddd24683b3a37df81,legit_pass_74b3a784e02644cda3b37198,47844,STARLINK-2446,2026-06,CONFIRMATORY,controlled_example_station,52.21,5.16,14.0,11325000000.0,10.0,2026-06-02T01:32:27Z,2026-06-02T01:39:47Z,440.0,72.12575308330969,PEAK,0.49772727272727274,2026-06-02T01:36:06Z,2026-06-02T01:35:36Z,2026-06-02T01:36:36Z,1.0,61,60.060360953208495,67.49681037712995,72.12575308330969,326542204,2026-06-01T04:54:53.155296Z,2026-06-01T10:22:25Z,20.686901306666666,15.228055555555555,18-24 h,data/orbit_uncertainty_stage1/raw/spacetrack_gp/spacetrack_gp_history_20260529_20260701_20sat_omm.json,1F5A8BA23D1C8AE605C4142F44E424711D1D85014DB46C28BBC18C3ABC326A96,2026-06-02T01:23:42Z,0.20666666666666667,data/orbit_uncertainty_stage1/june/sat000047844.csv,FE1F3D11E12AC1E3987E760842AEC279FE294DEAF66BE25CA508FB5254D084DD,12,False,SELECTED_FROZEN,-1574.9859499384145,1579.5850913949,1714.9181156158447,1716.9066009521484,52.50607681274414,-1574.9859499384143,1574.9859499384143,0.9543406727073205,0.9543406727073205,119.27271673167343,119.27271673167343,152200432.7183791,867784.8383497945,0.0057015924518130775,0.9942984075481869,FINITE_NONZERO,0.019460387361453835,0.42947057378525355,7.568815179641652,0.9959730746583644,True,60.321728560531284,67.4989818089154,72.12735689136336,490dc481c886135fba5c1b77bfced74af3b776b2a15407ce65677fab0ad08331,False,NOT_APPLICABLE_STAGE_A,COMPLETE
legit_segment_3491bf203b83157ce4e56f33,legit_pass_4038eb4c687aaa84a83b4f94,48458,STARLINK-2698,2026-06,CONFIRMATORY,controlled_example_station,52.21,5.16,14.0,11325000000.0,10.0,2026-06-01T01:49:54Z,2026-06-01T01:56:25Z,391.0,30.498251746642026,PEAK,0.5012787723785166,2026-06-01T01:53:10Z,2026-06-01T01:52:40Z,2026-06-01T01:53:40Z,1.0,61,29.2245681588394,30.058487877833723,30.498251746642026,326329302,2026-05-31T06:35:49.627680Z,2026-05-31T16:16:51Z,19.28899231111111,9.605277777777777,18-24 h,data/orbit_uncertainty_stage1/raw/spacetrack_gp/spacetrack_gp_history_20260529_20260701_20sat_omm.json,1F5A8BA23D1C8AE605C4142F44E424711D1D85014DB46C28BBC18C3ABC326A96,2026-06-01T02:58:41.999981Z,1.0922222169444444,data/orbit_uncertainty_stage1/june/sat000048458.csv,091BB60895838155D6E08F3AB53CB4B529B9EB7F826CA2A0FB9BFADE0198C1C6,2,False,SELECTED_FROZEN,1382.1313602259902,1382.6637372221917,1425.2615299224854,1425.762788772583,-18.867143630981445,1382.1313602259897,1382.1313602259897,-0.32572694392131046,0.32572694392131046,37.934455526247916,37.934455526247916,116617299.62398352,87780.39788044573,0.0007527219217344389,0.9992472780782655,FINITE_NONZERO,0.022345332986460797,-0.1368001619835159,1.195417616460422,0.9990069489083303,True,29.19860498875112,30.043985624211558,30.483615279128475,06d20136164df4a472a6d5f6fc20131920822b2586a52221c0c4cdc2e1a5a226,False,NOT_APPLICABLE_STAGE_A,COMPLETE
legit_segment_3492790bbd5f418f9782de7f,legit_pass_66c06cfe8baba401eb57451b,65409,STARLINK-35022,2026-06,CONFIRMATORY,controlled_example_station,52.21,5.16,14.0,11325000000.0,10.0,2026-06-03T23:53:05Z,2026-06-04T00:00:25Z,440.0,71.0008460794132,SETTING_75_PERCENT,0.75,2026-06-03T23:58:35Z,2026-06-03T23:58:05Z,2026-06-03T23:59:05Z,1.0,61,20.928376441271112,27.79648485528786,36.30620396526949,326989609,2026-06-03T14:13:19.504704Z,2026-06-03T23:06:29Z,9.75430424888889,0.8683333333333333,9-12 h,data/orbit_uncertainty_stage1/raw/spacetrack_gp/spacetrack_gp_history_20260529_20260701_20sat_omm.json,1F5A8BA23D1C8AE605C4142F44E424711D1D85014DB46C28BBC18C3ABC326A96,2026-06-03T23:50:42.000029Z,0.13138888083333333,data/orbit_uncertainty_stage1/june/sat000065409.csv,C82A923C1B14CF8F30B1B5DDBB30C6CB9AE3A8DB51A9A3F182BEC8348A9F0DF5,33,False,SELECTED_FROZEN,369.52500074417867,390.3054871106723,595.1386260986328,626.7715740203857,-426.8790168762207,369.52500074417856,369.52500074417856,-7.032543867646801,7.032543867646801,21.402765851571463,21.402765851571463,9292640.769390648,27942.78155192881,0.003006979635322879,0.9969930203646771,FINITE_NONZERO,0.9709886875002063,0.07673962944835822,2.3873484713332673,0.9875579531875839,True,21.027490591017255,27.9372932785587,36.502761854377844,ac0c7bcfedb255c08429a10a1e0f95974d5162b6210790911e3666b8376fd2bc,False,NOT_APPLICABLE_STAGE_A,COMPLETE
legit_segment_34bf0e12c39e6897531da02f,legit_pass_4088a797ea54f66e11279cad,65407,STARLINK-35035,2026-06,CONFIRMATORY,controlled_example_station,52.21,5.16,14.0,11325000000.0,10.0,2026-06-06T01:49:29Z,2026-06-06T01:56:55Z,446.0,89.84931813628845,SETTING_75_PERCENT,0.7511210762331838,2026-06-06T01:55:04Z,2026-06-06T01:54:34Z,2026-06-06T01:55:34Z,1.0,61,21.13460302604408,28.197773435332014,37.05547799251833,327358352,2026-06-05T17:36:53.745696Z,2026-06-05T20:26:19Z,8.302848417777778,5.479166666666667,6-9 h,data/orbit_uncertainty_stage1/raw/spacetrack_gp/spacetrack_gp_history_20260529_20260701_20sat_omm.json,1F5A8BA23D1C8AE605C4142F44E424711D1D85014DB46C28BBC18C3ABC326A96,2026-06-06T02:13:41.999981Z,0.31055555027777776,data/orbit_uncertainty_stage1/june/sat000065407.csv,1D5D20428BDA125132468A3B81A5A0011425555B1C761A0A7A4BD8F31D76DA01,53,False,SELECTED_FROZEN,784.6957724524326,832.4468988735188,1287.6291198730469,1359.9093971252441,-945.8620738983154,784.6957724524324,784.6957724524324,-15.526366779603766,15.526366779603766,49.892723650202875,49.892723650202875,42271038.20609244,151846.3162673663,0.003592206927282921,0.9964077930727171,FINITE_NONZERO,0.9677639019673716,0.178706748137742,6.001366749428854,0.9855314200005896,True,21.383007044462126,28.55118984275597,37.55532718909624,1a1dbddd95590d190c614d11653a1165361474c489f9f6d9763196f7a95df3ca,False,NOT_APPLICABLE_STAGE_A,COMPLETE
legit_segment_34d87ea80f38e776abcb436d,legit_pass_74b3a784e02644cda3b37198,47844,STARLINK-2446,2026-06,CONFIRMATORY,controlled_example_station,52.21,5.16,14.0,11325000000.0,10.0,2026-06-02T01:32:27Z,2026-06-02T01:39:47Z,440.0,72.12575308330969,RISING_25_PERCENT,0.25,2026-06-02T01:34:17Z,2026-06-02T01:33:47Z,2026-06-02T01:34:47Z,1.0,61,21.060293936961862,28.034576112545675,36.699264206760084,326542204,2026-06-01T04:54:53.155296Z,2026-06-01T10:22:25Z,20.65662352888889,15.197777777777778,18-24 h,data/orbit_uncertainty_stage1/raw/spacetrack_gp/spacetrack_gp_history_20260529_20260701_20sat_omm.json,1F5A8BA23D1C8AE605C4142F44E424711D1D85014DB46C28BBC18C3ABC326A96,2026-06-02T01:23:42Z,0.1763888888888889,data/orbit_uncertainty_stage1/june/sat000047844.csv,FE1F3D11E12AC1E3987E760842AEC279FE294DEAF66BE25CA508FB5254D084DD,12,False,SELECTED_FROZEN,-316.4241267970351,332.9107296793678,502.4335651397705,528.579252243042,-351.4630241394043,-316.42412679703506,316.42412679703506,-5.7889091216339015,5.7889091216339015,17.798049967250915,17.798049967250915,6760602.790074595,19323.00554084238,0.0028581779082201,0.9971418220917799,FINITE_NONZERO,0.9704100010489183,-0.06381610498613188,1.9823324877533526,0.9875946747981061,True,21.15396665756642,28.162393373872252,36.87272744038938,b22e15b2467b6707a9fe3b8f59bd0a2957daf5246c0108fba82aaa8b5cab2e73,False,NOT_APPLICABLE_STAGE_A,COMPLETE
legit_segment_3527a82fd5c125395bd5bfbb,legit_pass_b41cbb1a998605ed4d23f488,65686,STARLINK-35137,2026-06,CONFIRMATORY,controlled_example_station,52.21,5.16,14.0,11325000000.0,10.0,2026-06-04T11:55:07Z,2026-06-04T11:59:16Z,249.0,14.640930860943323,SETTING_75_PERCENT,0.751004016064257,2026-06-04T11:58:14Z,2026-06-04T11:57:44Z,2026-06-04T11:58:44Z,1.0,61,11.846613111353115,13.197148051604547,14.256356083546608,327025019,2026-06-03T15:05:49.254720Z,2026-06-04T06:26:29Z,20.873540355555555,5.529166666666667,18-24 h,data/orbit_uncertainty_stage1/raw/spacetrack_gp/spacetrack_gp_history_20260529_20260701_20sat_omm.json,1F5A8BA23D1C8AE605C4142F44E424711D1D85014DB46C28BBC18C3ABC326A96,2026-06-04T11:22:41.999981Z,0.5922222275,data/orbit_uncertainty_stage1/june/sat000065686.csv,B6BC6FF15B3CA146A8A5647889EB05C3E5134E71663266D0DFF94290D3AA7A5B,38,False,SELECTED_FROZEN,3393.931434975296,3403.4458736536553,3748.702117919922,3771.0101585388184,-837.2469367980957,3393.9314349752954,3393.9314349752954,-14.395834924303504,14.395834924303504,20.707727895762133,20.707727895762133,706590072.7082956,26157.40967090044,3.701921479117512e-05,0.9999629807852088,FINITE_NONZERO,0.9933695905181774,-0.0734646507759571,3.7708129427808825,0.9668407209991824,True,12.006643308936122,13.318649151019212,14.32864356427468,563c63d06d0e22994af527e1e3d261f6d9b546c161c983cba954aecb8aa8c189,False,NOT_APPLICABLE_STAGE_A,COMPLETE
legit_segment_35387814d6b0fccb1b594f40,legit_pass_bc99dddd596326bfc1da4d8c,65410,STARLINK-35024,2026-06,CONFIRMATORY,controlled_example_station,52.21,5.16,14.0,11325000000.0,10.0,2026-06-01T01:32:51Z,2026-06-01T01:40:14Z,443.0,89.4057445466526,SETTING_75_PERCENT,0.7494356659142212,2026-06-01T01:38:23Z,2026-06-01T01:37:53Z,2026-06-01T01:38:53Z,1.0,61,21.20397182605153,28.340228565674483,37.31471633360422,326441204,2026-05-31T20:00:01.999008Z,2026-06-01T00:06:54Z,5.639166942222222,1.5247222222222223,0-6 h,data/orbit_uncertainty_stage1/raw/spacetrack_gp/spacetrack_gp_history_20260529_20260701_20sat_omm.json,1F5A8BA23D1C8AE605C4142F44E424711D1D85014DB46C28BBC18C3ABC326A96,2026-06-01T00:19:42.000038Z,1.3113888783333334,data/orbit_uncertainty_stage1/june/sat000065410.csv,480E0881CFF425F783D504E2B784746BB847F6C9A822B6001FD1AFCD7FF9CBC4,2,False,SELECTED_FROZEN,-30.518358949755058,34.583045897944636,60.58412742614746,65.16425132751465,55.56892395019531,-30.518358949755054,30.518358949755054,0.9042166220202519,0.9042166220202519,3.3404256819393017,3.3404256819393017,72955.21087834008,680.6650679301385,0.009329903371333048,0.990670096628667,FINITE_NONZERO,0.9578316930501236,-0.011939665060070936,0.45563968394263116,0.9813945809572769,True,21.192049180761874,28.321791649566897,37.286706406939345,54f11b073f9c9c3483d9a22e20ce35a9d79135c27c495587c2f49c3bcef878e0,False,NOT_APPLICABLE_STAGE_A,COMPLETE
legit_segment_356f9200d8c674ae011812d8,legit_pass_e1ae6d3009aa5a33d5cb712d,48111,STARLINK-2448,2026-06,CONFIRMATORY,controlled_example_station,52.21,5.16,14.0,11325000000.0,10.0,2026-06-01T17:19:19Z,2026-06-01T17:22:47Z,208.0,13.221249858869543,SETTING_75_PERCENT,0.75,2026-06-01T17:21:55Z,2026-06-01T17:21:25Z,2026-06-01T17:22:25Z,1.0,61,11.126094858482764,12.244454440228642,13.055894930895617,326542259,2026-06-01T01:31:05.604384Z,2026-06-01T10:22:25Z,15.847054337777779,6.991666666666666,12-18 h,data/orbit_uncertainty_stage1/raw/spacetrack_gp/spacetrack_gp_history_20260529_20260701_20sat_omm.json,1F5A8BA23D1C8AE605C4142F44E424711D1D85014DB46C28BBC18C3ABC326A96,2026-06-01T17:17:42Z,0.07027777777777777,data/orbit_uncertainty_stage1/june/sat000048111.csv,63E98DFF9634CD904EDA2CF3528E739282097399B04E926A453B20B62792D5D5,8,False,SELECTED_FROZEN,-386.0858698047575,387.1185241320672,425.0635681152344,427.41106605529785,92.96236610412598,-386.08586980475746,386.08586980475746,1.5982549238684065,1.5982549238684065,2.5657425389411057,2.5657425389411057,9141505.855297584,401.56512134404903,4.392767752933599e-05,0.9999560723224706,FINITE_NONZERO,0.9917552618585697,0.009133904534528892,0.4174282970655703,0.9735309945767223,True,11.110509622098588,12.23338268033749,13.050407847334862,7ed7f78b5eb406334f4f9d4214bb7705ea6b3af1f7056e91c49e3ae401a6e8dc,False,NOT_APPLICABLE_STAGE_A,COMPLETE
legit_segment_35e1bae0e4e251d5e7e7f370,legit_pass_29fa69ebaf365610d85ab856,65407,STARLINK-35035,2026-06,CONFIRMATORY,controlled_example_station,52.21,5.16,14.0,11325000000.0,10.0,2026-06-05T20:58:35Z,2026-06-05T21:01:42Z,187.0,12.291176970530682,SETTING_75_PERCENT,0.7486631016042781,2026-06-05T21:00:55Z,2026-06-05T21:00:25Z,2026-06-05T21:01:25Z,1.0,61,10.712045932624166,11.601931323181272,12.210361156807124,327358352,2026-06-05T17:36:53.745696Z,2026-06-05T20:26:19Z,3.400348417777778,0.5766666666666667,0-6 h,data/orbit_uncertainty_stage1/raw/spacetrack_gp/spacetrack_gp_history_20260529_20260701_20sat_omm.json,1F5A8BA23D1C8AE605C4142F44E424711D1D85014DB46C28BBC18C3ABC326A96,2026-06-05T21:16:41.999981Z,0.26305555027777777,data/orbit_uncertainty_stage1/june/sat000065407.csv,1D5D20428BDA125132468A3B81A5A0011425555B1C761A0A7A4BD8F31D76DA01,51,False,SELECTED_FROZEN,786.202642503332,787.0746243901854,833.6160430908203,835.5791568756104,-121.0003662109375,786.2026425033317,786.2026425033317,-2.0803222641120325,2.0803222641120325,5.501786594898044,5.501786594898044,37788674.32589603,1846.4489998837885,4.8862497370500336e-05,0.9999511375026295,FINITE_NONZERO,0.9779354664594799,-0.019750832694728437,0.5507339673219576,0.9899798033578736,True,10.75657657461284,11.638780208954204,12.237903789532709,9e469d2c774fb6e7000d65734ed2043dc7962ee771945e8e84216c8517d6647e,False,NOT_APPLICABLE_STAGE_A,COMPLETE
legit_segment_3668fe35ee428ebec4096bfc,legit_pass_cddf06551b353af5f010a148,65410,STARLINK-35024,2026-06,CONFIRMATORY,controlled_example_station,52.21,5.16,14.0,11325000000.0,10.0,2026-06-06T03:52:23Z,2026-06-06T03:58:16Z,353.0,22.77598460608614,SETTING_75_PERCENT,0.7507082152974505,2026-06-06T03:56:48Z,2026-06-06T03:56:18Z,2026-06-06T03:57:18Z,1.0,61,15.156532524744332,17.858694548762237,20.38819102944786,327358358,2026-06-05T08:36:58.668768Z,2026-06-05T20:26:19Z,19.330369786666665,7.508055555555556,18-24 h,data/orbit_uncertainty_stage1/raw/spacetrack_gp/spacetrack_gp_history_20260529_20260701_20sat_omm.json,1F5A8BA23D1C8AE605C4142F44E424711D1D85014DB46C28BBC18C3ABC326A96,2026-06-06T05:06:41.999990Z,1.1649999972222222,data/orbit_uncertainty_stage1/june/sat000065410.csv,480E0881CFF425F783D504E2B784746BB847F6C9A822B6001FD1AFCD7FF9CBC4,54,False,SELECTED_FROZEN,-19715.91560198049,19962.56406986841,24660.754890441895,25134.2280292511,10405.880456924438,-19715.915601980487,19715.915601980487,177.56314954581188,177.56314954581188,112.90648975462973,112.90648975462973,24308741818.859673,777620.4011514509,3.198933153126595e-05,0.9999680106684687,FINITE_NONZERO,0.9986974201203347,-0.3929337584679615,29.789451214437204,0.9303875058538305,True,13.482568362019986,16.240493327104954,18.954243508182046,e6fbcfc23ccf5732e475d380b43a64830f06d80d40489c53bba729bb2707d6c1,False,NOT_APPLICABLE_STAGE_A,COMPLETE
legit_segment_3745cd7ecfdf181f487bcbcb,legit_pass_67aa12202676c8418c11d82e,44714,STARLINK-1008,2026-06,CONFIRMATORY,controlled_example_station,52.21,5.16,14.0,11325000000.0,10.0,2026-06-06T17:49:29Z,2026-06-06T17:55:31Z,362.0,30.6499900947955,RISING_25_PERCENT,0.2513812154696133,2026-06-06T17:51:00Z,2026-06-06T17:50:30Z,2026-06-06T17:51:30Z,1.0,61,16.76565414037342,20.956630758592638,25.302890960174683,327589860,2026-06-06T14:29:29.480352Z,2026-06-06T17:50:36Z,3.35847768,0.006666666666666667,0-6 h,data/orbit_uncertainty_stage1/raw/spacetrack_gp/spacetrack_gp_history_20260529_20260701_20sat_omm.json,1F5A8BA23D1C8AE605C4142F44E424711D1D85014DB46C28BBC18C3ABC326A96,2026-06-06T18:23:41.999971Z,0.5449999919444445,data/orbit_uncertainty_stage1/june/sat000044714.csv,F91F0DA10678FA8B4BBDEBC15B9D96435ECFD92205FFA13417B9E47754646E40,60,False,SELECTED_FROZEN,-216.10292018827846,219.48410935993044,277.6783504486084,283.6878128051758,-127.26873016357422,-216.1029201882784,216.1029201882784,-2.1765194174223397,2.1765194174223397,2.0636733150766404,2.0636733150766404,2938569.7299528364,259.78360063292405,8.84047766452333e-05,0.9999115952233548,FINITE_NONZERO,0.9971084048470189,-0.007285200311298645,0.426260472197209,0.9573353461395502,True,16.787790979762534,20.978825608880307,25.322853808654965,9632cacfbaef273d0ac421d0bb48ac3ad50181fa6e4da99a081d2b6c9b5cdc97,False,NOT_APPLICABLE_STAGE_A,COMPLETE
legit_segment_3772944b410772383a7d5c6a,legit_pass_615ccfd2646906e7a0324d5f,44714,STARLINK-1008,2026-06,CONFIRMATORY,controlled_example_station,52.21,5.16,14.0,11325000000.0,10.0,2026-06-07T00:17:35Z,2026-06-07T00:19:15Z,100.0,10.711294559667401,RISING_25_PERCENT,0.3,2026-06-07T00:18:05Z,2026-06-07T00:17:35Z,2026-06-07T00:18:35Z,1.0,61,10.023586661654617,10.514196651801035,10.711294559667401,327633473,2026-06-06T14:29:29.480352Z,2026-06-06T22:46:42Z,9.80986656888889,1.5230555555555556,9-12 h,data/orbit_uncertainty_stage1/raw/spacetrack_gp/spacetrack_gp_history_20260529_20260701_20sat_omm.json,1F5A8BA23D1C8AE605C4142F44E424711D1D85014DB46C28BBC18C3ABC326A96,2026-06-07T00:56:42Z,0.6436111111111111,data/orbit_uncertainty_stage1/june/sat000044714.csv,F91F0DA10678FA8B4BBDEBC15B9D96435ECFD92205FFA13417B9E47754646E40,63,False,SELECTED_FROZEN,275.547526187584,275.8200813677984,290.05760765075684,290.37562370300293,39.69638252258301,275.547526187584,275.547526187584,0.6818135435526992,0.6818135435526992,2.4836441186948983,2.4836441186948983,4640679.754430075,376.27777460799325,8.108246949141273e-05,0.9999189175305085,FINITE_NONZERO,0.9589528467212932,-0.008938340785413335,0.1766231382720993,0.994942726252326,True,10.013320522925875,10.507038014443507,10.706407652595207,64d4ba00034b3bdc0c7003862fb36c2bad2ba1f70311d4ea515200388eddfa8f,False,NOT_APPLICABLE_STAGE_A,COMPLETE
legit_segment_37ee3902a889290671f18f07,legit_pass_e683ef90da1277934a641800,65411,STARLINK-34983,2026-06,CONFIRMATORY,controlled_example_station,52.21,5.16,14.0,11325000000.0,10.0,2026-06-01T04:26:36Z,2026-06-01T04:33:50Z,434.0,59.57238577178561,SETTING_75_PERCENT,0.7511520737327189,2026-06-01T04:32:02Z,2026-06-01T04:31:32Z,2026-06-01T04:32:32Z,1.0,61,20.51280004605441,26.99287035868559,34.82342279592993,326367574,2026-05-31T09:14:51.463968Z,2026-05-31T16:26:43Z,19.28626000888889,12.088611111111112,18-24 h,data/orbit_uncertainty_stage1/raw/spacetrack_gp/spacetrack_gp_history_20260529_20260701_20sat_omm.json,1F5A8BA23D1C8AE605C4142F44E424711D1D85014DB46C28BBC18C3ABC326A96,2026-06-01T05:02:41.999971Z,0.5111111030555555,data/orbit_uncertainty_stage1/june/sat000065411.csv,26E105CAB95698D658010132E70DA6D62EE0D10BD67ED831612077EEE7C12C95,4,False,SELECTED_FROZEN,2603.0433709504173,2738.2536660550986,4115.594705581665,4321.180988311768,-2877.874195098877,2603.0433709504164,2603.0433709504164,-47.63710161145563,47.63710161145563,136.81147296125297,136.81147296125297,457380021.5195154,1141760.127163487,0.002496305202335495,0.9975036947976645,FINITE_NONZERO,0.9740827721778706,0.49128311156480464,13.291204598118016,0.990561920106124,True,21.144271131631736,27.8401910956699,35.9374597867353,ab977974f3042af2d84bcbee788eb1b249fbf6ecfbf7e8fb59b54a689fdf5abe,False,NOT_APPLICABLE_STAGE_A,COMPLETE
legit_segment_383b040e4b0cd91ab7b5b546,legit_pass_e80dafa9109602d3047f6f74,48111,STARLINK-2448,2026-06,CONFIRMATORY,controlled_example_station,52.21,5.16,14.0,11325000000.0,10.0,2026-06-09T21:48:02Z,2026-06-09T21:50:26Z,144.0,11.424829698770548,RISING_25_PERCENT,0.25,2026-06-09T21:48:38Z,2026-06-09T21:48:08Z,2026-06-09T21:49:08Z,1.0,61,10.224680998637414,10.970362025560613,11.413700891891748,328411309,2026-06-09T11:57:18.216864Z,2026-06-09T19:23:37Z,9.855495315555554,2.4169444444444443,9-12 h,data/orbit_uncertainty_stage1/raw/spacetrack_gp/spacetrack_gp_history_20260529_20260701_20sat_omm.json,1F5A8BA23D1C8AE605C4142F44E424711D1D85014DB46C28BBC18C3ABC326A96,2026-06-09T20:48:42.000019Z,0.9988888836111111,data/orbit_uncertainty_stage1/june/sat000048111.csv,63E98DFF9634CD904EDA2CF3528E739282097399B04E926A453B20B62792D5D5,90,False,SELECTED_FROZEN,259.32546972055906,259.5326346975864,271.5751476287842,271.8180046081543,33.48073768615723,259.325469720559,259.325469720559,0.5766378521730127,0.5766378521730127,2.1001788945320534,2.1001788945320534,4108788.4968573204,269.05583473131054,6.54830091490722e-05,0.9999345169908509,FINITE_NONZERO,0.9589656424131092,-0.0075531447029844045,0.16818109431644443,0.9935872875184546,True,10.2115277565074,10.95997026421836,11.406538132755083,64ee2e553668348898ab247e3851ce357ac8c3b22ab21f1e7a6a85b9ac9c799d,False,NOT_APPLICABLE_STAGE_A,COMPLETE
legit_segment_386c0aa3015081d84047359c,legit_pass_ef95fe1c88ef183d7c634b66,65405,STARLINK-34830,2026-06,CONFIRMATORY,controlled_example_station,52.21,5.16,14.0,11325000000.0,10.0,2026-06-03T02:29:22Z,2026-06-03T02:36:44Z,442.0,80.0785929384643,SETTING_75_PERCENT,0.751131221719457,2026-06-03T02:34:54Z,2026-06-03T02:34:24Z,2026-06-03T02:35:24Z,1.0,61,21.055659130439537,28.097209577848112,36.9124850329618,326744105,2026-06-02T20:00:03.000384Z,2026-06-02T22:46:37Z,6.580833226666667,3.8047222222222223,6-9 h,data/orbit_uncertainty_stage1/raw/spacetrack_gp/spacetrack_gp_history_20260529_20260701_20sat_omm.json,1F5A8BA23D1C8AE605C4142F44E424711D1D85014DB46C28BBC18C3ABC326A96,2026-06-03T02:53:42Z,0.31333333333333335,data/orbit_uncertainty_stage1/june/sat000065405.csv,10707AFA6592FB845A94CB76E13C89BAD9EFA77F9A31B0B3C5036D80E7E87A62,24,False,SELECTED_FROZEN,-11.697553384499471,12.058183218026567,16.944683074951172,17.675765991210938,9.933755874633789,-11.697553384499468,11.697553384499468,0.16385163227002628,0.16385163227002628,0.4943142148890618,0.4943142148890618,8869.386733689349,14.905139125524762,0.001680515189275635,0.9983194848107244,FINITE_NONZERO,0.9714782580409718,-0.0017732025140043406,0.05302607883892193,0.9884927161152622,False,21.05111904548223,28.091589420350616,36.90542825070768,503effbb0d45f587ff807e8378c543728e646cacd621d27cb197728fc433c282,False,NOT_APPLICABLE_STAGE_A,COMPLETE
legit_segment_38bfbaecfad4ba9e470a7f89,legit_pass_e314a716b031cf41b8439df0,65693,STARLINK-35060,2026-06,CONFIRMATORY,controlled_example_station,52.21,5.16,14.0,11325000000.0,10.0,2026-06-04T06:49:38Z,2026-06-04T06:57:02Z,444.0,76.78245052612418,PEAK,0.5,2026-06-04T06:53:20Z,2026-06-04T06:52:50Z,2026-06-04T06:53:50Z,1.0,61,62.464251423138435,70.98085463147466,76.78245052612418,327021296,2026-06-03T21:09:00.026784Z,2026-06-04T04:32:25Z,9.738881448888888,2.348611111111111,9-12 h,data/orbit_uncertainty_stage1/raw/spacetrack_gp/spacetrack_gp_history_20260529_20260701_20sat_omm.json,1F5A8BA23D1C8AE605C4142F44E424711D1D85014DB46C28BBC18C3ABC326A96,2026-06-04T06:13:42.000010Z,0.6605555527777778,data/orbit_uncertainty_stage1/june/sat000065693.csv,D31425DC1D7BF768E17AFC34A7D7E516943AB5AC5C7598CCE830821EDB62E3E7,35,False,SELECTED_FROZEN,2412.2740024816794,2419.501449881995,2631.5770626068115,2633.4867095947266,42.64166259765625,2412.274002481679,2412.274002481679,0.7974201296196612,0.7974201296196612,186.34452094045443,186.34452094045443,357093223.2248457,2118181.109556175,0.005931731468962799,0.9940682685310372,FINITE_NONZERO,0.0056447459442372505,-0.6709470747777939,11.963410032163122,0.9958782967537244,True,62.22280424399158,70.98488133941488,76.78442041275,006d540160c03bdeadcbaee077bd09b2937fea365136abd7ca32101a2137789b,False,NOT_APPLICABLE_STAGE_A,COMPLETE
legit_segment_395451332e8d710936dcf626,legit_pass_1e7267cd018b59e0434b02d1,48458,STARLINK-2698,2026-06,CONFIRMATORY,controlled_example_station,52.21,5.16,14.0,11325000000.0,10.0,2026-06-01T22:03:03Z,2026-06-01T22:10:26Z,443.0,80.05559584257738,PEAK,0.49887133182844245,2026-06-01T22:06:44Z,2026-06-01T22:06:14Z,2026-06-01T22:07:14Z,1.0,61,63.27551995477397,73.04870869696246,80.05559584257738,326577316,2026-06-01T09:13:09.424704Z,2026-06-01T18:19:01Z,12.892937582222222,3.7952777777777778,12-18 h,data/orbit_uncertainty_stage1/raw/spacetrack_gp/spacetrack_gp_history_20260529_20260701_20sat_omm.json,1F5A8BA23D1C8AE605C4142F44E424711D1D85014DB46C28BBC18C3ABC326A96,2026-06-01T21:40:42.000010Z,0.4338888861111111,data/orbit_uncertainty_stage1/june/sat000048458.csv,091BB60895838155D6E08F3AB53CB4B529B9EB7F826CA2A0FB9BFADE0198C1C6,9,False,SELECTED_FROZEN,-523.3253628464996,526.7390485904039,583.2919807434082,583.6811904907227,131.65128707885742,-523.3253628464995,523.3253628464995,2.4220425398497287,2.4220425398497287,42.024278594669504,42.024278594669504,16924695.54390535,107728.43947554624,0.006365162622635163,0.9936348373773648,FINITE_NONZERO,0.5073243983265736,0.15095218172312697,3.952459446717426,0.9911542571210177,True,63.39241443259808,73.06471415884485,80.07228018226644,55cda5689b6fd1c8140036093798b0a2e150db67961bd0a9b85c2fc5b6ed0367,False,NOT_APPLICABLE_STAGE_A,COMPLETE
legit_segment_398790802f43983d87cafab9,legit_pass_86e50c1f810db84aebc15b11,45230,STARLINK-1227,2026-06,CONFIRMATORY,controlled_example_station,52.21,5.16,14.0,11325000000.0,10.0,2026-06-06T12:35:08Z,2026-06-06T12:37:06Z,118.0,10.951864386207692,PEAK,0.5,2026-06-06T12:36:07Z,2026-06-06T12:35:37Z,2026-06-06T12:36:37Z,1.0,61,10.700515478854378,10.864865346869605,10.951864386207692,327471152,2026-06-06T02:45:20.081664Z,2026-06-06T10:37:48Z,9.846366204444445,1.9719444444444445,9-12 h,data/orbit_uncertainty_stage1/raw/spacetrack_gp/spacetrack_gp_history_20260529_20260701_20sat_omm.json,1F5A8BA23D1C8AE605C4142F44E424711D1D85014DB46C28BBC18C3ABC326A96,2026-06-06T12:32:41.999971Z,0.056944452500000006,data/orbit_uncertainty_stage1/june/sat000045230.csv,A086445B48BCEA5D6D786487B3F9BAAB43C341130589A86BCBB60E49241950E8,56,False,SELECTED_FROZEN,1079.5888622784223,1079.6604291778597,1092.1769275665283,1092.2810096740723,23.218082427978516,1079.588862278422,1079.588862278422,0.3976591668010453,0.3976591668010453,10.271786840173165,10.271786840173165,71105665.18228374,6436.085898287231,9.051438984204605e-05,0.9999094856101579,FINITE_NONZERO,0.31722594679559324,-0.037050895601646094,0.2371628708092625,0.9994669089382985,True,10.68569818776666,10.863842550460783,10.950997405656022,9da617aa8b7b313567b5cdfb514d44b2368c3f3505aefbabee598e5e2578f69d,False,NOT_APPLICABLE_STAGE_A,COMPLETE
legit_segment_39ac75fd4b6ce0c68f924066,legit_pass_2c9498d3f6c1a54b15156bbe,60265,STARLINK-32120,2026-06,CONFIRMATORY,controlled_example_station,52.21,5.16,14.0,11325000000.0,10.0,2026-06-01T13:32:33Z,2026-06-01T13:40:00Z,447.0,86.03302205140432,PEAK,0.4988814317673378,2026-06-01T13:36:16Z,2026-06-01T13:35:46Z,2026-06-01T13:36:46Z,1.0,61,64.96771842842011,76.24836712544322,86.03302205140432,326549442,2026-05-31T23:08:04.244928Z,2026-06-01T10:22:25Z,14.469931964444445,3.2308333333333334,12-18 h,data/orbit_uncertainty_stage1/raw/spacetrack_gp/spacetrack_gp_history_20260529_20260701_20sat_omm.json,1F5A8BA23D1C8AE605C4142F44E424711D1D85014DB46C28BBC18C3ABC326A96,2026-06-01T14:29:41.999971Z,0.8905555475000001,data/orbit_uncertainty_stage1/june/sat000060265.csv,310CEC01430FB37300D0520AC911958B04898B003A2B2906A630DA9E075D20EF,7,False,SELECTED_FROZEN,-516.6290773485528,518.2791165332675,564.7936992645264,565.5059089660645,-16.133621215820312,-516.6290773485526,516.6290773485526,-0.30012925065805585,0.30012925065805585,40.984326597935144,40.984326597935144,16385407.80070476,102462.61662785905,0.006253284500093552,0.9937467154999065,FINITE_NONZERO,0.016352428479222247,0.14754772034249813,2.713269942195679,0.9956172126448459,True,65.07540608421144,76.25298019786423,86.04968453434063,1d9495751b760957bec56a5ad07e7dfaaa9c7419c89c3f1ecd774bf5939fac6a,False,NOT_APPLICABLE_STAGE_A,COMPLETE
legit_segment_39dcff5c2021e62f5a8e6cfb,legit_pass_1e361daf91ae25ce873f8fce,48458,STARLINK-2698,2026-06,CONFIRMATORY,controlled_example_station,52.21,5.16,14.0,11325000000.0,10.0,2026-06-04T01:56:41Z,2026-06-04T01:58:24Z,103.0,10.65753585774961,PEAK,0.5048543689320388,2026-06-04T01:57:33Z,2026-06-04T01:57:03Z,2026-06-04T01:58:03Z,1.0,61,10.433080013767407,10.580576598015883,10.65753585774961,326929662,2026-06-03T06:38:00.743136Z,2026-06-03T21:59:02Z,19.325626906666667,3.975277777777778,18-24 h,data/orbit_uncertainty_stage1/raw/spacetrack_gp/spacetrack_gp_history_20260529_20260701_20sat_omm.json,1F5A8BA23D1C8AE605C4142F44E424711D1D85014DB46C28BBC18C3ABC326A96,2026-06-04T01:33:41.999962Z,0.3975000105555555,data/orbit_uncertainty_stage1/june/sat000048458.csv,091BB60895838155D6E08F3AB53CB4B529B9EB7F826CA2A0FB9BFADE0198C1C6,32,False,SELECTED_FROZEN,680.4644025583736,680.4883677805334,686.8024311065674,686.8451900482178,3.4974937438964844,680.4644025583735,680.4644025583735,0.06009500080917538,0.06009500080917538,5.612129601354231,5.612129601354231,28246929.539761487,1921.2559184061804,6.801645168908519e-05,0.9999319835483109,FINITE_NONZERO,0.03432526282550585,-0.020244119204723854,0.11878886087883286,0.9995519813922986,True,10.422666956326728,10.57445865235405,10.65139010199115,7f128dfd4f369ea063ef0c019cde9555852180170546000af20092d3ef41d685,False,NOT_APPLICABLE_STAGE_A,COMPLETE
legit_segment_3ab09b398d22b2592030c8be,legit_pass_d35c2cee8b8ed33010473fd0,47749,STARLINK-2163,2026-06,CONFIRMATORY,controlled_example_station,52.21,5.16,14.0,11325000000.0,10.0,2026-06-01T00:34:30Z,2026-06-01T00:40:16Z,346.0,81.71047543065858,PEAK,0.5028901734104047,2026-06-01T00:37:24Z,2026-06-01T00:36:54Z,2026-06-01T00:37:54Z,1.0,61,56.11228497003318,70.12606545928044,81.71047543065858,326401775,2026-05-31T20:00:01.999008Z,2026-05-31T23:56:49Z,4.622778053333334,0.6763888888888889,0-6 h,data/orbit_uncertainty_stage1/raw/spacetrack_gp/spacetrack_gp_history_20260529_20260701_20sat_omm.json,1F5A8BA23D1C8AE605C4142F44E424711D1D85014DB46C28BBC18C3ABC326A96,2026-06-01T02:57:42.000019Z,2.3383333386111107,data/orbit_uncertainty_stage1/june/sat000047749.csv,0CE3EE486737D6898F4E0960379BB2CF5D672CBD2C80BC161C0E3F96D2261670,2,False,SELECTED_FROZEN,2176.9356566569845,2199.5075430747083,2561.937780380249,2566.8943767547607,-85.69966697692871,2176.9356566569845,2176.9356566569845,-1.752986744659286,1.752986744659286,312.78101034846844,312.78101034846844,295107839.3545949,5967749.586511131,0.020222267221239144,0.9797777327787609,FINITE_NONZERO,0.009643391658431644,-1.121547535726679,34.712954396829375,0.9876830721003309,True,56.49498702781138,70.12392664763057,81.72809598733058,b03d56345a9031c2bbd01bcff9e79b63d0438360dd23824bdc216cc0999b82d7,False,NOT_APPLICABLE_STAGE_A,COMPLETE
legit_segment_3ab0fc71f389db2eb67a4e23,legit_pass_dc02e5cd629eb0e8a5127751,47383,STARLINK-2103,2026-06,CONFIRMATORY,controlled_example_station,52.21,5.16,14.0,11325000000.0,10.0,2026-06-05T14:06:26Z,2026-06-05T14:10:15Z,229.0,13.783266570919029,SETTING_75_PERCENT,0.7510917030567685,2026-06-05T14:09:18Z,2026-06-05T14:08:48Z,2026-06-05T14:09:48Z,1.0,61,11.436737854178354,12.62928220095469,13.529426608606826,327259377,2026-06-04T17:17:09.580992Z,2026-06-05T11:08:39Z,20.86900528,3.0108333333333333,18-24 h,data/orbit_uncertainty_stage1/raw/spacetrack_gp/spacetrack_gp_history_20260529_20260701_20sat_omm.json,1F5A8BA23D1C8AE605C4142F44E424711D1D85014DB46C28BBC18C3ABC326A96,2026-06-05T15:23:41.999971Z,1.2399999919444444,data/orbit_uncertainty_stage1/june/sat000047383.csv,6A97ABED011A96AE20108B2FFAB622CC78ED39D918CC694CBFCE03E18290B2FA,50,False,SELECTED_FROZEN,215.85473157538743,216.13153913171936,229.92827987670898,230.51095581054688,-35.64620780944824,215.8547315753874,215.8547315753874,-0.6146566735947976,0.6146566735947976,1.567860893405435,1.567860893405435,2849483.3746542027,149.9494546452754,5.262338288373851e-05,0.9999473766171163,FINITE_NONZERO,0.9794426481166787,-0.005617373497586731,0.18494492224756914,0.9860854306865566,True,11.444981093538923,12.6347193191154,13.531541801664302,c7773414369a0e2a922bed2d28e962a4a48bbfa66326e3f3fb44f3621cb54d63,False,NOT_APPLICABLE_STAGE_A,COMPLETE
legit_segment_3ae68078db2adcd9f59cf3f9,legit_pass_61978f5dd5b80fbd7171cf49,47767,STARLINK-2185,2026-06,CONFIRMATORY,controlled_example_station,52.21,5.16,14.0,11325000000.0,10.0,2026-06-13T18:22:22Z,2026-06-13T18:28:55Z,393.0,86.15063152557357,PEAK,0.49872773536895676,2026-06-13T18:25:38Z,2026-06-13T18:25:08Z,2026-06-13T18:26:08Z,1.0,61,60.99757323992443,74.1595501959778,86.15063152557357,329095926,2026-06-13T13:26:47.381568Z,2026-06-13T17:55:43Z,4.980727342222222,0.4986111111111111,0-6 h,data/orbit_uncertainty_stage1/raw/spacetrack_gp/spacetrack_gp_history_20260529_20260701_20sat_omm.json,1F5A8BA23D1C8AE605C4142F44E424711D1D85014DB46C28BBC18C3ABC326A96,2026-06-13T18:15:42.000019Z,0.1655555502777778,data/orbit_uncertainty_stage1/june/sat000047767.csv,6E26A6FFCB0389E48C81BEEAD935A847B2444F9441CBE4C1AD8107642DE7DD5F,125,False,SELECTED_FROZEN,-840.5329760879766,845.5417948355617,950.8357105255127,951.7843647003174,21.227088928222656,-840.5329760879765,840.5329760879765,0.39649771151247737,0.39649771151247737,91.63245979187366,91.63245979187366,43611396.53563833,512186.9689380698,0.01174433771043129,0.9882556622895687,FINITE_NONZERO,0.005770732158963288,0.3293845907194236,7.8866704643466115,0.9925922093651238,True,61.16712995368879,74.1702588690833,86.18370985598253,37153d500bbb874af417969860cf8d9d07da91f55f4fcd63002fe3e06402c355,False,NOT_APPLICABLE_STAGE_A,COMPLETE
legit_segment_3b56de664a7e5df880d3eace,legit_pass_a579ad43c8bce9660a6674d3,47383,STARLINK-2103,2026-06,CONFIRMATORY,controlled_example_station,52.21,5.16,14.0,11325000000.0,10.0,2026-06-01T08:11:13Z,2026-06-01T08:14:50Z,217.0,13.305870757377097,SETTING_75_PERCENT,0.7511520737327189,2026-06-01T08:13:56Z,2026-06-01T08:13:26Z,2026-06-01T08:14:26Z,1.0,61,11.204004228503571,12.30256795959336,13.112526925768611,326474416,2026-05-31T22:34:37.492608Z,2026-06-01T06:47:07Z,9.655140942222221,1.4469444444444444,9-12 h,data/orbit_uncertainty_stage1/raw/spacetrack_gp/spacetrack_gp_history_20260529_20260701_20sat_omm.json,1F5A8BA23D1C8AE605C4142F44E424711D1D85014DB46C28BBC18C3ABC326A96,2026-06-01T07:58:42.000038Z,0.25388887833333335,data/orbit_uncertainty_stage1/june/sat000047383.csv,6A97ABED011A96AE20108B2FFAB622CC78ED39D918CC694CBFCE03E18290B2FA,6,False,SELECTED_FROZEN,-1800.5121805472452,1804.3565545676674,1961.7278118133545,1971.1791439056396,387.2926826477051,-1800.512180547245,1800.512180547245,6.654676514942771,6.654676514942771,11.410550449618887,11.410550449618887,198597857.13668954,7942.240355361166,3.999157125796547e-05,0.999960008428742,FINITE_NONZERO,0.9906049714985604,0.04071480118093085,1.6911074327491034,0.9780351012447895,True,11.11318673305224,12.23036326624707,13.063648309454683,ad03beacb369fde400f5c62c89a0ea36dd53621cc9ae9f00ecd9be7d000c7905,False,NOT_APPLICABLE_STAGE_A,COMPLETE
legit_segment_3b57fc44079edb12988de32a,legit_pass_df05a122635f6d197a50fd34,65409,STARLINK-35022,2026-06,CONFIRMATORY,controlled_example_station,52.21,5.16,14.0,11325000000.0,10.0,2026-06-04T21:45:49Z,2026-06-04T21:51:05Z,316.0,18.820226467103407,RISING_25_PERCENT,0.25,2026-06-04T21:47:08Z,2026-06-04T21:46:38Z,2026-06-04T21:47:38Z,1.0,61,13.705695144913564,15.76413503977276,17.569701384224782,326989609,2026-06-03T14:13:19.504704Z,2026-06-03T23:06:29Z,31.563470915555556,22.6775,24-36 h,data/orbit_uncertainty_stage1/raw/spacetrack_gp/spacetrack_gp_history_20260529_20260701_20sat_omm.json,1F5A8BA23D1C8AE605C4142F44E424711D1D85014DB46C28BBC18C3ABC326A96,2026-06-04T21:46:42.000038Z,0.007222211666666666,data/orbit_uncertainty_stage1/june/sat000065409.csv,C82A923C1B14CF8F30B1B5DDBB30C6CB9AE3A8DB51A9A3F182BEC8348A9F0DF5,42,False,SELECTED_FROZEN,3989.14297635438,4019.4890160191158,4733.9243240356445,4795.907850265503,1632.9626178741455,3989.1429763543797,3989.1429763543797,27.996063024943503,27.996063024943503,7.655402203050827,7.655402203050827,985533808.9437976,3574.9161563190028,3.627390682974399e-06,0.9999963726093171,FINITE_NONZERO,0.9997588564407511,-0.01583569270824725,6.272288042245539,0.32870105774739955,True,13.491113043367838,15.583384139840598,17.443476617828654,f10f94a5b75743880527f383b3126706d89c24d569f0eab57a1ad8b9c71277f1,False,NOT_APPLICABLE_STAGE_A,COMPLETE
legit_segment_3b60a4eedc4f934f5fea43d8,legit_pass_7d721773221bf6eb381cf21a,48458,STARLINK-2698,2026-06,CONFIRMATORY,controlled_example_station,52.21,5.16,14.0,11325000000.0,10.0,2026-06-06T17:51:32Z,2026-06-06T17:57:41Z,369.0,25.49465799228868,PEAK,0.4986449864498645,2026-06-06T17:54:36Z,2026-06-06T17:54:06Z,2026-06-06T17:55:06Z,1.0,61,24.636119053224807,25.195830399130855,25.49465799228868,327592185,2026-06-06T14:30:00.771840Z,2026-06-06T17:50:36Z,3.4097856,0.06666666666666667,0-6 h,data/orbit_uncertainty_stage1/raw/spacetrack_gp/spacetrack_gp_history_20260529_20260701_20sat_omm.json,1F5A8BA23D1C8AE605C4142F44E424711D1D85014DB46C28BBC18C3ABC326A96,2026-06-06T18:23:41.999971Z,0.48499999194444443,data/orbit_uncertainty_stage1/june/sat000048458.csv,091BB60895838155D6E08F3AB53CB4B529B9EB7F826CA2A0FB9BFADE0198C1C6,59,False,SELECTED_FROZEN,-616.2564825464467,616.4382648766555,632.0702667236328,632.261402130127,22.26127815246582,-616.2564825464465,616.2564825464465,0.38550029928125606,0.38550029928125606,13.342146551111218,13.342146551111218,23179764.19865264,10858.785350071066,0.00046845969859789384,0.9995315403014021,FINITE_NONZERO,0.20559091589491196,0.048117429034340464,0.39643360321978255,0.9991171447451618,True,24.628865362073814,25.205327074981735,25.504168498391984,c4b0616a5ed42a4c84f33f52b7b56db6037443f80df1ac7fdc7419df45d3aeb1,False,NOT_APPLICABLE_STAGE_A,COMPLETE
legit_segment_3b6710c2558e3806b8f50eef,legit_pass_b1adb7350ee7a0376773b7fe,65421,STARLINK-35146,2026-06,CONFIRMATORY,controlled_example_station,52.21,5.16,14.0,11325000000.0,10.0,2026-06-01T00:09:23Z,2026-06-01T00:16:18Z,415.0,39.459325044750365,SETTING_75_PERCENT,0.7493975903614458,2026-06-01T00:14:34Z,2026-06-01T00:14:04Z,2026-06-01T00:15:04Z,1.0,61,18.829428695277937,23.76397779142393,29.19690276477503,326441216,2026-05-31T12:57:20.022048Z,2026-06-01T00:06:54Z,11.287216097777778,0.12777777777777777,9-12 h,data/orbit_uncertainty_stage1/raw/spacetrack_gp/spacetrack_gp_history_20260529_20260701_20sat_omm.json,1F5A8BA23D1C8AE605C4142F44E424711D1D85014DB46C28BBC18C3ABC326A96,2026-06-01T01:42:41.999962Z,1.4688888783333334,data/orbit_uncertainty_stage1/june/sat000065421.csv,47F2014ECBC8E7384C87E8BF3D80DB676A195CA775414C519EDF2550466E6CB3,2,False,SELECTED_FROZEN,788.5020045921451,820.3910273418431,1176.4984245300293,1223.3494853973389,-760.4946804046631,788.502004592145,788.502004592145,-12.773211336766275,12.773211336766275,26.98145404770361,26.98145404770361,41055527.702323295,44407.93061422883,0.0010816553360661304,0.9989183446639339,FINITE_NONZERO,0.9858106559359368,0.09720896358762587,1.4494227212178117,0.9971142451823534,True,18.94378347647483,23.90178219124146,29.354149853248106,3ce643334b9a3c56b0a715a093cd9ce34b2d555130a205ae07eabb3ea19a6a20,False,NOT_APPLICABLE_STAGE_A,COMPLETE
legit_segment_3b7f60537801bde0d604af68,legit_pass_5d4fdfbdff2ba531717b11bc,65421,STARLINK-35146,2026-06,CONFIRMATORY,controlled_example_station,52.21,5.16,14.0,11325000000.0,10.0,2026-06-09T00:55:06Z,2026-06-09T01:02:28Z,442.0,82.24679913181801,PEAK,0.5,2026-06-09T00:58:47Z,2026-06-09T00:58:17Z,2026-06-09T00:59:17Z,1.0,61,64.00954188732516,74.29506984562161,82.24679913181801,328174083,2026-06-08T18:16:22.582272Z,2026-06-08T23:56:34Z,6.706782702222222,1.0369444444444444,6-9 h,data/orbit_uncertainty_stage1/raw/spacetrack_gp/spacetrack_gp_history_20260529_20260701_20sat_omm.json,1F5A8BA23D1C8AE605C4142F44E424711D1D85014DB46C28BBC18C3ABC326A96,2026-06-08T23:06:41.999990Z,1.8680555583333334,data/orbit_uncertainty_stage1/june/sat000065421.csv,47F2014ECBC8E7384C87E8BF3D80DB676A195CA775414C519EDF2550466E6CB3,81,False,SELECTED_FROZEN,928.1139341260566,931.9260842571259,1021.2303981781006,1022.3145542144775,116.2123908996582,928.1139341260565,928.1139341260565,2.1555531260199428,2.1555531260199428,75.16890928671442,75.16890928671442,52977659.817648,344672.2603246124,0.0065059925544275286,0.9934940074455725,FINITE_NONZERO,0.20313598856258575,-0.2704290675599723,5.702641568230871,0.9942445981282906,True,63.83850153387989,74.29673470934718,82.23633411268268,1af3f2ac17e43740a4de0966ceeb4d94d809c2df4b119205611aa1a2d79988ce,False,NOT_APPLICABLE_STAGE_A,COMPLETE
legit_segment_3c650bf0c4d31649e150fdae,legit_pass_87d580dc27f9533db49e427b,65410,STARLINK-35024,2026-06,CONFIRMATORY,controlled_example_station,52.21,5.16,14.0,11325000000.0,10.0,2026-06-01T04:48:39Z,2026-06-01T04:55:43Z,424.0,46.295575122118215,RISING_25_PERCENT,0.25,2026-06-01T04:50:25Z,2026-06-01T04:49:55Z,2026-06-01T04:50:55Z,1.0,61,19.61886911827161,25.206724978548145,31.612340557739657,326441204,2026-05-31T20:00:01.999008Z,2026-06-01T00:06:54Z,8.839722497777778,4.7252777777777775,6-9 h,data/orbit_uncertainty_stage1/raw/spacetrack_gp/spacetrack_gp_history_20260529_20260701_20sat_omm.json,1F5A8BA23D1C8AE605C4142F44E424711D1D85014DB46C28BBC18C3ABC326A96,2026-06-01T03:56:42Z,0.8952777777777777,data/orbit_uncertainty_stage1/june/sat000065410.csv,480E0881CFF425F783D504E2B784746BB847F6C9A822B6001FD1AFCD7FF9CBC4,3,False,SELECTED_FROZEN,59.700132401263126,61.687523009795036,86.48905944824219,89.80034828186035,52.259864807128906,59.700132401263104,59.700132401263104,0.8751272347791688,0.8751272347791688,1.9575255986711557,1.9575255986711557,232126.38020012353,233.74629463662487,0.0010069785882806804,0.9989930214117193,FINITE_NONZERO,0.984116100017209,0.007048754400598156,0.12332419098333813,0.9960309949621848,True,19.60702707733383,25.191913142414467,31.59442690957782,43640d8f0fde29579b071d9e8290d09eba99bcff8a6ff4531afd4d097fe19e97,False,NOT_APPLICABLE_STAGE_A,COMPLETE
legit_segment_3c7442d7fe5f3e6e78af5e46,legit_pass_93e7dfe3b2ee49a0fa7330b2,47749,STARLINK-2163,2026-06,CONFIRMATORY,controlled_example_station,52.21,5.16,14.0,11325000000.0,10.0,2026-06-02T19:03:42Z,2026-06-02T19:05:21Z,99.0,10.893485942879686,RISING_25_PERCENT,0.30303030303030304,2026-06-02T19:04:12Z,2026-06-02T19:03:42Z,2026-06-02T19:04:42Z,1.0,61,10.003255433837076,10.63673245327217,10.893485942879686,326679843,2026-06-02T14:00:04.999680Z,2026-06-02T18:52:58Z,5.068611199999999,0.18722222222222223,0-6 h,data/orbit_uncertainty_stage1/raw/spacetrack_gp/spacetrack_gp_history_20260529_20260701_20sat_omm.json,1F5A8BA23D1C8AE605C4142F44E424711D1D85014DB46C28BBC18C3ABC326A96,2026-06-02T19:27:42.000019Z,0.3916666719444445,data/orbit_uncertainty_stage1/june/sat000047749.csv,0CE3EE486737D6898F4E0960379BB2CF5D672CBD2C80BC161C0E3F96D2261670,20,False,SELECTED_FROZEN,93.86139513234623,93.95411307248752,98.08932113647461,98.10729598999023,13.107486724853516,93.8613951323462,93.8613951323462,0.22660659293785493,0.22660659293785493,1.222782555829889,1.222782555829889,538469.897157504,91.20702790935442,0.00016938185103906766,0.9998306181489609,FINITE_NONZERO,0.9141375563063044,-0.004402339343298672,0.08011795133645636,0.9957069968983472,True,10.008548617550975,10.64324682191856,10.900824016504822,09520eaafe352431902810f1d519e83761cc032adc8206df35c85ad25b03cb20,False,NOT_APPLICABLE_STAGE_A,COMPLETE
legit_segment_3cb29faad9cec1d4f743308a,legit_pass_d68c68535e2502e5f9fd44fa,58380,STARLINK-30915,2026-06,CONFIRMATORY,controlled_example_station,52.21,5.16,14.0,11325000000.0,10.0,2026-06-08T05:11:07Z,2026-06-08T05:17:53Z,406.0,34.98145220451099,SETTING_75_PERCENT,0.7512315270935961,2026-06-08T05:16:12Z,2026-06-08T05:15:42Z,2026-06-08T05:16:42Z,1.0,61,18.126792196904912,22.559382288286443,27.278718971395854,327914222,2026-06-07T17:46:56.152416Z,2026-06-08T00:36:35Z,11.487735440000002,4.660277777777778,9-12 h,data/orbit_uncertainty_stage1/raw/spacetrack_gp/spacetrack_gp_history_20260529_20260701_20sat_omm.json,1F5A8BA23D1C8AE605C4142F44E424711D1D85014DB46C28BBC18C3ABC326A96,2026-06-08T04:58:42.000038Z,0.29166665611111114,data/orbit_uncertainty_stage1/june/sat000058380.csv,3EDD695EBC2FD369BB6D3F364CEB1C354CEB8FF41D75D9C0E85CB4203365E2E7,73,False,SELECTED_FROZEN,2114.275091390141,2219.728949623312,3265.0136890411377,3401.100839614868,-2265.836587905884,2114.2750913901405,2114.2750913901405,-38.15204961112038,38.15204961112038,76.21018284267842,76.21018284267842,300558993.1975446,354287.510103783,0.0011787619672751731,0.9988212380327248,FINITE_NONZERO,0.9872920873380288,0.27464027958775006,3.7173821709535777,0.9976207043193439,True,18.198664512414545,22.64892423808122,27.365027796116028,2566e48d167ebc563df9b9a237b65b276cd186e8b34d949b4bef530db4736070,False,NOT_APPLICABLE_STAGE_A,COMPLETE
legit_segment_3d4e5dce186aa9b447bbec06,legit_pass_5e2bf59fdda8091ee99a5890,60265,STARLINK-32120,2026-06,CONFIRMATORY,controlled_example_station,52.21,5.16,14.0,11325000000.0,10.0,2026-06-15T08:28:59Z,2026-06-15T08:36:27Z,448.0,83.40503260978971,RISING_25_PERCENT,0.25,2026-06-15T08:30:51Z,2026-06-15T08:30:21Z,2026-06-15T08:31:21Z,1.0,61,21.31852437924635,28.39643072137313,37.25475855671778,329605614,2026-06-15T03:28:51.248640Z,2026-06-15T07:16:55Z,5.0332642666666665,1.2322222222222223,0-6 h,data/orbit_uncertainty_stage1/raw/spacetrack_gp/spacetrack_gp_history_20260529_20260701_20sat_omm.json,1F5A8BA23D1C8AE605C4142F44E424711D1D85014DB46C28BBC18C3ABC326A96,2026-06-15T09:04:42.000010Z,0.5641666694444445,data/orbit_uncertainty_stage1/june/sat000060265.csv,310CEC01430FB37300D0520AC911958B04898B003A2B2906A630DA9E075D20EF,147,False,SELECTED_FROZEN,427.08968053098585,449.53681483090975,679.8378047943115,715.6892910003662,477.02121925354004,427.08968053098573,427.08968053098573,7.845295814885346,7.845295814885346,24.447210088520666,24.447210088520666,12327084.221187498,36457.630947848265,0.0029575226625924854,0.9970424773374075,FINITE_NONZERO,0.9696273201992825,0.08761109181903493,2.834412917014054,0.986557884347084,True,21.18485468608757,28.211013425185058,36.99828572549167,652acb169eb1d0065c63a38c5a5101b0f7d70ffd8a3e58a4c283ce7a3f1127ce,False,NOT_APPLICABLE_STAGE_A,COMPLETE
legit_segment_3dcbcde987356e5cb95c3c8e,legit_pass_e06470d39c60fd4121759cd3,44714,STARLINK-1008,2026-06,CONFIRMATORY,controlled_example_station,52.21,5.16,14.0,11325000000.0,10.0,2026-06-21T13:52:10Z,2026-06-21T13:58:52Z,402.0,85.5645826719783,PEAK,0.5,2026-06-21T13:55:31Z,2026-06-21T13:55:01Z,2026-06-21T13:56:01Z,1.0,61,61.698440237947736,74.33377754034906,85.5645826719783,330879528,2026-06-20T09:43:48.440064Z,2026-06-20T15:56:36Z,28.19515553777778,21.981944444444444,24-36 h,data/orbit_uncertainty_stage1/raw/spacetrack_gp/spacetrack_gp_history_20260529_20260701_20sat_omm.json,1F5A8BA23D1C8AE605C4142F44E424711D1D85014DB46C28BBC18C3ABC326A96,2026-06-21T14:19:42.000010Z,0.40305555833333334,data/orbit_uncertainty_stage1/june/sat000044714.csv,F91F0DA10678FA8B4BBDEBC15B9D96435ECFD92205FFA13417B9E47754646E40,216,False,SELECTED_FROZEN,895.5504860799821,900.3884301222886,1006.3797760009766,1007.7996826171875,31.186649322509766,895.550486079982,895.550486079982,0.5863541189039398,0.5863541189039398,92.63946525446363,92.63946525446363,49452658.83098284,523506.3018806114,0.01058600921074494,0.9894139907892551,FINITE_NONZERO,0.012266742597094926,-0.33310757213788056,7.635113383069675,0.9932073552392058,True,61.79805186342289,74.33956837725738,85.57684862783019,748ad5fa628fb3b23a2aa5dc92b1f379687edd66b7701e338f18584f46efee04,False,NOT_APPLICABLE_STAGE_A,COMPLETE
legit_segment_3e06820af9c73319b42abefc,legit_pass_5d2b848a2d538aa5c8be9f50,65410,STARLINK-35024,2026-06,CONFIRMATORY,controlled_example_station,52.21,5.16,14.0,11325000000.0,10.0,2026-06-02T01:01:53Z,2026-06-02T01:09:15Z,442.0,85.9881941889636,SETTING_75_PERCENT,0.751131221719457,2026-06-02T01:07:25Z,2026-06-02T01:06:55Z,2026-06-02T01:07:55Z,1.0,61,21.16088643238232,28.27788351890241,37.22245361006647,326554735,2026-06-01T00:00:02.000160Z,2026-06-01T10:22:25Z,25.12305551111111,14.75,24-36 h,data/orbit_uncertainty_stage1/raw/spacetrack_gp/spacetrack_gp_history_20260529_20260701_20sat_omm.json,1F5A8BA23D1C8AE605C4142F44E424711D1D85014DB46C28BBC18C3ABC326A96,2026-06-02T00:29:42Z,0.6286111111111111,data/orbit_uncertainty_stage1/june/sat000065410.csv,480E0881CFF425F783D504E2B784746BB847F6C9A822B6001FD1AFCD7FF9CBC4,11,False,SELECTED_FROZEN,1150.5738205206198,1217.2953021263938,1869.8325290679932,1973.0898246765137,-1352.7088375091553,1150.5738205206196,1150.5738205206196,-22.208838543117782,22.208838543117782,71.31380081686653,71.31380081686653,90390279.00731829,310225.14940381056,0.003432063190984218,0.9965679368090158,FINITE_NONZERO,0.9678097913666148,0.25545181765778224,8.535286385167657,0.9856751848042403,True,21.524162088069914,28.78920657070985,37.939607958756945,fc189bc08de132a839ea79bdde44405e94f04b2d2f48e2f5fe8c129344eda3c1,False,NOT_APPLICABLE_STAGE_A,COMPLETE
legit_segment_3e6503b23f80ecefed2bd452,legit_pass_a695252acff255afe24efe91,47767,STARLINK-2185,2026-06,CONFIRMATORY,controlled_example_station,52.21,5.16,14.0,11325000000.0,10.0,2026-06-01T02:03:59Z,2026-06-01T02:10:32Z,393.0,58.45047224942401,SETTING_75_PERCENT,0.7506361323155216,2026-06-01T02:08:54Z,2026-06-01T02:08:24Z,2026-06-01T02:09:24Z,1.0,61,19.544945821892608,26.413578381081397,34.918227873989956,326327644,2026-05-31T10:12:02.566080Z,2026-05-31T16:16:51Z,15.947620533333334,9.8675,12-18 h,data/orbit_uncertainty_stage1/raw/spacetrack_gp/spacetrack_gp_history_20260529_20260701_20sat_omm.json,1F5A8BA23D1C8AE605C4142F44E424711D1D85014DB46C28BBC18C3ABC326A96,2026-06-01T00:30:41.999962Z,1.6366666772222223,data/orbit_uncertainty_stage1/june/sat000047767.csv,6E26A6FFCB0389E48C81BEEAD935A847B2444F9441CBE4C1AD8107642DE7DD5F,2,False,SELECTED_FROZEN,289.48828171902016,309.13368626772194,486.1396236419678,514.2922954559326,-368.4924030303955,289.48828171902005,289.48828171902005,-6.055217950297438,6.055217950297438,19.844766587245196,19.844766587245196,5829381.795113691,24022.70041503685,0.004120968785261788,0.9958790312147382,FINITE_NONZERO,0.9665128364333573,0.07112843351245424,2.2744192636841998,0.986864425865688,True,19.61101036973007,26.50645581014821,35.045502979475174,0022b13acd1671ae1df2d40f4b8b2ff2a2d2a0021e7112db20843b3793228041,False,NOT_APPLICABLE_STAGE_A,COMPLETE
legit_segment_3e67851df885b38f97a75298,legit_pass_b9550bc99e4dcf9460ec7f9a,48672,STARLINK-2705,2026-06,CONFIRMATORY,controlled_example_station,52.21,5.16,14.0,11325000000.0,10.0,2026-06-14T11:42:47Z,2026-06-14T11:50:09Z,442.0,82.80338688694093,PEAK,0.5,2026-06-14T11:46:28Z,2026-06-14T11:45:58Z,2026-06-14T11:46:58Z,1.0,61,64.1563160817853,74.5996593738871,82.80338688694093,329316422,2026-06-14T06:44:11.935680Z,2026-06-14T10:48:45Z,5.0377956444444445,0.9619444444444445,0-6 h,data/orbit_uncertainty_stage1/raw/spacetrack_gp/spacetrack_gp_history_20260529_20260701_20sat_omm.json,1F5A8BA23D1C8AE605C4142F44E424711D1D85014DB46C28BBC18C3ABC326A96,2026-06-14T10:46:41.999981Z,0.9961111163888889,data/orbit_uncertainty_stage1/june/sat000048672.csv,9CCC0F6B332261080A38A7EF3636C88202FADE4135B08985F943785C7A1E9415,135,False,SELECTED_FROZEN,44.472151709384605,45.38865823412913,53.10310363769531,53.156503677368164,25.540815353393555,44.4721517093846,44.4721517093846,0.47234642022756734,0.47234642022756734,3.632294731227224,3.632294731227224,125667.94807396927,804.8074658845642,0.006404238138835906,0.993595761861164,FINITE_NONZERO,0.8398023017838194,-0.012905754313579265,0.6315651917990633,0.9697674896016517,True,64.16487554845783,74.59301097183557,82.78871167494088,5fe9ef935ccae0a936632febfe2dfad44e617dd8655e36ff9cab695488cf393d,False,NOT_APPLICABLE_STAGE_A,COMPLETE
legit_segment_3e8426a8ce03cec90ae50670,legit_pass_8947393d22b91563fb34e440,45230,STARLINK-1227,2026-06,CONFIRMATORY,controlled_example_station,52.21,5.16,14.0,11325000000.0,10.0,2026-06-02T10:32:11Z,2026-06-02T10:39:08Z,417.0,74.91074643949632,SETTING_75_PERCENT,0.750599520383693,2026-06-02T10:37:24Z,2026-06-02T10:36:54Z,2026-06-02T10:37:54Z,1.0,61,20.526282713389538,27.793385320070556,37.00362696450796,326609912,2026-06-01T15:32:42.453312Z,2026-06-02T07:37:26Z,19.078207413333335,2.9994444444444444,18-24 h,data/orbit_uncertainty_stage1/raw/spacetrack_gp/spacetrack_gp_history_20260529_20260701_20sat_omm.json,1F5A8BA23D1C8AE605C4142F44E424711D1D85014DB46C28BBC18C3ABC326A96,2026-06-02T10:14:42Z,0.37833333333333335,data/orbit_uncertainty_stage1/june/sat000045230.csv,A086445B48BCEA5D6D786487B3F9BAAB43C341130589A86BCBB60E49241950E8,15,False,SELECTED_FROZEN,-269.805353664961,288.303932917788,455.3206615447998,482.6055908203125,346.33676528930664,-269.805353664961,269.805353664961,5.665586222623912,5.665586222623912,19.32821831763402,19.32821831763402,5070268.6218877295,22788.381423381517,0.004494511656642187,0.9955054883433578,FINITE_NONZERO,0.9638152129274747,-0.06917177209388647,2.4548569667494657,0.9838687232967793,True,20.44761988399392,27.679882784379547,36.841374614258264,800bdc32d670af036d92911f38ee2db40f1f354c4b271ffe9cfceac4f91efc22,False,NOT_APPLICABLE_STAGE_A,COMPLETE
legit_segment_3e8d3ed66d9c24b1c144574d,legit_pass_e9bb91f71a956256aa6773bb,48111,STARLINK-2448,2026-06,CONFIRMATORY,controlled_example_station,52.21,5.16,14.0,11325000000.0,10.0,2026-06-10T16:15:03Z,2026-06-10T16:22:02Z,419.0,79.99652133529543,PEAK,0.4988066825775656,2026-06-10T16:18:32Z,2026-06-10T16:18:02Z,2026-06-10T16:19:02Z,1.0,61,61.906960042888095,72.30643605003834,79.99652133529543,328602935,2026-06-10T11:18:14.996160Z,2026-06-10T15:57:07Z,5.004723288888889,0.35694444444444445,0-6 h,data/orbit_uncertainty_stage1/raw/spacetrack_gp/spacetrack_gp_history_20260529_20260701_20sat_omm.json,1F5A8BA23D1C8AE605C4142F44E424711D1D85014DB46C28BBC18C3ABC326A96,2026-06-10T15:11:42Z,1.113888888888889,data/orbit_uncertainty_stage1/june/sat000048111.csv,63E98DFF9634CD904EDA2CF3528E739282097399B04E926A453B20B62792D5D5,97,False,SELECTED_FROZEN,-302.33358233092264,303.6307615495806,335.20595932006836,335.4923973083496,-17.437496185302734,-302.3335823309226,302.3335823309226,-0.3262871649957473,0.3262871649957473,27.441587541117418,27.441587541117418,5623690.000909873,45935.48433338546,0.00816821061010714,0.9918317893898929,FINITE_NONZERO,0.04198697844378951,0.09872941314281647,2.063371205320206,0.994346254353111,True,61.9608241024197,72.30135995508742,79.99023217861848,0784ccc1ea2e88e511b37ff267348cdbf02304361f42a9f180d78c54d84792bf,False,NOT_APPLICABLE_STAGE_A,COMPLETE
legit_segment_3ef4bca87e53394a8991b506,legit_pass_62a1ebdef10a51b8b2425e51,48309,STARLINK-2517,2026-06,CONFIRMATORY,controlled_example_station,52.21,5.16,14.0,11325000000.0,10.0,2026-06-19T09:17:22Z,2026-06-19T09:24:48Z,446.0,84.14414233081143,SETTING_75_PERCENT,0.7511210762331838,2026-06-19T09:22:57Z,2026-06-19T09:22:27Z,2026-06-19T09:23:27Z,1.0,61,21.172119531881957,28.213136970384127,37.030714927817755,330620351,2026-06-19T04:17:28.274208Z,2026-06-19T06:47:17Z,5.09131272,2.5944444444444446,0-6 h,data/orbit_uncertainty_stage1/raw/spacetrack_gp/spacetrack_gp_history_20260529_20260701_20sat_omm.json,1F5A8BA23D1C8AE605C4142F44E424711D1D85014DB46C28BBC18C3ABC326A96,2026-06-19T10:02:42.000029Z,0.6625000080555555,data/orbit_uncertainty_stage1/june/sat000048309.csv,79D62147447BEB30EC557417B61811EF138EF8094DC33D3F68D9F90E474F7689,189,False,SELECTED_FROZEN,-135.21400898792706,148.96434010470185,249.93054008483887,267.0714359283447,213.2930088043213,-135.214008987927,135.214008987927,3.4811651293403085,3.4811651293403085,12.280394633082464,12.280394633082464,1353612.8519925862,9199.293632998677,0.006796103937294075,0.9932038960627059,FINITE_NONZERO,0.9614059368586705,-0.04392427363902307,1.6124245164978095,0.9827601239363964,True,21.12704142334289,28.14364091146576,36.925975533074755,090cc7aba35ca799df5e805889211fd3e3b2dad7c8bc40a1ef62c96cfe2329c3,False,NOT_APPLICABLE_STAGE_A,COMPLETE
legit_segment_3f061f4019f7a967324f3817,legit_pass_e31d240adc555f298473c6c5,65405,STARLINK-34830,2026-06,CONFIRMATORY,controlled_example_station,52.21,5.16,14.0,11325000000.0,10.0,2026-06-03T22:43:21Z,2026-06-03T22:49:52Z,391.0,30.452910950251145,SETTING_75_PERCENT,0.7493606138107417,2026-06-03T22:48:14Z,2026-06-03T22:47:44Z,2026-06-03T22:48:44Z,1.0,61,17.24417472464184,21.08666648587006,25.021540422601817,326853902,2026-06-03T00:00:02.000160Z,2026-06-03T11:16:57Z,22.80333328888889,11.52138888888889,18-24 h,data/orbit_uncertainty_stage1/raw/spacetrack_gp/spacetrack_gp_history_20260529_20260701_20sat_omm.json,1F5A8BA23D1C8AE605C4142F44E424711D1D85014DB46C28BBC18C3ABC326A96,2026-06-04T00:19:42.000038Z,1.524444455,data/orbit_uncertainty_stage1/june/sat000065405.csv,10707AFA6592FB845A94CB76E13C89BAD9EFA77F9A31B0B3C5036D80E7E87A62,32,False,SELECTED_FROZEN,2118.8787569765186,2164.742143778764,2845.486717224121,2922.437080383301,-1478.0746040344238,2118.8787569765186,2118.8787569765186,-25.10702886021624,25.10702886021624,32.38616753068758,32.38616753068758,285852621.49216455,63980.6946868715,0.00022382406133933342,0.9997761759386606,FINITE_NONZERO,0.9946612207350908,0.11632682506919778,3.0607239119919005,0.9910684014046969,True,17.504597797215535,21.365428283657028,25.3005043668107,6c17da6c145646226f8a8ddd6492ee05cca9ecc2112cd3dc980c8c44e984cd44,False,NOT_APPLICABLE_STAGE_A,COMPLETE
legit_segment_3f0b90a83c3ce3da629cbc8e,legit_pass_6f35fb027889b712e8a99bdf,44714,STARLINK-1008,2026-06,CONFIRMATORY,controlled_example_station,52.21,5.16,14.0,11325000000.0,10.0,2026-06-03T01:48:22Z,2026-06-03T01:50:06Z,104.0,10.763219921737054,RISING_25_PERCENT,0.28846153846153844,2026-06-03T01:48:52Z,2026-06-03T01:48:22Z,2026-06-03T01:49:22Z,1.0,61,10.022157965159659,10.543569933212448,10.763219921737054,326678218,2026-06-02T06:42:19.995840Z,2026-06-02T18:52:58Z,19.108890044444443,6.931666666666667,18-24 h,data/orbit_uncertainty_stage1/raw/spacetrack_gp/spacetrack_gp_history_20260529_20260701_20sat_omm.json,1F5A8BA23D1C8AE605C4142F44E424711D1D85014DB46C28BBC18C3ABC326A96,2026-06-03T02:07:42.000038Z,0.3138888994444444,data/orbit_uncertainty_stage1/june/sat000044714.csv,F91F0DA10678FA8B4BBDEBC15B9D96435ECFD92205FFA13417B9E47754646E40,23,False,SELECTED_FROZEN,-237.11205582540543,237.3511709342678,249.78180503845215,250.07596015930176,-34.51562690734863,-237.1120558254054,237.1120558254054,-0.5928033133778603,0.5928033133778603,2.124249968525013,2.124249968525013,3436470.2789759487,275.25871365548954,8.009925630362655e-05,0.9999199007436964,FINITE_NONZERO,0.9602257806656924,0.007644428856392715,0.1529770911159542,0.9948138920078988,True,10.023183105295969,10.541845037703531,10.759345541386418,59ed28672ac210a0abec3dd47b4297e802689b72b11214075cf8637938981284,False,NOT_APPLICABLE_STAGE_A,COMPLETE
legit_segment_3f5fd4ee24bb5190a3c5ad3c,legit_pass_626553ba61e9a6da4cfd4dad,48309,STARLINK-2517,2026-06,CONFIRMATORY,controlled_example_station,52.21,5.16,14.0,11325000000.0,10.0,2026-06-06T17:18:50Z,2026-06-06T17:25:51Z,421.0,41.39457616129493,SETTING_75_PERCENT,0.7505938242280285,2026-06-06T17:24:06Z,2026-06-06T17:23:36Z,2026-06-06T17:24:36Z,1.0,61,19.13288463281374,24.268329327094303,29.98414545799274,327518648,2026-06-05T22:04:39.792000Z,2026-06-06T16:36:28Z,19.323946666666668,0.7938888888888889,18-24 h,data/orbit_uncertainty_stage1/raw/spacetrack_gp/spacetrack_gp_history_20260529_20260701_20sat_omm.json,1F5A8BA23D1C8AE605C4142F44E424711D1D85014DB46C28BBC18C3ABC326A96,2026-06-06T18:00:41.999990Z,0.6099999972222222,data/orbit_uncertainty_stage1/june/sat000048309.csv,79D62147447BEB30EC557417B61811EF138EF8094DC33D3F68D9F90E474F7689,59,False,SELECTED_FROZEN,-361.7943615209861,372.18298228190645,510.19886589050293,527.7298183441162,292.93382453918457,-361.794361520986,361.794361520986,4.9292327944404075,4.9292327944404075,9.635254533327902,9.635254533327902,8449730.510315487,5663.12592524297,0.0006702137918279628,0.999329786208172,FINITE_NONZERO,0.9878245271467379,-0.034718515866698496,0.4935653428741417,0.9973760054420409,True,19.065986595396463,24.189179784585622,29.894016909222483,2087a9af67e6ab526a9cb3a75a8f305abea58a090a6573dbb6357da0ba45fd94,False,NOT_APPLICABLE_STAGE_A,COMPLETE
legit_segment_3fa428ac94d8d481b2cd1f8f,legit_pass_cddf06551b353af5f010a148,65410,STARLINK-35024,2026-06,CONFIRMATORY,controlled_example_station,52.21,5.16,14.0,11325000000.0,10.0,2026-06-06T03:52:23Z,2026-06-06T03:58:16Z,353.0,22.77598460608614,RISING_25_PERCENT,0.24929178470254956,2026-06-06T03:53:51Z,2026-06-06T03:53:21Z,2026-06-06T03:54:21Z,1.0,61,15.138925552986219,17.833474419353983,20.360218394180738,327358358,2026-06-05T08:36:58.668768Z,2026-06-05T20:26:19Z,19.28120312,7.458888888888889,18-24 h,data/orbit_uncertainty_stage1/raw/spacetrack_gp/spacetrack_gp_history_20260529_20260701_20sat_omm.json,1F5A8BA23D1C8AE605C4142F44E424711D1D85014DB46C28BBC18C3ABC326A96,2026-06-06T05:06:41.999990Z,1.214166663888889,data/orbit_uncertainty_stage1/june/sat000065410.csv,480E0881CFF425F783D504E2B784746BB847F6C9A822B6001FD1AFCD7FF9CBC4,54,False,SELECTED_FROZEN,-22108.670532070224,22357.436458707445,27234.160417556763,27683.770795822144,-11014.078477859497,-22108.670532070217,22108.670532070217,-188.87126298689586,188.87126298689586,56.76772858373455,56.76772858373455,30491152865.3136,196577.07552194974,6.4470201041684346e-06,0.9999935529798958,FINITE_NONZERO,0.999708671460792,-0.13417576281258903,42.89067683142492,0.429149002219277,True,16.843541698423945,19.397677116198743,21.61814487432776,6fa0971567cd9cad6ba3890e209848807b32a8f5e03582df1d61bdaedeb0561c,False,NOT_APPLICABLE_STAGE_A,COMPLETE
legit_segment_3fd7aa8cd6f4a7208d3e498b,legit_pass_b17fa1a788b02d3aeffcc0b0,47383,STARLINK-2103,2026-06,CONFIRMATORY,controlled_example_station,52.21,5.16,14.0,11325000000.0,10.0,2026-06-10T08:03:07Z,2026-06-10T08:10:24Z,437.0,77.53857339751936,PEAK,0.4988558352402746,2026-06-10T08:06:45Z,2026-06-10T08:06:15Z,2026-06-10T08:07:15Z,1.0,61,62.42209732794232,71.30401152157104,77.53857339751936,328491992,2026-06-10T03:03:08.662176Z,2026-06-10T07:17:33Z,5.0600938399999995,0.82,0-6 h,data/orbit_uncertainty_stage1/raw/spacetrack_gp/spacetrack_gp_history_20260529_20260701_20sat_omm.json,1F5A8BA23D1C8AE605C4142F44E424711D1D85014DB46C28BBC18C3ABC326A96,2026-06-10T07:38:42.000029Z,0.4674999919444444,data/orbit_uncertainty_stage1/june/sat000047383.csv,6A97ABED011A96AE20108B2FFAB622CC78ED39D918CC694CBFCE03E18290B2FA,96,False,SELECTED_FROZEN,-108.11089112328702,109.05242253587453,121.93157958984375,122.01696968078613,34.86335372924805,-108.110891123287,108.110891123287,0.6428862607523229,0.6428862607523229,8.737404119635327,8.737404119635327,725438.2825175177,4656.876075739044,0.00641939664333415,0.9935806033566659,FINITE_NONZERO,0.6266264301622578,0.03133241705275691,0.9635539739504585,0.9878384970992231,True,62.41238127651986,71.31798871980858,77.55633952131191,6ea4bedd1b6739c0a781c863faac011e245a18db4df094a210756f7fea249c9f,False,NOT_APPLICABLE_STAGE_A,COMPLETE
legit_segment_3fe97b5508fb8b6d87be249a,legit_pass_35e57ed544fd771a9894f1df,65405,STARLINK-34830,2026-06,CONFIRMATORY,controlled_example_station,52.21,5.16,14.0,11325000000.0,10.0,2026-06-01T03:31:14Z,2026-06-01T03:38:36Z,442.0,86.42586740636582,RISING_25_PERCENT,0.251131221719457,2026-06-01T03:33:05Z,2026-06-01T03:32:35Z,2026-06-01T03:33:35Z,1.0,61,21.3357394734829,28.52224945404317,37.56333335044346,326369629,2026-05-31T13:03:34.478784Z,2026-05-31T16:46:17Z,14.491811448888889,10.78,12-18 h,data/orbit_uncertainty_stage1/raw/spacetrack_gp/spacetrack_gp_history_20260529_20260701_20sat_omm.json,1F5A8BA23D1C8AE605C4142F44E424711D1D85014DB46C28BBC18C3ABC326A96,2026-06-01T04:12:41.999990Z,0.660277775,data/orbit_uncertainty_stage1/june/sat000065405.csv,10707AFA6592FB845A94CB76E13C89BAD9EFA77F9A31B0B3C5036D80E7E87A62,3,False,SELECTED_FROZEN,605.3143651993548,642.3622042430285,994.9236545562744,1051.1116371154785,731.9663505554199,605.3143651993547,605.3143651993547,12.009158726535363,12.009158726535363,38.93011423483174,38.93011423483174,25170381.287837695,92448.78145456,0.003672919388759167,0.9963270806112409,FINITE_NONZERO,0.9672126395144501,0.13942258647892558,4.723874812852036,0.9852760137377643,True,21.14614427775946,28.25189264723558,37.18014977259394,14b0d0e1a18dea08adeaa9468b190f0f19f61b28f9fe9f4860f36b3a4118d45d,False,NOT_APPLICABLE_STAGE_A,COMPLETE
legit_segment_40fc95902a6a55f88e9b7abb,legit_pass_df05a122635f6d197a50fd34,65409,STARLINK-35022,2026-06,CONFIRMATORY,controlled_example_station,52.21,5.16,14.0,11325000000.0,10.0,2026-06-04T21:45:49Z,2026-06-04T21:51:05Z,316.0,18.820226467103407,SETTING_75_PERCENT,0.75,2026-06-04T21:49:46Z,2026-06-04T21:49:16Z,2026-06-04T21:50:16Z,1.0,61,13.728554883854223,15.775827852023754,17.572800735543186,326989609,2026-06-03T14:13:19.504704Z,2026-06-03T23:06:29Z,31.607359804444442,22.72138888888889,24-36 h,data/orbit_uncertainty_stage1/raw/spacetrack_gp/spacetrack_gp_history_20260529_20260701_20sat_omm.json,1F5A8BA23D1C8AE605C4142F44E424711D1D85014DB46C28BBC18C3ABC326A96,2026-06-04T21:46:42.000038Z,0.05111110055555556,data/orbit_uncertainty_stage1/june/sat000065409.csv,C82A923C1B14CF8F30B1B5DDBB30C6CB9AE3A8DB51A9A3F182BEC8348A9F0DF5,42,False,SELECTED_FROZEN,4074.584089998339,4103.578288925802,4806.171686172485,4865.871446609497,-1611.7278881072998,4074.5840899983386,4074.5840899983386,-27.651736725152094,27.651736725152094,9.355119524180786,9.355119524180786,1027200641.1739359,5338.61394001422,5.1972455292794475e-06,0.9999948027544707,FINITE_NONZERO,0.9996309103749144,-0.024478292371934884,6.441267725029014,0.525928311604269,True,14.008354223061291,16.025037239863256,17.76980832629898,bcf5692f6cf170464330ff02410ea4428f4c867fcc81557c94c69d813618e9ed,False,NOT_APPLICABLE_STAGE_A,COMPLETE
legit_segment_417d9209be6ac05e992dd1f9,legit_pass_b371d3116095f1e576079cc2,44714,STARLINK-1008,2026-06,CONFIRMATORY,controlled_example_station,52.21,5.16,14.0,11325000000.0,10.0,2026-06-21T12:16:04Z,2026-06-21T12:22:10Z,366.0,33.71656840106745,RISING_25_PERCENT,0.25136612021857924,2026-06-21T12:17:36Z,2026-06-21T12:17:06Z,2026-06-21T12:18:06Z,1.0,61,17.462629961562357,22.129282273737367,27.107613515566,330879528,2026-06-20T09:43:48.440064Z,2026-06-20T15:56:36Z,26.563211093333337,20.35,24-36 h,data/orbit_uncertainty_stage1/raw/spacetrack_gp/spacetrack_gp_history_20260529_20260701_20sat_omm.json,1F5A8BA23D1C8AE605C4142F44E424711D1D85014DB46C28BBC18C3ABC326A96,2026-06-21T12:47:42Z,0.5016666666666667,data/orbit_uncertainty_stage1/june/sat000044714.csv,F91F0DA10678FA8B4BBDEBC15B9D96435ECFD92205FFA13417B9E47754646E40,215,False,SELECTED_FROZEN,88.88661500274158,93.89848952198805,140.82220268249512,147.05447387695312,101.38116264343262,88.88661500274158,88.88661500274158,1.7060810854673263,1.7060810854673263,3.711479503727963,3.711479503727963,537832.506405165,840.2798865021588,0.0015623449242934961,0.9984376550757065,FINITE_NONZERO,0.9849632789704087,0.013375456633477611,0.17922536550268073,0.9976681274162467,True,17.455455492063578,22.120132675643212,27.097289932853233,3dea1373497159613b88ae9c70b2f969f9b0eb0928995fa84b207d2c00a7b5cf,False,NOT_APPLICABLE_STAGE_A,COMPLETE
legit_segment_41811fc6ee2120d01df1430a,legit_pass_8d2d61b0d92b71fd72a23590,47749,STARLINK-2163,2026-06,CONFIRMATORY,controlled_example_station,52.21,5.16,14.0,11325000000.0,10.0,2026-06-07T19:18:20Z,2026-06-07T19:24:03Z,343.0,79.56406526264752,PEAK,0.49854227405247814,2026-06-07T19:21:11Z,2026-06-07T19:20:41Z,2026-06-07T19:21:41Z,1.0,61,55.528654610720544,68.88175475576986,79.56406526264752,327763626,2026-06-07T00:00:04.000320Z,2026-06-07T17:56:23Z,19.351944355555553,1.4133333333333333,18-24 h,data/orbit_uncertainty_stage1/raw/spacetrack_gp/spacetrack_gp_history_20260529_20260701_20sat_omm.json,1F5A8BA23D1C8AE605C4142F44E424711D1D85014DB46C28BBC18C3ABC326A96,2026-06-07T18:31:42.000010Z,0.8247222194444443,data/orbit_uncertainty_stage1/june/sat000047749.csv,0CE3EE486737D6898F4E0960379BB2CF5D672CBD2C80BC161C0E3F96D2261670,69,False,SELECTED_FROZEN,1456.796429024368,1472.7537943030652,1720.785135269165,1723.2001838684082,117.54511260986328,1456.7964290243679,1456.7964290243679,2.406455798479441,2.406455798479441,212.02047983111024,212.02047983111024,132309228.05667861,2742113.7159366678,0.02072503752166101,0.979274962478339,FINITE_NONZERO,0.03840213212343224,-0.7598840773869915,24.416010102487665,0.9867384659150105,True,55.280629974680785,68.87457875014987,79.54566509980306,1a1877c567e70f6aaf09882dd4473c2b80493373e9c1b45285492ae4f72cc175,False,NOT_APPLICABLE_STAGE_A,COMPLETE
legit_segment_419030a49a83167f296cfba3,legit_pass_c18299065cc5639217b7d8d1,47749,STARLINK-2163,2026-06,CONFIRMATORY,controlled_example_station,52.21,5.16,14.0,11325000000.0,10.0,2026-06-04T19:46:52Z,2026-06-04T19:52:25Z,333.0,46.337630930858744,PEAK,0.4984984984984985,2026-06-04T19:49:38Z,2026-06-04T19:49:08Z,2026-06-04T19:50:08Z,1.0,61,40.32678088947463,44.16801420343067,46.337630930858744,327088644,2026-06-04T05:49:40.553472Z,2026-06-04T12:20:25Z,13.999290702222222,7.486944444444444,12-18 h,data/orbit_uncertainty_stage1/raw/spacetrack_gp/spacetrack_gp_history_20260529_20260701_20sat_omm.json,1F5A8BA23D1C8AE605C4142F44E424711D1D85014DB46C28BBC18C3ABC326A96,2026-06-04T20:30:42.000019Z,0.6844444497222223,data/orbit_uncertainty_stage1/june/sat000047749.csv,0CE3EE486737D6898F4E0960379BB2CF5D672CBD2C80BC161C0E3F96D2261670,40,False,SELECTED_FROZEN,459.2927502804115,461.3386259097658,508.64988136291504,509.29769706726074,46.67270088195801,459.29275028041144,459.29275028041144,0.8755718335091659,0.8755718335091659,40.56899339544483,40.56899339544483,12982832.993134962,100396.43673229842,0.007733014572812101,0.9922669854271879,FINITE_NONZERO,0.1261770173657496,-0.14593014170054341,3.1555258974285936,0.9939500047529626,True,40.301409176744855,44.18085235869078,46.35110032261168,15ddecd35d879b966e6bd1911ebac8c075bdf026fa4a615210b249d7f0a0b6f7,False,NOT_APPLICABLE_STAGE_A,COMPLETE
legit_segment_4266e726474b5f990084601f,legit_pass_dabb898a8d588b14d1c86f0e,65409,STARLINK-35022,2026-06,CONFIRMATORY,controlled_example_station,52.21,5.16,14.0,11325000000.0,10.0,2026-06-01T06:20:33Z,2026-06-01T06:24:12Z,219.0,13.340204726042698,PEAK,0.502283105022831,2026-06-01T06:22:23Z,2026-06-01T06:21:53Z,2026-06-01T06:22:53Z,1.0,61,13.045819078863042,13.239893779041743,13.340204726042698,326441202,2026-05-31T20:00:01.999008Z,2026-06-01T00:06:54Z,10.372500275555556,6.258055555555556,9-12 h,data/orbit_uncertainty_stage1/raw/spacetrack_gp/spacetrack_gp_history_20260529_20260701_20sat_omm.json,1F5A8BA23D1C8AE605C4142F44E424711D1D85014DB46C28BBC18C3ABC326A96,2026-06-01T07:05:42Z,0.7219444444444445,data/orbit_uncertainty_stage1/june/sat000065409.csv,C82A923C1B14CF8F30B1B5DDBB30C6CB9AE3A8DB51A9A3F182BEC8348A9F0DF5,5,False,SELECTED_FROZEN,132.56778019764386,132.57676682494193,134.17031288146973,134.18188667297363,-2.5391578674316406,132.56778019764383,132.56778019764383,-0.04337184932230668,0.04337184932230668,1.3414950081871393,1.3414950081871393,1072172.5452070567,109.7761402764518,0.00010238663615029609,0.9998976133638497,FINITE_NONZERO,0.2447361614404604,-0.004838899246763853,0.03032393910685776,0.9994890326976419,True,13.045642704213732,13.237852882925749,13.338160196831877,5c77963fb6240b92ca060b2db9834e6ad02496c5fab7248915c97d97f22d3785,False,NOT_APPLICABLE_STAGE_A,COMPLETE
legit_segment_42bcac12078c1470a9e763b0,legit_pass_2df2d7aa21ac00abcf427ecc,65405,STARLINK-34830,2026-06,CONFIRMATORY,controlled_example_station,52.21,5.16,14.0,11325000000.0,10.0,2026-06-03T00:51:26Z,2026-06-03T00:58:49Z,443.0,88.23165147601395,SETTING_75_PERCENT,0.7494356659142212,2026-06-03T00:56:58Z,2026-06-03T00:56:28Z,2026-06-03T00:57:28Z,1.0,61,21.253126981936738,28.407557452002504,37.406450839102135,326744105,2026-06-02T20:00:03.000384Z,2026-06-02T22:46:37Z,4.9486110044444445,2.1725,0-6 h,data/orbit_uncertainty_stage1/raw/spacetrack_gp/spacetrack_gp_history_20260529_20260701_20sat_omm.json,1F5A8BA23D1C8AE605C4142F44E424711D1D85014DB46C28BBC18C3ABC326A96,2026-06-03T00:55:42.000038Z,0.021111100555555554,data/orbit_uncertainty_stage1/june/sat000065405.csv,10707AFA6592FB845A94CB76E13C89BAD9EFA77F9A31B0B3C5036D80E7E87A62,23,False,SELECTED_FROZEN,-65.88757514953613,71.1114655583852,114.76251411437988,121.97332763671875,91.20645332336426,-65.88757514953612,65.88757514953612,1.4914478420013484,1.4914478420013484,5.108699296140458,5.108699296140458,308467.27256554575,1592.0273184015466,0.005161089878872836,0.9948389101211271,FINITE_NONZERO,0.9635322392250846,-0.018281280151206225,0.6525589169246399,0.9836838091637711,True,21.2305427342557,28.374641149708822,37.35878947947234,865ad95faefd065af7314aa3f01878d3288b221051972f29fe936365b02b9eca,False,NOT_APPLICABLE_STAGE_A,COMPLETE
legit_segment_42fb04d170d489e89a6112c7,legit_pass_1e073aac0005f9ce687c1c9a,58380,STARLINK-30915,2026-06,CONFIRMATORY,controlled_example_station,52.21,5.16,14.0,11325000000.0,10.0,2026-06-08T03:33:08Z,2026-06-08T03:40:32Z,444.0,87.520854331077,SETTING_75_PERCENT,0.75,2026-06-08T03:38:41Z,2026-06-08T03:38:11Z,2026-06-08T03:39:11Z,1.0,61,21.261017870141583,28.402977981248974,37.375767235748704,327914222,2026-06-07T17:46:56.152416Z,2026-06-08T00:36:35Z,9.862457662222223,3.035,9-12 h,data/orbit_uncertainty_stage1/raw/spacetrack_gp/spacetrack_gp_history_20260529_20260701_20sat_omm.json,1F5A8BA23D1C8AE605C4142F44E424711D1D85014DB46C28BBC18C3ABC326A96,2026-06-08T04:58:42.000038Z,1.3336111216666666,data/orbit_uncertainty_stage1/june/sat000058380.csv,3EDD695EBC2FD369BB6D3F364CEB1C354CEB8FF41D75D9C0E85CB4203365E2E7,73,False,SELECTED_FROZEN,6462.336563485567,6969.306819009448,11229.09292602539,11929.814832687378,-8890.551898956299,6462.336563485567,6462.336563485567,-145.4767351270542,145.4767351270542,498.7632044655447,498.7632044655447,2962845489.7869873,15174648.781853061,0.005121647022823333,0.9948783529771766,FINITE_NONZERO,0.963467686069224,1.7853368139987822,62.55338044923356,0.9842705783063223,True,23.22543742963312,31.332491569807164,41.68109925184758,d31b345dc86ec676f53e2b61cdebf517837a20bcc18eb400d479be9c4850c6ce,False,NOT_APPLICABLE_STAGE_A,COMPLETE
legit_segment_4358d0d5912c4bd061702495,legit_pass_fe06729ee74cec8ff2f63574,60265,STARLINK-32120,2026-06,CONFIRMATORY,controlled_example_station,52.21,5.16,14.0,11325000000.0,10.0,2026-06-04T13:44:26Z,2026-06-04T13:51:53Z,447.0,76.77182789395238,SETTING_75_PERCENT,0.7494407158836689,2026-06-04T13:50:01Z,2026-06-04T13:49:31Z,2026-06-04T13:50:31Z,1.0,61,21.367479171862083,28.39542337987169,37.14836747520085,327096411,2026-06-04T02:24:59.435424Z,2026-06-04T12:20:25Z,11.417101271111111,1.4933333333333334,9-12 h,data/orbit_uncertainty_stage1/raw/spacetrack_gp/spacetrack_gp_history_20260529_20260701_20sat_omm.json,1F5A8BA23D1C8AE605C4142F44E424711D1D85014DB46C28BBC18C3ABC326A96,2026-06-04T14:45:41.999962Z,0.928055545,data/orbit_uncertainty_stage1/june/sat000060265.csv,310CEC01430FB37300D0520AC911958B04898B003A2B2906A630DA9E075D20EF,39,False,SELECTED_FROZEN,6221.744812793419,6593.031591274169,10156.783416748047,10714.407629013062,-7411.544818878174,6221.744812793418,6221.744812793418,-121.94709041379618,121.94709041379618,384.6014317398046,384.6014317398046,2651551999.375891,9023013.93907476,0.0034029179669863353,0.9965970820330137,FINITE_NONZERO,0.9689113920526154,1.3787398787871297,43.50986201605088,0.9872016607275856,True,23.18249974114732,30.95912125332794,40.73213736189939,cc2b5bc48c07d94ef0d53608e17a97909a77ae03209587b86e3e4307907f9ae2,False,NOT_APPLICABLE_STAGE_A,COMPLETE
legit_segment_4372bf6581ab4378fa4b0466,legit_pass_9c28e7c4f9d8a7e3774e19d2,47383,STARLINK-2103,2026-06,CONFIRMATORY,controlled_example_station,52.21,5.16,14.0,11325000000.0,10.0,2026-06-06T11:54:33Z,2026-06-06T12:01:43Z,430.0,58.74605582349162,PEAK,0.5023255813953489,2026-06-06T11:58:09Z,2026-06-06T11:57:39Z,2026-06-06T11:58:39Z,1.0,61,52.03832189905172,56.318432237223234,58.74605582349162,327472127,2026-06-06T03:41:11.436576Z,2026-06-06T10:37:48Z,8.282656506666667,1.3391666666666666,6-9 h,data/orbit_uncertainty_stage1/raw/spacetrack_gp/spacetrack_gp_history_20260529_20260701_20sat_omm.json,1F5A8BA23D1C8AE605C4142F44E424711D1D85014DB46C28BBC18C3ABC326A96,2026-06-06T10:20:42.000029Z,1.6241666586111112,data/orbit_uncertainty_stage1/june/sat000047383.csv,6A97ABED011A96AE20108B2FFAB622CC78ED39D918CC694CBFCE03E18290B2FA,58,False,SELECTED_FROZEN,2237.9965512009917,2242.9506443554487,2408.875144958496,2410.6697330474854,102.61885261535645,2237.9965512009912,2237.9965512009912,1.8685383188982998,1.8685383188982998,145.31581069429905,145.31581069429905,306880483.17388594,1288117.7751022226,0.004197457465460075,0.9958025425345399,FINITE_NONZERO,0.04875640952260607,-0.5234460635529017,8.29921070885579,0.9967382712334237,True,52.05122710950336,56.3052744416817,58.72913885630188,a433499c9eeac6f6b1f17adf9465e8a1698f09e1de430a5ae56264c2957126e2,False,NOT_APPLICABLE_STAGE_A,COMPLETE
legit_segment_43ae269cc1f996d67c3cf5ea,legit_pass_8693d2334165ef6bc4608b89,65693,STARLINK-35060,2026-06,CONFIRMATORY,controlled_example_station,52.21,5.16,14.0,11325000000.0,10.0,2026-06-04T08:27:36Z,2026-06-04T08:35:01Z,445.0,75.14560536009472,RISING_25_PERCENT,0.24943820224719102,2026-06-04T08:29:27Z,2026-06-04T08:28:57Z,2026-06-04T08:29:57Z,1.0,61,21.027340071048247,27.92735537956315,36.500574542658036,327021296,2026-06-03T21:09:00.026784Z,2026-06-04T04:32:25Z,11.340825893333333,3.9505555555555554,9-12 h,data/orbit_uncertainty_stage1/raw/spacetrack_gp/spacetrack_gp_history_20260529_20260701_20sat_omm.json,1F5A8BA23D1C8AE605C4142F44E424711D1D85014DB46C28BBC18C3ABC326A96,2026-06-04T08:22:41.999981Z,0.11250000527777779,data/orbit_uncertainty_stage1/june/sat000065693.csv,D31425DC1D7BF768E17AFC34A7D7E516943AB5AC5C7598CCE830821EDB62E3E7,36,False,SELECTED_FROZEN,546.7273386970895,577.7658192244293,883.3935623168945,931.1443328857422,635.214469909668,546.7273386970894,546.7273386970894,10.447871472456042,10.447871472456042,32.61247170540838,32.61247170540838,20362613.85370863,64877.971954899804,0.003186131820845958,0.9968138681791541,FINITE_NONZERO,0.9695273543929885,0.11687997121040183,3.764062827702704,0.9866787095653162,True,20.86100219295844,27.695137714119813,36.17870894518106,f8e4f14f1e1ab4e7ed90de28292404960b7fb11bc1f4ca59c3a83a1529edfebd,False,NOT_APPLICABLE_STAGE_A,COMPLETE
legit_segment_43c170f293f03dd384b4c3b8,legit_pass_629dba73ac6777d1a2f71d32,65693,STARLINK-35060,2026-06,CONFIRMATORY,controlled_example_station,52.21,5.16,14.0,11325000000.0,10.0,2026-06-15T03:03:09Z,2026-06-15T03:10:34Z,445.0,87.05943610341225,PEAK,0.49887640449438203,2026-06-15T03:06:51Z,2026-06-15T03:06:21Z,2026-06-15T03:07:21Z,1.0,61,65.03218891355759,76.52608578269313,87.05943610341225,329545968,2026-06-14T22:03:59.710176Z,2026-06-15T02:25:05Z,5.047580506666667,0.6961111111111111,0-6 h,data/orbit_uncertainty_stage1/raw/spacetrack_gp/spacetrack_gp_history_20260529_20260701_20sat_omm.json,1F5A8BA23D1C8AE605C4142F44E424711D1D85014DB46C28BBC18C3ABC326A96,2026-06-15T02:30:42.000019Z,0.6024999947222222,data/orbit_uncertainty_stage1/june/sat000065693.csv,D31425DC1D7BF768E17AFC34A7D7E516943AB5AC5C7598CCE830821EDB62E3E7,146,False,SELECTED_FROZEN,1069.8309784560906,1074.7528823532427,1180.007667541504,1181.3289813995361,171.43784141540527,1069.8309784560904,1069.8309784560904,3.1725449098600174,3.1725449098600174,86.22802844036565,86.22802844036565,70460719.2457228,453551.64621146285,0.006436943180068304,0.9935630568199317,FINITE_NONZERO,0.2955977255133392,-0.31010488074417397,6.933042025915415,0.9935352646160331,True,64.83384817757087,76.53116508193604,87.03317891735311,08c6e91b770f04b1d4404130b13abafa90e953cf2dea8a4a2359466e6c925a6e,False,NOT_APPLICABLE_STAGE_A,COMPLETE
legit_segment_4420457a3792536c48973dbc,legit_pass_a9460e539bbc6c4ea60963c3,65686,STARLINK-35137,2026-06,CONFIRMATORY,controlled_example_station,52.21,5.16,14.0,11325000000.0,10.0,2026-06-02T13:01:48Z,2026-06-02T13:03:01Z,73.0,10.327661533991918,PEAK,0.5068493150684932,2026-06-02T13:02:25Z,2026-06-02T13:01:55Z,2026-06-02T13:02:55Z,1.0,61,10.106739157801526,10.252168007702926,10.327661533991918,326656631,2026-06-02T06:00:02.999808Z,2026-06-02T10:48:41Z,7.039444497777778,2.2288888888888887,6-9 h,data/orbit_uncertainty_stage1/raw/spacetrack_gp/spacetrack_gp_history_20260529_20260701_20sat_omm.json,1F5A8BA23D1C8AE605C4142F44E424711D1D85014DB46C28BBC18C3ABC326A96,2026-06-02T13:43:42.000010Z,0.6880555583333334,data/orbit_uncertainty_stage1/june/sat000065686.csv,B6BC6FF15B3CA146A8A5647889EB05C3E5134E71663266D0DFF94290D3AA7A5B,18,False,SELECTED_FROZEN,211.2402121121766,211.27736361021672,214.8066806793213,214.83062171936035,-11.87415885925293,211.24021211217658,211.24021211217658,-0.20243152051549457,0.20243152051549457,1.7302657402622845,1.7302657402622845,2722925.5868191076,182.62299144744887,6.706866773424649e-05,0.9999329313322658,FINITE_NONZERO,0.8092763682810588,-0.006240411559317538,0.0481290439492737,0.9992262710404654,True,10.10109664765221,10.24394733826952,10.319429289306614,c2dbb1b3c231e0c0872a8979106e5a78c92623db95bfb1c04def3e30b3af852b,False,NOT_APPLICABLE_STAGE_A,COMPLETE
legit_segment_44adcdcfdd4f978437a957d9,legit_pass_4ae58a8c6e87b0282c39f8d3,48672,STARLINK-2705,2026-06,CONFIRMATORY,controlled_example_station,52.21,5.16,14.0,11325000000.0,10.0,2026-06-01T18:25:01Z,2026-06-01T18:32:23Z,442.0,79.61545201624905,PEAK,0.5,2026-06-01T18:28:42Z,2026-06-01T18:28:12Z,2026-06-01T18:29:12Z,1.0,61,63.28207481728826,72.77178072014743,79.61545201624905,326542936,2026-06-01T03:58:06.459456Z,2026-06-01T10:22:25Z,14.509872373333334,8.104722222222222,12-18 h,data/orbit_uncertainty_stage1/raw/spacetrack_gp/spacetrack_gp_history_20260529_20260701_20sat_omm.json,1F5A8BA23D1C8AE605C4142F44E424711D1D85014DB46C28BBC18C3ABC326A96,2026-06-01T18:30:41.999962Z,0.03333332277777778,data/orbit_uncertainty_stage1/june/sat000048672.csv,9CCC0F6B332261080A38A7EF3636C88202FADE4135B08985F943785C7A1E9415,9,False,SELECTED_FROZEN,4160.631094885654,4174.331197476059,4554.933967590332,4557.860872268677,193.49405670166016,4160.6310948856535,4160.6310948856535,3.6344199669291775,3.6344199669291775,331.8057351203415,331.8057351203415,1062927497.7195365,6715797.797383765,0.00631820873182057,0.9936817912681795,FINITE_NONZERO,0.035859518568568505,-1.1944293315321959,22.400184837814752,0.9954424081769127,True,62.7330998108448,72.79544577155484,79.65934881460409,93df072ed3cbd4b404b99f27236266a967d71b4c3354c44544a38547b54818a4,False,NOT_APPLICABLE_STAGE_A,COMPLETE
legit_segment_44aed2082fd6418e374b01d5,legit_pass_d99cfc57dbf3badc5b29233a,47844,STARLINK-2446,2026-06,CONFIRMATORY,controlled_example_station,52.21,5.16,14.0,11325000000.0,10.0,2026-06-01T06:57:34Z,2026-06-01T07:02:27Z,293.0,17.00343903304425,RISING_25_PERCENT,0.24914675767918087,2026-06-01T06:58:47Z,2026-06-01T06:58:17Z,2026-06-01T06:59:17Z,1.0,61,12.91843435796644,14.666214406635055,16.146299653026666,326474744,2026-06-01T04:54:53.155296Z,2026-06-01T06:47:07Z,2.064956862222222,0.19444444444444445,0-6 h,data/orbit_uncertainty_stage1/raw/spacetrack_gp/spacetrack_gp_history_20260529_20260701_20sat_omm.json,1F5A8BA23D1C8AE605C4142F44E424711D1D85014DB46C28BBC18C3ABC326A96,2026-06-01T06:58:42.000010Z,0.0013888861111111112,data/orbit_uncertainty_stage1/june/sat000047844.csv,FE1F3D11E12AC1E3987E760842AEC279FE294DEAF66BE25CA508FB5254D084DD,5,False,SELECTED_FROZEN,114.12649636190446,114.43171383119089,125.8525161743164,126.59325981140137,27.44527244567871,114.12649636190443,114.12649636190443,0.47303400347309743,0.47303400347309743,0.6276912320748405,0.6276912320748405,798771.6449509575,24.033773252241506,3.0088415636883452e-05,0.9999699115843631,FINITE_NONZERO,0.994352114145468,-0.002209342809953163,0.13795867220517188,0.951693464973288,False,12.903549374778413,14.651392674739842,16.13202455791592,2d3a947999b9a4a20cf7344c344218ea67f12013aa9ed4811e4a1194455eed9b,False,NOT_APPLICABLE_STAGE_A,COMPLETE
legit_segment_463df13616364017e23fb80c,legit_pass_6f8b090e8b6a2f8b73b1664a,44714,STARLINK-1008,2026-06,CONFIRMATORY,controlled_example_station,52.21,5.16,14.0,11325000000.0,10.0,2026-06-05T20:12:40Z,2026-06-05T20:19:25Z,405.0,78.8340433235779,PEAK,0.49876543209876545,2026-06-05T20:16:02Z,2026-06-05T20:15:32Z,2026-06-05T20:16:32Z,1.0,61,60.430819097466646,71.10349852305296,78.8340433235779,327305531,2026-06-05T15:15:33.356736Z,2026-06-05T20:06:26Z,5.0079564622222215,0.16,0-6 h,data/orbit_uncertainty_stage1/raw/spacetrack_gp/spacetrack_gp_history_20260529_20260701_20sat_omm.json,1F5A8BA23D1C8AE605C4142F44E424711D1D85014DB46C28BBC18C3ABC326A96,2026-06-05T20:16:42.000038Z,0.011111121666666668,data/orbit_uncertainty_stage1/june/sat000044714.csv,F91F0DA10678FA8B4BBDEBC15B9D96435ECFD92205FFA13417B9E47754646E40,51,False,SELECTED_FROZEN,193.0104802553771,195.28959590835512,222.4581241607666,222.649658203125,-68.93547248840332,193.01048025537705,193.01048025537705,-1.291181595901659,1.291181595901659,19.187608199638287,19.187608199638287,2326419.6024729665,22458.022813792413,0.009653470418629427,0.9903465295813706,FINITE_NONZERO,0.5839860977074816,-0.06870003906003341,2.367857624971214,0.9847710666029714,True,60.38593586115893,71.09603127473768,78.82674669270642,f5624dc1157ed15518b6833fc46bca785897a0889716562c0f985b031af3a549,False,NOT_APPLICABLE_STAGE_A,COMPLETE
legit_segment_4686c37ff76d19ca01c80aff,legit_pass_75d9a3f0035ab98629c3a32f,48309,STARLINK-2517,2026-06,CONFIRMATORY,controlled_example_station,52.21,5.16,14.0,11325000000.0,10.0,2026-06-06T15:40:51Z,2026-06-06T15:48:17Z,446.0,82.31522089725505,RISING_25_PERCENT,0.25112107623318386,2026-06-06T15:42:43Z,2026-06-06T15:42:13Z,2026-06-06T15:43:13Z,1.0,61,21.337717887294986,28.438259938748203,37.331964706366435,327472821,2026-06-05T20:30:36.931104Z,2026-06-06T10:37:48Z,19.201685804444445,5.081944444444445,18-24 h,data/orbit_uncertainty_stage1/raw/spacetrack_gp/spacetrack_gp_history_20260529_20260701_20sat_omm.json,1F5A8BA23D1C8AE605C4142F44E424711D1D85014DB46C28BBC18C3ABC326A96,2026-06-06T16:11:42.000029Z,0.4830555636111111,data/orbit_uncertainty_stage1/june/sat000048309.csv,79D62147447BEB30EC557417B61811EF138EF8094DC33D3F68D9F90E474F7689,58,False,SELECTED_FROZEN,-156.8472065222068,165.2482049221839,251.0365390777588,264.57320404052734,-177.00873374938965,-156.84720652220676,156.84720652220676,-2.9060330120108873,2.9060330120108873,9.378933705182327,9.378933705182327,1665725.123030249,5365.828244218511,0.0032213167527047433,0.9967786832472952,FINITE_NONZERO,0.9674919070979023,-0.03359793941785938,1.118295539882152,0.9857830559768784,True,21.39157923741967,28.512408676647276,37.43428854537442,c278b0b389500f629ee5dbf855070e91a369fcff6dd0faabf4cfa1059f8a594e,False,NOT_APPLICABLE_STAGE_A,COMPLETE
legit_segment_495ad623bd40874c8857409b,legit_pass_3d91a45c6d2ad81a590c698c,45230,STARLINK-1227,2026-06,CONFIRMATORY,controlled_example_station,52.21,5.16,14.0,11325000000.0,10.0,2026-06-19T03:09:08Z,2026-06-19T03:16:02Z,414.0,80.12878703008744,PEAK,0.5,2026-06-19T03:12:35Z,2026-06-19T03:12:05Z,2026-06-19T03:13:05Z,1.0,61,61.39903423941307,72.20127690112288,80.12878703008744,330569697,2026-06-18T22:11:35.795040Z,2026-06-19T02:57:24Z,5.016445822222222,0.25305555555555553,0-6 h,data/orbit_uncertainty_stage1/raw/spacetrack_gp/spacetrack_gp_history_20260529_20260701_20sat_omm.json,1F5A8BA23D1C8AE605C4142F44E424711D1D85014DB46C28BBC18C3ABC326A96,2026-06-19T03:08:42.000029Z,0.06472221416666667,data/orbit_uncertainty_stage1/june/sat000045230.csv,A086445B48BCEA5D6D786487B3F9BAAB43C341130589A86BCBB60E49241950E8,186,False,SELECTED_FROZEN,-530.9198329800465,533.39816932004,590.6952285766602,591.562349319458,37.20793342590332,-530.9198329800464,530.9198329800464,0.7116444964436619,0.7116444964436619,49.80705007045474,49.80705007045474,17355330.02907217,151325.27643996794,0.008719239345289358,0.9912807606547106,FINITE_NONZERO,0.0595190829171508,0.1791420375716114,3.9381462445962883,0.9937482437255034,True,61.30517824601903,72.2058406690111,80.14053236385095,50f7318ed64e69707e222edc4814ad5fa3985590371a764c5ccd2e202aac7d5c,False,NOT_APPLICABLE_STAGE_A,COMPLETE
legit_segment_49c127575565e72063a3d7a1,legit_pass_91c6ad89619405a7e11ae5cd,65407,STARLINK-35035,2026-06,CONFIRMATORY,controlled_example_station,52.21,5.16,14.0,11325000000.0,10.0,2026-06-04T21:27:36Z,2026-06-04T21:31:30Z,234.0,13.851442814298519,PEAK,0.5,2026-06-04T21:29:33Z,2026-06-04T21:29:03Z,2026-06-04T21:30:03Z,1.0,61,13.54365246349265,13.747330125496461,13.851442814298519,326941520,2026-06-03T10:45:04.315104Z,2026-06-03T21:59:02Z,34.74130136,23.50861111111111,24-36 h,data/orbit_uncertainty_stage1/raw/spacetrack_gp/spacetrack_gp_history_20260529_20260701_20sat_omm.json,1F5A8BA23D1C8AE605C4142F44E424711D1D85014DB46C28BBC18C3ABC326A96,2026-06-04T21:17:42.000029Z,0.19749999194444443,data/orbit_uncertainty_stage1/june/sat000065407.csv,1D5D20428BDA125132468A3B81A5A0011425555B1C761A0A7A4BD8F31D76DA01,41,False,SELECTED_FROZEN,2551.6303639021075,2551.767500305741,2581.0793132781982,2581.437246322632,-10.196226119995117,2551.6303639021075,2551.6303639021075,-0.17474484183938907,0.17474484183938907,26.275379043632295,26.275379043632295,397202559.9126132,42114.12817707962,0.00010602682970206678,0.9998939731702979,FINITE_NONZERO,0.013525652964188506,-0.0947790366432804,0.578270056822903,0.9995156453983821,True,13.530175929841109,13.757837990117084,13.862775282576976,e573fcde67c5db2ba23e4386beec0a46168e135c5ab9be87ffbff16fdf2cf1ae,False,NOT_APPLICABLE_STAGE_A,COMPLETE
legit_segment_4a260fdc7a96c5415ec6d515,legit_pass_7204933a2cc2b1148e41d8ef,65409,STARLINK-35022,2026-06,CONFIRMATORY,controlled_example_station,52.21,5.16,14.0,11325000000.0,10.0,2026-06-01T03:03:47Z,2026-06-01T03:11:09Z,442.0,77.69955108794602,SETTING_75_PERCENT,0.751131221719457,2026-06-01T03:09:19Z,2026-06-01T03:08:49Z,2026-06-01T03:09:49Z,1.0,61,20.999580557499254,27.99289278877043,36.72746940027439,326441202,2026-05-31T20:00:01.999008Z,2026-06-01T00:06:54Z,7.154722497777778,3.040277777777778,6-9 h,data/orbit_uncertainty_stage1/raw/spacetrack_gp/spacetrack_gp_history_20260529_20260701_20sat_omm.json,1F5A8BA23D1C8AE605C4142F44E424711D1D85014DB46C28BBC18C3ABC326A96,2026-06-01T03:17:42.000029Z,0.13972223027777778,data/orbit_uncertainty_stage1/june/sat000065409.csv,C82A923C1B14CF8F30B1B5DDBB30C6CB9AE3A8DB51A9A3F182BEC8348A9F0DF5,3,False,SELECTED_FROZEN,28.31776747156362,29.616788119122095,43.835737228393555,45.99184799194336,-29.46339988708496,28.31776747156362,28.31776747156362,-0.48590387660066425,0.48590387660066425,1.4374925939995464,1.4374925939995464,53506.40244807127,126.04948242601624,0.0023557831709644294,0.9976442168290356,FINITE_NONZERO,0.9725427209349629,0.005155051312634773,0.15805336400710587,0.9879108363716913,True,21.00729846149772,28.003670206714805,36.74234819325091,04d671d0a095486a242ae808d693542cb20b1ec9ef38dc672106660d588a744f,False,NOT_APPLICABLE_STAGE_A,COMPLETE
legit_segment_4a49a6d57304dd243dd6a8d9,legit_pass_815da39796694753bb8df6b4,45230,STARLINK-1227,2026-06,CONFIRMATORY,controlled_example_station,52.21,5.16,14.0,11325000000.0,10.0,2026-06-01T09:37:10Z,2026-06-01T09:44:09Z,419.0,87.76526967726589,SETTING_75_PERCENT,0.7494033412887828,2026-06-01T09:42:24Z,2026-06-01T09:41:54Z,2026-06-01T09:42:54Z,1.0,61,20.68921627159767,28.117331504731318,37.62284058460921,326471307,2026-05-31T19:20:28.438944Z,2026-06-01T06:47:07Z,14.365433626666666,2.921388888888889,12-18 h,data/orbit_uncertainty_stage1/raw/spacetrack_gp/spacetrack_gp_history_20260529_20260701_20sat_omm.json,1F5A8BA23D1C8AE605C4142F44E424711D1D85014DB46C28BBC18C3ABC326A96,2026-06-01T07:53:41.999971Z,1.811666674722222,data/orbit_uncertainty_stage1/june/sat000045230.csv,A086445B48BCEA5D6D786487B3F9BAAB43C341130589A86BCBB60E49241950E8,5,False,SELECTED_FROZEN,-94.4258870609471,102.98589044397829,170.31717681884766,181.85633850097656,140.48548889160156,-94.42588706094706,94.42588706094706,2.2858791490511443,2.2858791490511443,8.367795601689993,8.367795601689993,646971.7114628851,4271.220197131406,0.006601865462515564,0.9933981345374845,FINITE_NONZERO,0.958564256954878,-0.029902701043690527,1.153921428229398,0.9809835104102813,True,20.658092866423637,28.07053241851835,37.553111997264274,114d00c727f71e56b7bcef16308601b3872de1badd74c8ec5da85b026480dabb,False,NOT_APPLICABLE_STAGE_A,COMPLETE
legit_segment_4a5cbe74c0d08f5693657ce4,legit_pass_29fa69ebaf365610d85ab856,65407,STARLINK-35035,2026-06,CONFIRMATORY,controlled_example_station,52.21,5.16,14.0,11325000000.0,10.0,2026-06-05T20:58:35Z,2026-06-05T21:01:42Z,187.0,12.291176970530682,RISING_25_PERCENT,0.25133689839572193,2026-06-05T20:59:22Z,2026-06-05T20:58:52Z,2026-06-05T20:59:52Z,1.0,61,10.723099158797156,11.610580658308479,12.214213903228423,327358352,2026-06-05T17:36:53.745696Z,2026-06-05T20:26:19Z,3.3745150844444445,0.5508333333333333,0-6 h,data/orbit_uncertainty_stage1/raw/spacetrack_gp/spacetrack_gp_history_20260529_20260701_20sat_omm.json,1F5A8BA23D1C8AE605C4142F44E424711D1D85014DB46C28BBC18C3ABC326A96,2026-06-05T21:16:41.999981Z,0.2888888836111111,data/orbit_uncertainty_stage1/june/sat000065407.csv,1D5D20428BDA125132468A3B81A5A0011425555B1C761A0A7A4BD8F31D76DA01,51,False,SELECTED_FROZEN,764.8294256554275,766.1200504859258,824.2122497558594,827.3669662475586,146.12271690368652,764.8294256554273,764.8294256554273,2.507224881995741,2.507224881995741,5.2121645587711125,5.2121645587711125,35803335.83715001,1657.1662226502895,4.628524644150035e-05,0.9999537147535585,FINITE_NONZERO,0.9862508654235493,-0.018681984398135842,0.5965791960526977,0.9868991349991344,True,10.719320905078016,11.615783676976331,12.229617582307123,1e0e3d8827923d40db9b8922eaeda443c87778a531bb7c2f2d05a29a35448424,False,NOT_APPLICABLE_STAGE_A,COMPLETE
legit_segment_4a935a6777ef574b844b2a61,legit_pass_a21f60cc589d2ecc0bfee271,65407,STARLINK-35035,2026-06,CONFIRMATORY,controlled_example_station,52.21,5.16,14.0,11325000000.0,10.0,2026-06-01T02:38:58Z,2026-06-01T02:46:23Z,445.0,74.6944684719625,PEAK,0.501123595505618,2026-06-01T02:42:41Z,2026-06-01T02:42:11Z,2026-06-01T02:43:11Z,1.0,61,61.55186836837976,69.5210470458171,74.6944684719625,326441198,2026-05-31T13:46:41.763072Z,2026-06-01T00:06:54Z,12.933121368888889,2.596388888888889,12-18 h,data/orbit_uncertainty_stage1/raw/spacetrack_gp/spacetrack_gp_history_20260529_20260701_20sat_omm.json,1F5A8BA23D1C8AE605C4142F44E424711D1D85014DB46C28BBC18C3ABC326A96,2026-06-01T04:11:42.000029Z,1.4836111191666665,data/orbit_uncertainty_stage1/june/sat000065407.csv,1D5D20428BDA125132468A3B81A5A0011425555B1C761A0A7A4BD8F31D76DA01,3,False,SELECTED_FROZEN,4377.553189355819,4390.056444812052,4764.37055015564,4769.909126281738,-1.2089996337890625,4377.553189355818,4377.553189355818,0.02162616120514486,0.02162616120514486,331.09442461685575,331.09442461685575,1175628330.906786,6687034.598754372,0.0056880515916084865,0.9943119484083915,FINITE_NONZERO,1.322562657168902e-06,-1.1922317992958964,20.811842173371062,0.9960489064527154,True,61.198502607987784,69.51036261179696,74.6939881040893,e8e32a8b10edfe4799db4888dac079a77b916dadbb9ff245c46abe56782aa8c7,False,NOT_APPLICABLE_STAGE_A,COMPLETE
legit_segment_4b96b91157de43d119ae192a,legit_pass_b4919c797d330207eea415d0,65409,STARLINK-35022,2026-06,CONFIRMATORY,controlled_example_station,52.21,5.16,14.0,11325000000.0,10.0,2026-06-02T00:54:55Z,2026-06-02T01:02:17Z,442.0,82.09176422696753,PEAK,0.5,2026-06-02T00:58:36Z,2026-06-02T00:58:06Z,2026-06-02T00:59:06Z,1.0,61,63.93751001549509,74.21508157083896,82.09176422696753,326554235,2026-06-01T04:16:47.216928Z,2026-06-01T10:22:25Z,20.69688418666667,14.603055555555555,18-24 h,data/orbit_uncertainty_stage1/raw/spacetrack_gp/spacetrack_gp_history_20260529_20260701_20sat_omm.json,1F5A8BA23D1C8AE605C4142F44E424711D1D85014DB46C28BBC18C3ABC326A96,2026-06-02T00:24:42.000019Z,0.5649999947222222,data/orbit_uncertainty_stage1/june/sat000065409.csv,C82A923C1B14CF8F30B1B5DDBB30C6CB9AE3A8DB51A9A3F182BEC8348A9F0DF5,11,False,SELECTED_FROZEN,3136.927978859573,3147.4333894586975,3436.895793914795,3440.387628555298,122.11282920837402,3136.9279788595727,3136.9279788595727,2.2845066775599787,2.2845066775599787,253.77532502573462,253.77532502573462,604286553.4058474,3928516.851106952,0.006501082688279685,0.9934989173117204,FINITE_NONZERO,0.02450599699849232,-0.9135310567964146,17.155154475582012,0.9954302706312975,True,63.552814195196845,74.21492313162076,82.08938120468432,f6236d035bdd372d31ec16d7aaae862ed1c128f4a717fcf960ac84d5f4028850,False,NOT_APPLICABLE_STAGE_A,COMPLETE
legit_segment_4bafd6bb73f4eb908d8aec02,legit_pass_5868449e49b2dab9c3ada51a,65686,STARLINK-35137,2026-06,CONFIRMATORY,controlled_example_station,52.21,5.16,14.0,11325000000.0,10.0,2026-06-01T07:01:48Z,2026-06-01T07:08:42Z,414.0,41.49041409712999,RISING_25_PERCENT,0.25120772946859904,2026-06-01T07:03:32Z,2026-06-01T07:03:02Z,2026-06-01T07:04:02Z,1.0,61,19.13891363749649,24.373736787839405,30.217357810523225,326446506,2026-06-01T04:00:03.000096Z,2026-06-01T06:47:07Z,3.058055528888889,0.27361111111111114,0-6 h,data/orbit_uncertainty_stage1/raw/spacetrack_gp/spacetrack_gp_history_20260529_20260701_20sat_omm.json,1F5A8BA23D1C8AE605C4142F44E424711D1D85014DB46C28BBC18C3ABC326A96,2026-06-01T07:49:42.000038Z,0.769444455,data/orbit_uncertainty_stage1/june/sat000065686.csv,B6BC6FF15B3CA146A8A5647889EB05C3E5134E71663266D0DFF94290D3AA7A5B,5,False,SELECTED_FROZEN,-145.3338041461882,149.56738029606618,205.48532485961914,212.60968017578125,-118.5067253112793,-145.33380414618816,145.33380414618816,-1.9941046432866307,1.9941046432866307,3.973171180371161,3.973171180371161,1364594.476166313,962.9514429404499,0.0007056685775584863,0.9992943314224415,FINITE_NONZERO,0.98735582026857,-0.014316752875966232,0.20186348728167164,0.9974186850899165,True,19.165242613289006,24.404620984071855,30.25212850930518,0a120313084f55a1c3497556eb2987a1ec15f4ffb74d925257be9901d79a44a6,False,NOT_APPLICABLE_STAGE_A,COMPLETE
legit_segment_4bf0e34648a244cfa472acdd,legit_pass_5ec3b129c4f788a1e61f19a8,58380,STARLINK-30915,2026-06,CONFIRMATORY,controlled_example_station,52.21,5.16,14.0,11325000000.0,10.0,2026-06-09T01:22:58Z,2026-06-09T01:30:16Z,438.0,83.93810406277022,SETTING_75_PERCENT,0.7511415525114156,2026-06-09T01:28:27Z,2026-06-09T01:27:57Z,2026-06-09T01:28:57Z,1.0,61,21.025461286694203,28.15234728252755,37.122012364939245,328153995,2026-06-08T20:00:03.000384Z,2026-06-08T23:46:52Z,5.473333226666667,1.6930555555555555,0-6 h,data/orbit_uncertainty_stage1/raw/spacetrack_gp/spacetrack_gp_history_20260529_20260701_20sat_omm.json,1F5A8BA23D1C8AE605C4142F44E424711D1D85014DB46C28BBC18C3ABC326A96,2026-06-09T02:08:42Z,0.6708333333333333,data/orbit_uncertainty_stage1/june/sat000058380.csv,3EDD695EBC2FD369BB6D3F364CEB1C354CEB8FF41D75D9C0E85CB4203365E2E7,81,False,SELECTED_FROZEN,67.14484468053598,70.827946788273,107.85622787475586,113.67127418518066,-76.70257186889648,67.14484468053597,67.14484468053597,-1.260127472335356,1.260127472335356,3.989021514544356,3.989021514544356,306012.4808207883,970.6498512533626,0.003171928963975196,0.9968280710360248,FINITE_NONZERO,0.968686937331328,0.014290789149494332,0.47329641551696644,0.9859222362257932,True,21.04598671902041,28.181184465852372,37.16233236123221,2f45593649bdc77eb5a1e153ba6263b29474570b5e1b4e02bf0b7134cb4f0e12,False,NOT_APPLICABLE_STAGE_A,COMPLETE
legit_segment_4c2f68a651e4c0c3e5f2d064,legit_pass_1871fd1399b657e473591c05,48458,STARLINK-2698,2026-06,CONFIRMATORY,controlled_example_station,52.21,5.16,14.0,11325000000.0,10.0,2026-06-01T00:11:55Z,2026-06-01T00:19:17Z,442.0,87.34596802503475,RISING_25_PERCENT,0.251131221719457,2026-06-01T00:13:46Z,2026-06-01T00:13:16Z,2026-06-01T00:14:16Z,1.0,61,21.25256745318108,28.406792224797897,37.404863914367375,326329302,2026-05-31T06:35:49.627680Z,2026-05-31T16:16:51Z,17.632325644444446,7.948611111111111,12-18 h,data/orbit_uncertainty_stage1/raw/spacetrack_gp/spacetrack_gp_history_20260529_20260701_20sat_omm.json,1F5A8BA23D1C8AE605C4142F44E424711D1D85014DB46C28BBC18C3ABC326A96,2026-06-01T02:58:41.999981Z,2.7488888836111114,data/orbit_uncertainty_stage1/june/sat000048458.csv,091BB60895838155D6E08F3AB53CB4B529B9EB7F826CA2A0FB9BFADE0198C1C6,2,False,SELECTED_FROZEN,525.3297743875472,553.6625813751374,841.192081451416,886.3449077606201,594.92165184021,525.3297743875472,525.3297743875472,9.773125510314102,9.773125510314102,31.00883200638401,31.00883200638401,18699077.49491382,58654.40740640888,0.0031367540683417657,0.9968632459316582,FINITE_NONZERO,0.9685469441979179,0.11109005669075245,3.679221516709873,0.985921996903168,True,21.08522460703444,28.173907869766,37.08122748135417,b854c797c86bc4ba97aa2c672e8ddca1d94f18f8275a3674527735f77f1ce3fe,False,NOT_APPLICABLE_STAGE_A,COMPLETE
legit_segment_4c3a490d1dd09698a9e90e16,legit_pass_cc79f6121be0feb737d4e52e,48111,STARLINK-2448,2026-06,CONFIRMATORY,controlled_example_station,52.21,5.16,14.0,11325000000.0,10.0,2026-06-21T10:29:16Z,2026-06-21T10:34:58Z,342.0,23.930456547111596,SETTING_75_PERCENT,0.7514619883040936,2026-06-21T10:33:33Z,2026-06-21T10:33:03Z,2026-06-21T10:34:03Z,1.0,61,15.28751689892085,18.311211500119676,21.198342863006644,330888880,2026-06-20T07:48:59.080320Z,2026-06-20T16:06:57Z,26.74275546666667,18.44333333333333,24-36 h,data/orbit_uncertainty_stage1/raw/spacetrack_gp/spacetrack_gp_history_20260529_20260701_20sat_omm.json,1F5A8BA23D1C8AE605C4142F44E424711D1D85014DB46C28BBC18C3ABC326A96,2026-06-21T10:29:42.000029Z,0.06416665861111111,data/orbit_uncertainty_stage1/june/sat000048111.csv,63E98DFF9634CD904EDA2CF3528E739282097399B04E926A453B20B62792D5D5,213,False,SELECTED_FROZEN,-404.345275159742,412.29611969921893,533.3909225463867,546.1084213256836,267.79041290283203,-404.34527515974196,404.34527515974196,4.570802195774446,4.570802195774446,4.049275741082653,4.049275741082653,10369273.509460993,1000.1946756665487,9.645754591717197e-05,0.9999035424540829,FINITE_NONZERO,0.9974747170223998,-0.0143313677922281,0.7868486174156029,0.9622403753296417,True,15.255876611528485,18.280206182855082,21.1714019605633,a24840256162cd22500c74ede491f72b74e670723e875f8625933dd373a91b78,False,NOT_APPLICABLE_STAGE_A,COMPLETE
legit_segment_4c7c974ec961a7be918e9a72,legit_pass_46adb5c4e842cc698e919b75,47383,STARLINK-2103,2026-06,CONFIRMATORY,controlled_example_station,52.21,5.16,14.0,11325000000.0,10.0,2026-06-01T09:46:32Z,2026-06-01T09:53:37Z,425.0,50.31862709255336,RISING_25_PERCENT,0.24941176470588236,2026-06-01T09:48:18Z,2026-06-01T09:47:48Z,2026-06-01T09:48:48Z,1.0,61,19.92702872199678,25.889210748893607,32.865755301714096,326474416,2026-05-31T22:34:37.492608Z,2026-06-01T06:47:07Z,11.22791872,3.019722222222222,9-12 h,data/orbit_uncertainty_stage1/raw/spacetrack_gp/spacetrack_gp_history_20260529_20260701_20sat_omm.json,1F5A8BA23D1C8AE605C4142F44E424711D1D85014DB46C28BBC18C3ABC326A96,2026-06-01T07:58:42.000038Z,1.8266666561111111,data/orbit_uncertainty_stage1/june/sat000047383.csv,6A97ABED011A96AE20108B2FFAB622CC78ED39D918CC694CBFCE03E18290B2FA,6,False,SELECTED_FROZEN,-1530.8512866536125,1605.532574623906,2381.7729873657227,2492.972101211548,-1633.6222839355469,-1530.851286653612,1530.851286653612,-27.186853146162203,27.186853146162203,71.41737388226959,71.41737388226959,157241825.73888654,311126.9188266328,0.0019786524187482123,0.9980213475812518,FINITE_NONZERO,0.9782245698233949,-0.25683194980415536,5.7725566886953885,0.993466759283182,True,20.229396416658386,26.28160106680459,33.35787955803014,789fbb863f98f9a69b79b3b4e618d898eef344b25f19764282f062747f6f4088,False,NOT_APPLICABLE_STAGE_A,COMPLETE
legit_segment_4c89225ca4e05d07ff595f64,legit_pass_e79ffaeb3d7df3b1d46ec9d8,47844,STARLINK-2446,2026-06,CONFIRMATORY,controlled_example_station,52.21,5.16,14.0,11325000000.0,10.0,2026-06-02T23:25:07Z,2026-06-02T23:30:28Z,321.0,19.297120154490365,PEAK,0.4984423676012461,2026-06-02T23:27:47Z,2026-06-02T23:27:17Z,2026-06-02T23:28:17Z,1.0,61,18.77593421871192,19.121503326266904,19.297120154490365,326715966,2026-06-02T07:32:11.363424Z,2026-06-02T22:26:32Z,15.926565715555554,1.0208333333333333,12-18 h,data/orbit_uncertainty_stage1/raw/spacetrack_gp/spacetrack_gp_history_20260529_20260701_20sat_omm.json,1F5A8BA23D1C8AE605C4142F44E424711D1D85014DB46C28BBC18C3ABC326A96,2026-06-03T00:27:41.999990Z,0.9986111083333333,data/orbit_uncertainty_stage1/june/sat000047844.csv,FE1F3D11E12AC1E3987E760842AEC279FE294DEAF66BE25CA508FB5254D084DD,23,False,SELECTED_FROZEN,4628.863684169582,4629.390176170518,4707.179239273071,4708.112512588501,1.8891983032226562,4628.863684169581,4628.863684169581,0.041547495268563016,0.041547495268563016,69.81304663066827,69.81304663066827,1307306457.5966704,297305.5502712076,0.00022741840564129774,0.9997725815943587,FINITE_NONZERO,0.00010978184510979094,-0.25181135520191295,1.706486876201163,0.999402507135116,True,18.686319332465224,19.127995340300032,19.310075138572927,41cdbac9e26d67b824e32dceeb4ed84c0377cf3bb2674ac8cbb0a3118dbdb53c,False,NOT_APPLICABLE_STAGE_A,COMPLETE
legit_segment_4c958ba64dc3f59e764cab37,legit_pass_87d580dc27f9533db49e427b,65410,STARLINK-35024,2026-06,CONFIRMATORY,controlled_example_station,52.21,5.16,14.0,11325000000.0,10.0,2026-06-01T04:48:39Z,2026-06-01T04:55:43Z,424.0,46.295575122118215,SETTING_75_PERCENT,0.75,2026-06-01T04:53:57Z,2026-06-01T04:53:27Z,2026-06-01T04:54:27Z,1.0,61,19.655447569348183,25.281400156437495,31.728923237792447,326441204,2026-05-31T20:00:01.999008Z,2026-06-01T00:06:54Z,8.898611386666667,4.784166666666667,6-9 h,data/orbit_uncertainty_stage1/raw/spacetrack_gp/spacetrack_gp_history_20260529_20260701_20sat_omm.json,1F5A8BA23D1C8AE605C4142F44E424711D1D85014DB46C28BBC18C3ABC326A96,2026-06-01T05:44:42Z,0.8458333333333333,data/orbit_uncertainty_stage1/june/sat000065410.csv,480E0881CFF425F783D504E2B784746BB847F6C9A822B6001FD1AFCD7FF9CBC4,4,False,SELECTED_FROZEN,118.10085881342653,123.9085083660988,183.56392288208008,191.9422721862793,-126.35610580444336,118.10085881342651,118.10085881342651,-2.1083313585399397,2.1083313585399397,5.247537198322842,5.247537198322842,936552.425176206,1679.7354455146983,0.0017935306133008704,0.9982064693866991,FINITE_NONZERO,0.9804080134692528,0.018883050979640714,0.3816831362615982,0.994709522246122,True,19.675086661662274,25.306844876671892,31.760408713947697,46d3aa8556a71d7ff40068cac3617ab08d676f21ad70106b5bf97f5ff491b1e6,False,NOT_APPLICABLE_STAGE_A,COMPLETE
legit_segment_4cd45d814cea991087d458d8,legit_pass_97f2749f616f7d78a64803e7,44714,STARLINK-1008,2026-06,CONFIRMATORY,controlled_example_station,52.21,5.16,14.0,11325000000.0,10.0,2026-06-05T23:26:18Z,2026-06-05T23:32:23Z,365.0,31.823749437680725,SETTING_75_PERCENT,0.7506849315068493,2026-06-05T23:30:52Z,2026-06-05T23:30:22Z,2026-06-05T23:31:22Z,1.0,61,17.02604011335711,21.383963976957446,25.954763692140098,327305531,2026-06-05T15:15:33.356736Z,2026-06-05T20:06:26Z,8.255178684444443,3.4072222222222224,6-9 h,data/orbit_uncertainty_stage1/raw/spacetrack_gp/spacetrack_gp_history_20260529_20260701_20sat_omm.json,1F5A8BA23D1C8AE605C4142F44E424711D1D85014DB46C28BBC18C3ABC326A96,2026-06-05T23:21:42.000019Z,0.15277777250000002,data/orbit_uncertainty_stage1/june/sat000044714.csv,F91F0DA10678FA8B4BBDEBC15B9D96435ECFD92205FFA13417B9E47754646E40,53,False,SELECTED_FROZEN,238.78174322159563,247.4752456399861,348.2149200439453,360.63354110717773,-217.18421936035156,238.78174322159555,238.78174322159555,-3.673586147213539,3.673586147213539,6.614635478820424,6.614635478820424,3735883.829478859,2668.957553577864,0.000714411281346019,0.999285588718654,FINITE_NONZERO,0.9896497415065171,0.023830629217902022,0.3585326603347586,0.9970620417812122,True,17.05222063405577,21.41308725030026,25.98438860427551,bd63d015e1aad7bec4f99db9596ce6863daf9db93908090fb2c26f9f5534ff01,False,NOT_APPLICABLE_STAGE_A,COMPLETE
legit_segment_4cea658586d4d5fbe8a32f28,legit_pass_d68c68535e2502e5f9fd44fa,58380,STARLINK-30915,2026-06,CONFIRMATORY,controlled_example_station,52.21,5.16,14.0,11325000000.0,10.0,2026-06-08T05:11:07Z,2026-06-08T05:17:53Z,406.0,34.98145220451099,RISING_25_PERCENT,0.2512315270935961,2026-06-08T05:12:49Z,2026-06-08T05:12:19Z,2026-06-08T05:13:19Z,1.0,61,18.254066541191868,22.681622150932085,27.390379190898937,327914222,2026-06-07T17:46:56.152416Z,2026-06-08T00:36:35Z,11.431346551111112,4.603888888888889,9-12 h,data/orbit_uncertainty_stage1/raw/spacetrack_gp/spacetrack_gp_history_20260529_20260701_20sat_omm.json,1F5A8BA23D1C8AE605C4142F44E424711D1D85014DB46C28BBC18C3ABC326A96,2026-06-08T04:58:42.000038Z,0.2352777672222222,data/orbit_uncertainty_stage1/june/sat000058380.csv,3EDD695EBC2FD369BB6D3F364CEB1C354CEB8FF41D75D9C0E85CB4203365E2E7,73,False,SELECTED_FROZEN,3579.939185408295,3645.5065389811352,4716.436758041382,4839.459852218628,2298.232484817505,3579.9391854082946,3579.9391854082946,38.96664983587,38.96664983587,55.22152396215324,55.22152396215324,810672793.4710071,186014.41923086252,0.00022945684217971123,0.9997705431578203,FINITE_NONZERO,0.9935632820759392,0.19867187845518686,4.1678130043280195,0.9943036105267371,True,17.555189031781165,21.900955531105257,26.549864210151863,3a67339d6e0f5b138dbabeda6d86017f3e214db65885e3569e8986471469e10f,False,NOT_APPLICABLE_STAGE_A,COMPLETE
legit_segment_4d05ac844cca34818dee8f66,legit_pass_b8ee228a05c57c38a4d1c786,48672,STARLINK-2705,2026-06,CONFIRMATORY,controlled_example_station,52.21,5.16,14.0,11325000000.0,10.0,2026-06-23T11:57:58Z,2026-06-23T12:04:59Z,421.0,43.55778000210687,SETTING_75_PERCENT,0.7505938242280285,2026-06-23T12:03:14Z,2026-06-23T12:02:44Z,2026-06-23T12:03:44Z,1.0,61,19.29628275478234,24.661499929882268,30.721326900696965,330964105,2026-06-22T10:29:15.332928Z,2026-06-23T03:40:42Z,25.56629640888889,8.375555555555556,24-36 h,data/orbit_uncertainty_stage1/raw/spacetrack_gp/spacetrack_gp_history_20260529_20260701_20sat_omm.json,1F5A8BA23D1C8AE605C4142F44E424711D1D85014DB46C28BBC18C3ABC326A96,2026-06-23T13:38:42.000029Z,1.5911111191666667,data/orbit_uncertainty_stage1/june/sat000048672.csv,9CCC0F6B332261080A38A7EF3636C88202FADE4135B08985F943785C7A1E9415,234,False,SELECTED_FROZEN,631.694649399304,657.0046554332307,943.6002426147461,982.2214508056641,-607.4076290130615,631.6946493993039,631.6946493993039,-10.173281245582139,10.173281245582139,23.094052864266487,23.094052864266487,26330962.15291723,32533.451939549643,0.0012355587976850756,0.9987644412023149,FINITE_NONZERO,0.9836485425605319,0.08316618772372841,1.4194236468384902,0.9962223322299207,True,19.40138006944723,24.790502480532993,30.872846166000887,29cd7d47cb8f2e2212178e7521cd09040dbb60a836fc475c6eb3bb892c284096,False,NOT_APPLICABLE_STAGE_A,COMPLETE
legit_segment_4d3b211b5ccbe09e346b01cf,legit_pass_d35c2cee8b8ed33010473fd0,47749,STARLINK-2163,2026-06,CONFIRMATORY,controlled_example_station,52.21,5.16,14.0,11325000000.0,10.0,2026-06-01T00:34:30Z,2026-06-01T00:40:16Z,346.0,81.71047543065858,RISING_25_PERCENT,0.2514450867052023,2026-06-01T00:35:57Z,2026-06-01T00:35:27Z,2026-06-01T00:36:27Z,1.0,61,18.803969106708234,27.15397730395762,38.54129419510571,326401775,2026-05-31T20:00:01.999008Z,2026-05-31T23:56:49Z,4.598611386666667,0.6522222222222223,0-6 h,data/orbit_uncertainty_stage1/raw/spacetrack_gp/spacetrack_gp_history_20260529_20260701_20sat_omm.json,1F5A8BA23D1C8AE605C4142F44E424711D1D85014DB46C28BBC18C3ABC326A96,2026-06-01T02:57:42.000019Z,2.3625000052777776,data/orbit_uncertainty_stage1/june/sat000047749.csv,0CE3EE486737D6898F4E0960379BB2CF5D672CBD2C80BC161C0E3F96D2261670,2,False,SELECTED_FROZEN,362.9370671569324,398.6282739244787,676.1328239440918,727.9161548614502,567.8240299224854,362.93706715693236,362.93706715693236,9.093221931820635,9.093221931820635,39.348617181764624,39.348617181764624,9693174.547092564,94447.13412114079,0.009743674135061345,0.9902563258649386,FINITE_NONZERO,0.9430373026786353,0.1399679519971606,6.585599212998517,0.9719888045172895,True,18.704036874975053,26.995908973169747,38.292985631405806,e52898b0a7d4cbaca540ef411602c28f883721af2d0fa86160e835959dd4e521,False,NOT_APPLICABLE_STAGE_A,COMPLETE
legit_segment_4da7bbfda8ba4b28b80e0745,legit_pass_1e361daf91ae25ce873f8fce,48458,STARLINK-2698,2026-06,CONFIRMATORY,controlled_example_station,52.21,5.16,14.0,11325000000.0,10.0,2026-06-04T01:56:41Z,2026-06-04T01:58:24Z,103.0,10.65753585774961,SETTING_75_PERCENT,0.7087378640776699,2026-06-04T01:57:54Z,2026-06-04T01:57:24Z,2026-06-04T01:58:24Z,1.0,61,10.024026103616139,10.4719952843259,10.65753585774961,326929662,2026-06-03T06:38:00.743136Z,2026-06-03T21:59:02Z,19.33146024,3.9811111111111113,18-24 h,data/orbit_uncertainty_stage1/raw/spacetrack_gp/spacetrack_gp_history_20260529_20260701_20sat_omm.json,1F5A8BA23D1C8AE605C4142F44E424711D1D85014DB46C28BBC18C3ABC326A96,2026-06-04T01:33:41.999962Z,0.40333334388888886,data/orbit_uncertainty_stage1/june/sat000048458.csv,091BB60895838155D6E08F3AB53CB4B529B9EB7F826CA2A0FB9BFADE0198C1C6,32,False,SELECTED_FROZEN,673.0050771119164,673.1642864227201,686.8024311065674,686.8451900482178,-45.09879684448242,673.0050771119162,673.0050771119162,-0.7747462018969695,0.7747462018969695,5.315155370601805,5.315155370601805,27642159.547415607,1723.30347343187,6.234330101726765e-05,0.9999376566989827,FINITE_NONZERO,0.8681853249203698,-0.01916035468446753,0.222518652367113,0.9982473269297643,True,10.031612022823037,10.471647680883917,10.65139010199115,69ba138282fccb460198b4d8cf9df9615f116fe15926099f1de414d395f9a6c0,False,NOT_APPLICABLE_STAGE_A,COMPLETE
legit_segment_4dff444646a54ccd260b2117,legit_pass_a6531ee4ce3ea41c8deb63c9,65411,STARLINK-34983,2026-06,CONFIRMATORY,controlled_example_station,52.21,5.16,14.0,11325000000.0,10.0,2026-06-23T14:58:20Z,2026-06-23T15:04:16Z,356.0,23.368694293254148,SETTING_75_PERCENT,0.75,2026-06-23T15:02:47Z,2026-06-23T15:02:17Z,2026-06-23T15:03:17Z,1.0,61,15.349607797750643,18.139359250450326,20.775228787651564,330975889,2026-06-22T12:07:29.976384Z,2026-06-23T03:40:42Z,26.92139544888889,11.368055555555555,24-36 h,data/orbit_uncertainty_stage1/raw/spacetrack_gp/spacetrack_gp_history_20260529_20260701_20sat_omm.json,1F5A8BA23D1C8AE605C4142F44E424711D1D85014DB46C28BBC18C3ABC326A96,2026-06-23T13:52:42.000010Z,1.1680555527777778,data/orbit_uncertainty_stage1/june/sat000065411.csv,26E105CAB95698D658010132E70DA6D62EE0D10BD67ED831612077EEE7C12C95,236,False,SELECTED_FROZEN,221.61190398794704,223.64933748632097,268.07921409606934,272.1750297546387,-99.8089599609375,221.61190398794704,221.61190398794704,-1.710424556762438,1.710424556762438,0.5186501235648225,0.5186501235648225,3051160.5956422877,16.408874991102145,5.377912593174394e-06,0.9999946220874069,FINITE_NONZERO,0.9997034822908213,0.0012950671040865558,0.3743780080899879,0.4789592538145855,False,15.367861270135553,18.156952959350456,20.79070343531987,4f8023fa6b656239da3ccf264fd1a1debea99467372392452bdbed3ad7eda491,False,NOT_APPLICABLE_STAGE_A,COMPLETE
legit_segment_4e50df9be0d4621c336ce154,legit_pass_36fc4ef48ddead76ffc19c47,45230,STARLINK-1227,2026-06,CONFIRMATORY,controlled_example_station,52.21,5.16,14.0,11325000000.0,10.0,2026-06-01T08:00:40Z,2026-06-01T08:06:59Z,379.0,32.952291047538935,SETTING_75_PERCENT,0.7493403693931399,2026-06-01T08:05:24Z,2026-06-01T08:04:54Z,2026-06-01T08:05:54Z,1.0,61,17.424341519447015,21.795574811492223,26.411850291272987,326471307,2026-05-31T19:20:28.438944Z,2026-06-01T06:47:07Z,12.74876696,1.3047222222222221,12-18 h,data/orbit_uncertainty_stage1/raw/spacetrack_gp/spacetrack_gp_history_20260529_20260701_20sat_omm.json,1F5A8BA23D1C8AE605C4142F44E424711D1D85014DB46C28BBC18C3ABC326A96,2026-06-01T07:53:41.999971Z,0.19500000805555556,data/orbit_uncertainty_stage1/june/sat000045230.csv,A086445B48BCEA5D6D786487B3F9BAAB43C341130589A86BCBB60E49241950E8,5,False,SELECTED_FROZEN,-189.73311177238088,196.76878268507377,277.7821960449219,287.9134101867676,174.43996238708496,-189.73311177238085,189.73311177238085,2.9455286439545647,2.9455286439545647,5.449499876538166,5.449499876538166,2361795.1842013127,1811.519983167759,0.0007670097709088012,0.9992329902290912,FINITE_NONZERO,0.9890791573517772,-0.01963728397132458,0.27252027416043134,0.9974991690229025,True,17.402720118128368,21.771023382001843,26.386080848538857,ba8f2d50718c0dd0fa7f32f7599b3aef6824f62a17126ae0d8e4c8edfeb58c47,False,NOT_APPLICABLE_STAGE_A,COMPLETE
legit_segment_4ea06ad86f48fb2262dbf89f,legit_pass_67aa12202676c8418c11d82e,44714,STARLINK-1008,2026-06,CONFIRMATORY,controlled_example_station,52.21,5.16,14.0,11325000000.0,10.0,2026-06-06T17:49:29Z,2026-06-06T17:55:31Z,362.0,30.6499900947955,PEAK,0.5,2026-06-06T17:52:30Z,2026-06-06T17:52:00Z,2026-06-06T17:53:00Z,1.0,61,29.0597311425988,30.10635138557952,30.6499900947955,327589860,2026-06-06T14:29:29.480352Z,2026-06-06T17:50:36Z,3.38347768,0.03166666666666667,0-6 h,data/orbit_uncertainty_stage1/raw/spacetrack_gp/spacetrack_gp_history_20260529_20260701_20sat_omm.json,1F5A8BA23D1C8AE605C4142F44E424711D1D85014DB46C28BBC18C3ABC326A96,2026-06-06T18:23:41.999971Z,0.5199999919444445,data/orbit_uncertainty_stage1/june/sat000044714.csv,F91F0DA10678FA8B4BBDEBC15B9D96435ECFD92205FFA13417B9E47754646E40,60,False,SELECTED_FROZEN,-327.84147265700045,328.88854796584195,351.9319553375244,352.02698707580566,76.4866886138916,-327.8414726570004,327.8414726570004,1.3433250634018425,1.3433250634018425,11.324482289290449,11.324482289290449,6598228.295967875,7822.8778463476365,0.0011856027853913657,0.9988143972146086,FINITE_NONZERO,0.8135029674574134,0.040749089772771585,0.8297635575145998,0.9946312645973701,True,29.07032875814144,30.10268907638486,30.645753220335774,ccb8c16b7b03e52d4123118ce5a74de08ff6301f955b85757e3da8a12416f3ea,False,NOT_APPLICABLE_STAGE_A,COMPLETE
legit_segment_4eb820c33ae991fd5c9e0d89,legit_pass_814c978060dd8488bf492628,48672,STARLINK-2705,2026-06,CONFIRMATORY,controlled_example_station,52.21,5.16,14.0,11325000000.0,10.0,2026-06-01T16:47:06Z,2026-06-01T16:54:28Z,442.0,88.7873591106956,SETTING_75_PERCENT,0.751131221719457,2026-06-01T16:52:38Z,2026-06-01T16:52:08Z,2026-06-01T16:53:08Z,1.0,61,21.05316377714367,28.131176864270397,37.02495281636119,326542936,2026-06-01T03:58:06.459456Z,2026-06-01T10:22:25Z,12.908761262222223,6.503611111111111,12-18 h,data/orbit_uncertainty_stage1/raw/spacetrack_gp/spacetrack_gp_history_20260529_20260701_20sat_omm.json,1F5A8BA23D1C8AE605C4142F44E424711D1D85014DB46C28BBC18C3ABC326A96,2026-06-01T16:52:42.000010Z,0.0011111138888888889,data/orbit_uncertainty_stage1/june/sat000048672.csv,9CCC0F6B332261080A38A7EF3636C88202FADE4135B08985F943785C7A1E9415,8,False,SELECTED_FROZEN,580.1722011253482,609.2624089895168,915.411190032959,963.0154399871826,-632.6615047454834,580.1722011253481,580.1722011253481,-10.40273704458204,10.40273704458204,32.45996400606016,32.45996400606016,22643241.663470257,64272.60505975799,0.0028384895597103168,0.9971615104402897,FINITE_NONZERO,0.9695485012881101,0.11631562331119483,3.788619123237661,0.9863772173898254,True,21.235353663239827,28.382870190884628,37.37230043547998,d261edace487782ac666d5022b1666bb3f1e78b08b76b13b4f3f0ad9220b4ad2,False,NOT_APPLICABLE_STAGE_A,COMPLETE
legit_segment_4ec1b5e5d62a8196dfa5d06d,legit_pass_1ef234582659f499ff3cb89f,65411,STARLINK-34983,2026-06,CONFIRMATORY,controlled_example_station,52.21,5.16,14.0,11325000000.0,10.0,2026-06-10T03:05:11Z,2026-06-10T03:08:18Z,187.0,12.331235467625314,PEAK,0.5026737967914439,2026-06-10T03:06:45Z,2026-06-10T03:06:15Z,2026-06-10T03:07:15Z,1.0,61,12.06539569972943,12.240398582819653,12.331235467625314,328456921,2026-06-09T17:11:13.282080Z,2026-06-10T02:40:42Z,9.925477200000001,0.43416666666666665,9-12 h,data/orbit_uncertainty_stage1/raw/spacetrack_gp/spacetrack_gp_history_20260529_20260701_20sat_omm.json,1F5A8BA23D1C8AE605C4142F44E424711D1D85014DB46C28BBC18C3ABC326A96,2026-06-10T02:47:41.999971Z,0.31750000805555556,data/orbit_uncertainty_stage1/june/sat000065411.csv,26E105CAB95698D658010132E70DA6D62EE0D10BD67ED831612077EEE7C12C95,93,False,SELECTED_FROZEN,519.7388875367211,519.7634820472982,525.2673301696777,525.3283042907715,-4.542573928833008,519.738887536721,519.738887536721,-0.07725211072384157,0.07725211072384157,4.869908269581636,4.869908269581636,16479398.713465858,1446.6763998025156,8.7786965104521e-05,0.9999122130348955,FINITE_NONZERO,0.0723633616871655,-0.017566607031229725,0.10522161834929249,0.9995331596429285,True,12.05928611521644,12.234420274361476,12.325238853579455,027065229481711dd06e301be7673e7aa8b803a37177a9965948b9cfc004d072,False,NOT_APPLICABLE_STAGE_A,COMPLETE
legit_segment_4f83bc6c15e7cde1588c0151,legit_pass_4088a797ea54f66e11279cad,65407,STARLINK-35035,2026-06,CONFIRMATORY,controlled_example_station,52.21,5.16,14.0,11325000000.0,10.0,2026-06-06T01:49:29Z,2026-06-06T01:56:55Z,446.0,89.84931813628845,RISING_25_PERCENT,0.25112107623318386,2026-06-06T01:51:21Z,2026-06-06T01:50:51Z,2026-06-06T01:51:51Z,1.0,61,21.403882677001494,28.559795308279146,37.546964830095355,327358352,2026-06-05T17:36:53.745696Z,2026-06-05T20:26:19Z,8.240903973333333,5.417222222222223,6-9 h,data/orbit_uncertainty_stage1/raw/spacetrack_gp/spacetrack_gp_history_20260529_20260701_20sat_omm.json,1F5A8BA23D1C8AE605C4142F44E424711D1D85014DB46C28BBC18C3ABC326A96,2026-06-06T02:13:41.999981Z,0.3724999947222222,data/orbit_uncertainty_stage1/june/sat000065407.csv,1D5D20428BDA125132468A3B81A5A0011425555B1C761A0A7A4BD8F31D76DA01,53,False,SELECTED_FROZEN,778.2115816522817,825.687389717821,1277.7612190246582,1349.612756729126,939.3232345581055,778.2115816522817,778.2115816522817,15.417183263890655,15.417183263890655,49.62501773946337,49.62501773946337,41587339.59788076,150221.18552416528,0.0036121855107033676,0.9963878144892966,FINITE_NONZERO,0.9676591093649074,0.17774169779723614,5.983276059886032,0.985462935009351,True,21.157688056975683,28.209074240900453,37.0503859536117,39f4dc126d80ed31beb52a16aa38de02a9fdf2fac6d11f5beab1b211a3a6479a,False,NOT_APPLICABLE_STAGE_A,COMPLETE
legit_segment_4fe457e9b8c6f515000a7f43,legit_pass_270adc2dcb5caa9480acde28,65421,STARLINK-35146,2026-06,CONFIRMATORY,controlled_example_station,52.21,5.16,14.0,11325000000.0,10.0,2026-06-19T19:14:44Z,2026-06-19T19:22:06Z,442.0,75.79178266887011,RISING_25_PERCENT,0.251131221719457,2026-06-19T19:16:35Z,2026-06-19T19:16:05Z,2026-06-19T19:17:05Z,1.0,61,21.195498961374195,28.241739834820496,37.03477978189062,330737325,2026-06-19T14:13:49.812096Z,2026-06-19T17:59:21Z,5.045885528888888,1.2872222222222223,0-6 h,data/orbit_uncertainty_stage1/raw/spacetrack_gp/spacetrack_gp_history_20260529_20260701_20sat_omm.json,1F5A8BA23D1C8AE605C4142F44E424711D1D85014DB46C28BBC18C3ABC326A96,2026-06-19T18:27:41.999990Z,0.814722225,data/orbit_uncertainty_stage1/june/sat000065421.csv,47F2014ECBC8E7384C87E8BF3D80DB676A195CA775414C519EDF2550466E6CB3,198,False,SELECTED_FROZEN,243.10299247991844,258.45916653035476,401.9362373352051,424.72200775146484,298.5847644805908,243.10299247991838,243.10299247991838,4.903307826981731,4.903307826981731,15.777301435001593,15.777301435001593,4074869.5865775053,15184.317674825103,0.0037263321812412787,0.9962736678187587,FINITE_NONZERO,0.9676810191585684,0.05652332749907618,1.8704131769659644,0.9859456857280813,True,21.12210656631625,28.137650495005907,36.888472452173,91c3d862f3c23f491c1093137c1f137cf01f6627dadb5dbedeed2f37c1ecb68f,False,NOT_APPLICABLE_STAGE_A,COMPLETE
legit_segment_4ffcea2881139fcf9e6a0735,legit_pass_af63052065adc801b1bcae58,60265,STARLINK-32120,2026-06,CONFIRMATORY,controlled_example_station,52.21,5.16,14.0,11325000000.0,10.0,2026-06-03T14:13:11Z,2026-06-03T14:20:38Z,447.0,78.09517708929214,SETTING_75_PERCENT,0.7494407158836689,2026-06-03T14:18:46Z,2026-06-03T14:18:16Z,2026-06-03T14:19:16Z,1.0,61,21.25173608314547,28.253092322556018,36.97944105157524,326848612,2026-06-02T19:02:56.828256Z,2026-06-03T11:16:57Z,19.26365881777778,3.0302777777777776,18-24 h,data/orbit_uncertainty_stage1/raw/spacetrack_gp/spacetrack_gp_history_20260529_20260701_20sat_omm.json,1F5A8BA23D1C8AE605C4142F44E424711D1D85014DB46C28BBC18C3ABC326A96,2026-06-03T13:32:42Z,0.7677777777777778,data/orbit_uncertainty_stage1/june/sat000060265.csv,310CEC01430FB37300D0520AC911958B04898B003A2B2906A630DA9E075D20EF,29,False,SELECTED_FROZEN,2566.0805757553853,2713.991564902374,4159.91180229187,4386.174524307251,-3004.330291748047,2566.080575755385,2566.080575755385,-49.411882356737514,49.411882356737514,155.25822522806428,155.25822522806428,449310763.0760355,1470412.1065590682,0.00327259488842967,0.9967274051115703,FINITE_NONZERO,0.9691348112518268,0.5564555123210155,17.86003122391619,0.9867670950560871,True,22.031867732122375,29.347664445621245,38.50417812267163,9daeadac8b350aff541dfa53e84a924bf6288d643e4aa94521b5f6c3d6e7b412,False,NOT_APPLICABLE_STAGE_A,COMPLETE
legit_segment_5047f51f9671976fc2e52267,legit_pass_395f2302bc27055b09ac56a0,65693,STARLINK-35060,2026-06,CONFIRMATORY,controlled_example_station,52.21,5.16,14.0,11325000000.0,10.0,2026-06-02T06:11:25Z,2026-06-02T06:17:55Z,390.0,29.329075980624914,RISING_25_PERCENT,0.2512820512820513,2026-06-02T06:13:03Z,2026-06-02T06:12:33Z,2026-06-02T06:13:33Z,1.0,61,17.151310789668653,20.83660670873683,24.55265615780761,326589812,2026-06-01T11:09:02.009376Z,2026-06-01T18:19:01Z,19.06694184,11.900555555555556,18-24 h,data/orbit_uncertainty_stage1/raw/spacetrack_gp/spacetrack_gp_history_20260529_20260701_20sat_omm.json,1F5A8BA23D1C8AE605C4142F44E424711D1D85014DB46C28BBC18C3ABC326A96,2026-06-02T05:39:42.000019Z,0.5558333280555555,data/orbit_uncertainty_stage1/june/sat000065693.csv,D31425DC1D7BF768E17AFC34A7D7E516943AB5AC5C7598CCE830821EDB62E3E7,14,False,SELECTED_FROZEN,1279.7279296937536,1306.5565107078735,1709.1044368743896,1753.8608779907227,877.9264488220215,1279.7279296937536,1279.7279296937536,14.927016611568265,14.927016611568265,17.70412124456225,17.70412124456225,104132484.85606115,19119.59045157178,0.00018360831855688598,0.9998163916814431,FINITE_NONZERO,0.9954827434094806,0.06348824712077672,1.9496609144013624,0.9878725520226431,True,17.02509647450341,20.705822028628585,24.428555194942867,a9676e259816d14d3ac294556b962bc3799507da84f42ed9dea7d18886ff0a95,False,NOT_APPLICABLE_STAGE_A,COMPLETE
legit_segment_5094b1e08c7b9d668352d051,legit_pass_e06470d39c60fd4121759cd3,44714,STARLINK-1008,2026-06,CONFIRMATORY,controlled_example_station,52.21,5.16,14.0,11325000000.0,10.0,2026-06-21T13:52:10Z,2026-06-21T13:58:52Z,402.0,85.5645826719783,RISING_25_PERCENT,0.2512437810945274,2026-06-21T13:53:51Z,2026-06-21T13:53:21Z,2026-06-21T13:54:21Z,1.0,61,20.3271203749653,27.98645127855959,37.91975187731953,330879528,2026-06-20T09:43:48.440064Z,2026-06-20T15:56:36Z,28.16737776,21.954166666666666,24-36 h,data/orbit_uncertainty_stage1/raw/spacetrack_gp/spacetrack_gp_history_20260529_20260701_20sat_omm.json,1F5A8BA23D1C8AE605C4142F44E424711D1D85014DB46C28BBC18C3ABC326A96,2026-06-21T14:19:42.000010Z,0.43083333611111113,data/orbit_uncertainty_stage1/june/sat000044714.csv,F91F0DA10678FA8B4BBDEBC15B9D96435ECFD92205FFA13417B9E47754646E40,216,False,SELECTED_FROZEN,130.75099213396916,142.1766163300906,234.2195701599121,250.12196159362793,191.04931259155273,130.75099213396913,130.75099213396913,3.102374933788477,3.102374933788477,11.606115449142143,11.606115449142143,1233065.6040955011,8216.816864947772,0.006663730492243443,0.9933362695077566,FINITE_NONZERO,0.9568037180284554,0.04144881616793761,1.6517435515057932,0.9797459691396618,True,20.289205121572554,27.927918117005888,37.83084261998773,87a0a29f422886a9024fb79c95923eb33c95f168b96a3483fead8275dc2c567f,False,NOT_APPLICABLE_STAGE_A,COMPLETE
legit_segment_513e75cfa49cf69259897f5b,legit_pass_626553ba61e9a6da4cfd4dad,48309,STARLINK-2517,2026-06,CONFIRMATORY,controlled_example_station,52.21,5.16,14.0,11325000000.0,10.0,2026-06-06T17:18:50Z,2026-06-06T17:25:51Z,421.0,41.39457616129493,PEAK,0.501187648456057,2026-06-06T17:22:21Z,2026-06-06T17:21:51Z,2026-06-06T17:22:51Z,1.0,61,38.855056156826166,40.49576391069267,41.39457616129493,327518648,2026-06-05T22:04:39.792000Z,2026-06-06T16:36:28Z,19.29478,0.7647222222222222,18-24 h,data/orbit_uncertainty_stage1/raw/spacetrack_gp/spacetrack_gp_history_20260529_20260701_20sat_omm.json,1F5A8BA23D1C8AE605C4142F44E424711D1D85014DB46C28BBC18C3ABC326A96,2026-06-06T18:00:41.999990Z,0.6391666638888889,data/orbit_uncertainty_stage1/june/sat000048309.csv,79D62147447BEB30EC557417B61811EF138EF8094DC33D3F68D9F90E474F7689,59,False,SELECTED_FROZEN,-917.3483413946433,918.3576611098754,963.0604705810547,963.4909496307373,-67.77264213562012,-917.3483413946433,917.3483413946433,-1.1966471641294407,1.1966471641294407,37.53538709961395,37.53538709961395,51446228.41687125,85943.2223677898,0.0016705446640594868,0.9983294553359405,FINITE_NONZERO,0.2395863334149384,0.1352957119006175,1.6604813146309585,0.9980430208998821,True,38.78179281307962,40.476363912986436,41.375276640336416,43eb08a59a1ebeb0957089b933a237c250a66edc1e373a4f502c2583d3ba4fc0,False,NOT_APPLICABLE_STAGE_A,COMPLETE
legit_segment_5173255c9825f8e2e2a3b75a,legit_pass_d7436fa3a64d949ab8c51e82,47767,STARLINK-2185,2026-06,CONFIRMATORY,controlled_example_station,52.21,5.16,14.0,11325000000.0,10.0,2026-06-14T22:21:03Z,2026-06-14T22:25:00Z,237.0,15.19624703890099,RISING_25_PERCENT,0.2489451476793249,2026-06-14T22:22:02Z,2026-06-14T22:21:32Z,2026-06-14T22:22:32Z,1.0,61,11.941211837957484,13.531483395617885,14.784715731593652,329425925,2026-06-14T12:36:33.980256Z,2026-06-14T18:05:06Z,9.75778326222222,4.282222222222222,9-12 h,data/orbit_uncertainty_stage1/raw/spacetrack_gp/spacetrack_gp_history_20260529_20260701_20sat_omm.json,1F5A8BA23D1C8AE605C4142F44E424711D1D85014DB46C28BBC18C3ABC326A96,2026-06-14T22:13:42.000038Z,0.13888887833333333,data/orbit_uncertainty_stage1/june/sat000047767.csv,6E26A6FFCB0389E48C81BEEAD935A847B2444F9441CBE4C1AD8107642DE7DD5F,139,False,SELECTED_FROZEN,-817.5402897694072,823.0698991932919,956.2372245788574,966.3498153686523,-313.98315620422363,-817.5402897694071,817.5402897694071,-5.404301157204453,5.404301157204453,4.2340940593491885,4.2340940593491885,41324087.596441396,1093.5807027083813,2.6463517195780856e-05,0.9999735364828042,FINITE_NONZERO,0.9980238443787897,0.01431133669550455,1.4812572867808937,0.8776116734716908,True,11.952492787405713,13.532045192279906,14.771156175209832,b7c9b0a791f0251cf5c09725a919479f585add3e1e2a00553668d44561e7d206,False,NOT_APPLICABLE_STAGE_A,COMPLETE
legit_segment_52299f9f9471a5dae4cbc7e0,legit_pass_f951c4dd481fef1c39248d3a,65686,STARLINK-35137,2026-06,CONFIRMATORY,controlled_example_station,52.21,5.16,14.0,11325000000.0,10.0,2026-06-02T06:29:15Z,2026-06-02T06:35:59Z,404.0,36.280040450035095,PEAK,0.4975247524752475,2026-06-02T06:32:36Z,2026-06-02T06:32:06Z,2026-06-02T06:33:06Z,1.0,61,34.32555615900521,35.60630708646485,36.280040450035095,326589309,2026-06-01T14:00:01.999872Z,2026-06-01T18:19:01Z,16.542777813333334,12.22638888888889,12-18 h,data/orbit_uncertainty_stage1/raw/spacetrack_gp/spacetrack_gp_history_20260529_20260701_20sat_omm.json,1F5A8BA23D1C8AE605C4142F44E424711D1D85014DB46C28BBC18C3ABC326A96,2026-06-02T07:35:41.999971Z,1.0516666586111112,data/orbit_uncertainty_stage1/june/sat000065686.csv,B6BC6FF15B3CA146A8A5647889EB05C3E5134E71663266D0DFF94290D3AA7A5B,15,False,SELECTED_FROZEN,-1028.553529708112,1029.278723156822,1071.351261138916,1071.6802558898926,39.57383918762207,-1028.5535297081117,1028.5535297081117,0.6955123031914765,0.6955123031914765,36.63833901142578,36.63833901142578,64624296.08654362,81884.44101648602,0.0012670844554628176,0.9987329155445371,FINITE_NONZERO,0.1004864458208724,0.13209686795081943,1.3877518903638115,0.9985653297207212,True,34.37181728146627,35.6076848910535,36.28114187494591,c48f26b5886af892c736a7215f6d62bd22fab20a7ef4e46b2c78efbbcd5d2e21,False,NOT_APPLICABLE_STAGE_A,COMPLETE
legit_segment_528f046ba1f9ba1cfebe5754,legit_pass_a32d3145f76436d54cef6479,48672,STARLINK-2705,2026-06,CONFIRMATORY,controlled_example_station,52.21,5.16,14.0,11325000000.0,10.0,2026-06-10T17:02:22Z,2026-06-10T17:09:09Z,407.0,35.72040428632227,SETTING_75_PERCENT,0.7493857493857494,2026-06-10T17:07:27Z,2026-06-10T17:06:57Z,2026-06-10T17:07:57Z,1.0,61,18.303392798073478,22.85168556941447,27.720775486276057,328608266,2026-06-10T08:46:33.686688Z,2026-06-10T16:06:49Z,8.348142586666667,1.0105555555555557,6-9 h,data/orbit_uncertainty_stage1/raw/spacetrack_gp/spacetrack_gp_history_20260529_20260701_20sat_omm.json,1F5A8BA23D1C8AE605C4142F44E424711D1D85014DB46C28BBC18C3ABC326A96,2026-06-10T16:56:42.000029Z,0.1791666586111111,data/orbit_uncertainty_stage1/june/sat000048672.csv,9CCC0F6B332261080A38A7EF3636C88202FADE4135B08985F943785C7A1E9415,96,False,SELECTED_FROZEN,-32.02854137733335,32.59145667818077,41.8947696685791,42.93101692199707,20.106739044189453,-32.02854137733334,32.02854137733334,0.3416872774968384,0.3416872774968384,0.42781422275042136,0.42781422275042136,64794.38595274977,11.164525560440374,0.00017230698919782833,0.9998276930108022,FINITE_NONZERO,0.9949684656360503,-0.0015356955778461079,0.04313282938711849,0.9898350450618917,False,18.29788775309335,22.84544911235646,27.71400766052081,ca3aa74fec3efd425965dbabb2cb511ae237fa1bd879792811ce73159f11ae00,False,NOT_APPLICABLE_STAGE_A,COMPLETE
legit_segment_52984092ccf3206e76542a14,legit_pass_b9550bc99e4dcf9460ec7f9a,48672,STARLINK-2705,2026-06,CONFIRMATORY,controlled_example_station,52.21,5.16,14.0,11325000000.0,10.0,2026-06-14T11:42:47Z,2026-06-14T11:50:09Z,442.0,82.80338688694093,RISING_25_PERCENT,0.251131221719457,2026-06-14T11:44:38Z,2026-06-14T11:44:08Z,2026-06-14T11:45:08Z,1.0,61,21.256317984042,28.42150758070864,37.423179831762965,329316422,2026-06-14T06:44:11.935680Z,2026-06-14T10:48:45Z,5.0072400888888895,0.9313888888888889,0-6 h,data/orbit_uncertainty_stage1/raw/spacetrack_gp/spacetrack_gp_history_20260529_20260701_20sat_omm.json,1F5A8BA23D1C8AE605C4142F44E424711D1D85014DB46C28BBC18C3ABC326A96,2026-06-14T10:46:41.999981Z,0.9655555608333334,data/orbit_uncertainty_stage1/june/sat000048672.csv,9CCC0F6B332261080A38A7EF3636C88202FADE4135B08985F943785C7A1E9415,135,False,SELECTED_FROZEN,-2.3060802397180775,2.554444549721064,3.397703170776367,3.415447235107422,3.7742481231689453,-2.306080239718077,2.306080239718077,0.058606718457734915,0.058606718457734915,0.3773714040336914,0.3773714040336914,398.03640441357857,8.686959771523934,0.021824535834410196,0.9781754641655898,FINITE_NONZERO,0.8820316173961242,0.0013393043559919923,0.06795551779450694,0.967572648690593,False,21.255038756205252,28.419381280528093,37.419662157289444,61b239c890d4245e5b7dd2363f6d617a4b6316400b6e595bd8d1b9e4c48d8910,False,NOT_APPLICABLE_STAGE_A,COMPLETE
legit_segment_5332a969bfb3882d880b2dd4,legit_pass_411dc6e1d344be3b7f6f235d,60265,STARLINK-32120,2026-06,CONFIRMATORY,controlled_example_station,52.21,5.16,14.0,11325000000.0,10.0,2026-06-04T10:29:12Z,2026-06-04T10:35:40Z,388.0,28.480537686290738,RISING_25_PERCENT,0.25,2026-06-04T10:30:49Z,2026-06-04T10:30:19Z,2026-06-04T10:31:19Z,1.0,61,16.838425754187806,20.38487004851177,23.938023115501068,327051091,2026-06-04T02:24:59.435424Z,2026-06-04T06:26:29Z,8.09710127111111,4.072222222222222,6-9 h,data/orbit_uncertainty_stage1/raw/spacetrack_gp/spacetrack_gp_history_20260529_20260701_20sat_omm.json,1F5A8BA23D1C8AE605C4142F44E424711D1D85014DB46C28BBC18C3ABC326A96,2026-06-04T09:27:41.999990Z,1.0519444472222224,data/orbit_uncertainty_stage1/june/sat000060265.csv,310CEC01430FB37300D0520AC911958B04898B003A2B2906A630DA9E075D20EF,37,False,SELECTED_FROZEN,8640.906974073316,8807.894722379922,11421.06855392456,11711.138496398926,5692.691066741943,8640.906974073314,8640.906974073314,96.73848460644788,96.73848460644788,112.48306856644324,112.48306856644324,4732319575.872213,771798.8835615134,0.0001630910320377641,0.9998369089679623,FINITE_NONZERO,0.9956576572983624,0.4034937406900809,12.079624105996878,0.9884672592554177,True,15.927332362875168,19.435508672144373,23.018228429524623,7b4d9d4bb95c31d6a5290b49bc5b3ca6e59b90b368f88946b606ac28816b31d0,False,NOT_APPLICABLE_STAGE_A,COMPLETE
legit_segment_5498706e626aae4eabf88002,legit_pass_8afaa3ef46afcbfaa133ccbf,47749,STARLINK-2163,2026-06,CONFIRMATORY,controlled_example_station,52.21,5.16,14.0,11325000000.0,10.0,2026-06-21T12:50:13Z,2026-06-21T12:55:20Z,307.0,34.7410927876987,SETTING_75_PERCENT,0.749185667752443,2026-06-21T12:54:03Z,2026-06-21T12:53:33Z,2026-06-21T12:54:33Z,1.0,61,16.360895667020205,21.92990772945658,28.153918968900605,330881914,2026-06-20T10:00:01.998720Z,2026-06-20T15:56:36Z,26.900278133333334,20.9575,24-36 h,data/orbit_uncertainty_stage1/raw/spacetrack_gp/spacetrack_gp_history_20260529_20260701_20sat_omm.json,1F5A8BA23D1C8AE605C4142F44E424711D1D85014DB46C28BBC18C3ABC326A96,2026-06-21T13:30:41.999990Z,0.6108333305555556,data/orbit_uncertainty_stage1/june/sat000047749.csv,0CE3EE486737D6898F4E0960379BB2CF5D672CBD2C80BC161C0E3F96D2261670,212,False,SELECTED_FROZEN,-2953.0138411912762,3125.3970797253373,4746.898866653442,4971.49462890625,3429.154010772705,-2953.0138411912753,2953.0138411912753,57.49773180420473,57.49773180420473,151.52398910288625,151.52398910288625,595854521.2632957,1400530.675692747,0.0023504574115229076,0.997649542588477,FINITE_NONZERO,0.9780882179938138,-0.5458566617415954,8.418240544242192,0.9969134034116276,True,15.994359844257897,21.47357852060154,27.637807397271864,05d19c9b866a839ec8218821f5b49d6651215c2d6d89591a2edb49553a41f562,False,NOT_APPLICABLE_STAGE_A,COMPLETE
legit_segment_54b35429c476aa9aab2fa738,legit_pass_ca68ef8c42db1b299741ad2f,58380,STARLINK-30915,2026-06,CONFIRMATORY,controlled_example_station,52.21,5.16,14.0,11325000000.0,10.0,2026-06-08T23:45:41Z,2026-06-08T23:52:30Z,409.0,38.5420438893302,PEAK,0.49877750611246946,2026-06-08T23:49:05Z,2026-06-08T23:48:35Z,2026-06-08T23:49:35Z,1.0,61,36.29793661512673,37.76058889617194,38.5420438893302,328153995,2026-06-08T20:00:03.000384Z,2026-06-08T23:46:52Z,3.8172221155555555,0.036944444444444446,0-6 h,data/orbit_uncertainty_stage1/raw/spacetrack_gp/spacetrack_gp_history_20260529_20260701_20sat_omm.json,1F5A8BA23D1C8AE605C4142F44E424711D1D85014DB46C28BBC18C3ABC326A96,2026-06-08T22:22:42.000038Z,1.4397222116666666,data/orbit_uncertainty_stage1/june/sat000058380.csv,3EDD695EBC2FD369BB6D3F364CEB1C354CEB8FF41D75D9C0E85CB4203365E2E7,80,False,SELECTED_FROZEN,57.11938773608598,57.399453313583706,62.37872314453125,62.40949249267578,16.810264587402344,57.119387736085976,57.119387736085976,0.2956627862406812,0.2956627862406812,2.230173888060991,2.230173888060991,200976.5316825948,303.39420983033375,0.001509600187097908,0.9984903998129021,FINITE_NONZERO,0.8449253622266941,-0.00801840545325555,0.18621392627291997,0.993028168837502,True,36.30771182109621,37.76749792596457,38.548988132850646,ad5a3d487924b0194718825c0d52e547e538763a3faa5cd6ae48ce779ef6d0c4,False,NOT_APPLICABLE_STAGE_A,COMPLETE
legit_segment_54bb412c454e1228ebe40e7e,legit_pass_000782383df3dd27a022149f,48111,STARLINK-2448,2026-06,CONFIRMATORY,controlled_example_station,52.21,5.16,14.0,11325000000.0,10.0,2026-06-01T00:25:02Z,2026-06-01T00:30:40Z,338.0,22.57884478416862,SETTING_75_PERCENT,0.7514792899408284,2026-06-01T00:29:16Z,2026-06-01T00:28:46Z,2026-06-01T00:29:46Z,1.0,61,14.959075960110471,17.728162416570587,20.31437257394675,326328513,2026-05-31T05:15:58.027104Z,2026-05-31T16:16:51Z,19.22165913777778,8.206944444444444,18-24 h,data/orbit_uncertainty_stage1/raw/spacetrack_gp/spacetrack_gp_history_20260529_20260701_20sat_omm.json,1F5A8BA23D1C8AE605C4142F44E424711D1D85014DB46C28BBC18C3ABC326A96,2026-06-01T03:01:42.000038Z,2.540555566111111,data/orbit_uncertainty_stage1/june/sat000048111.csv,63E98DFF9634CD904EDA2CF3528E739282097399B04E926A453B20B62792D5D5,2,False,SELECTED_FROZEN,1629.4395004334997,1650.9402643062638,2044.4117012023926,2082.3778324127197,-880.525089263916,1629.4395004334992,1629.4395004334992,-15.078037462985941,15.078037462985941,7.282477377176145,7.282477377176145,166261829.13476583,3235.103081694023,1.9457882176141375e-05,0.9999805421178238,FINITE_NONZERO,0.9992480650446584,0.023664144515727514,3.1649694467805842,0.8111222696426825,True,15.081933874034616,17.84303388744603,20.408903365733256,6aa0f533e997affd9d5256d91c9ba181dc84611b3dada80c5edc9dfbceca8bad,False,NOT_APPLICABLE_STAGE_A,COMPLETE
legit_segment_54db7d0e41b0b9ebc3dd1ab2,legit_pass_5eccca0afb50046c68cc7833,48111,STARLINK-2448,2026-06,CONFIRMATORY,controlled_example_station,52.21,5.16,14.0,11325000000.0,10.0,2026-06-01T18:54:17Z,2026-06-01T19:01:08Z,411.0,50.975962136064354,PEAK,0.49878345498783455,2026-06-01T18:57:42Z,2026-06-01T18:57:12Z,2026-06-01T18:58:12Z,1.0,61,46.119755227266985,49.21301258266906,50.975962136064354,326577200,2026-06-01T03:04:33.620160Z,2026-06-01T18:19:01Z,15.885661066666668,0.6447222222222222,12-18 h,data/orbit_uncertainty_stage1/raw/spacetrack_gp/spacetrack_gp_history_20260529_20260701_20sat_omm.json,1F5A8BA23D1C8AE605C4142F44E424711D1D85014DB46C28BBC18C3ABC326A96,2026-06-01T19:20:42.000029Z,0.3833333413888889,data/orbit_uncertainty_stage1/june/sat000048111.csv,63E98DFF9634CD904EDA2CF3528E739282097399B04E926A453B20B62792D5D5,9,False,SELECTED_FROZEN,-1067.2048417388417,1069.1812491501034,1142.337100982666,1143.1770114898682,19.412887573242188,-1067.2048417388414,1067.2048417388414,0.3587804657135738,0.3587804657135738,64.67198034969059,64.67198034969059,69732061.15558472,255130.3675833967,0.003658724026730762,0.9963412759732693,FINITE_NONZERO,0.009450679969516762,0.23300759998816323,3.43810670408931,0.9971737772846847,True,46.03167671192269,49.20422531325338,50.96617832464654,8866b92bd55e55e1f1da0431275e1461b7e62e49ef69424d346cfe085d418c9a,False,NOT_APPLICABLE_STAGE_A,COMPLETE
legit_segment_54f8fd0fef4ed24f5affb9c1,legit_pass_d7015a7e02a6d227402effdb,65421,STARLINK-35146,2026-06,CONFIRMATORY,controlled_example_station,52.21,5.16,14.0,11325000000.0,10.0,2026-06-09T02:33:08Z,2026-06-09T02:39:25Z,377.0,27.042589668320844,SETTING_75_PERCENT,0.7506631299734748,2026-06-09T02:37:51Z,2026-06-09T02:37:21Z,2026-06-09T02:38:21Z,1.0,61,16.459683538014772,19.830106581398258,23.154467763922277,328174083,2026-06-08T18:16:22.582272Z,2026-06-08T23:56:34Z,8.357893813333334,2.6880555555555556,6-9 h,data/orbit_uncertainty_stage1/raw/spacetrack_gp/spacetrack_gp_history_20260529_20260701_20sat_omm.json,1F5A8BA23D1C8AE605C4142F44E424711D1D85014DB46C28BBC18C3ABC326A96,2026-06-09T02:54:41.999962Z,0.2808333227777778,data/orbit_uncertainty_stage1/june/sat000065421.csv,47F2014ECBC8E7384C87E8BF3D80DB676A195CA775414C519EDF2550466E6CB3,82,False,SELECTED_FROZEN,531.2925897817142,539.7952707986049,684.1900939941406,699.313497543335,-317.3720188140869,531.2925897817141,531.2925897817141,-5.413293525619146,5.413293525619146,4.791337316464966,4.791337316464966,17774114.996968888,1400.3717100891315,7.878714131915678e-05,0.9999212128586809,FINITE_NONZERO,0.9974792341306558,0.01698817237600103,0.8873511504277788,0.9657013094680136,True,16.516161101946604,19.88746626914282,23.208294849856763,2c561ec74bba60c0d0099e79ae536785a0bac6ae64cc3392679965ebce38af41,False,NOT_APPLICABLE_STAGE_A,COMPLETE
legit_segment_554399898d61208f4b0a49dd,legit_pass_1e361daf91ae25ce873f8fce,48458,STARLINK-2698,2026-06,CONFIRMATORY,controlled_example_station,52.21,5.16,14.0,11325000000.0,10.0,2026-06-04T01:56:41Z,2026-06-04T01:58:24Z,103.0,10.65753585774961,RISING_25_PERCENT,0.2912621359223301,2026-06-04T01:57:11Z,2026-06-04T01:56:41Z,2026-06-04T01:57:41Z,1.0,61,10.0071190772311,10.464481198463364,10.65753585774961,326929662,2026-06-03T06:38:00.743136Z,2026-06-03T21:59:02Z,19.319515795555553,3.9691666666666667,18-24 h,data/orbit_uncertainty_stage1/raw/spacetrack_gp/spacetrack_gp_history_20260529_20260701_20sat_omm.json,1F5A8BA23D1C8AE605C4142F44E424711D1D85014DB46C28BBC18C3ABC326A96,2026-06-04T01:33:41.999962Z,0.39138889944444444,data/orbit_uncertainty_stage1/june/sat000048458.csv,091BB60895838155D6E08F3AB53CB4B529B9EB7F826CA2A0FB9BFADE0198C1C6,32,False,SELECTED_FROZEN,669.6801562074755,669.8982685286818,686.8024311065674,686.8451900482178,53.85792350769043,669.6801562074753,669.6801562074753,0.9250711384555897,0.9250711384555897,5.185943519150827,5.185943519150827,27374585.100841276,1640.5346212131706,5.992911363477628e-05,0.9999400708863653,FINITE_NONZERO,0.9079535123473729,-0.018688738517133263,0.25272155702643917,0.9976251892168805,True,9.987464831932856,10.452405853833017,10.65139010199115,2e6047f919d2d4c0d821b6be68ccb26cad9f876073adcedd947f38f990a9f660,False,NOT_APPLICABLE_STAGE_A,COMPLETE
legit_segment_554b609257e98abfd94f4aff,legit_pass_d7436fa3a64d949ab8c51e82,47767,STARLINK-2185,2026-06,CONFIRMATORY,controlled_example_station,52.21,5.16,14.0,11325000000.0,10.0,2026-06-14T22:21:03Z,2026-06-14T22:25:00Z,237.0,15.19624703890099,PEAK,0.4978902953586498,2026-06-14T22:23:01Z,2026-06-14T22:22:31Z,2026-06-14T22:23:31Z,1.0,61,14.756942143413006,15.048113629424982,15.19624703890099,329425925,2026-06-14T12:36:33.980256Z,2026-06-14T18:05:06Z,9.774172151111111,4.298611111111111,9-12 h,data/orbit_uncertainty_stage1/raw/spacetrack_gp/spacetrack_gp_history_20260529_20260701_20sat_omm.json,1F5A8BA23D1C8AE605C4142F44E424711D1D85014DB46C28BBC18C3ABC326A96,2026-06-14T22:13:42.000038Z,0.15527776722222222,data/orbit_uncertainty_stage1/june/sat000047767.csv,6E26A6FFCB0389E48C81BEEAD935A847B2444F9441CBE4C1AD8107642DE7DD5F,139,False,SELECTED_FROZEN,-1023.0741905775227,1023.3086491358376,1043.8017139434814,1044.030466079712,-52.07280731201172,-1023.0741905775226,1023.0741905775226,-0.894422960609182,0.894422960609182,15.224792816182276,15.224792816182276,63876796.07516899,14139.453294036202,0.00022135507982268184,0.9997786449201773,FINITE_NONZERO,0.5168857950626922,0.054909271299557916,0.4311492286079689,0.9991980404856341,True,14.733136839316481,15.016750271723764,15.164792284575283,91f5c21be52a416e91e5fa9ff62eb644f1b3032861f7063c999df4ce18f88095,False,NOT_APPLICABLE_STAGE_A,COMPLETE
legit_segment_56218c0b5d875401c6c6f685,legit_pass_9d5ad6cc126512214c89144f,47767,STARLINK-2185,2026-06,CONFIRMATORY,controlled_example_station,52.21,5.16,14.0,11325000000.0,10.0,2026-06-04T02:49:28Z,2026-06-04T02:52:00Z,152.0,11.745492955602526,RISING_25_PERCENT,0.25,2026-06-04T02:50:06Z,2026-06-04T02:49:36Z,2026-06-04T02:50:36Z,1.0,61,10.325268275869991,11.189010696730795,11.72323079992294,326929965,2026-06-03T07:46:37.333344Z,2026-06-03T21:59:02Z,19.05796296,4.851111111111111,18-24 h,data/orbit_uncertainty_stage1/raw/spacetrack_gp/spacetrack_gp_history_20260529_20260701_20sat_omm.json,1F5A8BA23D1C8AE605C4142F44E424711D1D85014DB46C28BBC18C3ABC326A96,2026-06-04T02:49:41.999981Z,0.006666671944444445,data/orbit_uncertainty_stage1/june/sat000047767.csv,6E26A6FFCB0389E48C81BEEAD935A847B2444F9441CBE4C1AD8107642DE7DD5F,33,False,SELECTED_FROZEN,567.1021496819668,567.4551019868617,588.1465930938721,588.1984367370605,63.19942092895508,567.1021496819667,567.1021496819667,1.094770988593462,1.094770988593462,5.376086550378385,5.376086550378385,19642322.859026093,1763.0407024267208,8.97572407846134e-05,0.9999102427592154,FINITE_NONZERO,0.9278244560849379,-0.019341758381841156,0.40548110102753243,0.9943113563362912,True,10.306565352215861,11.176710911803728,11.718253410231187,ef55c7d60777f27701811663c122f65c23a17d6240aaaca9cf7b12e299d915bf,False,NOT_APPLICABLE_STAGE_A,COMPLETE
legit_segment_56c68ca7efebbbfe0a1fde8e,legit_pass_8b5dda634e59a8b5455f1464,44714,STARLINK-1008,2026-06,CONFIRMATORY,controlled_example_station,52.21,5.16,14.0,11325000000.0,10.0,2026-06-01T00:06:05Z,2026-06-01T00:12:50Z,405.0,77.96289034006644,PEAK,0.49876543209876545,2026-06-01T00:09:27Z,2026-06-01T00:08:57Z,2026-06-01T00:09:57Z,1.0,61,60.23251616750205,70.6045184458445,77.96289034006644,326323666,2026-05-31T06:40:14.651904Z,2026-05-31T16:16:51Z,17.48676336,7.876666666666667,12-18 h,data/orbit_uncertainty_stage1/raw/spacetrack_gp/spacetrack_gp_history_20260529_20260701_20sat_omm.json,1F5A8BA23D1C8AE605C4142F44E424711D1D85014DB46C28BBC18C3ABC326A96,2026-06-01T02:55:42.000010Z,2.770833336111111,data/orbit_uncertainty_stage1/june/sat000044714.csv,F91F0DA10678FA8B4BBDEBC15B9D96435ECFD92205FFA13417B9E47754646E40,2,False,SELECTED_FROZEN,2902.72131210077,2916.562560822634,3240.3755416870117,3243.6253185272217,-62.13217735290527,2902.72131210077,2902.72131210077,-1.0412534458557847,1.0412534458557847,283.21378984669815,283.21378984669815,518886567.4427293,4892813.096319111,0.009429446440351614,0.9905705535596484,FINITE_NONZERO,0.004172821247433012,-1.018737425369161,22.0530623376078,0.9939367005273981,True,59.69787422523635,70.58461300994179,77.96941152113283,5b837a5ea047ae6b99b885309d7f4a391df30858d1d565c1a08cad774f536f51,False,NOT_APPLICABLE_STAGE_A,COMPLETE
legit_segment_56de1fe1dab085d89daac396,legit_pass_a32d3145f76436d54cef6479,48672,STARLINK-2705,2026-06,CONFIRMATORY,controlled_example_station,52.21,5.16,14.0,11325000000.0,10.0,2026-06-10T17:02:22Z,2026-06-10T17:09:09Z,407.0,35.72040428632227,PEAK,0.5012285012285013,2026-06-10T17:05:46Z,2026-06-10T17:05:16Z,2026-06-10T17:06:16Z,1.0,61,33.88791256705143,35.08465318362815,35.72040428632227,328608266,2026-06-10T08:46:33.686688Z,2026-06-10T16:06:49Z,8.320087031111111,0.9825,6-9 h,data/orbit_uncertainty_stage1/raw/spacetrack_gp/spacetrack_gp_history_20260529_20260701_20sat_omm.json,1F5A8BA23D1C8AE605C4142F44E424711D1D85014DB46C28BBC18C3ABC326A96,2026-06-10T16:56:42.000029Z,0.15111110305555556,data/orbit_uncertainty_stage1/june/sat000048672.csv,9CCC0F6B332261080A38A7EF3636C88202FADE4135B08985F943785C7A1E9415,96,False,SELECTED_FROZEN,-55.7913625435751,55.94778397206205,59.60940170288086,59.627729415893555,-12.009893417358398,-55.79136254357508,55.79136254357508,-0.21077161311851125,0.21077161311851125,1.9252917487873638,1.9252917487873638,190939.42641445587,226.11164739487106,0.0011842061728208498,0.9988157938271791,FINITE_NONZERO,0.7879240106637481,0.006930429390716558,0.1308218803237608,0.9953829170735511,True,33.88217807546871,35.08128173789178,35.717056728975194,5ca3cde9224d13756b406e0f935e3ed634f14202bea8cd4430c9d2c9c14ec5cc,False,NOT_APPLICABLE_STAGE_A,COMPLETE
legit_segment_57078536302fddacafac7870,legit_pass_50fdc2c27918b3b0cdb8c285,48672,STARLINK-2705,2026-06,CONFIRMATORY,controlled_example_station,52.21,5.16,14.0,11325000000.0,10.0,2026-06-02T21:10:50Z,2026-06-02T21:14:34Z,224.0,13.508460057328776,PEAK,0.5,2026-06-02T21:12:42Z,2026-06-02T21:12:12Z,2026-06-02T21:13:12Z,1.0,61,13.210125527528085,13.406418196860578,13.508460057328776,326644700,2026-06-02T00:19:35.988672Z,2026-06-02T10:48:41Z,20.885003146666666,10.400277777777777,18-24 h,data/orbit_uncertainty_stage1/raw/spacetrack_gp/spacetrack_gp_history_20260529_20260701_20sat_omm.json,1F5A8BA23D1C8AE605C4142F44E424711D1D85014DB46C28BBC18C3ABC326A96,2026-06-02T21:13:42.000010Z,0.016666669444444445,data/orbit_uncertainty_stage1/june/sat000048672.csv,9CCC0F6B332261080A38A7EF3636C88202FADE4135B08985F943785C7A1E9415,20,False,SELECTED_FROZEN,424.35133239871163,424.37458041541294,429.21798515319824,429.28137588500977,3.689849853515625,424.3513323987115,424.3513323987115,0.0631006238827439,0.0631006238827439,4.300798843034802,4.300798843034802,10985720.854668224,1128.3091119832193,0.00010270687985884518,0.9998972931201412,FINITE_NONZERO,0.06255695906723957,-0.015513558681800294,0.09509989915452192,0.9995110529250255,True,13.213524418420599,13.409193258496,13.511242973002693,74a60b229059757b20860646f6d8679d243573f071c6280f4aee4a3783e4d9b4,False,NOT_APPLICABLE_STAGE_A,COMPLETE
legit_segment_5755a8e2de2b6403f7930b4d,legit_pass_9d27820f35bb3a5db5f00699,65407,STARLINK-35035,2026-06,CONFIRMATORY,controlled_example_station,52.21,5.16,14.0,11325000000.0,10.0,2026-06-06T00:11:28Z,2026-06-06T00:18:54Z,446.0,79.11600584214395,RISING_25_PERCENT,0.25112107623318386,2026-06-06T00:13:20Z,2026-06-06T00:12:50Z,2026-06-06T00:13:50Z,1.0,61,21.322960718488396,28.403087858194382,37.25201165496961,327358352,2026-06-05T17:36:53.745696Z,2026-06-05T20:26:19Z,6.607292862222222,3.783611111111111,6-9 h,data/orbit_uncertainty_stage1/raw/spacetrack_gp/spacetrack_gp_history_20260529_20260701_20sat_omm.json,1F5A8BA23D1C8AE605C4142F44E424711D1D85014DB46C28BBC18C3ABC326A96,2026-06-06T00:35:42.000029Z,0.3727777858333333,data/orbit_uncertainty_stage1/june/sat000065407.csv,1D5D20428BDA125132468A3B81A5A0011425555B1C761A0A7A4BD8F31D76DA01,52,False,SELECTED_FROZEN,612.8791500154089,652.9357143873918,1020.5760898590088,1079.184534072876,766.3293056488037,612.8791500154088,612.8791500154088,12.579906050683586,12.579906050683586,40.56406492593992,40.56406492593992,26005827.874477,100372.045162268,0.003859598150335238,0.9961404018496648,FINITE_NONZERO,0.9675481806519121,0.14530290041521,4.85696264958621,0.9856633861089347,True,21.13364344494269,28.131406009208174,36.86610488509122,dbd8314f5ee632f8b8c1fc3e0d32fd35a30d8d15f7a42169a86519c2b982ebdf,False,NOT_APPLICABLE_STAGE_A,COMPLETE
legit_segment_57e3c56852d9b9c9e69b58ec,legit_pass_af515479e06fb4767de6ff3d,65411,STARLINK-34983,2026-06,CONFIRMATORY,controlled_example_station,52.21,5.16,14.0,11325000000.0,10.0,2026-06-06T23:43:04Z,2026-06-06T23:50:27Z,443.0,79.99921698156052,PEAK,0.49887133182844245,2026-06-06T23:46:45Z,2026-06-06T23:46:15Z,2026-06-06T23:47:15Z,1.0,61,63.50656006724494,73.03738547845168,79.99921698156052,327674076,2026-06-06T18:42:57.515904Z,2026-06-06T22:56:32Z,5.063190026666667,0.8369444444444445,0-6 h,data/orbit_uncertainty_stage1/raw/spacetrack_gp/spacetrack_gp_history_20260529_20260701_20sat_omm.json,1F5A8BA23D1C8AE605C4142F44E424711D1D85014DB46C28BBC18C3ABC326A96,2026-06-07T00:18:41.999990Z,0.5324999972222222,data/orbit_uncertainty_stage1/june/sat000065411.csv,26E105CAB95698D658010132E70DA6D62EE0D10BD67ED831612077EEE7C12C95,62,False,SELECTED_FROZEN,2220.0901734399013,2230.4282984192264,2447.81280708313,2450.7731342315674,-373.0532855987549,2220.090173439901,2220.090173439901,-6.85227623268261,6.85227623268261,177.3538057626259,177.3538057626259,303463434.05774635,1918716.7175277218,0.006322727888074342,0.9936772721119257,FINITE_NONZERO,0.31635815357899044,-0.6378876153576556,14.038567335082933,0.9937343727543003,True,63.149624583445195,73.00726544385931,79.97760119150087,307792d5b1e500b00aeedd8303a2e83722ce161f550e0fa687538616a4d89dd7,False,NOT_APPLICABLE_STAGE_A,COMPLETE
legit_segment_591bcfec828ea12627e79e99,legit_pass_93eaea58111976e5f7404a90,44714,STARLINK-1008,2026-06,CONFIRMATORY,controlled_example_station,52.21,5.16,14.0,11325000000.0,10.0,2026-06-01T21:42:51Z,2026-06-01T21:49:37Z,406.0,79.05231441322532,RISING_25_PERCENT,0.2512315270935961,2026-06-01T21:44:33Z,2026-06-01T21:44:03Z,2026-06-01T21:45:03Z,1.0,61,20.350259991530837,27.866000138244143,37.53113376526363,326575989,2026-06-01T09:00:48.874752Z,2026-06-01T18:19:01Z,12.72892368,3.4255555555555555,12-18 h,data/orbit_uncertainty_stage1/raw/spacetrack_gp/spacetrack_gp_history_20260529_20260701_20sat_omm.json,1F5A8BA23D1C8AE605C4142F44E424711D1D85014DB46C28BBC18C3ABC326A96,2026-06-01T23:13:41.999981Z,1.4858333280555556,data/orbit_uncertainty_stage1/june/sat000044714.csv,F91F0DA10678FA8B4BBDEBC15B9D96435ECFD92205FFA13417B9E47754646E40,10,False,SELECTED_FROZEN,-222.17688694938283,242.96277347379697,404.34979820251465,432.3022155761719,-336.2406921386719,-222.17688694938278,222.17688694938278,-5.462510971541384,5.462510971541384,20.45096829384017,20.45096829384017,3600885.4669388547,25512.768353495016,0.007085137416265464,0.9929148625837345,FINITE_NONZERO,0.9567410645961074,-0.07305401060036498,2.876283377343377,0.98021957621057,True,20.41783153198898,27.969139836796423,37.68633359960772,93a85d1dab623c8c120a4fb7b33c24ad183a18acd5fa4d75f8bcc552ddc15904,False,NOT_APPLICABLE_STAGE_A,COMPLETE
legit_segment_5951a215dfdf0e0d41185a31,legit_pass_3c2ffdcc5a07c751923922e2,58380,STARLINK-30915,2026-06,CONFIRMATORY,controlled_example_station,52.21,5.16,14.0,11325000000.0,10.0,2026-06-01T08:39:15Z,2026-06-01T08:44:14Z,299.0,17.30213646281323,RISING_25_PERCENT,0.2508361204013378,2026-06-01T08:40:30Z,2026-06-01T08:40:00Z,2026-06-01T08:41:00Z,1.0,61,13.114513012275676,14.892817174038704,16.40478909237542,326422776,2026-05-31T13:21:55.128384Z,2026-06-01T00:06:54Z,19.30968656,8.56,18-24 h,data/orbit_uncertainty_stage1/raw/spacetrack_gp/spacetrack_gp_history_20260529_20260701_20sat_omm.json,1F5A8BA23D1C8AE605C4142F44E424711D1D85014DB46C28BBC18C3ABC326A96,2026-06-01T09:22:42.000010Z,0.7033333361111112,data/orbit_uncertainty_stage1/june/sat000058380.csv,3EDD695EBC2FD369BB6D3F364CEB1C354CEB8FF41D75D9C0E85CB4203365E2E7,6,False,SELECTED_FROZEN,14.023210775656779,14.73329353677772,21.290708541870117,22.0230712890625,15.042184829711914,14.023210775656777,14.023210775656777,0.2562825332552842,0.2562825332552842,0.24180479382872275,0.24180479382872275,13241.266244892224,3.566643057431618,0.0002693581558944515,0.9997306418441055,FINITE_NONZERO,0.9971365819880066,0.0008611873385905855,0.03870371796290596,0.9743802103653502,False,13.107821799009836,14.885588865787469,16.397197337119646,babaa0926c433aa3be354fb86087e91cc5090e8ca5b6e00e5807f73f00fc6de7,False,NOT_APPLICABLE_STAGE_A,COMPLETE
legit_segment_59522491cd458bfe8715f4c4,legit_pass_cf41a4224e417c48ae40568a,47767,STARLINK-2185,2026-06,CONFIRMATORY,controlled_example_station,52.21,5.16,14.0,11325000000.0,10.0,2026-06-08T01:04:53Z,2026-06-08T01:08:38Z,225.0,14.441099396709989,SETTING_75_PERCENT,0.7511111111111111,2026-06-08T01:07:42Z,2026-06-08T01:07:12Z,2026-06-08T01:08:12Z,1.0,61,11.621457633914419,13.051573884594587,14.143520539256588,327889566,2026-06-07T15:19:45.619680Z,2026-06-08T00:26:29Z,9.798994533333332,0.6869444444444445,9-12 h,data/orbit_uncertainty_stage1/raw/spacetrack_gp/spacetrack_gp_history_20260529_20260701_20sat_omm.json,1F5A8BA23D1C8AE605C4142F44E424711D1D85014DB46C28BBC18C3ABC326A96,2026-06-08T01:08:41.999971Z,0.01666665861111111,data/orbit_uncertainty_stage1/june/sat000047767.csv,6E26A6FFCB0389E48C81BEEAD935A847B2444F9441CBE4C1AD8107642DE7DD5F,71,False,SELECTED_FROZEN,-310.090199361082,310.89203471033056,340.07705879211426,341.6142826080322,72.86827087402344,-310.09019936108194,310.09019936108194,1.2597384675226169,1.2597384675226169,2.4441347142460663,2.4441347142460663,5895885.292026092,364.40146458434475,6.180606415073587e-05,0.9999381939358493,FINITE_NONZERO,0.9880026340828213,0.008688437168310692,0.41819262978789884,0.9707246247643035,True,11.598511938124037,13.031543481929193,14.127591498271494,082d6d29a608d4327a621615a57a613331d6c59c5a74a907803e1558c0c6259a,False,NOT_APPLICABLE_STAGE_A,COMPLETE
legit_segment_5a4e5487d95294f0d1295212,legit_pass_20babad8d66448dd46730760,48458,STARLINK-2698,2026-06,CONFIRMATORY,controlled_example_station,52.21,5.16,14.0,11325000000.0,10.0,2026-06-23T12:20:30Z,2026-06-23T12:27:35Z,425.0,47.09980869907898,PEAK,0.4988235294117647,2026-06-23T12:24:02Z,2026-06-23T12:23:32Z,2026-06-23T12:24:32Z,1.0,61,43.5088963238998,45.82131239400092,47.09980869907898,330964544,2026-06-22T09:28:26.857056Z,2026-06-23T03:40:42Z,26.926428595555556,8.722222222222221,24-36 h,data/orbit_uncertainty_stage1/raw/spacetrack_gp/spacetrack_gp_history_20260529_20260701_20sat_omm.json,1F5A8BA23D1C8AE605C4142F44E424711D1D85014DB46C28BBC18C3ABC326A96,2026-06-23T10:40:42.000038Z,1.7222222116666666,data/orbit_uncertainty_stage1/june/sat000048458.csv,091BB60895838155D6E08F3AB53CB4B529B9EB7F826CA2A0FB9BFADE0198C1C6,233,False,SELECTED_FROZEN,10209.631308383628,10222.166828692165,10788.672451019287,10794.780466079712,221.47830390930176,10209.631308383625,10209.631308383625,4.209134153207744,4.209134153207744,500.6306116171117,500.6306116171117,6374054375.090481,15288491.566575523,0.002398550540504057,0.9976014494594959,FINITE_NONZERO,0.02144362853418358,-1.8042971013193743,23.471894100856847,0.9978018290145075,True,42.72419442049915,45.78659974249282,47.11589000833063,7202e4167737522b2874fd1eab02c85080e8c9c997aebda6aa52f0350bd1c724,False,NOT_APPLICABLE_STAGE_A,COMPLETE
legit_segment_5a811069da0d74610ac4568d,legit_pass_56fe6fcacbb76c0ebaa73d46,65407,STARLINK-35035,2026-06,CONFIRMATORY,controlled_example_station,52.21,5.16,14.0,11325000000.0,10.0,2026-06-02T05:25:43Z,2026-06-02T05:31:33Z,350.0,22.156413288437534,RISING_25_PERCENT,0.25142857142857145,2026-06-02T05:27:11Z,2026-06-02T05:26:41Z,2026-06-02T05:27:41Z,1.0,61,14.982946623252586,17.561578001216976,19.955725505286274,326554234,2026-06-01T03:53:10.688064Z,2026-06-01T10:22:25Z,25.566753315555555,19.079444444444444,24-36 h,data/orbit_uncertainty_stage1/raw/spacetrack_gp/spacetrack_gp_history_20260529_20260701_20sat_omm.json,1F5A8BA23D1C8AE605C4142F44E424711D1D85014DB46C28BBC18C3ABC326A96,2026-06-02T05:13:41.999981Z,0.22472222749999998,data/orbit_uncertainty_stage1/june/sat000065407.csv,1D5D20428BDA125132468A3B81A5A0011425555B1C761A0A7A4BD8F31D76DA01,13,False,SELECTED_FROZEN,1909.5342603276988,1931.28711633762,2360.269693374634,2401.5784912109375,959.6465797424316,1909.5342603276983,1909.5342603276983,16.411936944530865,16.411936944530865,7.057998465508356,7.057998465508356,227522065.4696325,3038.7358826862164,1.3355785411027741e-05,0.9999866442145889,FINITE_NONZERO,0.9994037577816988,0.02272342582739384,3.185915020723032,0.7962464164117941,True,14.837864497792873,17.427383519418957,19.845311594054067,87cc49569ae9e277bfc7c826171b4f214893720a7ea8362180dc1f316526cabe,False,NOT_APPLICABLE_STAGE_A,COMPLETE
legit_segment_5a934c4e0e60e73ebe9a8465,legit_pass_e1ae6d3009aa5a33d5cb712d,48111,STARLINK-2448,2026-06,CONFIRMATORY,controlled_example_station,52.21,5.16,14.0,11325000000.0,10.0,2026-06-01T17:19:19Z,2026-06-01T17:22:47Z,208.0,13.221249858869543,RISING_25_PERCENT,0.25,2026-06-01T17:20:11Z,2026-06-01T17:19:41Z,2026-06-01T17:20:41Z,1.0,61,11.104477748116693,12.232193912238431,13.051457159192427,326542259,2026-06-01T01:31:05.604384Z,2026-06-01T10:22:25Z,15.81816544888889,6.962777777777778,12-18 h,data/orbit_uncertainty_stage1/raw/spacetrack_gp/spacetrack_gp_history_20260529_20260701_20sat_omm.json,1F5A8BA23D1C8AE605C4142F44E424711D1D85014DB46C28BBC18C3ABC326A96,2026-06-01T17:17:42Z,0.04138888888888889,data/orbit_uncertainty_stage1/june/sat000048111.csv,63E98DFF9634CD904EDA2CF3528E739282097399B04E926A453B20B62792D5D5,8,False,SELECTED_FROZEN,-398.0957346744225,398.88435404389264,431.57507514953613,433.3018989562988,-82.14813995361328,-398.0957346744224,398.0957346744224,-1.41425549039634,1.41425549039634,2.9115582579208756,2.9115582579208756,9705632.401961822,517.1074608453018,5.327911046175391e-05,0.9999467208895383,FINITE_NONZERO,0.9865123571386585,0.010407646303594031,0.39536659449181266,0.9815605070349278,True,11.119602731169559,12.242509987874621,13.055952567016375,d54349d4274623e24a91023703c37ce5c51500abc076acce91eb465301ff8b8c,False,NOT_APPLICABLE_STAGE_A,COMPLETE
legit_segment_5ac35751807be57797c9d6e0,legit_pass_76f34f0837c3b68a1c3c03cf,47749,STARLINK-2163,2026-06,CONFIRMATORY,controlled_example_station,52.21,5.16,14.0,11325000000.0,10.0,2026-06-01T23:22:54Z,2026-06-01T23:28:40Z,346.0,73.06065412087908,RISING_25_PERCENT,0.2514450867052023,2026-06-01T23:24:21Z,2026-06-01T23:23:51Z,2026-06-01T23:24:51Z,1.0,61,18.76863771986616,26.99437500902229,38.09446869952901,326577115,2026-06-01T14:00:01.999872Z,2026-06-01T18:19:01Z,9.405277813333333,5.088888888888889,9-12 h,data/orbit_uncertainty_stage1/raw/spacetrack_gp/spacetrack_gp_history_20260529_20260701_20sat_omm.json,1F5A8BA23D1C8AE605C4142F44E424711D1D85014DB46C28BBC18C3ABC326A96,2026-06-01T22:14:42Z,1.1608333333333334,data/orbit_uncertainty_stage1/june/sat000047749.csv,0CE3EE486737D6898F4E0960379BB2CF5D672CBD2C80BC161C0E3F96D2261670,10,False,SELECTED_FROZEN,128.0685061470407,140.0420024875726,234.96587753295898,252.23267364501953,194.66797637939453,128.06850614704067,128.06850614704067,3.1315118537511486,3.1315118537511486,13.047857373441486,13.047857373441486,1196317.510104487,10385.041504297953,0.008680840509799876,0.9913191594902001,FINITE_NONZERO,0.9469673194517471,0.0464761357003316,2.0778128193465633,0.9746408646765925,True,18.737587611694135,26.944903986344904,38.01738204196504,73a796148e87b98716d88080ba5b1d767e53c809eca175a19fca603fb8efadf5,False,NOT_APPLICABLE_STAGE_A,COMPLETE
legit_segment_5ad854f2e12c745a912e8e61,legit_pass_f464f5ad4ec38edd583a0ece,47767,STARLINK-2185,2026-06,CONFIRMATORY,controlled_example_station,52.21,5.16,14.0,11325000000.0,10.0,2026-06-14T15:55:40Z,2026-06-14T16:00:48Z,308.0,21.57960477699093,RISING_25_PERCENT,0.25,2026-06-14T15:56:57Z,2026-06-14T15:56:27Z,2026-06-14T15:57:27Z,1.0,61,14.385976772342834,17.181738282353702,19.749531975047322,329360502,2026-06-14T12:36:33.980256Z,2026-06-14T15:06:49Z,3.3397277066666664,0.8355555555555556,0-6 h,data/orbit_uncertainty_stage1/raw/spacetrack_gp/spacetrack_gp_history_20260529_20260701_20sat_omm.json,1F5A8BA23D1C8AE605C4142F44E424711D1D85014DB46C28BBC18C3ABC326A96,2026-06-14T16:23:42Z,0.44583333333333336,data/orbit_uncertainty_stage1/june/sat000047767.csv,6E26A6FFCB0389E48C81BEEAD935A847B2444F9441CBE4C1AD8107642DE7DD5F,136,False,SELECTED_FROZEN,-29.365094481921588,29.378481671251244,30.223026275634766,30.231287002563477,-2.3975162506103516,-29.36509448192158,29.36509448192158,-0.0449163262393978,0.0449163262393978,0.40124020658705967,0.40124020658705967,52648.806303790756,9.820615906303605,0.00018653064705090024,0.9998134693529491,FINITE_NONZERO,0.7952805512188627,0.0014310427588829083,0.06065804208786761,0.9771457020203916,False,14.38951425128569,17.18436061747311,19.750973384556037,842d71c9a1e04a5c9bba2c27666b2c2a2f4f5bdbfd5beb0f44bfda60c1e8c849,False,NOT_APPLICABLE_STAGE_A,COMPLETE
legit_segment_5b07c2d028ba92659409956a,legit_pass_dabb898a8d588b14d1c86f0e,65409,STARLINK-35022,2026-06,CONFIRMATORY,controlled_example_station,52.21,5.16,14.0,11325000000.0,10.0,2026-06-01T06:20:33Z,2026-06-01T06:24:12Z,219.0,13.340204726042698,RISING_25_PERCENT,0.2511415525114155,2026-06-01T06:21:28Z,2026-06-01T06:20:58Z,2026-06-01T06:21:58Z,1.0,61,11.2337754150707,12.331105985137999,13.142113086317842,326441202,2026-05-31T20:00:01.999008Z,2026-06-01T00:06:54Z,10.357222497777778,6.2427777777777775,9-12 h,data/orbit_uncertainty_stage1/raw/spacetrack_gp/spacetrack_gp_history_20260529_20260701_20sat_omm.json,1F5A8BA23D1C8AE605C4142F44E424711D1D85014DB46C28BBC18C3ABC326A96,2026-06-01T07:05:42Z,0.7372222222222222,data/orbit_uncertainty_stage1/june/sat000065409.csv,C82A923C1B14CF8F30B1B5DDBB30C6CB9AE3A8DB51A9A3F182BEC8348A9F0DF5,5,False,SELECTED_FROZEN,121.58713159404817,121.80818224895721,131.47004318237305,132.00722312927246,24.087238311767578,121.58713159404816,121.58713159404816,0.4140853933276859,0.4140853933276859,0.8049922402812388,0.8049922402812388,905071.2290305056,39.52876292169348,4.367475360368698e-05,0.9999563252463963,FINITE_NONZERO,0.9879557608655718,-0.0028781371880735596,0.10806138381449232,0.9819798807162983,False,11.227443538937761,12.325989477719423,13.138514112348702,41a74cd905b33dcf2e6905cb75dd2c77a9e010cd2652a348f68db2fec641b0ee,False,NOT_APPLICABLE_STAGE_A,COMPLETE
legit_segment_5b150277530754a9b9af14b2,legit_pass_3e044755f6f62b0f987dc82c,48672,STARLINK-2705,2026-06,CONFIRMATORY,controlled_example_station,52.21,5.16,14.0,11325000000.0,10.0,2026-06-21T12:59:53Z,2026-06-21T13:06:37Z,404.0,34.86261914635035,SETTING_75_PERCENT,0.75,2026-06-21T13:04:56Z,2026-06-21T13:04:26Z,2026-06-21T13:05:26Z,1.0,61,18.151118674857795,22.593002020624034,27.31592866916909,330889072,2026-06-20T11:30:26.051616Z,2026-06-20T16:06:57Z,25.574985662222222,20.96638888888889,24-36 h,data/orbit_uncertainty_stage1/raw/spacetrack_gp/spacetrack_gp_history_20260529_20260701_20sat_omm.json,1F5A8BA23D1C8AE605C4142F44E424711D1D85014DB46C28BBC18C3ABC326A96,2026-06-21T12:52:41.999981Z,0.20388889416666664,data/orbit_uncertainty_stage1/june/sat000048672.csv,9CCC0F6B332261080A38A7EF3636C88202FADE4135B08985F943785C7A1E9415,214,False,SELECTED_FROZEN,1217.7443971164892,1251.48476359184,1700.4398193359375,1754.6488437652588,-965.1306438446045,1217.744397116489,1217.744397116489,-16.321490740864327,16.321490740864327,27.045668648506027,27.045668648506027,95539060.92365393,44619.5597513317,0.00046702949892910885,0.9995329705010709,FINITE_NONZERO,0.9912202074738488,0.09742569891071895,1.5263190915630829,0.9968151042072703,True,18.311799913971946,22.772989992992965,27.505284051776005,805ad24284b77e225e2cb732b51df72dc4bd20ee83d771f2d33e9c41ca362379,False,NOT_APPLICABLE_STAGE_A,COMPLETE
legit_segment_5b40136c9f46a29b483b6702,legit_pass_545a0fe472bef8c6f60a4f46,65409,STARLINK-35022,2026-06,CONFIRMATORY,controlled_example_station,52.21,5.16,14.0,11325000000.0,10.0,2026-06-03T00:23:58Z,2026-06-03T00:31:19Z,441.0,76.6859669868966,SETTING_75_PERCENT,0.7505668934240363,2026-06-03T00:29:29Z,2026-06-03T00:28:59Z,2026-06-03T00:29:59Z,1.0,61,21.0660758754846,28.073379958528726,36.82327292503256,326691403,2026-06-02T06:54:06.756480Z,2026-06-02T18:52:58Z,17.58951208888889,5.608611111111111,12-18 h,data/orbit_uncertainty_stage1/raw/spacetrack_gp/spacetrack_gp_history_20260529_20260701_20sat_omm.json,1F5A8BA23D1C8AE605C4142F44E424711D1D85014DB46C28BBC18C3ABC326A96,2026-06-02T23:29:41.999971Z,0.9963888969444444,data/orbit_uncertainty_stage1/june/sat000065409.csv,C82A923C1B14CF8F30B1B5DDBB30C6CB9AE3A8DB51A9A3F182BEC8348A9F0DF5,22,False,SELECTED_FROZEN,1372.8724788290556,1453.5516948178927,2235.4013538360596,2358.433853149414,-1624.0886669158936,1372.8724788290554,1372.8724788290554,-26.691669798779923,26.691669798779923,84.7092853300723,84.7092853300723,128881564.29998605,437715.4442890278,0.0033962611073698394,0.9966037388926302,FINITE_NONZERO,0.9685324430131809,0.30353661584538116,9.90337087772689,0.9863320289075751,True,21.480862523394922,28.656279130203085,37.636461996079866,b662c6663d943c96da44c9dc58f31e5e88a6771a3313c255a952474b895450ad,False,NOT_APPLICABLE_STAGE_A,COMPLETE
legit_segment_5dfee2076b2711a466af06d0,legit_pass_625a2660989f1b665bd10e73,44714,STARLINK-1008,2026-06,CONFIRMATORY,controlled_example_station,52.21,5.16,14.0,11325000000.0,10.0,2026-06-01T01:43:07Z,2026-06-01T01:48:36Z,329.0,23.152578111509186,PEAK,0.5015197568389058,2026-06-01T01:45:52Z,2026-06-01T01:45:22Z,2026-06-01T01:46:22Z,1.0,61,22.311614935573683,22.859475893106158,23.152578111509186,326323666,2026-05-31T06:40:14.651904Z,2026-05-31T16:16:51Z,19.093707804444445,9.483611111111111,18-24 h,data/orbit_uncertainty_stage1/raw/spacetrack_gp/spacetrack_gp_history_20260529_20260701_20sat_omm.json,1F5A8BA23D1C8AE605C4142F44E424711D1D85014DB46C28BBC18C3ABC326A96,2026-06-01T02:55:42.000010Z,1.1638888916666665,data/orbit_uncertainty_stage1/june/sat000044714.csv,F91F0DA10678FA8B4BBDEBC15B9D96435ECFD92205FFA13417B9E47754646E40,2,False,SELECTED_FROZEN,1331.1001445269976,1331.4737804682136,1366.3162097930908,1366.6116218566895,-21.767309188842773,1331.1001445269974,1331.1001445269974,-0.37396542132058624,0.37396542132058624,30.846065750057445,30.846065750057445,108142168.11253333,58040.26610766888,0.0005367033703936087,0.9994632966296064,FINITE_NONZERO,0.043578699701317336,-0.11124623667408334,0.895162459727971,0.9991578214769553,True,22.26413789188078,22.847960725133497,23.141416021336575,2957912d6f23533fa1fbcd73c833fc3924a2467342f46b26a4b70123de6e2be8,False,NOT_APPLICABLE_STAGE_A,COMPLETE
legit_segment_5e195263efd6da5e1a449c7e,legit_pass_09b88633f7f81d2ed75c2186,65686,STARLINK-35137,2026-06,CONFIRMATORY,controlled_example_station,52.21,5.16,14.0,11325000000.0,10.0,2026-06-13T02:02:21Z,2026-06-13T02:08:33Z,372.0,26.95566987499069,PEAK,0.5,2026-06-13T02:05:27Z,2026-06-13T02:04:57Z,2026-06-13T02:05:57Z,1.0,61,25.94710452649429,26.61027892045993,26.95566987499069,328918670,2026-06-11T23:14:09.376512Z,2026-06-12T12:00:27Z,26.85489541333333,14.083333333333334,24-36 h,data/orbit_uncertainty_stage1/raw/spacetrack_gp/spacetrack_gp_history_20260529_20260701_20sat_omm.json,1F5A8BA23D1C8AE605C4142F44E424711D1D85014DB46C28BBC18C3ABC326A96,2026-06-13T01:17:41.999971Z,0.7958333413888888,data/orbit_uncertainty_stage1/june/sat000065686.csv,B6BC6FF15B3CA146A8A5647889EB05C3E5134E71663266D0DFF94290D3AA7A5B,121,False,SELECTED_FROZEN,5346.3075416127185,5347.851931356159,5491.578176498413,5492.795072555542,31.449771881103516,5346.307541612718,5346.307541612718,0.558457638737008,0.558457638737008,128.1376953716029,128.1376953716029,1744570737.0622978,1001575.4074838877,0.0005741099436130929,0.9994258900563869,FINITE_NONZERO,0.0058538097065612416,-0.4621221496209017,3.7757750740860723,0.9991317227684332,True,25.831030265433718,26.61948103170351,26.970649870549668,b30a41b27e371577bee883b6f0357dfc6fb93771022940bd1020da64d3f674a8,False,NOT_APPLICABLE_STAGE_A,COMPLETE
legit_segment_5e688edbb3013a7e37082d64,legit_pass_5a17c7801cd82b0fcabd0703,48458,STARLINK-2698,2026-06,CONFIRMATORY,controlled_example_station,52.21,5.16,14.0,11325000000.0,10.0,2026-06-06T19:28:24Z,2026-06-06T19:35:45Z,441.0,79.5525671528907,PEAK,0.4988662131519274,2026-06-06T19:32:04Z,2026-06-06T19:31:34Z,2026-06-06T19:32:34Z,1.0,61,63.11388911423691,72.71437972770673,79.5525671528907,327592185,2026-06-06T14:30:00.771840Z,2026-06-06T17:50:36Z,5.034230044444444,1.691111111111111,0-6 h,data/orbit_uncertainty_stage1/raw/spacetrack_gp/spacetrack_gp_history_20260529_20260701_20sat_omm.json,1F5A8BA23D1C8AE605C4142F44E424711D1D85014DB46C28BBC18C3ABC326A96,2026-06-06T18:23:41.999971Z,1.1394444525,data/orbit_uncertainty_stage1/june/sat000048458.csv,091BB60895838155D6E08F3AB53CB4B529B9EB7F826CA2A0FB9BFADE0198C1C6,59,False,SELECTED_FROZEN,-981.3161162079358,985.2871859088282,1078.8054084777832,1079.9155368804932,123.69278335571289,-981.3161162079357,981.3161162079357,2.2756118276143202,2.2756118276143202,78.76682003113906,78.76682003113906,59218241.16168441,378456.9282068889,0.006390884308326256,0.9936091156916738,FINITE_NONZERO,0.20555771651703758,0.28341353337075303,5.825975173197098,0.9945292025709478,True,63.3065160380967,72.72074230215065,79.55492407574879,e065bfb8799cad8a9a7a1be23ee0e3588ae1d897a5887fd8d948ff2d8068f323,False,NOT_APPLICABLE_STAGE_A,COMPLETE
legit_segment_5efa5cfe231c247377fa821c,legit_pass_5ac89aeada66cdd1b73484e0,48458,STARLINK-2698,2026-06,CONFIRMATORY,controlled_example_station,52.21,5.16,14.0,11325000000.0,10.0,2026-06-05T21:37:13Z,2026-06-05T21:44:35Z,442.0,76.83448184990611,RISING_25_PERCENT,0.251131221719457,2026-06-05T21:39:04Z,2026-06-05T21:38:34Z,2026-06-05T21:39:34Z,1.0,61,21.163291830975805,28.20141067364516,36.99140071383014,327310944,2026-06-05T15:00:35.831808Z,2026-06-05T20:06:26Z,6.641157831111111,1.5438888888888889,6-9 h,data/orbit_uncertainty_stage1/raw/spacetrack_gp/spacetrack_gp_history_20260529_20260701_20sat_omm.json,1F5A8BA23D1C8AE605C4142F44E424711D1D85014DB46C28BBC18C3ABC326A96,2026-06-05T21:28:42.000038Z,0.1727777672222222,data/orbit_uncertainty_stage1/june/sat000048458.csv,091BB60895838155D6E08F3AB53CB4B529B9EB7F826CA2A0FB9BFADE0198C1C6,51,False,SELECTED_FROZEN,279.3073238622947,294.65873106748177,448.7642822265625,472.90699005126953,319.23083114624023,279.3073238622946,279.3073238622946,5.247420220095164,5.247420220095164,16.589356577036273,16.589356577036273,5296249.83545221,16787.611850043453,0.0031697167565000405,0.9968302832435,FINITE_NONZERO,0.9687662101417609,0.05944645545056293,1.934186118255092,0.9864063075569321,True,21.07651196290362,28.081114057081,36.825260182985524,f09ec5c095edb88dd0a52e2300804f7bfe816b35b8376273db92905f27038219,False,NOT_APPLICABLE_STAGE_A,COMPLETE
legit_segment_5fb900489c8e4ee194cc5e27,legit_pass_e7b9591751e39e1b9298200b,65405,STARLINK-34830,2026-06,CONFIRMATORY,controlled_example_station,52.21,5.16,14.0,11325000000.0,10.0,2026-06-01T01:53:19Z,2026-06-01T02:00:41Z,442.0,81.30581884010205,RISING_25_PERCENT,0.251131221719457,2026-06-01T01:55:10Z,2026-06-01T01:54:40Z,2026-06-01T01:55:40Z,1.0,61,21.343193499171075,28.5193963050683,37.52831279900433,326369629,2026-05-31T13:03:34.478784Z,2026-05-31T16:46:17Z,12.859867004444444,9.148055555555555,12-18 h,data/orbit_uncertainty_stage1/raw/spacetrack_gp/spacetrack_gp_history_20260529_20260701_20sat_omm.json,1F5A8BA23D1C8AE605C4142F44E424711D1D85014DB46C28BBC18C3ABC326A96,2026-06-01T00:26:42.000029Z,1.474444436388889,data/orbit_uncertainty_stage1/june/sat000065405.csv,10707AFA6592FB845A94CB76E13C89BAD9EFA77F9A31B0B3C5036D80E7E87A62,2,False,SELECTED_FROZEN,408.73789462105174,436.37006458253575,686.1444282531738,726.3197402954102,520.336259841919,408.7378946210517,408.7378946210517,8.532266736144056,8.532266736144056,28.005326474373234,28.005326474373234,11615548.82908975,47842.19696711005,0.004118806409499567,0.9958811935905004,FINITE_NONZERO,0.9664143238250607,0.10028708720126644,3.4207143615650693,0.9850805661822101,True,21.217230813676473,28.337088480896217,37.26719298537551,edbab5e0621ce132f230c46d87492b13e6302244b97a22b3a0e9c7b9c2417bc1,False,NOT_APPLICABLE_STAGE_A,COMPLETE
legit_segment_6009d9a1ede9d3258cd3bed6,legit_pass_e0ad56b72a70760aee79b8f1,58380,STARLINK-30915,2026-06,CONFIRMATORY,controlled_example_station,52.21,5.16,14.0,11325000000.0,10.0,2026-06-03T01:09:16Z,2026-06-03T01:14:47Z,331.0,20.036369135811498,RISING_25_PERCENT,0.25075528700906347,2026-06-03T01:10:39Z,2026-06-03T01:10:09Z,2026-06-03T01:11:09Z,1.0,61,14.237080892142272,16.47749791742542,18.484218334984803,326617437,2026-06-01T14:26:45.904416Z,2026-06-02T07:37:26Z,34.73141544,17.55361111111111,24-36 h,data/orbit_uncertainty_stage1/raw/spacetrack_gp/spacetrack_gp_history_20260529_20260701_20sat_omm.json,1F5A8BA23D1C8AE605C4142F44E424711D1D85014DB46C28BBC18C3ABC326A96,2026-06-03T00:14:41.999971Z,0.9325000080555556,data/orbit_uncertainty_stage1/june/sat000058380.csv,3EDD695EBC2FD369BB6D3F364CEB1C354CEB8FF41D75D9C0E85CB4203365E2E7,23,False,SELECTED_FROZEN,942.6840171501285,951.4136820733559,1139.5954284667969,1156.6877632141113,426.3505344390869,942.6840171501283,942.6840171501283,7.302707897248817,7.302707897248817,1.6370797138314854,1.6370797138314854,55216467.660619214,163.48182935575326,2.96074407295615e-06,0.9999970392559271,FINITE_NONZERO,0.9998379161652776,0.001871239108590217,1.552755296960042,0.10036491317675778,False,14.172320151989519,16.419303479633086,18.438153792454216,6ef7db6de71c1dc2d062133e1376f6a2dbcc22ec57637ecbdefb3aaa872b8fa2,False,NOT_APPLICABLE_STAGE_A,COMPLETE
legit_segment_60435c5945d5893c2bd327dc,legit_pass_ca68ef8c42db1b299741ad2f,58380,STARLINK-30915,2026-06,CONFIRMATORY,controlled_example_station,52.21,5.16,14.0,11325000000.0,10.0,2026-06-08T23:45:41Z,2026-06-08T23:52:30Z,409.0,38.5420438893302,RISING_25_PERCENT,0.24938875305623473,2026-06-08T23:47:23Z,2026-06-08T23:46:53Z,2026-06-08T23:47:53Z,1.0,61,18.70435094860119,23.617745783131667,28.99690258774965,328153995,2026-06-08T20:00:03.000384Z,2026-06-08T23:46:52Z,3.788888782222222,0.008611111111111111,0-6 h,data/orbit_uncertainty_stage1/raw/spacetrack_gp/spacetrack_gp_history_20260529_20260701_20sat_omm.json,1F5A8BA23D1C8AE605C4142F44E424711D1D85014DB46C28BBC18C3ABC326A96,2026-06-08T22:22:42.000038Z,1.4113888783333333,data/orbit_uncertainty_stage1/june/sat000058380.csv,3EDD695EBC2FD369BB6D3F364CEB1C354CEB8FF41D75D9C0E85CB4203365E2E7,80,False,SELECTED_FROZEN,8.035046311675526,9.549480516611583,17.108373641967773,18.285526275634766,17.378986358642578,8.035046311675524,8.035046311675524,0.2898261993666418,0.2898261993666418,0.7686669605147232,0.7686669605147232,5562.747266365797,36.041782667403524,0.006479133590217916,0.9935208664097821,FINITE_NONZERO,0.9778131661103127,0.0027663528270168714,0.05461845698469815,0.994951034244726,False,18.706502837439263,23.61989893683208,28.999161513954572,a4a27946604c14231ecbbbacf6c35f886a4cb60e101fdfc3bdb8fc03e63bcad2,False,NOT_APPLICABLE_STAGE_A,COMPLETE
legit_segment_60737a3873d4d825b913fbd9,legit_pass_50fdc2c27918b3b0cdb8c285,48672,STARLINK-2705,2026-06,CONFIRMATORY,controlled_example_station,52.21,5.16,14.0,11325000000.0,10.0,2026-06-02T21:10:50Z,2026-06-02T21:14:34Z,224.0,13.508460057328776,SETTING_75_PERCENT,0.75,2026-06-02T21:13:38Z,2026-06-02T21:13:08Z,2026-06-02T21:14:08Z,1.0,61,11.296786117310997,12.433734269034803,13.283175977276455,326644700,2026-06-02T00:19:35.988672Z,2026-06-02T10:48:41Z,20.90055870222222,10.415833333333333,18-24 h,data/orbit_uncertainty_stage1/raw/spacetrack_gp/spacetrack_gp_history_20260529_20260701_20sat_omm.json,1F5A8BA23D1C8AE605C4142F44E424711D1D85014DB46C28BBC18C3ABC326A96,2026-06-02T21:13:42.000010Z,0.0011111138888888889,data/orbit_uncertainty_stage1/june/sat000048672.csv,9CCC0F6B332261080A38A7EF3636C88202FADE4135B08985F943785C7A1E9415,20,False,SELECTED_FROZEN,384.0188903183234,384.8174001501704,417.9063186645508,419.88037490844727,-81.49698448181152,384.01889031832326,384.01889031832326,-1.4005007838143808,1.4005007838143808,2.4266394305406327,2.4266394305406327,9033150.318958517,359.20331447712846,3.976501018955068e-05,0.9999602349898105,FINITE_NONZERO,0.9904082829715535,-0.00865946476303936,0.3581606193771673,0.9782156219882847,True,11.31561448956467,12.4480035622699,13.291851961808064,a5dff2970ca83a922352cb0e600ec82076e1b9aa736e9111322b912b59c3aaee,False,NOT_APPLICABLE_STAGE_A,COMPLETE
legit_segment_6097932ba143d1d7dbdbd5b5,legit_pass_1d65549148f5641898c2da46,48672,STARLINK-2705,2026-06,CONFIRMATORY,controlled_example_station,52.21,5.16,14.0,11325000000.0,10.0,2026-06-10T10:34:32Z,2026-06-10T10:36:24Z,112.0,10.774648336296222,RISING_25_PERCENT,0.26785714285714285,2026-06-10T10:35:02Z,2026-06-10T10:34:32Z,2026-06-10T10:35:32Z,1.0,61,10.021104282083945,10.535925561919832,10.774648336296222,328494318,2026-06-09T23:22:48.192096Z,2026-06-10T07:17:33Z,11.20383552888889,3.2913888888888887,9-12 h,data/orbit_uncertainty_stage1/raw/spacetrack_gp/spacetrack_gp_history_20260529_20260701_20sat_omm.json,1F5A8BA23D1C8AE605C4142F44E424711D1D85014DB46C28BBC18C3ABC326A96,2026-06-10T10:26:41.999971Z,0.13888889694444445,data/orbit_uncertainty_stage1/june/sat000048672.csv,9CCC0F6B332261080A38A7EF3636C88202FADE4135B08985F943785C7A1E9415,94,False,SELECTED_FROZEN,-489.068543262169,489.21275965199294,500.69231605529785,500.7457904815674,-37.16435241699219,-489.068543262169,489.068543262169,-0.6388484270972339,0.6388484270972339,3.816376654513874,3.816376654513874,14599076.576585434,888.4485769162292,6.085649131679722e-05,0.9999391435086832,FINITE_NONZERO,0.8967656831694972,0.01375381014326782,0.1824215456964192,0.9977151915224668,True,10.029962335443628,10.539006665330318,10.772568039861762,5ade6c1349a0f9a4bd3baa0741ddedf83692dc9ce0e29546716e97352f438bac,False,NOT_APPLICABLE_STAGE_A,COMPLETE
legit_segment_618eaab1b78503c713dd2f4a,legit_pass_0e0c4f207e7ef155af769f01,58380,STARLINK-30915,2026-06,CONFIRMATORY,controlled_example_station,52.21,5.16,14.0,11325000000.0,10.0,2026-06-01T02:07:52Z,2026-06-01T02:13:58Z,366.0,24.482729020216482,SETTING_75_PERCENT,0.7513661202185792,2026-06-01T02:12:27Z,2026-06-01T02:11:57Z,2026-06-01T02:12:57Z,1.0,61,15.653445168616239,18.599962424970876,21.430143076125475,326422776,2026-05-31T13:21:55.128384Z,2026-06-01T00:06:54Z,12.842186559999998,2.0925,12-18 h,data/orbit_uncertainty_stage1/raw/spacetrack_gp/spacetrack_gp_history_20260529_20260701_20sat_omm.json,1F5A8BA23D1C8AE605C4142F44E424711D1D85014DB46C28BBC18C3ABC326A96,2026-06-01T02:55:42.000010Z,0.7208333361111112,data/orbit_uncertainty_stage1/june/sat000058380.csv,3EDD695EBC2FD369BB6D3F364CEB1C354CEB8FF41D75D9C0E85CB4203365E2E7,3,False,SELECTED_FROZEN,-292.73171775067436,298.784797452762,389.22180366516113,398.9966640472412,199.28280067443848,-292.7317177506743,292.7317177506743,3.3931872827296927,3.3931872827296927,3.353122659134283,3.353122659134283,5445613.6665221695,685.8493255991857,0.0001259452777224283,0.9998740547222775,FINITE_NONZERO,0.9968598122588115,-0.011967953249571117,0.4905538605954524,0.9785970067317237,True,15.622818682829852,18.56850557516768,21.40016156950177,b4419444d54a5340726793eae67834db55d0811cd2b28978dc6777034bad25a8,False,NOT_APPLICABLE_STAGE_A,COMPLETE
legit_segment_61967b0616e7917e534c2c87,legit_pass_8afaa3ef46afcbfaa133ccbf,47749,STARLINK-2163,2026-06,CONFIRMATORY,controlled_example_station,52.21,5.16,14.0,11325000000.0,10.0,2026-06-21T12:50:13Z,2026-06-21T12:55:20Z,307.0,34.7410927876987,PEAK,0.498371335504886,2026-06-21T12:52:46Z,2026-06-21T12:52:16Z,2026-06-21T12:53:16Z,1.0,61,31.508232815338502,33.6018259123171,34.7410927876987,330881914,2026-06-20T10:00:01.998720Z,2026-06-20T15:56:36Z,26.878889244444444,20.93611111111111,24-36 h,data/orbit_uncertainty_stage1/raw/spacetrack_gp/spacetrack_gp_history_20260529_20260701_20sat_omm.json,1F5A8BA23D1C8AE605C4142F44E424711D1D85014DB46C28BBC18C3ABC326A96,2026-06-21T13:30:41.999990Z,0.6322222194444443,data/orbit_uncertainty_stage1/june/sat000047749.csv,0CE3EE486737D6898F4E0960379BB2CF5D672CBD2C80BC161C0E3F96D2261670,212,False,SELECTED_FROZEN,-7818.603465846328,7836.107715996215,8424.063287734985,8428.65078163147,286.51711654663086,-7818.603465846327,7818.603465846327,5.3823086953932355,5.3823086953932355,514.8237698616234,514.8237698616234,3745679632.338421,16167654.354886565,0.004316347349971607,0.9956836526500283,FINITE_NONZERO,0.032772557053627804,1.8543488543425055,29.939874879914044,0.9966179285271031,True,31.20386567260345,33.57807425841286,34.72721777288928,70f440982c5f1c658e555d555843d5108f4c0856e55ad55af405e230cc62ac80,False,NOT_APPLICABLE_STAGE_A,COMPLETE
legit_segment_61c1ce97e9843448b36c1fbc,legit_pass_95123bc96545fe0cebd547f2,47767,STARLINK-2185,2026-06,CONFIRMATORY,controlled_example_station,52.21,5.16,14.0,11325000000.0,10.0,2026-06-01T00:27:24Z,2026-06-01T00:34:03Z,399.0,73.33483226394719,PEAK,0.49874686716791977,2026-06-01T00:30:43Z,2026-06-01T00:30:13Z,2026-06-01T00:31:13Z,1.0,61,58.462746736139,67.29966803281962,73.33483226394719,326327644,2026-05-31T10:12:02.566080Z,2026-05-31T16:16:51Z,14.311231644444446,8.231111111111112,12-18 h,data/orbit_uncertainty_stage1/raw/spacetrack_gp/spacetrack_gp_history_20260529_20260701_20sat_omm.json,1F5A8BA23D1C8AE605C4142F44E424711D1D85014DB46C28BBC18C3ABC326A96,2026-06-01T00:30:41.999962Z,0.0002777883333333333,data/orbit_uncertainty_stage1/june/sat000047767.csv,6E26A6FFCB0389E48C81BEEAD935A847B2444F9441CBE4C1AD8107642DE7DD5F,2,False,SELECTED_FROZEN,1229.4209911784187,1235.3230672124664,1373.1193466186523,1374.2830600738525,-26.629962921142578,1229.4209911784187,1229.4209911784187,-0.49351677947546413,0.49351677947546413,120.29797839318556,120.29797839318556,93087407.90362018,882767.8199347276,0.009483214108278942,0.9905167858917211,FINITE_NONZERO,0.005190257585163116,-0.4327060832101809,9.413798487875207,0.9938763108508086,True,58.2649544162048,67.30209128329057,73.33866339835086,120bff47e5ad8af2104ea29d8ebd09d0da194d7a58a9266fdad63dd8e7b4a754,False,NOT_APPLICABLE_STAGE_A,COMPLETE
legit_segment_625944e5428a228a0d96e814,legit_pass_021e2a748f3438f26011c15e,65693,STARLINK-35060,2026-06,CONFIRMATORY,controlled_example_station,52.21,5.16,14.0,11325000000.0,10.0,2026-06-23T21:02:59Z,2026-06-23T21:05:47Z,168.0,11.820000627626015,PEAK,0.5,2026-06-23T21:04:23Z,2026-06-23T21:03:53Z,2026-06-23T21:04:53Z,1.0,61,11.571818299547951,11.73462814957425,11.820000627626015,330976525,2026-06-22T11:54:10.990656Z,2026-06-23T03:40:42Z,33.17000259555556,17.39472222222222,24-36 h,data/orbit_uncertainty_stage1/raw/spacetrack_gp/spacetrack_gp_history_20260529_20260701_20sat_omm.json,1F5A8BA23D1C8AE605C4142F44E424711D1D85014DB46C28BBC18C3ABC326A96,2026-06-23T19:36:42.000019Z,1.461388883611111,data/orbit_uncertainty_stage1/june/sat000065693.csv,D31425DC1D7BF768E17AFC34A7D7E516943AB5AC5C7598CCE830821EDB62E3E7,238,False,SELECTED_FROZEN,-2854.3747417887703,2854.5063812419403,2883.6816635131836,2883.939208984375,35.271921157836914,-2854.3747417887694,2854.3747417887694,0.605429224309813,0.605429224309813,25.256388896608104,25.256388896608104,497040607.51360834,38910.99598589925,7.828534610189554e-05,0.9999217146538981,FINITE_NONZERO,0.1511998589204514,0.09110333050393693,0.5566425545498407,0.9995142528103744,True,11.518407043813365,11.719132853726753,11.805982269729158,c703ffb6908c35c8bbd1a80f21d69ebbca6e9ecc7f5a40da59655deb19f18ae4,False,NOT_APPLICABLE_STAGE_A,COMPLETE
legit_segment_625b4aa194d3f19147ed597b,legit_pass_2e8b6dcbc010ec88d9fba15a,48672,STARLINK-2705,2026-06,CONFIRMATORY,controlled_example_station,52.21,5.16,14.0,11325000000.0,10.0,2026-06-09T17:33:20Z,2026-06-09T17:39:56Z,396.0,31.913423526940424,RISING_25_PERCENT,0.25,2026-06-09T17:34:59Z,2026-06-09T17:34:29Z,2026-06-09T17:35:29Z,1.0,61,17.53287834894779,21.568769799593348,25.759908938155892,328348482,2026-06-09T09:17:08.786400Z,2026-06-09T16:06:37Z,8.297281555555555,1.4727777777777777,6-9 h,data/orbit_uncertainty_stage1/raw/spacetrack_gp/spacetrack_gp_history_20260529_20260701_20sat_omm.json,1F5A8BA23D1C8AE605C4142F44E424711D1D85014DB46C28BBC18C3ABC326A96,2026-06-09T17:07:42.000038Z,0.4547222116666667,data/orbit_uncertainty_stage1/june/sat000048672.csv,9CCC0F6B332261080A38A7EF3636C88202FADE4135B08985F943785C7A1E9415,87,False,SELECTED_FROZEN,893.0415756350658,914.3359040534785,1217.961618423462,1253.473201751709,655.2478466033936,893.0415756350657,893.0415756350657,11.103444129383043,11.103444129383043,16.37325419360253,16.37325419360253,50996618.871918805,16353.090626187693,0.00032067009515394544,0.9996793299048461,FINITE_NONZERO,0.9930344214490747,0.058930993979647184,1.142425411847624,0.9951316061936173,True,17.408675265802,21.432083696261632,25.617722214511648,a6a3b36a10a4f4f3a744007056f1cbd1550035bf6c3d7da9d4f65ddaf60c52dd,False,NOT_APPLICABLE_STAGE_A,COMPLETE
legit_segment_62dc3302f6b3f67ca3c0eeaf,legit_pass_456a9df6bc9b4c4cfc9a8350,48309,STARLINK-2517,2026-06,CONFIRMATORY,controlled_example_station,52.21,5.16,14.0,11325000000.0,10.0,2026-06-01T16:30:17Z,2026-06-01T16:37:42Z,445.0,75.59344685485364,RISING_25_PERCENT,0.24943820224719102,2026-06-01T16:32:08Z,2026-06-01T16:31:38Z,2026-06-01T16:32:38Z,1.0,61,21.093811768604564,28.03057171582996,36.65786552481633,326542819,2026-06-01T03:38:45.544992Z,2026-06-01T10:22:25Z,12.889570835555554,6.161944444444444,12-18 h,data/orbit_uncertainty_stage1/raw/spacetrack_gp/spacetrack_gp_history_20260529_20260701_20sat_omm.json,1F5A8BA23D1C8AE605C4142F44E424711D1D85014DB46C28BBC18C3ABC326A96,2026-06-01T17:41:42.000029Z,1.1594444525,data/orbit_uncertainty_stage1/june/sat000048309.csv,79D62147447BEB30EC557417B61811EF138EF8094DC33D3F68D9F90E474F7689,8,False,SELECTED_FROZEN,660.5878889677955,699.3136233226703,1074.7901344299316,1133.7915687561035,780.4525051116943,660.5878889677953,660.5878889677953,12.82927356732075,12.82927356732075,40.499432484359374,40.499432484359374,29831412.169645578,100052.44592486619,0.0033539292526913217,0.9966460707473087,FINITE_NONZERO,0.968854826375002,0.14512654207372755,4.720735732998469,0.9864130648187236,True,20.88769472468444,27.743056390228546,36.25910449843427,750939bbabed36c4a9d3e131c3baca0735da796b5e24c38b9b80035b02a3aa70,False,NOT_APPLICABLE_STAGE_A,COMPLETE
legit_segment_63412c1a4e3376047db0b4cf,legit_pass_f171d14e7b7ce9f7176e4b34,65686,STARLINK-35137,2026-06,CONFIRMATORY,controlled_example_station,52.21,5.16,14.0,11325000000.0,10.0,2026-06-03T12:28:15Z,2026-06-03T12:31:24Z,189.0,12.404010934387081,RISING_25_PERCENT,0.24867724867724866,2026-06-03T12:29:02Z,2026-06-03T12:28:32Z,2026-06-03T12:29:32Z,1.0,61,10.72747598449908,11.661502914198428,12.308693136561539,326854037,2026-06-03T00:00:02.000160Z,2026-06-03T11:16:57Z,12.483333288888888,1.2013888888888888,12-18 h,data/orbit_uncertainty_stage1/raw/spacetrack_gp/spacetrack_gp_history_20260529_20260701_20sat_omm.json,1F5A8BA23D1C8AE605C4142F44E424711D1D85014DB46C28BBC18C3ABC326A96,2026-06-03T12:41:41.999971Z,0.21111110305555555,data/orbit_uncertainty_stage1/june/sat000065686.csv,B6BC6FF15B3CA146A8A5647889EB05C3E5134E71663266D0DFF94290D3AA7A5B,28,False,SELECTED_FROZEN,202.77776023989819,202.82388618115215,206.83787536621094,206.86333084106445,13.007198333740234,202.77776023989813,202.77776023989813,0.2270090606463517,0.2270090606463517,1.6533277033037448,1.6533277033037448,2509389.257143122,166.74304216520977,6.644765920255936e-05,0.9999335523407974,FINITE_NONZERO,0.8538923569322834,-0.005952529475633822,0.10784469308325981,0.9957451948927701,True,10.70632791458043,11.642004185792914,12.291305756192276,a5a8e6b698672911a6b53a7aa161102022788e8c0d225932f50daaacd80f5a69,False,NOT_APPLICABLE_STAGE_A,COMPLETE
legit_segment_63f832b221d67149c1ba8eb3,legit_pass_625a2660989f1b665bd10e73,44714,STARLINK-1008,2026-06,CONFIRMATORY,controlled_example_station,52.21,5.16,14.0,11325000000.0,10.0,2026-06-01T01:43:07Z,2026-06-01T01:48:36Z,329.0,23.152578111509186,SETTING_75_PERCENT,0.7507598784194529,2026-06-01T01:47:14Z,2026-06-01T01:46:44Z,2026-06-01T01:47:44Z,1.0,61,15.019504720206722,17.99887689803034,20.80333277871103,326323666,2026-05-31T06:40:14.651904Z,2026-05-31T16:16:51Z,19.11648558222222,9.506388888888889,18-24 h,data/orbit_uncertainty_stage1/raw/spacetrack_gp/spacetrack_gp_history_20260529_20260701_20sat_omm.json,1F5A8BA23D1C8AE605C4142F44E424711D1D85014DB46C28BBC18C3ABC326A96,2026-06-01T02:55:42.000010Z,1.1411111138888888,data/orbit_uncertainty_stage1/june/sat000044714.csv,F91F0DA10678FA8B4BBDEBC15B9D96435ECFD92205FFA13417B9E47754646E40,2,False,SELECTED_FROZEN,816.4890975014108,830.2462820253082,1054.1781406402588,1076.4999885559082,-498.9243850708008,816.4890975014106,816.4890975014106,-8.542498582510142,8.542498582510142,5.6934214845890745,5.6934214845890745,42047842.21782771,1977.3179402720082,4.702543188847994e-05,0.9999529745681115,FINITE_NONZERO,0.9985691526846268,0.019506219810347503,1.785039715843242,0.9017010011102904,True,15.07704074154761,18.052887692494906,20.84679589302486,862c12ea3132da759600e576879763aa13ce507fc00bed997fea3c3df01d7e47,False,NOT_APPLICABLE_STAGE_A,COMPLETE
legit_segment_64ed265e6cdd5e2cf056f35c,legit_pass_4d12445535953f2bece2914f,65410,STARLINK-35024,2026-06,CONFIRMATORY,controlled_example_station,52.21,5.16,14.0,11325000000.0,10.0,2026-06-01T06:27:52Z,2026-06-01T06:30:44Z,172.0,11.92879649813667,SETTING_75_PERCENT,0.75,2026-06-01T06:30:01Z,2026-06-01T06:29:31Z,2026-06-01T06:30:31Z,1.0,61,10.504914845556407,11.333441358556897,11.878243866303738,326441204,2026-05-31T20:00:01.999008Z,2026-06-01T00:06:54Z,10.499722497777778,6.385277777777778,9-12 h,data/orbit_uncertainty_stage1/raw/spacetrack_gp/spacetrack_gp_history_20260529_20260701_20sat_omm.json,1F5A8BA23D1C8AE605C4142F44E424711D1D85014DB46C28BBC18C3ABC326A96,2026-06-01T05:44:42Z,0.7552777777777778,data/orbit_uncertainty_stage1/june/sat000065410.csv,480E0881CFF425F783D504E2B784746BB847F6C9A822B6001FD1AFCD7FF9CBC4,4,False,SELECTED_FROZEN,60.528458204425746,60.70520755412951,66.97606086730957,67.3907413482666,-15.297065734863281,60.52845820442573,60.52845820442573,-0.26197359961595973,0.26197359961595973,0.39066590246298266,0.39066590246298266,224792.45567558648,9.309810688180217,4.1415138511658275e-05,0.9999585848614884,FINITE_NONZERO,0.9928775410802833,-0.0013951108360480413,0.05573457926329185,0.9796465310400351,False,10.502791934175596,11.330660632051687,11.874726000028199,338d631ac11ead99b0511047d5b369771f1f389f3feaf0d0ad9dd86dc82816a1,False,NOT_APPLICABLE_STAGE_A,COMPLETE
legit_segment_6556ede8e1748c85c73c51ec,legit_pass_f0674fff2eec157853ebe729,65405,STARLINK-34830,2026-06,CONFIRMATORY,controlled_example_station,52.21,5.16,14.0,11325000000.0,10.0,2026-06-04T01:58:22Z,2026-06-04T02:05:44Z,442.0,77.80072032890958,PEAK,0.5,2026-06-04T02:02:03Z,2026-06-04T02:01:33Z,2026-06-04T02:02:33Z,1.0,61,62.57403090105159,71.60408715344707,77.80072032890958,326853902,2026-06-03T00:00:02.000160Z,2026-06-03T11:16:57Z,26.03361106666667,14.751666666666667,24-36 h,data/orbit_uncertainty_stage1/raw/spacetrack_gp/spacetrack_gp_history_20260529_20260701_20sat_omm.json,1F5A8BA23D1C8AE605C4142F44E424711D1D85014DB46C28BBC18C3ABC326A96,2026-06-04T02:29:41.999971Z,0.46083332527777776,data/orbit_uncertainty_stage1/june/sat000065405.csv,10707AFA6592FB845A94CB76E13C89BAD9EFA77F9A31B0B3C5036D80E7E87A62,33,False,SELECTED_FROZEN,11085.211305461946,11121.717648422522,12124.172792434692,12136.598766326904,668.7372016906738,11085.211305461944,11085.211305461944,13.062776348188654,13.062776348188654,870.5151150069698,870.5151150069698,7545248810.525213,46225590.492791474,0.006126450121606232,0.9938735498783937,FINITE_NONZERO,0.06524929801234547,-3.132908056949942,61.79986422262847,0.9949600943154986,True,60.58246588880645,71.49631348113483,77.81629533717962,bf706d629c2d7a9be794095400985b648174d468a82ded0719d94752e32992f7,False,NOT_APPLICABLE_STAGE_A,COMPLETE
legit_segment_66e20007b602e8695ea035f1,legit_pass_91c6ad89619405a7e11ae5cd,65407,STARLINK-35035,2026-06,CONFIRMATORY,controlled_example_station,52.21,5.16,14.0,11325000000.0,10.0,2026-06-04T21:27:36Z,2026-06-04T21:31:30Z,234.0,13.851442814298519,RISING_25_PERCENT,0.25213675213675213,2026-06-04T21:28:35Z,2026-06-04T21:28:05Z,2026-06-04T21:29:05Z,1.0,61,11.529648953400953,12.706592526743751,13.59587874186466,326941520,2026-06-03T10:45:04.315104Z,2026-06-03T21:59:02Z,34.72519024888889,23.4925,24-36 h,data/orbit_uncertainty_stage1/raw/spacetrack_gp/spacetrack_gp_history_20260529_20260701_20sat_omm.json,1F5A8BA23D1C8AE605C4142F44E424711D1D85014DB46C28BBC18C3ABC326A96,2026-06-04T21:17:42.000029Z,0.18138888083333332,data/orbit_uncertainty_stage1/june/sat000065407.csv,1D5D20428BDA125132468A3B81A5A0011425555B1C761A0A7A4BD8F31D76DA01,41,False,SELECTED_FROZEN,2277.2029396745024,2282.6516551195446,2495.3952236175537,2508.7975101470947,519.1694221496582,2277.202939674502,2277.202939674502,8.917492173778392,8.917492173778392,13.915225125273,13.915225125273,317840413.2958198,11811.642907508769,3.7162180809636246e-05,0.9999628378191904,FINITE_NONZERO,0.9922064495345325,-0.04956161652075508,2.2229038685709055,0.9744811623155537,True,11.447024897897137,12.649581330852682,13.570435519081114,6d7cf709311f229cdc2b6b5aec3c80c1c9126e002bb682eaf113b62313925898,False,NOT_APPLICABLE_STAGE_A,COMPLETE
legit_segment_67ec8ebf58f8ba19fc0640dd,legit_pass_3c2ffdcc5a07c751923922e2,58380,STARLINK-30915,2026-06,CONFIRMATORY,controlled_example_station,52.21,5.16,14.0,11325000000.0,10.0,2026-06-01T08:39:15Z,2026-06-01T08:44:14Z,299.0,17.30213646281323,SETTING_75_PERCENT,0.7491638795986622,2026-06-01T08:42:59Z,2026-06-01T08:42:29Z,2026-06-01T08:43:29Z,1.0,61,13.110571436108339,14.894934317060088,16.409861805799494,326422776,2026-05-31T13:21:55.128384Z,2026-06-01T00:06:54Z,19.35107544888889,8.60138888888889,18-24 h,data/orbit_uncertainty_stage1/raw/spacetrack_gp/spacetrack_gp_history_20260529_20260701_20sat_omm.json,1F5A8BA23D1C8AE605C4142F44E424711D1D85014DB46C28BBC18C3ABC326A96,2026-06-01T09:22:42.000010Z,0.6619444472222222,data/orbit_uncertainty_stage1/june/sat000058380.csv,3EDD695EBC2FD369BB6D3F364CEB1C354CEB8FF41D75D9C0E85CB4203365E2E7,6,False,SELECTED_FROZEN,39.296756931992824,39.31553195393044,40.48289680480957,40.48978233337402,-3.682950973510742,39.29675693199282,39.29675693199282,-0.065003199907663,0.065003199907663,0.4075150168351327,0.4075150168351327,94288.37422205205,10.130177825714448,0.00010743824898133851,0.9998925617510187,FINITE_NONZERO,0.8874834675677253,-0.0014633877861011807,0.03952782661285146,0.9905915379452727,False,13.106523274947866,14.889928522057067,16.40384736914554,81c8ec060689014713c789562f8b4ea9cd9ea7617ddb129886f304b1ba977e12,False,NOT_APPLICABLE_STAGE_A,COMPLETE
legit_segment_67ee1a60152cbda326aa107c,legit_pass_09cf12e66ad7f2dde2fbc93c,65405,STARLINK-34830,2026-06,CONFIRMATORY,controlled_example_station,52.21,5.16,14.0,11325000000.0,10.0,2026-06-02T23:14:10Z,2026-06-02T23:20:53Z,403.0,34.15156380787974,SETTING_75_PERCENT,0.749379652605459,2026-06-02T23:19:12Z,2026-06-02T23:18:42Z,2026-06-02T23:19:42Z,1.0,61,18.016181241342014,22.346255589223986,26.92718634954176,326744105,2026-06-02T20:00:03.000384Z,2026-06-02T22:46:37Z,3.3191665599999998,0.5430555555555555,0-6 h,data/orbit_uncertainty_stage1/raw/spacetrack_gp/spacetrack_gp_history_20260529_20260701_20sat_omm.json,1F5A8BA23D1C8AE605C4142F44E424711D1D85014DB46C28BBC18C3ABC326A96,2026-06-02T22:34:42.000010Z,0.7416666638888888,data/orbit_uncertainty_stage1/june/sat000065405.csv,10707AFA6592FB845A94CB76E13C89BAD9EFA77F9A31B0B3C5036D80E7E87A62,22,False,SELECTED_FROZEN,-142.0948157701336,146.7929585612757,204.07893180847168,211.17217445373535,123.30589294433594,-142.09481577013358,142.09481577013358,2.0819120306239958,2.0819120306239958,3.6858006476951406,3.6858006476951406,1314438.5336735167,828.692711287545,0.0006304537565340256,0.999369546243466,FINITE_NONZERO,0.989990593920164,-0.013281108666460373,0.18805518387852574,0.9973968035994343,True,17.998941028963973,22.326794676783162,26.906665151853705,7d6b78602661bbcf3a679ce342078664ea5662c16db60be2ad4898720fae8b19,False,NOT_APPLICABLE_STAGE_A,COMPLETE
legit_segment_67f4eaf1b773a033949e4168,legit_pass_4088a797ea54f66e11279cad,65407,STARLINK-35035,2026-06,CONFIRMATORY,controlled_example_station,52.21,5.16,14.0,11325000000.0,10.0,2026-06-06T01:49:29Z,2026-06-06T01:56:55Z,446.0,89.84931813628845,PEAK,0.5,2026-06-06T01:53:12Z,2026-06-06T01:52:42Z,2026-06-06T01:53:42Z,1.0,61,65.16394304954218,77.07219942861285,89.84931813628845,327358352,2026-06-05T17:36:53.745696Z,2026-06-05T20:26:19Z,8.271737306666665,5.448055555555555,6-9 h,data/orbit_uncertainty_stage1/raw/spacetrack_gp/spacetrack_gp_history_20260529_20260701_20sat_omm.json,1F5A8BA23D1C8AE605C4142F44E424711D1D85014DB46C28BBC18C3ABC326A96,2026-06-06T02:13:41.999981Z,0.34166666138888885,data/orbit_uncertainty_stage1/june/sat000065407.csv,1D5D20428BDA125132468A3B81A5A0011425555B1C761A0A7A4BD8F31D76DA01,53,False,SELECTED_FROZEN,4788.571138944782,4804.194643036472,5243.883262634277,5248.103160858154,81.97918128967285,4788.5711389447815,4788.5711389447815,1.6157673602252913,1.6157673602252913,386.0871626395691,386.0871626395691,1407897456.2590005,9092861.126459459,0.006458468325257569,0.9935415316747425,FINITE_NONZERO,0.005400041147806012,-1.3898996881835155,25.78101192283317,0.9955410849722865,True,64.37295823555236,77.05466119851197,89.78269162608676,db58cd6053fa9c22eb6482fd7654f876de755841203ed498f30fc907e4b5bd7e,False,NOT_APPLICABLE_STAGE_A,COMPLETE
legit_segment_6843a96b903ec67acf938bf7,legit_pass_f6f2778599e756a41c2c8561,47844,STARLINK-2446,2026-06,CONFIRMATORY,controlled_example_station,52.21,5.16,14.0,11325000000.0,10.0,2026-06-01T02:03:21Z,2026-06-01T02:10:42Z,441.0,77.76787166548536,PEAK,0.4988662131519274,2026-06-01T02:07:01Z,2026-06-01T02:06:31Z,2026-06-01T02:07:31Z,1.0,61,62.563008019786686,71.56389458919344,77.76787166548536,326255106,2026-05-31T00:00:02.000160Z,2026-05-31T06:56:47Z,26.116388844444444,19.170555555555556,24-36 h,data/orbit_uncertainty_stage1/raw/spacetrack_gp/spacetrack_gp_history_20260529_20260701_20sat_omm.json,1F5A8BA23D1C8AE605C4142F44E424711D1D85014DB46C28BBC18C3ABC326A96,2026-06-01T02:27:41.999962Z,0.34472221166666667,data/orbit_uncertainty_stage1/june/sat000047844.csv,FE1F3D11E12AC1E3987E760842AEC279FE294DEAF66BE25CA508FB5254D084DD,3,False,SELECTED_FROZEN,3940.5248829263155,3953.128102890574,4308.2622928619385,4312.782073974609,144.65252876281738,3940.524882926314,3940.524882926314,2.700768345288661,2.700768345288661,311.808047536871,311.808047536871,953260529.669657,5930679.769034092,0.006221467882541314,0.9937785321174587,FINITE_NONZERO,0.022728816212819747,-1.12253439259612,20.668020750280313,0.9956063734680419,True,62.20607620920536,71.5697734810723,77.7796924628524,c5e97684e90bc9d288337a64f3abd761a2d2e0ec89601b079d3d8350d37bf44b,False,NOT_APPLICABLE_STAGE_A,COMPLETE
legit_segment_69326ad039561a6f1e2e8831,legit_pass_f006ecc6838fa87e10f8bfaa,47383,STARLINK-2103,2026-06,CONFIRMATORY,controlled_example_station,52.21,5.16,14.0,11325000000.0,10.0,2026-06-10T09:40:50Z,2026-06-10T09:48:08Z,438.0,87.28788024676078,SETTING_75_PERCENT,0.7511415525114156,2026-06-10T09:46:19Z,2026-06-10T09:45:49Z,2026-06-10T09:46:49Z,1.0,61,20.966540727871095,28.115248901707776,37.126154924307244,328491992,2026-06-10T03:03:08.662176Z,2026-06-10T07:17:33Z,6.719538284444444,2.4794444444444443,6-9 h,data/orbit_uncertainty_stage1/raw/spacetrack_gp/spacetrack_gp_history_20260529_20260701_20sat_omm.json,1F5A8BA23D1C8AE605C4142F44E424711D1D85014DB46C28BBC18C3ABC326A96,2026-06-10T10:10:41.999981Z,0.4063888836111111,data/orbit_uncertainty_stage1/june/sat000047383.csv,6A97ABED011A96AE20108B2FFAB622CC78ED39D918CC694CBFCE03E18290B2FA,97,False,SELECTED_FROZEN,67.58776589690662,72.2238192543036,113.89676094055176,120.65024375915527,-86.75320434570312,67.5877658969066,67.5877658969066,-1.4209016838255295,1.4209016838255295,4.721850724325503,4.721850724325503,318193.08412837726,1360.0483300316096,0.004274286267902945,0.9957257137320971,FINITE_NONZERO,0.9656020214664861,0.016902459254966473,0.5911848184789635,0.984324477009501,True,20.987227351007643,28.145479799802267,37.16985795814638,c30c41f7acdbec8772285da2f25583be1474aff40dd0eaec5b65d59a5f696417,False,NOT_APPLICABLE_STAGE_A,COMPLETE
legit_segment_696abc79fa717e9fb902d2ac,legit_pass_28ec93ef9decc6bddf213e42,60265,STARLINK-32120,2026-06,CONFIRMATORY,controlled_example_station,52.21,5.16,14.0,11325000000.0,10.0,2026-06-01T18:28:33Z,2026-06-01T18:30:14Z,101.0,10.619642975430338,SETTING_75_PERCENT,0.7029702970297029,2026-06-01T18:29:44Z,2026-06-01T18:29:14Z,2026-06-01T18:30:14Z,1.0,61,10.013288615586202,10.443885219333467,10.619642975430338,326549442,2026-05-31T23:08:04.244928Z,2026-06-01T10:22:25Z,19.361043075555557,8.121944444444445,18-24 h,data/orbit_uncertainty_stage1/raw/spacetrack_gp/spacetrack_gp_history_20260529_20260701_20sat_omm.json,1F5A8BA23D1C8AE605C4142F44E424711D1D85014DB46C28BBC18C3ABC326A96,2026-06-01T19:16:42.000010Z,0.7827777805555556,data/orbit_uncertainty_stage1/june/sat000060265.csv,310CEC01430FB37300D0520AC911958B04898B003A2B2906A630DA9E075D20EF,9,False,SELECTED_FROZEN,-409.2141270872022,409.2501772897379,414.1753177642822,414.21850395202637,14.49264144897461,-409.21412708720214,409.21412708720214,0.25047860723018445,0.25047860723018445,3.1712062074609437,3.1712062074609437,10216628.164312596,613.449477424568,6.0044220809306776e-05,0.9999399557791907,FINITE_NONZERO,0.6591670970790151,0.011435506454301025,0.10486606486701273,0.9989064944875029,True,9.996762574376481,10.432284452100951,10.611675159188874,9becd66c860d29ff16618d075de508c26d983c595b27660706da5549d8b94338,False,NOT_APPLICABLE_STAGE_A,COMPLETE
legit_segment_69dc8cdd3c118daa79b95662,legit_pass_6f8b090e8b6a2f8b73b1664a,44714,STARLINK-1008,2026-06,CONFIRMATORY,controlled_example_station,52.21,5.16,14.0,11325000000.0,10.0,2026-06-05T20:12:40Z,2026-06-05T20:19:25Z,405.0,78.8340433235779,SETTING_75_PERCENT,0.7506172839506173,2026-06-05T20:17:44Z,2026-06-05T20:17:14Z,2026-06-05T20:18:14Z,1.0,61,20.17534172226742,27.617054162706,37.181704598225394,327305531,2026-06-05T15:15:33.356736Z,2026-06-05T20:06:26Z,5.036289795555555,0.18833333333333332,0-6 h,data/orbit_uncertainty_stage1/raw/spacetrack_gp/spacetrack_gp_history_20260529_20260701_20sat_omm.json,1F5A8BA23D1C8AE605C4142F44E424711D1D85014DB46C28BBC18C3ABC326A96,2026-06-05T20:16:42.000038Z,0.017222211666666664,data/orbit_uncertainty_stage1/june/sat000044714.csv,F91F0DA10678FA8B4BBDEBC15B9D96435ECFD92205FFA13417B9E47754646E40,51,False,SELECTED_FROZEN,3.084262597756308,8.941405230937628,19.225933074951172,21.97087287902832,-28.88896369934082,3.0842625977563074,3.0842625977563074,-0.4606782614648943,0.4606782614648943,2.1555669672181192,2.1555669672181192,4876.872377734166,283.43460595987716,0.05811811013425846,0.9418818898657415,FINITE_NONZERO,0.9340328022949613,0.007668030243936086,0.36009908227844756,0.97209249637765,True,20.178058924730614,27.622948941395787,37.19273844986411,418c3d6dde7f8c6c510fb13ac67bfa6f2684a8152e73c8ffd55a072a9aa20b1d,False,NOT_APPLICABLE_STAGE_A,COMPLETE
legit_segment_69f1b5b1d941396f6be2492c,legit_pass_7204933a2cc2b1148e41d8ef,65409,STARLINK-35022,2026-06,CONFIRMATORY,controlled_example_station,52.21,5.16,14.0,11325000000.0,10.0,2026-06-01T03:03:47Z,2026-06-01T03:11:09Z,442.0,77.69955108794602,PEAK,0.5,2026-06-01T03:07:28Z,2026-06-01T03:06:58Z,2026-06-01T03:07:58Z,1.0,61,62.67940714854337,71.53983657333447,77.69955108794602,326441202,2026-05-31T20:00:01.999008Z,2026-06-01T00:06:54Z,7.123889164444445,3.0094444444444446,6-9 h,data/orbit_uncertainty_stage1/raw/spacetrack_gp/spacetrack_gp_history_20260529_20260701_20sat_omm.json,1F5A8BA23D1C8AE605C4142F44E424711D1D85014DB46C28BBC18C3ABC326A96,2026-06-01T03:17:42.000029Z,0.17055556361111113,data/orbit_uncertainty_stage1/june/sat000065409.csv,C82A923C1B14CF8F30B1B5DDBB30C6CB9AE3A8DB51A9A3F182BEC8348A9F0DF5,3,False,SELECTED_FROZEN,130.88534727252897,131.38617425259196,143.64124488830566,143.74282455444336,15.19296646118164,130.88534727252895,130.88534727252895,0.27938298800835093,0.27938298800835093,10.351601293786791,10.351601293786791,1053001.9338686801,6536.49461007723,0.006207485855284665,0.9937925141447154,FINITE_NONZERO,0.18421405266261093,-0.03725152056005404,0.7464388571352655,0.994800358442654,True,62.70438278473486,71.54151831033597,77.7010777874077,85b208ab542839dbcc2b99a7b9a72629dc7fb891310223f53bf085b7416eb55d,False,NOT_APPLICABLE_STAGE_A,COMPLETE
legit_segment_6a72e582635db8d6c1b06d0d,legit_pass_c18299065cc5639217b7d8d1,47749,STARLINK-2163,2026-06,CONFIRMATORY,controlled_example_station,52.21,5.16,14.0,11325000000.0,10.0,2026-06-04T19:46:52Z,2026-06-04T19:52:25Z,333.0,46.337630930858744,RISING_25_PERCENT,0.24924924924924924,2026-06-04T19:48:15Z,2026-06-04T19:47:45Z,2026-06-04T19:48:45Z,1.0,61,17.577747890579815,24.31873667348622,32.55781160097792,327088644,2026-06-04T05:49:40.553472Z,2026-06-04T12:20:25Z,13.976235146666667,7.463888888888889,12-18 h,data/orbit_uncertainty_stage1/raw/spacetrack_gp/spacetrack_gp_history_20260529_20260701_20sat_omm.json,1F5A8BA23D1C8AE605C4142F44E424711D1D85014DB46C28BBC18C3ABC326A96,2026-06-04T20:30:42.000019Z,0.7075000052777778,data/orbit_uncertainty_stage1/june/sat000047749.csv,0CE3EE486737D6898F4E0960379BB2CF5D672CBD2C80BC161C0E3F96D2261670,40,False,SELECTED_FROZEN,105.3831015727559,115.67548080809465,192.8431739807129,205.57033729553223,161.91723442077637,105.38310157275589,105.38310157275589,2.655464683746549,2.655464683746549,9.447540962403199,9.447540962403199,816229.8284712163,5444.617844413468,0.006670447041381885,0.9933295529586181,FINITE_NONZERO,0.9607703524231387,0.03386186487540588,1.0837538466293462,0.9868409742515479,True,17.565820096208046,24.300020843096707,32.53143100614458,0c0221cf8db1ef42fc45131801d15613b9dd088beba665fa4af1b72d8bc4633f,False,NOT_APPLICABLE_STAGE_A,COMPLETE
legit_segment_6aa5761eaefe77a7fbae865c,legit_pass_79c32992cf290fd5af296c31,48309,STARLINK-2517,2026-06,CONFIRMATORY,controlled_example_station,52.21,5.16,14.0,11325000000.0,10.0,2026-06-01T14:52:27Z,2026-06-01T14:59:44Z,437.0,58.517581546729275,PEAK,0.4988558352402746,2026-06-01T14:56:05Z,2026-06-01T14:55:35Z,2026-06-01T14:56:35Z,1.0,61,52.13740910312629,56.208671989945884,58.517581546729275,326542819,2026-06-01T03:38:45.544992Z,2026-06-01T10:22:25Z,11.288737502222222,4.561111111111111,9-12 h,data/orbit_uncertainty_stage1/raw/spacetrack_gp/spacetrack_gp_history_20260529_20260701_20sat_omm.json,1F5A8BA23D1C8AE605C4142F44E424711D1D85014DB46C28BBC18C3ABC326A96,2026-06-01T15:10:42.000038Z,0.24361112166666668,data/orbit_uncertainty_stage1/june/sat000048309.csv,79D62147447BEB30EC557417B61811EF138EF8094DC33D3F68D9F90E474F7689,7,False,SELECTED_FROZEN,2463.299735209981,2468.1067366473444,2640.7276916503906,2643.136604309082,61.64878273010254,2463.2997352099806,2463.2997352099806,1.1510854396285488,1.1510854396285488,152.62545238181013,152.62545238181013,371584602.6725243,1420966.2515998837,0.003824071937803554,0.9961759280621965,FINITE_NONZERO,0.01732733460108271,-0.549853979259282,8.331914559150503,0.9970198667218787,True,51.86320896192721,56.203980212121614,58.51935199156475,74c4e278037785a257e721c31f7aa6ef6734967c2b89141e22cbed20d576b40f,False,NOT_APPLICABLE_STAGE_A,COMPLETE
legit_segment_6ab5b639d3e92707abbcbfa1,legit_pass_96bb40b822495f33c47b0519,65407,STARLINK-35035,2026-06,CONFIRMATORY,controlled_example_station,52.21,5.16,14.0,11325000000.0,10.0,2026-06-01T04:16:57Z,2026-06-01T04:24:18Z,441.0,67.86588553978955,PEAK,0.5011337868480725,2026-06-01T04:20:38Z,2026-06-01T04:20:08Z,2026-06-01T04:21:08Z,1.0,61,58.09935518794022,64.1855112820747,67.86588553978955,326441198,2026-05-31T13:46:41.763072Z,2026-06-01T00:06:54Z,14.565621368888888,4.228888888888889,12-18 h,data/orbit_uncertainty_stage1/raw/spacetrack_gp/spacetrack_gp_history_20260529_20260701_20sat_omm.json,1F5A8BA23D1C8AE605C4142F44E424711D1D85014DB46C28BBC18C3ABC326A96,2026-06-01T04:11:42.000029Z,0.14888888083333332,data/orbit_uncertainty_stage1/june/sat000065407.csv,1D5D20428BDA125132468A3B81A5A0011425555B1C761A0A7A4BD8F31D76DA01,3,False,SELECTED_FROZEN,4739.062783319442,4751.042506406251,5132.842151641846,5137.203834533691,23.566545486450195,4739.062783319441,4739.062783319441,0.5024544880794897,0.5024544880794897,337.06167191876114,337.06167191876114,1376916698.7584186,6930244.811276905,0.005033162004299887,0.9949668379957001,FINITE_NONZERO,0.0006883944230778871,-1.2139379299659263,20.201143272231327,0.9964080262331697,True,57.65732221730725,64.15208750438737,67.83984515924486,19f89601ddddc6b82c192e30f118c3d1a296e7201ad46754a5ea5531c7700e82,False,NOT_APPLICABLE_STAGE_A,COMPLETE
legit_segment_6b900a7b35422c9d0c03c83a,legit_pass_f0674fff2eec157853ebe729,65405,STARLINK-34830,2026-06,CONFIRMATORY,controlled_example_station,52.21,5.16,14.0,11325000000.0,10.0,2026-06-04T01:58:22Z,2026-06-04T02:05:44Z,442.0,77.80072032890958,RISING_25_PERCENT,0.251131221719457,2026-06-04T02:00:13Z,2026-06-04T01:59:43Z,2026-06-04T02:00:43Z,1.0,61,21.158317050439944,28.20998050986288,37.02632006321241,326853902,2026-06-03T00:00:02.000160Z,2026-06-03T11:16:57Z,26.00305551111111,14.721111111111112,24-36 h,data/orbit_uncertainty_stage1/raw/spacetrack_gp/spacetrack_gp_history_20260529_20260701_20sat_omm.json,1F5A8BA23D1C8AE605C4142F44E424711D1D85014DB46C28BBC18C3ABC326A96,2026-06-04T02:29:41.999971Z,0.4913888808333333,data/orbit_uncertainty_stage1/june/sat000065405.csv,10707AFA6592FB845A94CB76E13C89BAD9EFA77F9A31B0B3C5036D80E7E87A62,33,False,SELECTED_FROZEN,1803.772427730873,1913.7385157583926,2960.48042678833,3126.4633255004883,2175.8503761291504,1803.7724277308728,1803.7724277308728,35.72667520544254,35.72667520544254,114.53203076913032,114.53203076913032,223406101.50852525,800172.7503981617,0.0035816960458782583,0.9964183039541218,FINITE_NONZERO,0.9679119820958887,0.41027606884968293,13.677888391103934,0.9857378766328513,True,20.593098345698476,27.412813437453366,35.90900317752453,489c1bbb22cf7c240f1415be65007d9514b0f62af4e194438d7dc6ce858dae08,False,NOT_APPLICABLE_STAGE_A,COMPLETE
legit_segment_6b928c492b5be6ad68dcc8ea,legit_pass_815da39796694753bb8df6b4,45230,STARLINK-1227,2026-06,CONFIRMATORY,controlled_example_station,52.21,5.16,14.0,11325000000.0,10.0,2026-06-01T09:37:10Z,2026-06-01T09:44:09Z,419.0,87.76526967726589,RISING_25_PERCENT,0.25059665871121717,2026-06-01T09:38:55Z,2026-06-01T09:38:25Z,2026-06-01T09:39:25Z,1.0,61,20.639857982276514,28.057006553178653,37.54671938395501,326471307,2026-05-31T19:20:28.438944Z,2026-06-01T06:47:07Z,14.307378071111112,2.8633333333333333,12-18 h,data/orbit_uncertainty_stage1/raw/spacetrack_gp/spacetrack_gp_history_20260529_20260701_20sat_omm.json,1F5A8BA23D1C8AE605C4142F44E424711D1D85014DB46C28BBC18C3ABC326A96,2026-06-01T07:53:41.999971Z,1.7536111191666666,data/orbit_uncertainty_stage1/june/sat000045230.csv,A086445B48BCEA5D6D786487B3F9BAAB43C341130589A86BCBB60E49241950E8,5,False,SELECTED_FROZEN,-139.4763629162898,147.268064203143,225.57834815979004,238.1748161315918,-161.09738731384277,-139.47636291628973,139.47636291628973,-2.6371386401430144,2.6371386401430144,8.850528657121265,8.850528657121265,1322960.8467826042,4778.243308142009,0.0036117798344240753,0.9963882201655759,FINITE_NONZERO,0.9649400619307008,-0.03167713846459996,1.1178188540379617,0.9840483932061121,True,20.682979043209382,28.117602773779872,37.63192294238507,ea3574517149b2f786b340c47a82954a7f503fa3f0a23bf250252929cbe08263,False,NOT_APPLICABLE_STAGE_A,COMPLETE
legit_segment_6bc61ca7c6a3f74546a3d141,legit_pass_9f9beb6f74240be71c54c786,47383,STARLINK-2103,2026-06,CONFIRMATORY,controlled_example_station,52.21,5.16,14.0,11325000000.0,10.0,2026-06-01T13:01:51Z,2026-06-01T13:09:10Z,439.0,87.00507267961562,PEAK,0.5011389521640092,2026-06-01T13:05:31Z,2026-06-01T13:05:01Z,2026-06-01T13:06:01Z,1.0,61,64.34401788883604,76.30179586325559,87.00507267961562,326542126,2026-05-31T22:34:37.493472Z,2026-06-01T10:22:25Z,14.514862924444444,2.7183333333333333,12-18 h,data/orbit_uncertainty_stage1/raw/spacetrack_gp/spacetrack_gp_history_20260529_20260701_20sat_omm.json,1F5A8BA23D1C8AE605C4142F44E424711D1D85014DB46C28BBC18C3ABC326A96,2026-06-01T12:45:41.999990Z,0.33027778055555557,data/orbit_uncertainty_stage1/june/sat000047383.csv,6A97ABED011A96AE20108B2FFAB622CC78ED39D918CC694CBFCE03E18290B2FA,7,False,SELECTED_FROZEN,-10113.350139367776,10148.97127612438,11109.947622299194,11120.934762954712,325.68836402893066,-10113.350139367772,10113.350139367772,6.74622558944757,6.74622558944757,841.2243093488095,841.2243093488095,6283098695.779462,43167158.65700228,0.006870361384900559,0.9931296386150994,FINITE_NONZERO,0.019547284691537103,3.027449958920846,59.88781671835437,0.9949318048054276,True,62.31254420289842,76.17074428778328,87.04266592130678,99d62f4620fe640bd6165b18a71d8242a32e17a223273bdba34b3088c1c677d3,False,NOT_APPLICABLE_STAGE_A,COMPLETE
legit_segment_6cc0ae747e3d2d916b85ebdd,legit_pass_629dba73ac6777d1a2f71d32,65693,STARLINK-35060,2026-06,CONFIRMATORY,controlled_example_station,52.21,5.16,14.0,11325000000.0,10.0,2026-06-15T03:03:09Z,2026-06-15T03:10:34Z,445.0,87.05943610341225,SETTING_75_PERCENT,0.750561797752809,2026-06-15T03:08:43Z,2026-06-15T03:08:13Z,2026-06-15T03:09:13Z,1.0,61,21.18737299136445,28.25205782688226,37.11096236022637,329545968,2026-06-14T22:03:59.710176Z,2026-06-15T02:25:05Z,5.0786916177777774,0.7272222222222222,0-6 h,data/orbit_uncertainty_stage1/raw/spacetrack_gp/spacetrack_gp_history_20260529_20260701_20sat_omm.json,1F5A8BA23D1C8AE605C4142F44E424711D1D85014DB46C28BBC18C3ABC326A96,2026-06-15T02:30:42.000019Z,0.6336111058333334,data/orbit_uncertainty_stage1/june/sat000065693.csv,D31425DC1D7BF768E17AFC34A7D7E516943AB5AC5C7598CCE830821EDB62E3E7,146,False,SELECTED_FROZEN,241.9459345770664,252.02720689058552,368.1268062591553,385.6429843902588,-239.6582260131836,241.9459345770663,241.9459345770663,-3.9529224461313928,3.9529224461313928,11.659461244405236,11.659461244405236,3874580.4937972696,8292.525227097049,0.0021402382116908836,0.9978597617883092,FINITE_NONZERO,0.9727015314017522,0.04181391126184719,1.2783588743343959,0.9879787780709764,True,21.259575468288524,28.349954592196514,37.24345723356184,124ec43da3f42e48f37177eea4b5ef268621c3873b5350f1c855a429ec59efcd,False,NOT_APPLICABLE_STAGE_A,COMPLETE
legit_segment_6cc401ad12ec0a114321bf0e,legit_pass_35e57ed544fd771a9894f1df,65405,STARLINK-34830,2026-06,CONFIRMATORY,controlled_example_station,52.21,5.16,14.0,11325000000.0,10.0,2026-06-01T03:31:14Z,2026-06-01T03:38:36Z,442.0,86.42586740636582,PEAK,0.5,2026-06-01T03:34:55Z,2026-06-01T03:34:25Z,2026-06-01T03:35:25Z,1.0,61,64.84011594093195,76.21465498880758,86.42586740636582,326369629,2026-05-31T13:03:34.478784Z,2026-05-31T16:46:17Z,14.522367004444444,10.810555555555556,12-18 h,data/orbit_uncertainty_stage1/raw/spacetrack_gp/spacetrack_gp_history_20260529_20260701_20sat_omm.json,1F5A8BA23D1C8AE605C4142F44E424711D1D85014DB46C28BBC18C3ABC326A96,2026-06-01T04:12:41.999990Z,0.6297222194444444,data/orbit_uncertainty_stage1/june/sat000065405.csv,10707AFA6592FB845A94CB76E13C89BAD9EFA77F9A31B0B3C5036D80E7E87A62,3,False,SELECTED_FROZEN,3672.4153361711346,3684.726853700153,4027.3380069732666,4030.0311126708984,49.02698516845703,3672.4153361711337,3672.4153361711337,0.981883347772026,0.981883347772026,300.464166935766,300.464166935766,828209931.1691206,5507001.652356636,0.0066492823197408695,0.9933507176802592,FINITE_NONZERO,0.003299595827857882,-1.0816112912458116,20.264363887240847,0.9954513703371951,True,64.10898116339939,76.20729712450337,86.43972037251676,2ca294038addb8c89af9f556804d3ef4f6980a579cd5a6d7f9bdc306575b7d69,False,NOT_APPLICABLE_STAGE_A,COMPLETE
legit_segment_6cf12ce189b090ce5e1b7027,legit_pass_93e7dfe3b2ee49a0fa7330b2,47749,STARLINK-2163,2026-06,CONFIRMATORY,controlled_example_station,52.21,5.16,14.0,11325000000.0,10.0,2026-06-02T19:03:42Z,2026-06-02T19:05:21Z,99.0,10.893485942879686,SETTING_75_PERCENT,0.696969696969697,2026-06-02T19:04:51Z,2026-06-02T19:04:21Z,2026-06-02T19:05:21Z,1.0,61,10.02134364068515,10.6437577675677,10.893485942879686,326679843,2026-06-02T14:00:04.999680Z,2026-06-02T18:52:58Z,5.079444533333333,0.19805555555555557,0-6 h,data/orbit_uncertainty_stage1/raw/spacetrack_gp/spacetrack_gp_history_20260529_20260701_20sat_omm.json,1F5A8BA23D1C8AE605C4142F44E424711D1D85014DB46C28BBC18C3ABC326A96,2026-06-02T19:27:42.000019Z,0.3808333386111111,data/orbit_uncertainty_stage1/june/sat000047749.csv,0CE3EE486737D6898F4E0960379BB2CF5D672CBD2C80BC161C0E3F96D2261670,20,False,SELECTED_FROZEN,95.55682404314885,95.59696546413035,98.08932113647461,98.10729598999023,-8.044326782226562,95.55682404314884,95.55682404314884,-0.14043721098675427,0.14043721098675427,1.248669518167829,1.248669518167829,557465.568162958,95.10970950169015,0.00017061091291271954,0.9998293890870873,FINITE_NONZERO,0.7968020295250199,-0.004498074214154685,0.07030075294009584,0.9968302505676851,True,10.030103157726208,10.651711538366902,10.900824016504822,a292d0683b7ef8f4c46b8b390aca2a97b9cb3012f19a9fb1b4837fb205818b7b,False,NOT_APPLICABLE_STAGE_A,COMPLETE
legit_segment_6d21fd2af1fd40d791e4010f,legit_pass_49b6701f46ea0b0a71de403d,65686,STARLINK-35137,2026-06,CONFIRMATORY,controlled_example_station,52.21,5.16,14.0,11325000000.0,10.0,2026-06-13T03:39:08Z,2026-06-13T03:46:24Z,436.0,82.56034069529656,SETTING_75_PERCENT,0.75,2026-06-13T03:44:35Z,2026-06-13T03:44:05Z,2026-06-13T03:45:05Z,1.0,61,21.07436859018664,28.254827599669973,37.30428574039939,328918670,2026-06-11T23:14:09.376512Z,2026-06-12T12:00:27Z,28.507117635555556,15.735555555555555,24-36 h,data/orbit_uncertainty_stage1/raw/spacetrack_gp/spacetrack_gp_history_20260529_20260701_20sat_omm.json,1F5A8BA23D1C8AE605C4142F44E424711D1D85014DB46C28BBC18C3ABC326A96,2026-06-13T03:27:41.999990Z,0.28138889166666664,data/orbit_uncertainty_stage1/june/sat000065686.csv,B6BC6FF15B3CA146A8A5647889EB05C3E5134E71663266D0DFF94290D3AA7A5B,122,False,SELECTED_FROZEN,1914.42430414919,2034.2289631832218,3163.157102584839,3343.9634857177734,-2341.8404712677,1914.42430414919,1914.42430414919,-38.40135588280303,38.40135588280303,126.17914609273849,126.17914609273849,252423335.95386264,971191.7914302512,0.003847472293955276,0.9961525277060447,FINITE_NONZERO,0.966344777916513,0.4518544187381508,15.396761896584753,0.9851103798255835,True,21.664264620127206,29.09592269965537,38.496439044701646,7be5772e4cea496f5155085c91f707c2ae75f980e9bff8bd70f66ede1180fd50,False,NOT_APPLICABLE_STAGE_A,COMPLETE
legit_segment_6d4e230470ce752639dfe220,legit_pass_a4579b77ae7e2dda6755e04c,65405,STARLINK-34830,2026-06,CONFIRMATORY,controlled_example_station,52.21,5.16,14.0,11325000000.0,10.0,2026-06-01T00:15:49Z,2026-06-01T00:22:48Z,419.0,42.68874520727525,PEAK,0.4988066825775656,2026-06-01T00:19:18Z,2026-06-01T00:18:48Z,2026-06-01T00:19:48Z,1.0,61,39.88917998337037,41.698385468019694,42.68874520727525,326369629,2026-05-31T13:03:34.478784Z,2026-05-31T16:46:17Z,11.262089226666667,7.550277777777778,9-12 h,data/orbit_uncertainty_stage1/raw/spacetrack_gp/spacetrack_gp_history_20260529_20260701_20sat_omm.json,1F5A8BA23D1C8AE605C4142F44E424711D1D85014DB46C28BBC18C3ABC326A96,2026-06-01T00:26:42.000029Z,0.12333334138888888,data/orbit_uncertainty_stage1/june/sat000065405.csv,10707AFA6592FB845A94CB76E13C89BAD9EFA77F9A31B0B3C5036D80E7E87A62,2,False,SELECTED_FROZEN,1358.757474993096,1360.1128246970516,1427.0518226623535,1427.8724479675293,46.24330520629883,1358.7574749930955,1358.7574749930955,0.8178167317923546,0.8178167317923546,58.971896286884956,58.971896286884956,112844320.65022896,212138.75765193807,0.0018799240974606162,0.9981200759025394,FINITE_NONZERO,0.05626441673843818,-0.2125815489681574,2.4917556347219283,0.9982146609185168,True,39.86269585800644,41.718152487164325,42.708645325686604,62a013d57a1fc5a71fcdbae860a4220128160ecf2e33d49e72a50581021de0a6,False,NOT_APPLICABLE_STAGE_A,COMPLETE
legit_segment_6dac8d67269359c6d954ad3a,legit_pass_af515479e06fb4767de6ff3d,65411,STARLINK-34983,2026-06,CONFIRMATORY,controlled_example_station,52.21,5.16,14.0,11325000000.0,10.0,2026-06-06T23:43:04Z,2026-06-06T23:50:27Z,443.0,79.99921698156052,RISING_25_PERCENT,0.2505643340857788,2026-06-06T23:44:55Z,2026-06-06T23:44:25Z,2026-06-06T23:45:25Z,1.0,61,21.31255247008839,28.446190831323115,37.38539352831324,327674076,2026-06-06T18:42:57.515904Z,2026-06-06T22:56:32Z,5.032634471111111,0.8063888888888889,0-6 h,data/orbit_uncertainty_stage1/raw/spacetrack_gp/spacetrack_gp_history_20260529_20260701_20sat_omm.json,1F5A8BA23D1C8AE605C4142F44E424711D1D85014DB46C28BBC18C3ABC326A96,2026-06-07T00:18:41.999990Z,0.5630555527777777,data/orbit_uncertainty_stage1/june/sat000065411.csv,26E105CAB95698D658010132E70DA6D62EE0D10BD67ED831612077EEE7C12C95,62,False,SELECTED_FROZEN,548.1713917216316,569.1540512014965,821.6478824615479,859.4336891174316,519.7106666564941,548.1713917216314,548.1713917216314,8.57848561759477,8.57848561759477,25.128280775815867,25.128280775815867,19760116.373943616,38517.26017964247,0.0019492425778642015,0.9980507574221358,FINITE_NONZERO,0.9730669627843445,0.0901405355187741,2.694431151151418,0.9885023620356033,True,21.151950048214964,28.231279154713874,37.09814603452243,6d2f23f428954984674d8c3939f4b4050f62773be15a70ddc39737ab237be999,False,NOT_APPLICABLE_STAGE_A,COMPLETE
legit_segment_6daf4e88fc29579356775698,legit_pass_8d5ab5d6e54215a809c3d0ab,65407,STARLINK-35035,2026-06,CONFIRMATORY,controlled_example_station,52.21,5.16,14.0,11325000000.0,10.0,2026-06-02T00:31:34Z,2026-06-02T00:38:55Z,441.0,65.80701523743932,PEAK,0.4988662131519274,2026-06-02T00:35:14Z,2026-06-02T00:34:44Z,2026-06-02T00:35:44Z,1.0,61,56.96655930527318,62.484779201151824,65.80701523743932,326554234,2026-06-01T03:53:10.688064Z,2026-06-01T10:22:25Z,20.70091998222222,14.213611111111112,18-24 h,data/orbit_uncertainty_stage1/raw/spacetrack_gp/spacetrack_gp_history_20260529_20260701_20sat_omm.json,1F5A8BA23D1C8AE605C4142F44E424711D1D85014DB46C28BBC18C3ABC326A96,2026-06-02T01:04:42.000038Z,0.49111112166666665,data/orbit_uncertainty_stage1/june/sat000065407.csv,1D5D20428BDA125132468A3B81A5A0011425555B1C761A0A7A4BD8F31D76DA01,11,False,SELECTED_FROZEN,3420.107232766073,3428.3131908994083,3696.758586883545,3699.634563446045,19.79572105407715,3420.1072327660727,3420.1072327660727,0.4181709859435428,0.4181709859435428,236.94649715557077,236.94649715557077,716953211.4285878,3424762.1933719893,0.004776828025566509,0.9952231719744334,FINITE_NONZERO,0.0009646055952219346,-0.8534286770152075,13.927722951920444,0.9965449077056933,True,56.48497573013894,62.46922188225402,65.80128178761159,a7fd2fb70d798c20de8d713e70ae236068d256e51fa2f62c8e325b1375fe666b,False,NOT_APPLICABLE_STAGE_A,COMPLETE
legit_segment_6e29b6d4d07e431160aac1ff,legit_pass_7204933a2cc2b1148e41d8ef,65409,STARLINK-35022,2026-06,CONFIRMATORY,controlled_example_station,52.21,5.16,14.0,11325000000.0,10.0,2026-06-01T03:03:47Z,2026-06-01T03:11:09Z,442.0,77.69955108794602,RISING_25_PERCENT,0.251131221719457,2026-06-01T03:05:38Z,2026-06-01T03:05:08Z,2026-06-01T03:06:08Z,1.0,61,21.251221772708114,28.33668618099027,37.19813097900987,326441202,2026-05-31T20:00:01.999008Z,2026-06-01T00:06:54Z,7.093333608888889,2.9788888888888887,6-9 h,data/orbit_uncertainty_stage1/raw/spacetrack_gp/spacetrack_gp_history_20260529_20260701_20sat_omm.json,1F5A8BA23D1C8AE605C4142F44E424711D1D85014DB46C28BBC18C3ABC326A96,2026-06-01T03:17:42.000029Z,0.20111111916666669,data/orbit_uncertainty_stage1/june/sat000065409.csv,C82A923C1B14CF8F30B1B5DDBB30C6CB9AE3A8DB51A9A3F182BEC8348A9F0DF5,3,False,SELECTED_FROZEN,15.398846485575692,17.013980665314417,28.60749626159668,30.551490783691406,24.66484260559082,15.398846485575689,15.398846485575689,0.4034563001030531,0.4034563001030531,1.3748451929523327,1.3748451929523327,17658.007822861262,115.30215757963235,0.006529737597598882,0.9934702624024011,FINITE_NONZERO,0.9638937755168178,0.004920153363827173,0.17491752779235062,0.983813272253997,True,21.247176840714356,28.330038830906968,37.187788172670196,97681165102fa55b0442e32bd902011b7de7508141bf5be80e2b1ebd04e9f995,False,NOT_APPLICABLE_STAGE_A,COMPLETE
legit_segment_6f2f272a2cacfd7bddbed87a,legit_pass_1d65549148f5641898c2da46,48672,STARLINK-2705,2026-06,CONFIRMATORY,controlled_example_station,52.21,5.16,14.0,11325000000.0,10.0,2026-06-10T10:34:32Z,2026-06-10T10:36:24Z,112.0,10.774648336296222,PEAK,0.5,2026-06-10T10:35:28Z,2026-06-10T10:34:58Z,2026-06-10T10:35:58Z,1.0,61,10.543906893657432,10.696807487191576,10.774648336296222,328494318,2026-06-09T23:22:48.192096Z,2026-06-10T07:17:33Z,11.211057751111111,3.298611111111111,9-12 h,data/orbit_uncertainty_stage1/raw/spacetrack_gp/spacetrack_gp_history_20260529_20260701_20sat_omm.json,1F5A8BA23D1C8AE605C4142F44E424711D1D85014DB46C28BBC18C3ABC326A96,2026-06-10T10:26:41.999971Z,0.14611111916666666,data/orbit_uncertainty_stage1/june/sat000048672.csv,9CCC0F6B332261080A38A7EF3636C88202FADE4135B08985F943785C7A1E9415,94,False,SELECTED_FROZEN,-495.8646728953377,495.88596324841103,500.69231605529785,500.7457904815674,6.765031814575195,-495.86467289533766,495.86467289533766,0.11581096518046113,0.11581096518046113,4.117881191929406,4.117881191929406,15000076.201355072,1034.3736761616026,6.895789476510524e-05,0.9999310421052349,FINITE_NONZERO,0.19691359659246643,0.014853848740570899,0.08981139753284498,0.9995243195703115,True,10.535554327822943,10.69458989649776,10.772568039861762,e36f509cb0f91bb8959f45753549101d3d9fa93dc5eb0e77342c9cd97bfbfd90,False,NOT_APPLICABLE_STAGE_A,COMPLETE
legit_segment_6f7d6e736e93c44f6e72cc48,legit_pass_a9f5b7cd758426ab7b882de0,48672,STARLINK-2705,2026-06,CONFIRMATORY,controlled_example_station,52.21,5.16,14.0,11325000000.0,10.0,2026-06-02T19:31:57Z,2026-06-02T19:39:06Z,429.0,50.79550738458741,RISING_25_PERCENT,0.2494172494172494,2026-06-02T19:33:44Z,2026-06-02T19:33:14Z,2026-06-02T19:34:14Z,1.0,61,19.889415763559136,25.791258085917708,32.70291553207913,326644700,2026-06-02T00:19:35.988672Z,2026-06-02T10:48:41Z,19.23555870222222,8.750833333333333,18-24 h,data/orbit_uncertainty_stage1/raw/spacetrack_gp/spacetrack_gp_history_20260529_20260701_20sat_omm.json,1F5A8BA23D1C8AE605C4142F44E424711D1D85014DB46C28BBC18C3ABC326A96,2026-06-02T17:57:42.000019Z,1.6005555502777777,data/orbit_uncertainty_stage1/june/sat000048672.csv,9CCC0F6B332261080A38A7EF3636C88202FADE4135B08985F943785C7A1E9415,19,False,SELECTED_FROZEN,197.32031149942367,206.64538636594347,305.42290687561035,319.6502208709717,207.31930351257324,197.32031149942367,197.32031149942367,3.4468258577827946,3.4468258577827946,9.166337490930946,9.166337490930946,2604841.2580861333,5125.326322856421,0.0019676156107194705,0.9980323843892805,FINITE_NONZERO,0.9776953778702825,0.03295503656176546,0.7712002244267698,0.9929214776445121,True,19.843542532502564,25.73275837195873,32.63002086358297,f734ce8b32907cc2826e60764c2ea86415ac1bf127311bcd1b16ed4156a0ceea,False,NOT_APPLICABLE_STAGE_A,COMPLETE
legit_segment_6f91908286240fb3ab0905a9,legit_pass_e010964ed4bfa99c881f5382,65693,STARLINK-35060,2026-06,CONFIRMATORY,controlled_example_station,52.21,5.16,14.0,11325000000.0,10.0,2026-06-01T08:18:04Z,2026-06-01T08:25:30Z,446.0,89.32096532549329,SETTING_75_PERCENT,0.7511210762331838,2026-06-01T08:23:39Z,2026-06-01T08:23:09Z,2026-06-01T08:24:09Z,1.0,61,21.13256481833724,28.174323245331486,37.00175269252746,326446514,2026-05-31T17:54:26.108928Z,2026-06-01T06:47:07Z,14.486914186666667,1.6088888888888888,12-18 h,data/orbit_uncertainty_stage1/raw/spacetrack_gp/spacetrack_gp_history_20260529_20260701_20sat_omm.json,1F5A8BA23D1C8AE605C4142F44E424711D1D85014DB46C28BBC18C3ABC326A96,2026-06-01T06:35:42.000029Z,1.7991666586111112,data/orbit_uncertainty_stage1/june/sat000065693.csv,D31425DC1D7BF768E17AFC34A7D7E516943AB5AC5C7598CCE830821EDB62E3E7,5,False,SELECTED_FROZEN,884.2624620218746,938.1174276895433,1451.6133785247803,1533.2884635925293,-1066.4055061340332,884.2624620218744,884.2624620218744,-17.50139233131753,17.50139233131753,56.494238627503044,56.494238627503044,53683922.79622557,194687.53888417667,0.003626552024209841,0.9963734479757902,FINITE_NONZERO,0.9674805155049785,0.20234419220915356,6.813692253659145,0.9854535603767283,True,21.42261256235915,28.583231796722927,37.576555075786295,2eaf9e680ee47ac489127e21f6d48cedb212b4d453d969fb4f9bd72073ee3d40,False,NOT_APPLICABLE_STAGE_A,COMPLETE
legit_segment_70075c41db5721049ba72f29,legit_pass_60e01676aefb215212aa9be3,60265,STARLINK-32120,2026-06,CONFIRMATORY,controlled_example_station,52.21,5.16,14.0,11325000000.0,10.0,2026-06-01T11:55:03Z,2026-06-01T12:01:56Z,413.0,36.775897112756944,PEAK,0.49878934624697335,2026-06-01T11:58:29Z,2026-06-01T11:57:59Z,2026-06-01T11:58:59Z,1.0,61,34.88275695357568,36.11130032897944,36.775897112756944,326549442,2026-05-31T23:08:04.244928Z,2026-06-01T10:22:25Z,12.840209742222223,1.6011111111111112,12-18 h,data/orbit_uncertainty_stage1/raw/spacetrack_gp/spacetrack_gp_history_20260529_20260701_20sat_omm.json,1F5A8BA23D1C8AE605C4142F44E424711D1D85014DB46C28BBC18C3ABC326A96,2026-06-01T14:29:41.999971Z,2.520277769722222,data/orbit_uncertainty_stage1/june/sat000060265.csv,310CEC01430FB37300D0520AC911958B04898B003A2B2906A630DA9E075D20EF,7,False,SELECTED_FROZEN,-250.8239960279621,251.08123897238235,262.13013458251953,262.2114715576172,23.968578338623047,-250.8239960279621,250.8239960279621,0.4212284232371075,0.4212284232371075,8.608555701344718,8.608555701344718,3845549.1023983015,4520.541107052434,0.0011755255196801856,0.9988244744803199,FINITE_NONZERO,0.42602181003001527,0.031028780731144956,0.3847014215563546,0.9980029589390278,True,34.8892001352154,36.10920957522919,36.773563819140826,7fc81467c52bf0d52f52fcefb4a629b5c0012697344a71073e3601bcc82d5e2f,False,NOT_APPLICABLE_STAGE_A,COMPLETE
legit_segment_706f384e7166b3c0b95cd88f,legit_pass_60e01676aefb215212aa9be3,60265,STARLINK-32120,2026-06,CONFIRMATORY,controlled_example_station,52.21,5.16,14.0,11325000000.0,10.0,2026-06-01T11:55:03Z,2026-06-01T12:01:56Z,413.0,36.775897112756944,RISING_25_PERCENT,0.24939467312348668,2026-06-01T11:56:46Z,2026-06-01T11:56:16Z,2026-06-01T11:57:16Z,1.0,61,18.52729453197664,23.156045609982275,28.143667954757216,326549442,2026-05-31T23:08:04.244928Z,2026-06-01T10:22:25Z,12.811598631111112,1.5725,12-18 h,data/orbit_uncertainty_stage1/raw/spacetrack_gp/spacetrack_gp_history_20260529_20260701_20sat_omm.json,1F5A8BA23D1C8AE605C4142F44E424711D1D85014DB46C28BBC18C3ABC326A96,2026-06-01T14:29:41.999971Z,2.548888880833333,data/orbit_uncertainty_stage1/june/sat000060265.csv,310CEC01430FB37300D0520AC911958B04898B003A2B2906A630DA9E075D20EF,7,False,SELECTED_FROZEN,-119.23507831135734,121.84177906010805,161.02942085266113,165.6849365234375,-83.80786514282227,-119.23507831135733,119.23507831135733,-1.4179584362972109,1.4179584362972109,2.2643597828248225,2.2643597828248225,905570.5665964633,312.7668387905431,0.0003453809678974659,0.9996546190321025,FINITE_NONZERO,0.9918408640891823,-0.008155384717239977,0.13467371464790556,0.9964626762264208,True,18.545285305139846,23.175497798340782,28.16355415150776,66d9ef79635e18ea20914444a0ef52e90556a6c2963d903250f2a179fa4566e9,False,NOT_APPLICABLE_STAGE_A,COMPLETE
legit_segment_70a74e3b75946b8562bdc7b8,legit_pass_b4919c797d330207eea415d0,65409,STARLINK-35022,2026-06,CONFIRMATORY,controlled_example_station,52.21,5.16,14.0,11325000000.0,10.0,2026-06-02T00:54:55Z,2026-06-02T01:02:17Z,442.0,82.09176422696753,SETTING_75_PERCENT,0.751131221719457,2026-06-02T01:00:27Z,2026-06-02T00:59:57Z,2026-06-02T01:00:57Z,1.0,61,21.051009859416933,28.102535116109006,36.94376831764175,326554235,2026-06-01T04:16:47.216928Z,2026-06-01T10:22:25Z,20.727717520000002,14.633888888888889,18-24 h,data/orbit_uncertainty_stage1/raw/spacetrack_gp/spacetrack_gp_history_20260529_20260701_20sat_omm.json,1F5A8BA23D1C8AE605C4142F44E424711D1D85014DB46C28BBC18C3ABC326A96,2026-06-02T00:24:42.000019Z,0.5958333280555556,data/orbit_uncertainty_stage1/june/sat000065409.csv,C82A923C1B14CF8F30B1B5DDBB30C6CB9AE3A8DB51A9A3F182BEC8348A9F0DF5,11,False,SELECTED_FROZEN,560.8058648969306,591.95827316628,903.0700378417969,951.9493598937988,-644.7137279510498,560.8058648969305,560.8058648969305,-10.592860846113497,10.592860846113497,33.56608089457763,33.56608089457763,21375290.427370258,68727.58898390109,0.003215282113589343,0.9967847178864107,FINITE_NONZERO,0.9686260506868118,0.12025901081735668,3.9651263347320063,0.9860455480535167,True,21.226791031543463,28.347955239573263,37.28526512395693,310008b22bf989b7509661e694583e75d49736109641c6708cecb371ef6e419d,False,NOT_APPLICABLE_STAGE_A,COMPLETE
legit_segment_70ae73a1fed6f6621ac6dffb,legit_pass_d68c68535e2502e5f9fd44fa,58380,STARLINK-30915,2026-06,CONFIRMATORY,controlled_example_station,52.21,5.16,14.0,11325000000.0,10.0,2026-06-08T05:11:07Z,2026-06-08T05:17:53Z,406.0,34.98145220451099,PEAK,0.5,2026-06-08T05:14:30Z,2026-06-08T05:14:00Z,2026-06-08T05:15:00Z,1.0,61,33.260014819942135,34.382435493514244,34.98145220451099,327914222,2026-06-07T17:46:56.152416Z,2026-06-08T00:36:35Z,11.459402106666667,4.631944444444445,9-12 h,data/orbit_uncertainty_stage1/raw/spacetrack_gp/spacetrack_gp_history_20260529_20260701_20sat_omm.json,1F5A8BA23D1C8AE605C4142F44E424711D1D85014DB46C28BBC18C3ABC326A96,2026-06-08T04:58:42.000038Z,0.26333332277777777,data/orbit_uncertainty_stage1/june/sat000058380.csv,3EDD695EBC2FD369BB6D3F364CEB1C354CEB8FF41D75D9C0E85CB4203365E2E7,73,False,SELECTED_FROZEN,6835.505697312902,6843.514865226744,7150.712253570557,7154.1666831970215,-786.2372398376465,6835.505697312902,6835.505697312902,-13.679199790349426,13.679199790349426,227.04672523942688,227.04672523942688,2856855438.345345,3144563.141958816,0.0011007078271276153,0.9988992921728724,FINITE_NONZERO,0.5294691710768522,-0.818434147896097,9.74024232708275,0.9981596134996344,True,32.53986153803951,33.96175455082483,34.57628869332803,e1410484e9d1fe1767165c45d60cae30b59dfa2492d767a641f9937900cd3bfb,False,NOT_APPLICABLE_STAGE_A,COMPLETE
legit_segment_70f760a5dd36154a8ef47d54,legit_pass_803aa2a47b000f01668b4751,65411,STARLINK-34983,2026-06,CONFIRMATORY,controlled_example_station,52.21,5.16,14.0,11325000000.0,10.0,2026-06-07T02:58:54Z,2026-06-07T03:05:37Z,403.0,34.10684348958414,PEAK,0.5012406947890818,2026-06-07T03:02:16Z,2026-06-07T03:01:46Z,2026-06-07T03:02:46Z,1.0,61,32.48449562733202,33.53934157543674,34.10684348958414,327674076,2026-06-06T18:42:57.515904Z,2026-06-06T22:56:32Z,8.321801137777777,4.095555555555555,6-9 h,data/orbit_uncertainty_stage1/raw/spacetrack_gp/spacetrack_gp_history_20260529_20260701_20sat_omm.json,1F5A8BA23D1C8AE605C4142F44E424711D1D85014DB46C28BBC18C3ABC326A96,2026-06-07T03:45:41.999990Z,0.723888886111111,data/orbit_uncertainty_stage1/june/sat000065411.csv,26E105CAB95698D658010132E70DA6D62EE0D10BD67ED831612077EEE7C12C95,63,False,SELECTED_FROZEN,3199.7188594380364,3201.382939490976,3315.9991779327393,3317.4515171051025,-51.00833702087402,3199.7188594380355,3199.7188594380355,-0.8671447860822669,0.8671447860822669,102.07274070791759,102.07274070791759,625180016.2410967,635549.5081331724,0.0010165864097103142,0.9989834135902896,FINITE_NONZERO,0.021883459486059742,-0.3680655718110141,3.4836663353108195,0.9988351941275874,True,32.293748681906806,33.4884524572684,34.0589402371656,393baec9a8f267454175e8ab8d8642615a924e8a6bbbab634286ace2f5105efe,False,NOT_APPLICABLE_STAGE_A,COMPLETE
legit_segment_71215b0f92756030c4136ed2,legit_pass_6c9927a71195d8254589bbf0,48672,STARLINK-2705,2026-06,CONFIRMATORY,controlled_example_station,52.21,5.16,14.0,11325000000.0,10.0,2026-06-01T15:09:51Z,2026-06-01T15:16:32Z,401.0,33.56896627265587,SETTING_75_PERCENT,0.7506234413965087,2026-06-01T15:14:52Z,2026-06-01T15:14:22Z,2026-06-01T15:15:22Z,1.0,61,17.79275820663035,22.039191071689654,26.517523877770085,326542936,2026-06-01T03:58:06.459456Z,2026-06-01T10:22:25Z,11.27931681777778,4.8741666666666665,9-12 h,data/orbit_uncertainty_stage1/raw/spacetrack_gp/spacetrack_gp_history_20260529_20260701_20sat_omm.json,1F5A8BA23D1C8AE605C4142F44E424711D1D85014DB46C28BBC18C3ABC326A96,2026-06-01T15:04:42.000010Z,0.16944444166666667,data/orbit_uncertainty_stage1/june/sat000048672.csv,9CCC0F6B332261080A38A7EF3636C88202FADE4135B08985F943785C7A1E9415,7,False,SELECTED_FROZEN,635.8385712357818,648.6860011817901,847.8682899475098,870.7878494262695,-428.8621349334717,635.8385712357817,635.8385712357817,-7.272903803276175,7.272903803276175,10.26397784639027,10.26397784639027,25668405.215882502,6426.303715102606,0.0002503585112146463,0.9997496414887853,FINITE_NONZERO,0.9936162960623282,0.03692297633871089,0.7891685274173397,0.9940883583271442,True,17.887028448156652,22.142468707122195,26.624881144718188,2f9ea32bee6c7aa3ac31fdfc0c1fcc93451accfbfa3a7d4402e342ceec8ffc5d,False,NOT_APPLICABLE_STAGE_A,COMPLETE
legit_segment_7299d606d25f7cd61726e371,legit_pass_a0874666c24a8b1f6c0f38e0,65410,STARLINK-35024,2026-06,CONFIRMATORY,controlled_example_station,52.21,5.16,14.0,11325000000.0,10.0,2026-06-04T03:15:48Z,2026-06-04T03:23:04Z,436.0,62.70669736010653,RISING_25_PERCENT,0.25,2026-06-04T03:17:37Z,2026-06-04T03:17:07Z,2026-06-04T03:18:07Z,1.0,61,20.587635692384936,27.151331139121716,35.1470702661984,326989611,2026-06-03T14:20:01.542048Z,2026-06-03T23:06:29Z,12.95984943111111,4.185555555555555,12-18 h,data/orbit_uncertainty_stage1/raw/spacetrack_gp/spacetrack_gp_history_20260529_20260701_20sat_omm.json,1F5A8BA23D1C8AE605C4142F44E424711D1D85014DB46C28BBC18C3ABC326A96,2026-06-04T02:39:42.000019Z,0.6319444391666666,data/orbit_uncertainty_stage1/june/sat000065410.csv,480E0881CFF425F783D504E2B784746BB847F6C9A822B6001FD1AFCD7FF9CBC4,33,False,SELECTED_FROZEN,62.68333885317943,69.76611136394538,118.69231986999512,126.91362380981445,104.19514465332031,62.683338853179414,62.683338853179414,1.7067411693046495,1.7067411693046495,5.923685100855811,5.923685100855811,296905.92798563215,2140.4927556201683,0.007209329804030558,0.9927906701959694,FINITE_NONZERO,0.9625949297842121,0.021218603332879615,0.7101718564084984,0.9856271468693653,True,20.564272383348484,27.120231586851325,35.10552994674467,195b2e08ec5381e4e01e43be6f4bf506f67cc2056dc5737e98266f5d4de4c1bc,False,NOT_APPLICABLE_STAGE_A,COMPLETE
legit_segment_730c77dd6d3d0cd137db36f9,legit_pass_1e7267cd018b59e0434b02d1,48458,STARLINK-2698,2026-06,CONFIRMATORY,controlled_example_station,52.21,5.16,14.0,11325000000.0,10.0,2026-06-01T22:03:03Z,2026-06-01T22:10:26Z,443.0,80.05559584257738,SETTING_75_PERCENT,0.7494356659142212,2026-06-01T22:08:35Z,2026-06-01T22:08:05Z,2026-06-01T22:09:05Z,1.0,61,21.144896592263017,28.213430374417896,37.06678079528482,326577316,2026-06-01T09:13:09.424704Z,2026-06-01T18:19:01Z,12.923770915555556,3.826111111111111,12-18 h,data/orbit_uncertainty_stage1/raw/spacetrack_gp/spacetrack_gp_history_20260529_20260701_20sat_omm.json,1F5A8BA23D1C8AE605C4142F44E424711D1D85014DB46C28BBC18C3ABC326A96,2026-06-01T21:40:42.000010Z,0.4647222194444445,data/orbit_uncertainty_stage1/june/sat000048458.csv,091BB60895838155D6E08F3AB53CB4B529B9EB7F826CA2A0FB9BFADE0198C1C6,9,False,SELECTED_FROZEN,-29.481831284820057,37.86225412009313,73.68950653076172,80.54605865478516,81.2334156036377,-29.48183128482005,29.48183128482005,1.3180134487303403,1.3180134487303403,5.084533540784328,5.084533540784328,87446.56751032504,1577.0013609690095,0.018033885215480973,0.981966114784519,FINITE_NONZERO,0.954192473408576,-0.01816225525491455,0.7160436352088974,0.9801675328170322,True,21.133930626622224,28.193411715793438,37.03325016538264,d3bcee2f15e7dfc35ca7ba4705587e4aae3605f1e920b68a3f2c6929862d5fa2,False,NOT_APPLICABLE_STAGE_A,COMPLETE
legit_segment_73c86e3d6ee948372f263f81,legit_pass_9f9beb6f74240be71c54c786,47383,STARLINK-2103,2026-06,CONFIRMATORY,controlled_example_station,52.21,5.16,14.0,11325000000.0,10.0,2026-06-01T13:01:51Z,2026-06-01T13:09:10Z,439.0,87.00507267961562,RISING_25_PERCENT,0.2505694760820046,2026-06-01T13:03:41Z,2026-06-01T13:03:11Z,2026-06-01T13:04:11Z,1.0,61,21.221066614468068,28.419237851214323,37.4919509157813,326542126,2026-05-31T22:34:37.493472Z,2026-06-01T10:22:25Z,14.484307368888889,2.687777777777778,12-18 h,data/orbit_uncertainty_stage1/raw/spacetrack_gp/spacetrack_gp_history_20260529_20260701_20sat_omm.json,1F5A8BA23D1C8AE605C4142F44E424711D1D85014DB46C28BBC18C3ABC326A96,2026-06-01T12:45:41.999990Z,0.299722225,data/orbit_uncertainty_stage1/june/sat000047383.csv,6A97ABED011A96AE20108B2FFAB622CC78ED39D918CC694CBFCE03E18290B2FA,7,False,SELECTED_FROZEN,-1632.4056278916655,1741.3823519995303,2735.276762008667,2895.854856491089,-2065.406042098999,-1632.405627891665,1632.405627891665,-33.84017193893604,33.84017193893604,112.54162988618658,112.54162988618658,184977162.24718037,772602.7259038037,0.0041767465589692306,0.9958232534410307,FINITE_NONZERO,0.9655511391080411,-0.4029255607085247,13.938880924733601,0.9846598567541894,True,21.733091025516494,29.158263652792975,38.55097853215665,a998c29d0520a16c54768db302662cd687fad0b7dc4facb5aa702688077a8606,False,NOT_APPLICABLE_STAGE_A,COMPLETE
legit_segment_74246de9dfce2b32f5100bc7,legit_pass_8c6a2d5e5eaf97dd1ac3db86,48458,STARLINK-2698,2026-06,CONFIRMATORY,controlled_example_station,52.21,5.16,14.0,11325000000.0,10.0,2026-06-01T20:25:31Z,2026-06-01T20:32:33Z,422.0,44.89141388672559,RISING_25_PERCENT,0.25118483412322273,2026-06-01T20:27:17Z,2026-06-01T20:26:47Z,2026-06-01T20:27:47Z,1.0,61,19.630983400051292,25.163940200582058,31.453872328621273,326577316,2026-06-01T09:13:09.424704Z,2026-06-01T18:19:01Z,11.235437582222223,2.137777777777778,9-12 h,data/orbit_uncertainty_stage1/raw/spacetrack_gp/spacetrack_gp_history_20260529_20260701_20sat_omm.json,1F5A8BA23D1C8AE605C4142F44E424711D1D85014DB46C28BBC18C3ABC326A96,2026-06-01T21:40:42.000010Z,1.2236111138888888,data/orbit_uncertainty_stage1/june/sat000048458.csv,091BB60895838155D6E08F3AB53CB4B529B9EB7F826CA2A0FB9BFADE0198C1C6,9,False,SELECTED_FROZEN,-312.2941115019751,321.542670435375,443.4190864562988,459.25363540649414,-257.1544246673584,-312.29411150197507,312.29411150197507,-4.317828795696807,4.317828795696807,9.085522776927398,9.085522776927398,6306771.023553443,5035.350171934058,0.0007984038350415607,0.9992015961649584,FINITE_NONZERO,0.9859185188974648,-0.032730638424110836,0.5020044889299661,0.9969470804618636,True,19.691469445676333,25.23645434944009,31.537784591368283,41f1026e66dbda9c3abe5f6f577c90df9d5dc3f9d71adcd24e723ff060d19559,False,NOT_APPLICABLE_STAGE_A,COMPLETE
legit_segment_750a7636c50ac50beae38fe8,legit_pass_cc79f6121be0feb737d4e52e,48111,STARLINK-2448,2026-06,CONFIRMATORY,controlled_example_station,52.21,5.16,14.0,11325000000.0,10.0,2026-06-21T10:29:16Z,2026-06-21T10:34:58Z,342.0,23.930456547111596,RISING_25_PERCENT,0.25146198830409355,2026-06-21T10:30:42Z,2026-06-21T10:30:12Z,2026-06-21T10:31:12Z,1.0,61,15.43876759724329,18.468488866230835,21.342798817750715,330888880,2026-06-20T07:48:59.080320Z,2026-06-20T16:06:57Z,26.69525546666667,18.395833333333332,24-36 h,data/orbit_uncertainty_stage1/raw/spacetrack_gp/spacetrack_gp_history_20260529_20260701_20sat_omm.json,1F5A8BA23D1C8AE605C4142F44E424711D1D85014DB46C28BBC18C3ABC326A96,2026-06-21T10:29:42.000029Z,0.01666665861111111,data/orbit_uncertainty_stage1/june/sat000048111.csv,63E98DFF9634CD904EDA2CF3528E739282097399B04E926A453B20B62792D5D5,213,False,SELECTED_FROZEN,-491.8776186958688,497.93796384942124,612.6978893280029,623.6257495880127,-256.47690200805664,-491.8776186958687,491.8776186958687,-4.397311515747588,4.397311515747588,2.0871063618846732,2.0871063618846732,15124475.166392958,265.7167909149881,1.7568661919946743e-05,0.9999824313380801,FINITE_NONZERO,0.9992738313126457,-0.006629209273691927,0.990018794108964,0.7749921268876254,True,15.48251283342456,18.510556035738645,21.379190655355675,88564fd0b089753f30d63fc3a1e1b3d9c6bedaeb6e7c764b93df21fd08d2f17c,False,NOT_APPLICABLE_STAGE_A,COMPLETE
legit_segment_7527d7670c9a9f1dfcd1b55a,legit_pass_2bad02ee66ffec33f3b04a7c,65411,STARLINK-34983,2026-06,CONFIRMATORY,controlled_example_station,52.21,5.16,14.0,11325000000.0,10.0,2026-06-01T02:48:44Z,2026-06-01T02:56:06Z,442.0,75.29904140222048,PEAK,0.5,2026-06-01T02:52:25Z,2026-06-01T02:51:55Z,2026-06-01T02:52:55Z,1.0,61,61.73680962527466,69.8715605344824,75.29904140222048,326367574,2026-05-31T09:14:51.463968Z,2026-05-31T16:26:43Z,17.625982231111113,10.428333333333333,12-18 h,data/orbit_uncertainty_stage1/raw/spacetrack_gp/spacetrack_gp_history_20260529_20260701_20sat_omm.json,1F5A8BA23D1C8AE605C4142F44E424711D1D85014DB46C28BBC18C3ABC326A96,2026-06-01T03:36:41.999990Z,0.7380555527777777,data/orbit_uncertainty_stage1/june/sat000065411.csv,26E105CAB95698D658010132E70DA6D62EE0D10BD67ED831612077EEE7C12C95,3,False,SELECTED_FROZEN,10622.98244135497,10655.594471971248,11595.506923675537,11603.69165802002,405.1420040130615,10622.98244135497,10622.98244135497,7.954017105082352,7.954017105082352,821.1729546537385,821.1729546537385,6926043306.617357,41133826.308739804,0.005939007957030714,0.9940609920429693,FINITE_NONZERO,0.028262743312205463,-2.9561858907299126,54.86191070402545,0.9955365303817391,True,60.07041432261355,69.80742946589034,75.3237796346778,ba167a14de37a855c70759cd4d69db1686f0b13672bdc9b78e4c8b16dc065bd3,False,NOT_APPLICABLE_STAGE_A,COMPLETE
legit_segment_7554199a992d637700a56f39,legit_pass_a3e09d599b42811e95b44ce5,58380,STARLINK-30915,2026-06,CONFIRMATORY,controlled_example_station,52.21,5.16,14.0,11325000000.0,10.0,2026-06-23T17:05:14Z,2026-06-23T17:09:32Z,258.0,15.096303953807027,RISING_25_PERCENT,0.25193798449612403,2026-06-23T17:06:19Z,2026-06-23T17:05:49Z,2026-06-23T17:06:49Z,1.0,61,12.09466974790414,13.521946143957404,14.655271309506023,330969834,2026-06-22T06:28:21.561600Z,2026-06-23T03:40:42Z,34.63262177777778,13.426944444444445,24-36 h,data/orbit_uncertainty_stage1/raw/spacetrack_gp/spacetrack_gp_history_20260529_20260701_20sat_omm.json,1F5A8BA23D1C8AE605C4142F44E424711D1D85014DB46C28BBC18C3ABC326A96,2026-06-23T16:11:42.000029Z,0.9102777697222223,data/orbit_uncertainty_stage1/june/sat000058380.csv,3EDD695EBC2FD369BB6D3F364CEB1C354CEB8FF41D75D9C0E85CB4203365E2E7,236,False,SELECTED_FROZEN,1443.435884037956,1448.9136619489295,1623.4005222320557,1635.8603477478027,415.3584499359131,1443.4358840379552,1443.4358840379552,7.135755920309299,7.135755920309299,7.665152445371989,7.665152445371989,128060398.78671768,3584.0282826583234,2.79870148509178e-05,0.999972012985149,FINITE_NONZERO,0.9962916015094604,-0.02689269696912966,1.7884258332657024,0.9455622363331614,True,12.030695506274924,13.473277023402368,14.62690256291898,7804efd97c0af91ddd95b5eb6b249e7da8ec2bad260ff0deb23e9d69207b9bf2,False,NOT_APPLICABLE_STAGE_A,COMPLETE
legit_segment_75ddff8922056431901f7365,legit_pass_fde717e2e07796edff3ad093,45230,STARLINK-1227,2026-06,CONFIRMATORY,controlled_example_station,52.21,5.16,14.0,11325000000.0,10.0,2026-06-06T06:05:53Z,2026-06-06T06:12:08Z,375.0,31.971806066218853,SETTING_75_PERCENT,0.7493333333333333,2026-06-06T06:10:34Z,2026-06-06T06:10:04Z,2026-06-06T06:11:04Z,1.0,61,17.29417475269583,21.54651734984123,25.992695247581842,327404691,2026-06-05T03:27:08.871552Z,2026-06-06T04:26:37Z,26.72364679111111,1.7325,24-36 h,data/orbit_uncertainty_stage1/raw/spacetrack_gp/spacetrack_gp_history_20260529_20260701_20sat_omm.json,1F5A8BA23D1C8AE605C4142F44E424711D1D85014DB46C28BBC18C3ABC326A96,2026-06-06T05:41:42.000029Z,0.48111110305555554,data/orbit_uncertainty_stage1/june/sat000045230.csv,A086445B48BCEA5D6D786487B3F9BAAB43C341130589A86BCBB60E49241950E8,53,False,SELECTED_FROZEN,100.7607599477299,102.34644922480157,129.62242126464844,132.47371101379395,-59.588348388671875,100.76075994772987,100.76075994772987,-1.017712464678042,1.017712464678042,0.9929445326460581,0.9929445326460581,638962.5358044181,60.14226953961362,9.412487613831359e-05,0.9999058751238616,FINITE_NONZERO,0.9969386953610361,0.0035210557917371155,0.18319945759472075,0.9659593072773132,False,17.303185500894816,21.55523064391994,26.000008832228918,378404efa98aff70dce70fee497bab0d7200baa6ca1ebfb0e7ac3a8cc569bcc8,False,NOT_APPLICABLE_STAGE_A,COMPLETE
legit_segment_75f39f5a610ff6383b5e4ea9,legit_pass_61df85e5cee011de18c21fbc,48309,STARLINK-2517,2026-06,CONFIRMATORY,controlled_example_station,52.21,5.16,14.0,11325000000.0,10.0,2026-06-01T13:16:22Z,2026-06-01T13:21:07Z,285.0,16.371305923593233,SETTING_75_PERCENT,0.7508771929824561,2026-06-01T13:19:56Z,2026-06-01T13:19:26Z,2026-06-01T13:20:26Z,1.0,61,12.670535292711815,14.296873429671484,15.651472209590668,326542819,2026-06-01T03:38:45.544992Z,2026-06-01T10:22:25Z,9.686237502222221,2.9586111111111113,9-12 h,data/orbit_uncertainty_stage1/raw/spacetrack_gp/spacetrack_gp_history_20260529_20260701_20sat_omm.json,1F5A8BA23D1C8AE605C4142F44E424711D1D85014DB46C28BBC18C3ABC326A96,2026-06-01T13:43:42.000010Z,0.39611111388888887,data/orbit_uncertainty_stage1/june/sat000048309.csv,79D62147447BEB30EC557417B61811EF138EF8094DC33D3F68D9F90E474F7689,6,False,SELECTED_FROZEN,627.065170569498,629.9078872630532,714.3006401062012,720.7991714477539,-197.59847259521484,627.0651705694978,627.0651705694978,-3.39188136358478,3.39188136358478,2.590742675994583,2.590742675994583,24203820.732608404,409.42880440639397,1.6915874932704086e-05,0.9999830841250673,FINITE_NONZERO,0.9981215959789264,-0.00887502057413414,0.8132046351957036,0.9014739362087235,True,12.704662970821303,14.32435597746576,15.669792985374828,02613b1c9757bf0eb3da2d895c5b5b3a933b8ae40936a3feb747521b87d0ccaa,False,NOT_APPLICABLE_STAGE_A,COMPLETE
legit_segment_766ff05c343bc867d53678a7,legit_pass_a695252acff255afe24efe91,47767,STARLINK-2185,2026-06,CONFIRMATORY,controlled_example_station,52.21,5.16,14.0,11325000000.0,10.0,2026-06-01T02:03:59Z,2026-06-01T02:10:32Z,393.0,58.45047224942401,RISING_25_PERCENT,0.24936386768447838,2026-06-01T02:05:37Z,2026-06-01T02:05:07Z,2026-06-01T02:06:07Z,1.0,61,19.571839170808925,26.451096659607614,34.96940349468348,326327644,2026-05-31T10:12:02.566080Z,2026-05-31T16:16:51Z,15.892898311111113,9.812777777777777,12-18 h,data/orbit_uncertainty_stage1/raw/spacetrack_gp/spacetrack_gp_history_20260529_20260701_20sat_omm.json,1F5A8BA23D1C8AE605C4142F44E424711D1D85014DB46C28BBC18C3ABC326A96,2026-06-01T00:30:41.999962Z,1.5819444550000001,data/orbit_uncertainty_stage1/june/sat000047767.csv,6E26A6FFCB0389E48C81BEEAD935A847B2444F9441CBE4C1AD8107642DE7DD5F,2,False,SELECTED_FROZEN,301.48005482407865,320.37231221870763,497.834903717041,525.868766784668,368.24784660339355,301.48005482407854,301.48005482407854,6.053521287434952,6.053521287434952,19.70298928155065,19.70298928155065,6260943.524618026,23680.674984362886,0.0037822853522397203,0.9962177146477603,FINITE_NONZERO,0.966955963252061,0.0706266283855701,2.2428409500285076,0.9870421570602512,True,19.498624129931216,26.34926136023185,34.830748744003685,fe291b75798283b0db97f3e166164e28f835c974f8953e360ab8c9a699178468,False,NOT_APPLICABLE_STAGE_A,COMPLETE
legit_segment_76eaf35e0067d108c00d9b71,legit_pass_e31d240adc555f298473c6c5,65405,STARLINK-34830,2026-06,CONFIRMATORY,controlled_example_station,52.21,5.16,14.0,11325000000.0,10.0,2026-06-03T22:43:21Z,2026-06-03T22:49:52Z,391.0,30.452910950251145,RISING_25_PERCENT,0.2506393861892583,2026-06-03T22:44:59Z,2026-06-03T22:44:29Z,2026-06-03T22:45:29Z,1.0,61,17.36830498882489,21.237497858025726,25.186441967176748,326853902,2026-06-03T00:00:02.000160Z,2026-06-03T11:16:57Z,22.749166622222223,11.467222222222222,18-24 h,data/orbit_uncertainty_stage1/raw/spacetrack_gp/spacetrack_gp_history_20260529_20260701_20sat_omm.json,1F5A8BA23D1C8AE605C4142F44E424711D1D85014DB46C28BBC18C3ABC326A96,2026-06-04T00:19:42.000038Z,1.5786111216666667,data/orbit_uncertainty_stage1/june/sat000065405.csv,10707AFA6592FB845A94CB76E13C89BAD9EFA77F9A31B0B3C5036D80E7E87A62,32,False,SELECTED_FROZEN,2072.5169462610465,2119.5687946033704,2801.5610122680664,2879.1008892059326,1481.339563369751,2072.516946261046,2072.516946261046,25.15454791153254,25.15454791153254,33.05276873061331,33.05276873061331,274046884.3784394,66641.61676632395,0.00024317596938740077,0.9997568240306126,FINITE_NONZERO,0.9944612872209351,0.11876426305667209,2.995239202251874,0.9917880304056843,True,17.14659517232132,21.002233712746484,24.955819579108855,999ec469e5418783e2396da0f5a0bdead823cacb381683f5fb2f7d6e769f44fe,False,NOT_APPLICABLE_STAGE_A,COMPLETE
legit_segment_76f13ea441eaf90c886d1e4a,legit_pass_cda505bf941350b0d806409d,65686,STARLINK-35137,2026-06,CONFIRMATORY,controlled_example_station,52.21,5.16,14.0,11325000000.0,10.0,2026-06-02T09:44:16Z,2026-06-02T09:51:34Z,438.0,81.51923865312811,PEAK,0.5,2026-06-02T09:47:55Z,2026-06-02T09:47:25Z,2026-06-02T09:48:25Z,1.0,61,63.665424821912005,73.78848924750359,81.51923865312811,326623630,2026-06-01T22:00:03.000096Z,2026-06-02T07:37:26Z,11.797777751111111,2.174722222222222,9-12 h,data/orbit_uncertainty_stage1/raw/spacetrack_gp/spacetrack_gp_history_20260529_20260701_20sat_omm.json,1F5A8BA23D1C8AE605C4142F44E424711D1D85014DB46C28BBC18C3ABC326A96,2026-06-02T09:34:41.999981Z,0.22027778305555554,data/orbit_uncertainty_stage1/june/sat000065686.csv,B6BC6FF15B3CA146A8A5647889EB05C3E5134E71663266D0DFF94290D3AA7A5B,16,False,SELECTED_FROZEN,318.2939758926141,319.3780080481137,349.2738609313965,349.5603542327881,3.9483985900878906,318.29397589261407,318.29397589261407,0.0741805864855576,0.0741805864855576,26.259304633509363,26.259304633509363,6222141.0335116405,42062.61586996222,0.006760151472526651,0.9932398485274734,FINITE_NONZERO,0.002467758846992796,-0.09452785414998131,1.7727584207369693,0.995442437101188,True,63.649165404758556,73.78912325217006,81.51985694440354,d9b549803100fc50d19006c4c9834d66dac19ba8e9db4dff8f8d59c4bed2c00a,False,NOT_APPLICABLE_STAGE_A,COMPLETE
legit_segment_7705081e9eeadf6c06924b55,legit_pass_a0343a2c0fe07aee6504ff6d,65411,STARLINK-34983,2026-06,CONFIRMATORY,controlled_example_station,52.21,5.16,14.0,11325000000.0,10.0,2026-06-01T01:10:51Z,2026-06-01T01:18:12Z,441.0,78.50139833455108,SETTING_75_PERCENT,0.7505668934240363,2026-06-01T01:16:22Z,2026-06-01T01:15:52Z,2026-06-01T01:16:52Z,1.0,61,21.13234136599125,28.190156304702214,37.02237555750423,326367574,2026-05-31T09:14:51.463968Z,2026-05-31T16:26:43Z,16.02514889777778,8.8275,12-18 h,data/orbit_uncertainty_stage1/raw/spacetrack_gp/spacetrack_gp_history_20260529_20260701_20sat_omm.json,1F5A8BA23D1C8AE605C4142F44E424711D1D85014DB46C28BBC18C3ABC326A96,2026-06-01T01:47:42.000029Z,0.5222222302777778,data/orbit_uncertainty_stage1/june/sat000065411.csv,26E105CAB95698D658010132E70DA6D62EE0D10BD67ED831612077EEE7C12C95,2,False,SELECTED_FROZEN,1541.1936133650483,1633.187696227666,2518.4336547851562,2658.312002182007,-1838.348798751831,1541.1936133650481,1541.1936133650481,-30.19767355916364,30.19767355916364,96.62016266088915,96.62016266088915,162705425.1176753,569462.8057896174,0.0034999620042033526,0.9965000379957967,FINITE_NONZERO,0.9680319209014546,0.34616902218237655,11.407237150410523,0.9860611991809689,True,21.604901898635863,28.856110132936248,37.954805085836085,ec626850a80b2875f4c7fcc7f17a4cbee398e4c9694f82176b1186658a1ad4d1,False,NOT_APPLICABLE_STAGE_A,COMPLETE
legit_segment_77574e320620b01ed62f96c6,legit_pass_ec0929f91950c574d9fc3627,65407,STARLINK-35035,2026-06,CONFIRMATORY,controlled_example_station,52.21,5.16,14.0,11325000000.0,10.0,2026-06-01T01:01:02Z,2026-06-01T01:08:25Z,443.0,70.64276741058887,RISING_25_PERCENT,0.2505643340857788,2026-06-01T01:02:53Z,2026-06-01T01:02:23Z,2026-06-01T01:03:23Z,1.0,61,21.14620135382823,28.067356067229962,36.62988584662256,326441198,2026-05-31T13:46:41.763072Z,2026-06-01T00:06:54Z,11.269788035555555,0.9330555555555555,9-12 h,data/orbit_uncertainty_stage1/raw/spacetrack_gp/spacetrack_gp_history_20260529_20260701_20sat_omm.json,1F5A8BA23D1C8AE605C4142F44E424711D1D85014DB46C28BBC18C3ABC326A96,2026-06-01T00:24:42.000019Z,0.6363888836111111,data/orbit_uncertainty_stage1/june/sat000065407.csv,1D5D20428BDA125132468A3B81A5A0011425555B1C761A0A7A4BD8F31D76DA01,2,False,SELECTED_FROZEN,553.5653059287149,586.1992689743191,900.7178916931152,949.7004165649414,655.2970161437988,553.5653059287149,553.5653059287149,10.787634779850942,10.787634779850942,33.4572134763951,33.4572134763951,20961404.559707597,68282.4931499095,0.003257534243729229,0.9967424657562708,FINITE_NONZERO,0.9699049850857481,0.11994639581968869,3.7674894422105876,0.9873198452694691,True,20.99050150389501,27.849060133502206,36.32766879309624,7d0385851012ccc7311dca030c269593fd55d6b8660ea0cfe3774ed186fd3de5,False,NOT_APPLICABLE_STAGE_A,COMPLETE
legit_segment_776a52815700a58fec8141f7,legit_pass_cda505bf941350b0d806409d,65686,STARLINK-35137,2026-06,CONFIRMATORY,controlled_example_station,52.21,5.16,14.0,11325000000.0,10.0,2026-06-02T09:44:16Z,2026-06-02T09:51:34Z,438.0,81.51923865312811,RISING_25_PERCENT,0.2511415525114155,2026-06-02T09:46:06Z,2026-06-02T09:45:36Z,2026-06-02T09:46:36Z,1.0,61,21.207882504169678,28.393779636730233,37.43566673674305,326623630,2026-06-01T22:00:03.000096Z,2026-06-02T07:37:26Z,11.767499973333333,2.1444444444444444,9-12 h,data/orbit_uncertainty_stage1/raw/spacetrack_gp/spacetrack_gp_history_20260529_20260701_20sat_omm.json,1F5A8BA23D1C8AE605C4142F44E424711D1D85014DB46C28BBC18C3ABC326A96,2026-06-02T09:34:41.999981Z,0.19000000527777777,data/orbit_uncertainty_stage1/june/sat000065686.csv,B6BC6FF15B3CA146A8A5647889EB05C3E5134E71663266D0DFF94290D3AA7A5B,16,False,SELECTED_FROZEN,51.587458782508726,55.00568606274427,86.21522521972656,91.22368621826172,65.00297927856445,51.58745878250871,51.58745878250871,1.0659667174946,1.0659667174946,3.4801195850455247,3.4801195850455247,184563.15545322394,738.7851718992636,0.004002885462621507,0.9959971145373785,FINITE_NONZERO,0.9667602212962121,0.012461732589942764,0.4263777456572728,0.9849893076860365,True,21.193555122203094,28.372468478300213,37.40459029786158,7ba1986afbcc932faf97a1a77d660d24eca9155baf4703e6053e6bcaa9883b29,False,NOT_APPLICABLE_STAGE_A,COMPLETE
legit_segment_77a47af2621633929891c599,legit_pass_67427c197c30a031a6736472,65421,STARLINK-35146,2026-06,CONFIRMATORY,controlled_example_station,52.21,5.16,14.0,11325000000.0,10.0,2026-06-01T01:46:49Z,2026-06-01T01:54:11Z,442.0,83.5367745302046,PEAK,0.5,2026-06-01T01:50:30Z,2026-06-01T01:50:00Z,2026-06-01T01:51:00Z,1.0,61,64.26731893025357,75.00192404834621,83.5367745302046,326441216,2026-05-31T12:57:20.022048Z,2026-06-01T00:06:54Z,12.886104986666666,1.7266666666666666,12-18 h,data/orbit_uncertainty_stage1/raw/spacetrack_gp/spacetrack_gp_history_20260529_20260701_20sat_omm.json,1F5A8BA23D1C8AE605C4142F44E424711D1D85014DB46C28BBC18C3ABC326A96,2026-06-01T01:42:41.999962Z,0.13000001055555557,data/orbit_uncertainty_stage1/june/sat000065421.csv,47F2014ECBC8E7384C87E8BF3D80DB676A195CA775414C519EDF2550466E6CB3,2,False,SELECTED_FROZEN,4219.645662839295,4234.074802069188,4626.659507751465,4629.688276290894,-218.70305252075195,4219.645662839295,4219.645662839295,-3.980304805870607,3.980304805870607,342.15293865607646,342.15293865607646,1093570755.2005513,7141186.639290319,0.006530155095433846,0.9934698449045661,FINITE_NONZERO,0.040262992356058014,-1.2316698726526636,23.12806484464971,0.9954308223494072,True,63.72828661849883,74.97782981373813,83.53789686658247,b3fd6c9388f9beeb8dab1ab6acc384af629fe0a88bd7e1ab2b438daae3c61e63,False,NOT_APPLICABLE_STAGE_A,COMPLETE
legit_segment_77e47bf085f4c410b6f7052c,legit_pass_93eaea58111976e5f7404a90,44714,STARLINK-1008,2026-06,CONFIRMATORY,controlled_example_station,52.21,5.16,14.0,11325000000.0,10.0,2026-06-01T21:42:51Z,2026-06-01T21:49:37Z,406.0,79.05231441322532,PEAK,0.5,2026-06-01T21:46:14Z,2026-06-01T21:45:44Z,2026-06-01T21:46:44Z,1.0,61,60.845277873116224,71.27606109656136,79.05231441322532,326575989,2026-06-01T09:00:48.874752Z,2026-06-01T18:19:01Z,12.756979235555555,3.453611111111111,12-18 h,data/orbit_uncertainty_stage1/raw/spacetrack_gp/spacetrack_gp_history_20260529_20260701_20sat_omm.json,1F5A8BA23D1C8AE605C4142F44E424711D1D85014DB46C28BBC18C3ABC326A96,2026-06-01T23:13:41.999981Z,1.4577777725,data/orbit_uncertainty_stage1/june/sat000044714.csv,F91F0DA10678FA8B4BBDEBC15B9D96435ECFD92205FFA13417B9E47754646E40,10,False,SELECTED_FROZEN,-1609.9085158676398,1618.037290822756,1800.114984512329,1802.054521560669,-109.13997459411621,-1609.9085158676394,1609.9085158676394,-2.0350858270775243,2.0350858270775243,157.97264633344028,157.97264633344028,159700725.14407566,1522276.7763650022,0.009532059262671878,0.9904679407373281,FINITE_NONZERO,0.04893006787521437,0.5681327247083718,12.666607666781285,0.9935708012571774,True,60.57739666758685,71.26612832070089,79.04231480548293,86dcdcf40d417842286013795d168b0bf61bd82cf2a33146a45d5452c1096af8,False,NOT_APPLICABLE_STAGE_A,COMPLETE
legit_segment_78a6e5b86d7e0e4a90fcffdc,legit_pass_86e50c1f810db84aebc15b11,45230,STARLINK-1227,2026-06,CONFIRMATORY,controlled_example_station,52.21,5.16,14.0,11325000000.0,10.0,2026-06-06T12:35:08Z,2026-06-06T12:37:06Z,118.0,10.951864386207692,RISING_25_PERCENT,0.2542372881355932,2026-06-06T12:35:38Z,2026-06-06T12:35:08Z,2026-06-06T12:36:08Z,1.0,61,10.01508726401111,10.636058933637832,10.951864386207692,327471152,2026-06-06T02:45:20.081664Z,2026-06-06T10:37:48Z,9.83831064888889,1.9638888888888888,9-12 h,data/orbit_uncertainty_stage1/raw/spacetrack_gp/spacetrack_gp_history_20260529_20260701_20sat_omm.json,1F5A8BA23D1C8AE605C4142F44E424711D1D85014DB46C28BBC18C3ABC326A96,2026-06-06T12:32:41.999971Z,0.04888889694444445,data/orbit_uncertainty_stage1/june/sat000045230.csv,A086445B48BCEA5D6D786487B3F9BAAB43C341130589A86BCBB60E49241950E8,56,False,SELECTED_FROZEN,1038.744824706531,1039.6456081155459,1090.2363376617432,1091.405990600586,140.10022735595703,1038.7448247065308,1038.7448247065308,2.408487001819502,2.408487001819502,8.598176061381777,8.598176061381777,65932642.41891055,4509.6465265336365,6.83977823591702e-05,0.9999316022176409,FINITE_NONZERO,0.9605119985183336,-0.030934210742855406,0.6477164846256981,0.9943251128084578,True,9.989000783329784,10.622021111825216,10.950997405656022,472b76e7d62661d099c360f53a0813f00cb62c746d0fcb1b154649eab839ee54,False,NOT_APPLICABLE_STAGE_A,COMPLETE
legit_segment_78acdf4aa7a254263eff0193,legit_pass_26b315bf394fcf28c6681377,65686,STARLINK-35137,2026-06,CONFIRMATORY,controlled_example_station,52.21,5.16,14.0,11325000000.0,10.0,2026-06-02T08:06:28Z,2026-06-02T08:13:46Z,438.0,85.86730547881662,RISING_25_PERCENT,0.2511415525114155,2026-06-02T08:08:18Z,2026-06-02T08:07:48Z,2026-06-02T08:08:48Z,1.0,61,21.237840935828952,28.483086320107972,37.62387095748156,326623630,2026-06-01T22:00:03.000096Z,2026-06-02T07:37:26Z,10.137499973333332,0.5144444444444445,9-12 h,data/orbit_uncertainty_stage1/raw/spacetrack_gp/spacetrack_gp_history_20260529_20260701_20sat_omm.json,1F5A8BA23D1C8AE605C4142F44E424711D1D85014DB46C28BBC18C3ABC326A96,2026-06-02T07:35:41.999971Z,0.5433333413888889,data/orbit_uncertainty_stage1/june/sat000065686.csv,B6BC6FF15B3CA146A8A5647889EB05C3E5134E71663266D0DFF94290D3AA7A5B,15,False,SELECTED_FROZEN,-66.13839090065878,68.45956086183173,97.68660163879395,102.03211402893066,-59.9704704284668,-66.13839090065876,66.13839090065876,-0.990399810310901,0.990399810310901,2.889337180859885,2.889337180859885,285889.3998770854,509.24443002666027,0.0017812637692954114,0.9982187362307046,FINITE_NONZERO,0.9732791013502635,-0.010366635209598796,0.30472888400677606,0.9888767732671472,True,21.259447246593357,28.511019284321808,37.660208698313426,5c0d2cb5fbd42ee7eba3c51b11f2b310da2963744a5c86fd3631a99b92ae6c2e,False,NOT_APPLICABLE_STAGE_A,COMPLETE
legit_segment_78c7352888538050554abf61,legit_pass_a0343a2c0fe07aee6504ff6d,65411,STARLINK-34983,2026-06,CONFIRMATORY,controlled_example_station,52.21,5.16,14.0,11325000000.0,10.0,2026-06-01T01:10:51Z,2026-06-01T01:18:12Z,441.0,78.50139833455108,RISING_25_PERCENT,0.2494331065759637,2026-06-01T01:12:41Z,2026-06-01T01:12:11Z,2026-06-01T01:13:11Z,1.0,61,21.014337315901862,28.053275803354914,36.85939958008817,326367574,2026-05-31T09:14:51.463968Z,2026-05-31T16:26:43Z,15.96376000888889,8.766111111111112,12-18 h,data/orbit_uncertainty_stage1/raw/spacetrack_gp/spacetrack_gp_history_20260529_20260701_20sat_omm.json,1F5A8BA23D1C8AE605C4142F44E424711D1D85014DB46C28BBC18C3ABC326A96,2026-06-01T01:47:42.000029Z,0.5836111191666666,data/orbit_uncertainty_stage1/june/sat000065411.csv,26E105CAB95698D658010132E70DA6D62EE0D10BD67ED831612077EEE7C12C95,2,False,SELECTED_FROZEN,1411.2542663011395,1497.2276798482453,2316.2801151275635,2446.323959350586,1701.9478225708008,1411.254266301139,1411.254266301139,27.939302776403256,27.939302776403256,89.80357935415006,89.80357935415006,136743134.24352935,491945.6547538448,0.003597589432736902,0.9964024105672631,FINITE_NONZERO,0.9677479925876725,0.3216716144856768,10.77601783897076,0.9856011002029094,True,20.572849752451763,27.42970920865689,35.98400519460922,8adb68fa2285a977e13ae185dd2b8e08277ec12b03da34d7351719b9b6e35163,False,NOT_APPLICABLE_STAGE_A,COMPLETE
legit_segment_791b69b3f735347cedc0e9c1,legit_pass_abbf46e8ba59b3a68ba578c8,65411,STARLINK-34983,2026-06,CONFIRMATORY,controlled_example_station,52.21,5.16,14.0,11325000000.0,10.0,2026-06-18T19:09:42Z,2026-06-18T19:17:04Z,442.0,82.11867905081957,SETTING_75_PERCENT,0.751131221719457,2026-06-18T19:15:14Z,2026-06-18T19:14:44Z,2026-06-18T19:15:44Z,1.0,61,21.05652607493081,28.103807491358644,36.93760736937978,330402342,2026-06-18T14:09:51.291072Z,2026-06-18T17:45:15Z,5.089641368888889,1.4997222222222222,0-6 h,data/orbit_uncertainty_stage1/raw/spacetrack_gp/spacetrack_gp_history_20260529_20260701_20sat_omm.json,1F5A8BA23D1C8AE605C4142F44E424711D1D85014DB46C28BBC18C3ABC326A96,2026-06-18T20:17:42Z,1.041111111111111,data/orbit_uncertainty_stage1/june/sat000065411.csv,26E105CAB95698D658010132E70DA6D62EE0D10BD67ED831612077EEE7C12C95,186,False,SELECTED_FROZEN,157.82009706340853,166.80704553445966,255.37612533569336,269.3146629333496,-183.77948379516602,157.8200970634085,157.8200970634085,-3.019243285241172,3.019243285241172,9.565568359209363,9.565568359209363,1697300.016836053,5581.505980117146,0.0032884616300903973,0.9967115383699096,FINITE_NONZERO,0.9686365031000134,0.03426931678282674,1.134067324851868,0.9859441823023093,True,21.105856546475906,28.17335473464076,37.035099208205914,6737e081dec4998ecda4fb58ede66305031e89afb3837489cd53313b8d8ab0d8,False,NOT_APPLICABLE_STAGE_A,COMPLETE
legit_segment_79272ec9fed36744176d5939,legit_pass_a3e09d599b42811e95b44ce5,58380,STARLINK-30915,2026-06,CONFIRMATORY,controlled_example_station,52.21,5.16,14.0,11325000000.0,10.0,2026-06-23T17:05:14Z,2026-06-23T17:09:32Z,258.0,15.096303953807027,PEAK,0.5,2026-06-23T17:07:23Z,2026-06-23T17:06:53Z,2026-06-23T17:07:53Z,1.0,61,14.738051351267236,14.97455738670393,15.096303953807027,330969834,2026-06-22T06:28:21.561600Z,2026-06-23T03:40:42Z,34.65039955555555,13.444722222222222,24-36 h,data/orbit_uncertainty_stage1/raw/spacetrack_gp/spacetrack_gp_history_20260529_20260701_20sat_omm.json,1F5A8BA23D1C8AE605C4142F44E424711D1D85014DB46C28BBC18C3ABC326A96,2026-06-23T16:11:42.000029Z,0.9280555475000001,data/orbit_uncertainty_stage1/june/sat000058380.csv,3EDD695EBC2FD369BB6D3F364CEB1C354CEB8FF41D75D9C0E85CB4203365E2E7,236,False,SELECTED_FROZEN,1701.7119872296444,1701.8306808197306,1724.2364444732666,1724.4197025299072,5.296709060668945,1701.711987229644,1701.711987229644,0.09030006182754775,0.09030006182754775,20.036240338975418,20.036240338975418,176669887.6369402,24488.50654219233,0.00013861166081973543,0.9998613883391803,FINITE_NONZERO,0.006257189728626655,-0.07227247854913721,0.454544351604317,0.9994853404146805,True,14.727234699140487,14.977254823716839,15.099308035485462,aa47a2814c1a766c04c6dae700f9f050e688a993ef456f7544b856471686699e,False,NOT_APPLICABLE_STAGE_A,COMPLETE
legit_segment_79426c2d28e58451279a5c08,legit_pass_af4aaaee0abbc3ee755724c9,47749,STARLINK-2163,2026-06,CONFIRMATORY,controlled_example_station,52.21,5.16,14.0,11325000000.0,10.0,2026-06-02T00:57:57Z,2026-06-02T01:03:30Z,333.0,45.02025119957367,PEAK,0.5015015015015015,2026-06-02T01:00:44Z,2026-06-02T01:00:14Z,2026-06-02T01:01:14Z,1.0,61,39.56570532653401,43.027168267288545,45.02025119957367,326577115,2026-06-01T14:00:01.999872Z,2026-06-01T18:19:01Z,11.011666702222222,6.695277777777778,9-12 h,data/orbit_uncertainty_stage1/raw/spacetrack_gp/spacetrack_gp_history_20260529_20260701_20sat_omm.json,1F5A8BA23D1C8AE605C4142F44E424711D1D85014DB46C28BBC18C3ABC326A96,2026-06-02T00:45:41.999990Z,0.2505555583333333,data/orbit_uncertainty_stage1/june/sat000047749.csv,0CE3EE486737D6898F4E0960379BB2CF5D672CBD2C80BC161C0E3F96D2261670,11,False,SELECTED_FROZEN,497.3372142353996,499.961174238627,551.8076019287109,552.4522037506104,-89.24839401245117,497.33721423539936,497.33721423539936,-1.6521006659311581,1.6521006659311581,42.080229721619396,42.080229721619396,15247631.720510073,108015.4897388799,0.00708408307065712,0.9929159169293429,FINITE_NONZERO,0.3233347469151856,-0.15128377494303868,3.55373385161864,0.9928679628871853,True,39.587734054844766,43.01088143449629,45.004439042478815,5705cc4726391db553082d0915127fd9245036f927f013b591c6f462db650071,False,NOT_APPLICABLE_STAGE_A,COMPLETE
legit_segment_79781e4380d8f603be30f63f,legit_pass_270adc2dcb5caa9480acde28,65421,STARLINK-35146,2026-06,CONFIRMATORY,controlled_example_station,52.21,5.16,14.0,11325000000.0,10.0,2026-06-19T19:14:44Z,2026-06-19T19:22:06Z,442.0,75.79178266887011,PEAK,0.5,2026-06-19T19:18:25Z,2026-06-19T19:17:55Z,2026-06-19T19:18:55Z,1.0,61,61.95129129975048,70.22530236821781,75.79178266887011,330737325,2026-06-19T14:13:49.812096Z,2026-06-19T17:59:21Z,5.076441084444444,1.3177777777777777,0-6 h,data/orbit_uncertainty_stage1/raw/spacetrack_gp/spacetrack_gp_history_20260529_20260701_20sat_omm.json,1F5A8BA23D1C8AE605C4142F44E424711D1D85014DB46C28BBC18C3ABC326A96,2026-06-19T18:27:41.999990Z,0.8452777805555556,data/orbit_uncertainty_stage1/june/sat000065421.csv,47F2014ECBC8E7384C87E8BF3D80DB676A195CA775414C519EDF2550466E6CB3,198,False,SELECTED_FROZEN,1459.6447228603677,1464.0870175553148,1593.0869178771973,1594.5199794769287,32.832754135131836,1459.6447228603672,1459.6447228603672,0.6082518509492097,0.6082518509492097,113.4609501216196,113.4609501216196,130756598.49341503,785276.6193525399,0.006005636643967049,0.993994363356033,FINITE_NONZERO,0.00883046724832437,-0.40851296044787566,7.333572623405114,0.9958222893029808,True,61.855182360520075,70.2326343420868,75.79917356970812,d01e94a9d81c32d5f727b996dc636c8576619d390657ef557f481b59e4cffa18,False,NOT_APPLICABLE_STAGE_A,COMPLETE
legit_segment_7986de249bc1c0e05794c41e,legit_pass_97f2749f616f7d78a64803e7,44714,STARLINK-1008,2026-06,CONFIRMATORY,controlled_example_station,52.21,5.16,14.0,11325000000.0,10.0,2026-06-05T23:26:18Z,2026-06-05T23:32:23Z,365.0,31.823749437680725,PEAK,0.5013698630136987,2026-06-05T23:29:21Z,2026-06-05T23:28:51Z,2026-06-05T23:29:51Z,1.0,61,30.124273007936324,31.232167449410017,31.823749437680725,327305531,2026-06-05T15:15:33.356736Z,2026-06-05T20:06:26Z,8.229900906666666,3.3819444444444446,6-9 h,data/orbit_uncertainty_stage1/raw/spacetrack_gp/spacetrack_gp_history_20260529_20260701_20sat_omm.json,1F5A8BA23D1C8AE605C4142F44E424711D1D85014DB46C28BBC18C3ABC326A96,2026-06-05T23:21:42.000019Z,0.12749999472222223,data/orbit_uncertainty_stage1/june/sat000044714.csv,F91F0DA10678FA8B4BBDEBC15B9D96435ECFD92205FFA13417B9E47754646E40,53,False,SELECTED_FROZEN,580.7450729745333,581.2177024980375,605.8668422698975,606.1309013366699,-33.67160606384277,580.7450729745332,580.7450729745332,-0.5912128332492103,0.5912128332492103,20.995780588006337,20.995780588006337,20606655.079522934,26890.190952481928,0.0013049275027271657,0.9986950724972729,FINITE_NONZERO,0.1973042029842803,-0.07569318561820482,0.8350275706606778,0.9984182509620428,True,30.139016253528332,31.22563518977086,31.817310609695582,b98b74d0b282c2b5d4441fb908a907845984d5674051318dbd44294a4636e949,False,NOT_APPLICABLE_STAGE_A,COMPLETE
legit_segment_7998154c3b8353de62fe045b,legit_pass_b1adb7350ee7a0376773b7fe,65421,STARLINK-35146,2026-06,CONFIRMATORY,controlled_example_station,52.21,5.16,14.0,11325000000.0,10.0,2026-06-01T00:09:23Z,2026-06-01T00:16:18Z,415.0,39.459325044750365,RISING_25_PERCENT,0.25060240963855424,2026-06-01T00:11:07Z,2026-06-01T00:10:37Z,2026-06-01T00:11:37Z,1.0,61,18.921811743710833,23.899801512244267,29.373407392049245,326441216,2026-05-31T12:57:20.022048Z,2026-06-01T00:06:54Z,11.229716097777779,0.07027777777777777,9-12 h,data/orbit_uncertainty_stage1/raw/spacetrack_gp/spacetrack_gp_history_20260529_20260701_20sat_omm.json,1F5A8BA23D1C8AE605C4142F44E424711D1D85014DB46C28BBC18C3ABC326A96,2026-06-01T01:42:41.999962Z,1.5263888783333333,data/orbit_uncertainty_stage1/june/sat000065421.csv,47F2014ECBC8E7384C87E8BF3D80DB676A195CA775414C519EDF2550466E6CB3,2,False,SELECTED_FROZEN,967.5108759520484,995.464141520192,1364.6808986663818,1411.2071952819824,785.2383098602295,967.5108759520483,967.5108759520483,13.226450330148236,13.226450330148236,25.307619068387478,25.307619068387478,60447880.280204505,39069.01055754718,0.0006463255680173374,0.9993536744319826,FINITE_NONZERO,0.9883277318896916,0.09119644389578596,1.2634487486043315,0.9975076290448177,True,18.761346968023492,23.712148877643347,29.163624008848235,ec21793aefcf3e7135e72fe6cba44b3fb08c3b2c39fa5b5a1b3776cfda3c3137,False,NOT_APPLICABLE_STAGE_A,COMPLETE
legit_segment_79aa043dab981aa228df3ec9,legit_pass_fc75840e860f341c98a95b10,48309,STARLINK-2517,2026-06,CONFIRMATORY,controlled_example_station,52.21,5.16,14.0,11325000000.0,10.0,2026-06-02T12:47:11Z,2026-06-02T12:51:24Z,253.0,14.651728997013045,PEAK,0.4980237154150198,2026-06-02T12:49:17Z,2026-06-02T12:48:47Z,2026-06-02T12:49:47Z,1.0,61,14.320278232576884,14.539331393714226,14.651728997013045,326542819,2026-06-01T03:38:45.544992Z,2026-06-01T10:22:25Z,33.17540416888889,26.447777777777777,24-36 h,data/orbit_uncertainty_stage1/raw/spacetrack_gp/spacetrack_gp_history_20260529_20260701_20sat_omm.json,1F5A8BA23D1C8AE605C4142F44E424711D1D85014DB46C28BBC18C3ABC326A96,2026-06-02T12:44:42.000029Z,0.07638888083333334,data/orbit_uncertainty_stage1/june/sat000048309.csv,79D62147447BEB30EC557417B61811EF138EF8094DC33D3F68D9F90E474F7689,17,False,SELECTED_FROZEN,4464.324728606177,4464.589367950746,4518.632276535034,4519.341381072998,-0.2499675750732422,4464.324728606176,4464.324728606176,0.00010035518362190338,0.00010035518362190338,48.61010153349623,48.61010153349623,1215886051.6895492,144139.46023690555,0.00011854684905432941,0.9998814531509457,FINITE_NONZERO,1.3212598792833319e-09,-0.17534250866741607,1.0830136769541658,0.9995036193699139,True,14.250873103194518,14.540486273902353,14.657644814436292,557e0353bb3bebd2d2967f7430daea54bf7e85e2f87d779ea6b38aa170d6808e,False,NOT_APPLICABLE_STAGE_A,COMPLETE
legit_segment_7a2f2af3508d9086d2323f3c,legit_pass_8b12913c26755f49056d9286,65411,STARLINK-34983,2026-06,CONFIRMATORY,controlled_example_station,52.21,5.16,14.0,11325000000.0,10.0,2026-06-01T06:05:05Z,2026-06-01T06:09:52Z,287.0,16.689893338126375,SETTING_75_PERCENT,0.7491289198606271,2026-06-01T06:08:40Z,2026-06-01T06:08:10Z,2026-06-01T06:09:10Z,1.0,61,12.85442206597682,14.541364217909399,15.948298506860056,326367574,2026-05-31T09:14:51.463968Z,2026-05-31T16:26:43Z,20.896815564444445,13.699166666666667,18-24 h,data/orbit_uncertainty_stage1/raw/spacetrack_gp/spacetrack_gp_history_20260529_20260701_20sat_omm.json,1F5A8BA23D1C8AE605C4142F44E424711D1D85014DB46C28BBC18C3ABC326A96,2026-06-01T06:51:42.000019Z,0.7172222275,data/orbit_uncertainty_stage1/june/sat000065411.csv,26E105CAB95698D658010132E70DA6D62EE0D10BD67ED831612077EEE7C12C95,5,False,SELECTED_FROZEN,4801.915614894179,4823.28032311779,5458.4624671936035,5505.821817398071,-1496.978603363037,4801.915614894179,4801.915614894179,-25.72351600782134,25.72351600782134,22.643482755000218,22.643482755000218,1419106017.5978906,31276.36598783552,2.2039485140635774e-05,0.9999779605148593,FINITE_NONZERO,0.9975066691746092,-0.07824749170040946,6.511224960635171,0.9173126737046831,True,13.08984071763949,14.725919357408378,16.062510458115728,2570fd9dd01747577fdcbb2f7fc96d17762ed8d520cd735ec711324a9bbea056,False,NOT_APPLICABLE_STAGE_A,COMPLETE
legit_segment_7a3167364d0665dfa1b69f35,legit_pass_43ebc9c482a7e5cb19d15d9a,44714,STARLINK-1008,2026-06,CONFIRMATORY,controlled_example_station,52.21,5.16,14.0,11325000000.0,10.0,2026-06-05T21:49:28Z,2026-06-05T21:56:13Z,405.0,87.91491985419754,SETTING_75_PERCENT,0.7506172839506173,2026-06-05T21:54:32Z,2026-06-05T21:54:02Z,2026-06-05T21:55:02Z,1.0,61,20.292018883521145,27.868957023487628,37.66751299869927,327305531,2026-06-05T15:15:33.356736Z,2026-06-05T20:06:26Z,6.649623128888888,1.8016666666666667,6-9 h,data/orbit_uncertainty_stage1/raw/spacetrack_gp/spacetrack_gp_history_20260529_20260701_20sat_omm.json,1F5A8BA23D1C8AE605C4142F44E424711D1D85014DB46C28BBC18C3ABC326A96,2026-06-05T21:48:41.999962Z,0.09722223277777778,data/orbit_uncertainty_stage1/june/sat000044714.csv,F91F0DA10678FA8B4BBDEBC15B9D96435ECFD92205FFA13417B9E47754646E40,52,False,SELECTED_FROZEN,73.58804662110376,82.66614558713667,143.99330139160156,155.08774948120117,-129.06587982177734,73.58804662110374,73.58804662110374,-2.0871632349547866,2.0871632349547866,8.249448843794996,8.249448843794996,416855.1892002543,4151.257779809827,0.009958512901744382,0.9900414870982556,FINITE_NONZERO,0.9520240838805881,0.029432209943883514,1.2285890302387241,0.9778199051462382,True,20.31713534707643,27.908519463640502,37.728879843119394,7c4a27a1db01e73350cac4d34694b2dae91a6b66de8c49a4ce60d74837da2ef8,False,NOT_APPLICABLE_STAGE_A,COMPLETE
legit_segment_7b215ddc2aeb87a4f8dbcd55,legit_pass_55d066eb5f8e18979fd320ee,65693,STARLINK-35060,2026-06,CONFIRMATORY,controlled_example_station,52.21,5.16,14.0,11325000000.0,10.0,2026-06-01T06:40:46Z,2026-06-01T06:47:27Z,401.0,32.303925394422905,RISING_25_PERCENT,0.24937655860349128,2026-06-01T06:42:26Z,2026-06-01T06:41:56Z,2026-06-01T06:42:56Z,1.0,61,17.67837820136647,21.760491689271944,26.005348507341807,326373484,2026-05-31T16:20:22.936992Z,2026-05-31T23:46:29Z,14.367517502222222,6.9325,12-18 h,data/orbit_uncertainty_stage1/raw/spacetrack_gp/spacetrack_gp_history_20260529_20260701_20sat_omm.json,1F5A8BA23D1C8AE605C4142F44E424711D1D85014DB46C28BBC18C3ABC326A96,2026-06-01T06:35:42.000029Z,0.11222221416666667,data/orbit_uncertainty_stage1/june/sat000065693.csv,D31425DC1D7BF768E17AFC34A7D7E516943AB5AC5C7598CCE830821EDB62E3E7,5,False,SELECTED_FROZEN,1264.1642869105106,1293.202911711995,1714.6873321533203,1763.6699295043945,910.0125846862793,1264.1642869105103,1264.1642869105103,15.426047222454176,15.426047222454176,22.22425158498665,22.22425158498665,102014800.02248329,30128.958869279682,0.00029533909650991317,0.9997046609034901,FINITE_NONZERO,0.9933490274774295,0.07997128933623188,1.6232604580363477,0.9946651510233241,True,17.514976490748623,21.58334377149176,25.82491343971825,0931c5f9a8336c6e2393fe55da9e122f111a271d5d6dde144bd6c7e1b2900998,False,NOT_APPLICABLE_STAGE_A,COMPLETE
legit_segment_7b3b8fb47ce1dbed10fa818a,legit_pass_af63052065adc801b1bcae58,60265,STARLINK-32120,2026-06,CONFIRMATORY,controlled_example_station,52.21,5.16,14.0,11325000000.0,10.0,2026-06-03T14:13:11Z,2026-06-03T14:20:38Z,447.0,78.09517708929214,RISING_25_PERCENT,0.2505592841163311,2026-06-03T14:15:03Z,2026-06-03T14:14:33Z,2026-06-03T14:15:33Z,1.0,61,21.331348785238394,28.35605954002507,37.11446075345498,326848612,2026-06-02T19:02:56.828256Z,2026-06-03T11:16:57Z,19.201714373333335,2.9683333333333333,18-24 h,data/orbit_uncertainty_stage1/raw/spacetrack_gp/spacetrack_gp_history_20260529_20260701_20sat_omm.json,1F5A8BA23D1C8AE605C4142F44E424711D1D85014DB46C28BBC18C3ABC326A96,2026-06-03T13:32:42Z,0.7058333333333333,data/orbit_uncertainty_stage1/june/sat000060265.csv,310CEC01430FB37300D0520AC911958B04898B003A2B2906A630DA9E075D20EF,29,False,SELECTED_FROZEN,2278.861996322382,2414.8213260669504,3720.9126377105713,3926.590600967407,2717.4398860931396,2278.861996322381,2278.861996322381,44.65871982473601,44.65871982473601,141.01648508664337,141.01648508664337,355713084.24649245,1213024.5930376824,0.003410120815789597,0.9965898791842104,FINITE_NONZERO,0.9688385992868987,0.5052645797114508,16.571225350842244,0.9861907695990036,True,20.61519004490022,27.349616746705173,35.709085041275856,1c552d13c530c94cd8143f58cf266ab53cbfe4da5de42b9ddc570d8f9d4b30a9,False,NOT_APPLICABLE_STAGE_A,COMPLETE
legit_segment_7b62db27a26948c2296c3bc2,legit_pass_86600b51c7fb2337d9c96587,60265,STARLINK-32120,2026-06,CONFIRMATORY,controlled_example_station,52.21,5.16,14.0,11325000000.0,10.0,2026-06-05T11:37:50Z,2026-06-05T11:45:17Z,447.0,80.36963726329927,RISING_25_PERCENT,0.2505592841163311,2026-06-05T11:39:42Z,2026-06-05T11:39:12Z,2026-06-05T11:40:12Z,1.0,61,21.33119105672961,28.4067718525865,37.249566694492344,327266690,2026-06-05T06:38:59.086464Z,2026-06-05T11:08:39Z,5.011920426666666,0.5175,0-6 h,data/orbit_uncertainty_stage1/raw/spacetrack_gp/spacetrack_gp_history_20260529_20260701_20sat_omm.json,1F5A8BA23D1C8AE605C4142F44E424711D1D85014DB46C28BBC18C3ABC326A96,2026-06-05T12:15:42.000019Z,0.6000000052777777,data/orbit_uncertainty_stage1/june/sat000060265.csv,310CEC01430FB37300D0520AC911958B04898B003A2B2906A630DA9E075D20EF,49,False,SELECTED_FROZEN,1039.8469728250973,1098.9713976715311,1681.6441230773926,1773.096881866455,1209.562952041626,1039.8469728250973,1039.8469728250973,19.88076150592581,19.88076150592581,62.69414493710636,62.69414493710636,73672026.10690723,239763.9043730888,0.003254476862427561,0.9967455231375725,FINITE_NONZERO,0.9689177010993832,0.2246438764355787,7.344748601323994,0.986275393447484,True,21.005270462755302,27.950533600190845,36.613994379057736,09aee06a7c08cb0bc15d58e4b943db8e9540f74dcd7e104dc4fd31d5554e09f8,False,NOT_APPLICABLE_STAGE_A,COMPLETE
legit_segment_7b96b0048b6b87d9b56668f6,legit_pass_49b6701f46ea0b0a71de403d,65686,STARLINK-35137,2026-06,CONFIRMATORY,controlled_example_station,52.21,5.16,14.0,11325000000.0,10.0,2026-06-13T03:39:08Z,2026-06-13T03:46:24Z,436.0,82.56034069529656,PEAK,0.5,2026-06-13T03:42:46Z,2026-06-13T03:42:16Z,2026-06-13T03:43:16Z,1.0,61,63.73765209019718,74.2817460431744,82.56034069529656,328918670,2026-06-11T23:14:09.376512Z,2026-06-12T12:00:27Z,28.476839857777776,15.705277777777777,24-36 h,data/orbit_uncertainty_stage1/raw/spacetrack_gp/spacetrack_gp_history_20260529_20260701_20sat_omm.json,1F5A8BA23D1C8AE605C4142F44E424711D1D85014DB46C28BBC18C3ABC326A96,2026-06-13T03:27:41.999990Z,0.2511111138888889,data/orbit_uncertainty_stage1/june/sat000065686.csv,B6BC6FF15B3CA146A8A5647889EB05C3E5134E71663266D0DFF94290D3AA7A5B,122,False,SELECTED_FROZEN,11039.537318839402,11079.545329030894,12137.09553527832,12148.921371459961,544.7252807617188,11039.537318839399,11039.537318839399,10.760121214093502,10.760121214093502,921.4383426765318,921.4383426765318,7488135806.581068,51791965.78062289,0.006916536654570914,0.9930834633454291,FINITE_NONZERO,0.04055850681130613,-3.3158506523170175,66.67111557500013,0.9947646841998347,True,61.61783253560424,74.17382229255837,82.55916936702974,9a01a45568e04892b274ed05658ad6925c7bbef7cc7787f2d7c4ab0449324f1a,False,NOT_APPLICABLE_STAGE_A,COMPLETE
legit_segment_7bfc883aa99e0da6191c0834,legit_pass_2701bacc92f55bfb47429552,48111,STARLINK-2448,2026-06,CONFIRMATORY,controlled_example_station,52.21,5.16,14.0,11325000000.0,10.0,2026-06-09T18:32:05Z,2026-06-09T18:39:06Z,421.0,78.37590504158935,PEAK,0.498812351543943,2026-06-09T18:35:35Z,2026-06-09T18:35:05Z,2026-06-09T18:36:05Z,1.0,61,61.351180346393804,71.34994384792498,78.37590504158935,328347435,2026-06-09T11:57:18.216000Z,2026-06-09T16:06:37Z,6.637995555555555,2.4827777777777778,6-9 h,data/orbit_uncertainty_stage1/raw/spacetrack_gp/spacetrack_gp_history_20260529_20260701_20sat_omm.json,1F5A8BA23D1C8AE605C4142F44E424711D1D85014DB46C28BBC18C3ABC326A96,2026-06-09T18:08:42.000029Z,0.4480555475,data/orbit_uncertainty_stage1/june/sat000048111.csv,63E98DFF9634CD904EDA2CF3528E739282097399B04E926A453B20B62792D5D5,89,False,SELECTED_FROZEN,378.1619396209717,379.7877764531246,418.78379249572754,419.343412399292,-27.777183532714844,378.1619396209716,378.1619396209716,-0.5086231286156319,0.5086231286156319,33.94269206110028,33.94269206110028,8798564.063735722,70278.48700563548,0.007987495061301676,0.9920125049386983,FINITE_NONZERO,0.06507835268368123,-0.12212757235558652,2.5208764310706733,0.9944841741286591,True,61.28204814309356,71.35120721153746,78.38181075156783,9d92326ec3d33513435369e230e5120f4173d948a298e7c80a6aab61755fb6ad,False,NOT_APPLICABLE_STAGE_A,COMPLETE
legit_segment_7cd1e717f584c7308ba581bd,legit_pass_b6712841f184a4dd1b6a20e4,47767,STARLINK-2185,2026-06,CONFIRMATORY,controlled_example_station,52.21,5.16,14.0,11325000000.0,10.0,2026-06-06T22:41:26Z,2026-06-06T22:48:02Z,396.0,80.58388772678629,SETTING_75_PERCENT,0.75,2026-06-06T22:46:23Z,2026-06-06T22:45:53Z,2026-06-06T22:46:53Z,1.0,61,20.0614620083561,27.666247063764004,37.528949378575696,327630762,2026-06-06T16:08:59.222688Z,2026-06-06T22:36:27Z,6.623271475555555,0.16555555555555557,6-9 h,data/orbit_uncertainty_stage1/raw/spacetrack_gp/spacetrack_gp_history_20260529_20260701_20sat_omm.json,1F5A8BA23D1C8AE605C4142F44E424711D1D85014DB46C28BBC18C3ABC326A96,2026-06-06T22:39:41.999990Z,0.11138889166666666,data/orbit_uncertainty_stage1/june/sat000047767.csv,6E26A6FFCB0389E48C81BEEAD935A847B2444F9441CBE4C1AD8107642DE7DD5F,61,False,SELECTED_FROZEN,152.0064606901075,167.49116807542615,282.9807929992676,303.392370223999,-240.87574577331543,152.00646069010747,152.00646069010747,-3.902297229857626,3.902297229857626,15.055595437894924,15.055595437894924,1711250.7743795095,13826.928193363308,0.008080012818914212,0.9919199871810858,FINITE_NONZERO,0.9541831496840474,0.05373637895040373,2.2025935518122677,0.9785970885590027,True,20.10741874084603,27.73804308929136,37.6391443761286,408420d510af53430aa7df1f9505d4d4666dca3a0c12474215869b6f3b7fdb0b,False,NOT_APPLICABLE_STAGE_A,COMPLETE
legit_segment_7cd486d8e75ae64520bbf47a,legit_pass_1ef234582659f499ff3cb89f,65411,STARLINK-34983,2026-06,CONFIRMATORY,controlled_example_station,52.21,5.16,14.0,11325000000.0,10.0,2026-06-10T03:05:11Z,2026-06-10T03:08:18Z,187.0,12.331235467625314,SETTING_75_PERCENT,0.7486631016042781,2026-06-10T03:07:31Z,2026-06-10T03:07:01Z,2026-06-10T03:08:01Z,1.0,61,10.74562058388765,11.643538907669011,12.254098006057433,328456921,2026-06-09T17:11:13.282080Z,2026-06-10T02:40:42Z,9.93825497777778,0.4469444444444444,9-12 h,data/orbit_uncertainty_stage1/raw/spacetrack_gp/spacetrack_gp_history_20260529_20260701_20sat_omm.json,1F5A8BA23D1C8AE605C4142F44E424711D1D85014DB46C28BBC18C3ABC326A96,2026-06-10T02:47:41.999971Z,0.33027778583333334,data/orbit_uncertainty_stage1/june/sat000065411.csv,26E105CAB95698D658010132E70DA6D62EE0D10BD67ED831612077EEE7C12C95,93,False,SELECTED_FROZEN,481.87428884037206,482.6197626399843,517.3037815093994,519.0779075622559,-87.99689674377441,481.87428884037206,481.87428884037206,-1.5109123012113053,1.5109123012113053,3.364474826103668,3.364474826103668,14208231.952731162,690.5011421846037,4.8598667623234634e-05,0.9999514013323768,FINITE_NONZERO,0.9842564514253385,-0.012064221359307625,0.37307033590208016,0.9877044808637467,True,10.75547138902373,11.647804487757634,12.251921488460567,debeacc9c69baa7f296e026b7fcc51045d86021ad95cff83d806039d43852316,False,NOT_APPLICABLE_STAGE_A,COMPLETE
legit_segment_7d226943bb797124a4f2e93f,legit_pass_625a2660989f1b665bd10e73,44714,STARLINK-1008,2026-06,CONFIRMATORY,controlled_example_station,52.21,5.16,14.0,11325000000.0,10.0,2026-06-01T01:43:07Z,2026-06-01T01:48:36Z,329.0,23.152578111509186,RISING_25_PERCENT,0.24924012158054712,2026-06-01T01:44:29Z,2026-06-01T01:43:59Z,2026-06-01T01:44:59Z,1.0,61,14.93619533666361,17.908518640770428,20.718805173641794,326323666,2026-05-31T06:40:14.651904Z,2026-05-31T16:16:51Z,19.07065224888889,9.460555555555555,18-24 h,data/orbit_uncertainty_stage1/raw/spacetrack_gp/spacetrack_gp_history_20260529_20260701_20sat_omm.json,1F5A8BA23D1C8AE605C4142F44E424711D1D85014DB46C28BBC18C3ABC326A96,2026-06-01T02:55:42.000010Z,1.1869444472222221,data/orbit_uncertainty_stage1/june/sat000044714.csv,F91F0DA10678FA8B4BBDEBC15B9D96435ECFD92205FFA13417B9E47754646E40,2,False,SELECTED_FROZEN,854.0470394697346,866.295618373913,1082.4078006744385,1103.6076164245605,481.06410789489746,854.0470394697343,854.0470394697343,8.239759202712056,8.239759202712056,4.972620439161401,4.972620439161401,45778554.003244266,1508.344195949909,3.2948707725521745e-05,0.9999670512922745,FINITE_NONZERO,0.9988265354912749,0.016783122268778428,1.7576639853141858,0.8750601193629934,True,14.859272368961642,17.833465961978305,20.652619949448773,7a81e19acc07c8ffc7bc6e121842218c043e8a25ba0df21f5c1f8485012618d4,False,NOT_APPLICABLE_STAGE_A,COMPLETE
legit_segment_7d23a8f1486207c8fb1f7262,legit_pass_eb643be83bafa9243352ba4b,58380,STARLINK-30915,2026-06,CONFIRMATORY,controlled_example_station,52.21,5.16,14.0,11325000000.0,10.0,2026-06-04T07:10:27Z,2026-06-04T07:16:26Z,359.0,23.507332888203226,PEAK,0.5013927576601671,2026-06-04T07:13:27Z,2026-06-04T07:12:57Z,2026-06-04T07:13:57Z,1.0,61,22.78801201260947,23.25767841161216,23.507332888203226,326990331,2026-06-03T11:54:18.620640Z,2026-06-03T23:36:18Z,19.318994266666667,7.619166666666667,18-24 h,data/orbit_uncertainty_stage1/raw/spacetrack_gp/spacetrack_gp_history_20260529_20260701_20sat_omm.json,1F5A8BA23D1C8AE605C4142F44E424711D1D85014DB46C28BBC18C3ABC326A96,2026-06-04T08:06:41.999990Z,0.8874999972222222,data/orbit_uncertainty_stage1/june/sat000058380.csv,3EDD695EBC2FD369BB6D3F364CEB1C354CEB8FF41D75D9C0E85CB4203365E2E7,34,False,SELECTED_FROZEN,875.7778121135274,875.9497912233663,894.8730449676514,895.035306930542,16.424802780151367,875.7778121135271,875.7778121135271,0.28494241322114416,0.28494241322114416,16.61598563005132,16.61598563005132,46804570.2413998,16841.54968594239,0.000359827033964423,0.9996401729660356,FINITE_NONZERO,0.0835475309269128,-0.05992844539150938,0.4531963977720452,0.9992560895104193,True,22.764798473995,23.25159324480595,23.501121458427736,b9e5c422d13e96ddcb52e27bd04ac12fd23328253f17803d5c56f6153fb50015,False,NOT_APPLICABLE_STAGE_A,COMPLETE
legit_segment_7d39f069b12e22297395d187,legit_pass_137ddaf1058792b3888c7020,47749,STARLINK-2163,2026-06,CONFIRMATORY,controlled_example_station,52.21,5.16,14.0,11325000000.0,10.0,2026-06-01T20:13:33Z,2026-06-01T20:18:21Z,288.0,23.903299666787255,PEAK,0.5,2026-06-01T20:15:57Z,2026-06-01T20:15:27Z,2026-06-01T20:16:27Z,1.0,61,22.65839727738521,23.465240056005676,23.903299666787255,326577115,2026-06-01T14:00:01.999872Z,2026-06-01T18:19:01Z,6.265277813333333,1.948888888888889,6-9 h,data/orbit_uncertainty_stage1/raw/spacetrack_gp/spacetrack_gp_history_20260529_20260701_20sat_omm.json,1F5A8BA23D1C8AE605C4142F44E424711D1D85014DB46C28BBC18C3ABC326A96,2026-06-01T19:48:41.999990Z,0.45416666944444445,data/orbit_uncertainty_stage1/june/sat000047749.csv,0CE3EE486737D6898F4E0960379BB2CF5D672CBD2C80BC161C0E3F96D2261670,9,False,SELECTED_FROZEN,242.53099707306407,242.71909677835262,252.79619216918945,252.88677787780762,13.556360244750977,242.53099707306396,242.53099707306396,0.23630674171548677,0.23630674171548677,8.60027488100376,8.60027488100376,3593666.1563948574,4511.848409758279,0.001255500153159618,0.9987444998468403,FINITE_NONZERO,0.18965319991197804,-0.03100735703364979,0.32800367239016426,0.998545436291478,True,22.66357133515028,23.477741547687376,23.915961150423847,c346f0cf62bbf091153afcc941fbe94f3985098f0fdd55e64cd4872558fe1393,False,NOT_APPLICABLE_STAGE_A,COMPLETE
legit_segment_7d42e633ea4405cd9ce4b508,legit_pass_5ac89aeada66cdd1b73484e0,48458,STARLINK-2698,2026-06,CONFIRMATORY,controlled_example_station,52.21,5.16,14.0,11325000000.0,10.0,2026-06-05T21:37:13Z,2026-06-05T21:44:35Z,442.0,76.83448184990611,PEAK,0.5,2026-06-05T21:40:54Z,2026-06-05T21:40:24Z,2026-06-05T21:41:24Z,1.0,61,62.273241333229116,70.95395597055857,76.83448184990611,327310944,2026-06-05T15:00:35.831808Z,2026-06-05T20:06:26Z,6.671713386666667,1.5744444444444445,6-9 h,data/orbit_uncertainty_stage1/raw/spacetrack_gp/spacetrack_gp_history_20260529_20260701_20sat_omm.json,1F5A8BA23D1C8AE605C4142F44E424711D1D85014DB46C28BBC18C3ABC326A96,2026-06-05T21:28:42.000038Z,0.20333332277777777,data/orbit_uncertainty_stage1/june/sat000048458.csv,091BB60895838155D6E08F3AB53CB4B529B9EB7F826CA2A0FB9BFADE0198C1C6,51,False,SELECTED_FROZEN,1538.6042672454334,1543.315343774809,1679.6337928771973,1681.6617221832275,-6.428363800048828,1538.604267245433,1538.604267245433,-0.08927452222560744,0.08927452222560744,120.4852209335285,120.4852209335285,145291157.27017617,885517.9962674716,0.006094782455485619,0.9939052175445143,FINITE_NONZERO,0.00017016698240657213,-0.43380059703603774,7.800640782385827,0.9958082728874954,True,61.99136500277044,70.94534065318534,76.82957300736686,009b111b78fe10472d07e9961792bf428f3c2fc571b87cb970905bb344a8cce7,False,NOT_APPLICABLE_STAGE_A,COMPLETE
legit_segment_7d62c6fe25677c46ef67f714,legit_pass_021e2a748f3438f26011c15e,65693,STARLINK-35060,2026-06,CONFIRMATORY,controlled_example_station,52.21,5.16,14.0,11325000000.0,10.0,2026-06-23T21:02:59Z,2026-06-23T21:05:47Z,168.0,11.820000627626015,RISING_25_PERCENT,0.25,2026-06-23T21:03:41Z,2026-06-23T21:03:11Z,2026-06-23T21:04:11Z,1.0,61,10.47697427612108,11.269539269977129,11.780770462403314,330976525,2026-06-22T11:54:10.990656Z,2026-06-23T03:40:42Z,33.15833592888889,17.383055555555554,24-36 h,data/orbit_uncertainty_stage1/raw/spacetrack_gp/spacetrack_gp_history_20260529_20260701_20sat_omm.json,1F5A8BA23D1C8AE605C4142F44E424711D1D85014DB46C28BBC18C3ABC326A96,2026-06-23T19:36:42.000019Z,1.4497222169444444,data/orbit_uncertainty_stage1/june/sat000065693.csv,D31425DC1D7BF768E17AFC34A7D7E516943AB5AC5C7598CCE830821EDB62E3E7,238,False,SELECTED_FROZEN,-2726.8280115283906,2729.307189451397,2871.1863689422607,2876.073802947998,-378.8494472503662,-2726.82801152839,2726.82801152839,-6.508634137880356,6.508634137880356,19.859789766427166,19.859789766427166,454396181.7978561,24059.0862235678,5.29473776130249e-05,0.9999470526223869,FINITE_NONZERO,0.9708420844168653,0.07139847510321928,1.6771659523273468,0.992868140463193,True,10.54542372609739,11.305778274937477,11.780784758660378,d312cac6eb50127333fcddf602247491ac2ed213f99014824ec7ceede60b7d00,False,NOT_APPLICABLE_STAGE_A,COMPLETE
legit_segment_7d86f86e287b401f74ee8fac,legit_pass_e80dafa9109602d3047f6f74,48111,STARLINK-2448,2026-06,CONFIRMATORY,controlled_example_station,52.21,5.16,14.0,11325000000.0,10.0,2026-06-09T21:48:02Z,2026-06-09T21:50:26Z,144.0,11.424829698770548,SETTING_75_PERCENT,0.75,2026-06-09T21:49:50Z,2026-06-09T21:49:20Z,2026-06-09T21:50:20Z,1.0,61,10.234835161388212,10.97683100164256,11.41495385713072,328411309,2026-06-09T11:57:18.216864Z,2026-06-09T19:23:37Z,9.875495315555556,2.4369444444444444,9-12 h,data/orbit_uncertainty_stage1/raw/spacetrack_gp/spacetrack_gp_history_20260529_20260701_20sat_omm.json,1F5A8BA23D1C8AE605C4142F44E424711D1D85014DB46C28BBC18C3ABC326A96,2026-06-09T20:48:42.000019Z,1.0188888836111112,data/orbit_uncertainty_stage1/june/sat000048111.csv,63E98DFF9634CD904EDA2CF3528E739282097399B04E926A453B20B62792D5D5,90,False,SELECTED_FROZEN,255.5811358279869,255.8679725001482,270.61591720581055,271.12491607666016,-39.440223693847656,255.58113582798688,255.58113582798688,-0.677838563944284,0.677838563944284,2.0659558063984638,2.0659558063984638,3993573.5804315326,260.3585770334832,6.51943858776604e-05,0.9999348056141223,FINITE_NONZERO,0.9709058982568309,-0.00742627445741606,0.17803113242991955,0.9925740870418015,True,10.235717932974882,10.974569868447013,11.409234132406079,c7528e0d66001507d83abbea9cf56efde4adbe6d2c49570a3d2642bc385ad09d,False,NOT_APPLICABLE_STAGE_A,COMPLETE
legit_segment_7d889f5b94cffff97ce70e67,legit_pass_270adc2dcb5caa9480acde28,65421,STARLINK-35146,2026-06,CONFIRMATORY,controlled_example_station,52.21,5.16,14.0,11325000000.0,10.0,2026-06-19T19:14:44Z,2026-06-19T19:22:06Z,442.0,75.79178266887011,SETTING_75_PERCENT,0.751131221719457,2026-06-19T19:20:16Z,2026-06-19T19:19:46Z,2026-06-19T19:20:46Z,1.0,61,20.97270157204312,27.92327725881074,36.58537995479412,330737325,2026-06-19T14:13:49.812096Z,2026-06-19T17:59:21Z,5.107274417777777,1.3486111111111112,0-6 h,data/orbit_uncertainty_stage1/raw/spacetrack_gp/spacetrack_gp_history_20260529_20260701_20sat_omm.json,1F5A8BA23D1C8AE605C4142F44E424711D1D85014DB46C28BBC18C3ABC326A96,2026-06-19T18:27:41.999990Z,0.876111113888889,data/orbit_uncertainty_stage1/june/sat000065421.csv,47F2014ECBC8E7384C87E8BF3D80DB676A195CA775414C519EDF2550466E6CB3,198,False,SELECTED_FROZEN,264.20355790560365,278.90342068707747,425.30523109436035,448.1804542541504,-303.8125305175781,264.20355790560353,264.20355790560353,-4.996279931938379,4.996279931938379,15.656499669571586,15.656499669571586,4745014.202328127,14952.684896101004,0.0031512413363830425,0.996848758663617,FINITE_NONZERO,0.9692963022397681,0.05610975231528936,1.8109505268740502,0.9866209947010871,True,21.054567254746413,28.03685964983639,36.74217621089548,921966fd9e5ea030f45c0edb8b972bee57fcd0de3e47874b445a61f7f9500fb4,False,NOT_APPLICABLE_STAGE_A,COMPLETE
legit_segment_7effc2c92e53c7fac429bdc4,legit_pass_cf41a4224e417c48ae40568a,47767,STARLINK-2185,2026-06,CONFIRMATORY,controlled_example_station,52.21,5.16,14.0,11325000000.0,10.0,2026-06-08T01:04:53Z,2026-06-08T01:08:38Z,225.0,14.441099396709989,RISING_25_PERCENT,0.24888888888888888,2026-06-08T01:05:49Z,2026-06-08T01:05:19Z,2026-06-08T01:06:19Z,1.0,61,11.590039098262729,13.02666067299187,14.129324525438399,327889566,2026-06-07T15:19:45.619680Z,2026-06-08T00:26:29Z,9.767605644444444,0.6555555555555556,9-12 h,data/orbit_uncertainty_stage1/raw/spacetrack_gp/spacetrack_gp_history_20260529_20260701_20sat_omm.json,1F5A8BA23D1C8AE605C4142F44E424711D1D85014DB46C28BBC18C3ABC326A96,2026-06-08T01:08:41.999971Z,0.0480555475,data/orbit_uncertainty_stage1/june/sat000047767.csv,6E26A6FFCB0389E48C81BEEAD935A847B2444F9441CBE4C1AD8107642DE7DD5F,71,False,SELECTED_FROZEN,-276.29014077733774,277.94696507875113,320.06833267211914,323.1892032623291,-99.91947937011719,-276.2901407773376,276.2901407773376,-1.7188137555740184,1.7188137555740184,1.5601540176375897,1.5601540176375897,4712525.439185799,148.47891408379346,3.1507291790757255e-05,0.9999684927082092,FINITE_NONZERO,0.9973492858679152,0.005380333902950563,0.4586432596283109,0.9135798366055535,True,11.592290146304531,13.025341391769315,14.123440272717989,025dbcff32302b3164d6b253eba508289942cf4e25432ed019dc032ecce5d34b,False,NOT_APPLICABLE_STAGE_A,COMPLETE
legit_segment_7f99a722093da658c51d3d44,legit_pass_d31b12338932d874b8a690aa,47844,STARLINK-2446,2026-06,CONFIRMATORY,controlled_example_station,52.21,5.16,14.0,11325000000.0,10.0,2026-06-01T23:55:51Z,2026-06-02T00:01:35Z,344.0,21.800315776908715,PEAK,0.5,2026-06-01T23:58:43Z,2026-06-01T23:58:13Z,2026-06-01T23:59:13Z,1.0,61,21.157046905754175,21.581170265380297,21.800315776908715,326542204,2026-06-01T04:54:53.155296Z,2026-06-01T10:22:25Z,19.063845751111113,13.605,18-24 h,data/orbit_uncertainty_stage1/raw/spacetrack_gp/spacetrack_gp_history_20260529_20260701_20sat_omm.json,1F5A8BA23D1C8AE605C4142F44E424711D1D85014DB46C28BBC18C3ABC326A96,2026-06-01T23:24:41.999990Z,0.5669444472222223,data/orbit_uncertainty_stage1/june/sat000047844.csv,FE1F3D11E12AC1E3987E760842AEC279FE294DEAF66BE25CA508FB5254D084DD,11,False,SELECTED_FROZEN,-806.4774150223028,806.6363272566762,823.2792072296143,823.458948135376,24.800939559936523,-806.4774150223027,806.4774150223027,0.4287552915761742,0.4287552915761742,14.119343754831904,14.119343754831904,39690392.03145851,12160.707952093753,0.00030638921234275553,0.9996936107876573,FINITE_NONZERO,0.22230967041274485,0.0509234310303468,0.3895522548989003,0.9992387936168213,True,21.141935311330748,21.585534644627003,21.805096024270163,5fe656be55b48d6f152e831add686264889e3488903ef4a839fc87df9065732a,False,NOT_APPLICABLE_STAGE_A,COMPLETE
legit_segment_7fe0d15623ed3f6519c523a9,legit_pass_8693d2334165ef6bc4608b89,65693,STARLINK-35060,2026-06,CONFIRMATORY,controlled_example_station,52.21,5.16,14.0,11325000000.0,10.0,2026-06-04T08:27:36Z,2026-06-04T08:35:01Z,445.0,75.14560536009472,PEAK,0.501123595505618,2026-06-04T08:31:19Z,2026-06-04T08:30:49Z,2026-06-04T08:31:49Z,1.0,61,61.934369118270006,69.84710751567621,75.14560536009472,327021296,2026-06-03T21:09:00.026784Z,2026-06-04T04:32:25Z,11.371937004444444,3.9816666666666665,9-12 h,data/orbit_uncertainty_stage1/raw/spacetrack_gp/spacetrack_gp_history_20260529_20260701_20sat_omm.json,1F5A8BA23D1C8AE605C4142F44E424711D1D85014DB46C28BBC18C3ABC326A96,2026-06-04T08:22:41.999981Z,0.14361111638888888,data/orbit_uncertainty_stage1/june/sat000065693.csv,D31425DC1D7BF768E17AFC34A7D7E516943AB5AC5C7598CCE830821EDB62E3E7,36,False,SELECTED_FROZEN,3154.039336220163,3163.124429259511,3434.9170265197754,3437.819498062134,22.688119888305664,3154.039336220162,3154.039336220162,0.4641266378506599,0.4641266378506599,239.4269039979329,239.4269039979329,610326725.4536768,3496839.783840158,0.005729455450670028,0.99427054454933,FINITE_NONZERO,0.0011635449580549295,-0.8621288195604939,15.133637094900665,0.9960047797043801,True,61.40681049755059,69.83941668226139,75.14608144113802,85df3b6df6c25759ca2015b6e23facfb40c375802fcde6973acfe040621ad258,False,NOT_APPLICABLE_STAGE_A,COMPLETE
legit_segment_7fea07d3de77292121c7f584,legit_pass_4495635a8215ac56745c1867,65411,STARLINK-34983,2026-06,CONFIRMATORY,controlled_example_station,52.21,5.16,14.0,11325000000.0,10.0,2026-06-12T02:02:42Z,2026-06-12T02:07:22Z,280.0,16.218517395797107,RISING_25_PERCENT,0.25,2026-06-12T02:03:52Z,2026-06-12T02:03:22Z,2026-06-12T02:04:22Z,1.0,61,12.597950906992178,14.20696253785961,15.539592432616706,328835332,2026-06-11T16:10:01.396128Z,2026-06-11T22:16:21Z,9.897389964444445,3.7919444444444443,9-12 h,data/orbit_uncertainty_stage1/raw/spacetrack_gp/spacetrack_gp_history_20260529_20260701_20sat_omm.json,1F5A8BA23D1C8AE605C4142F44E424711D1D85014DB46C28BBC18C3ABC326A96,2026-06-12T01:43:42.000010Z,0.33611110833333335,data/orbit_uncertainty_stage1/june/sat000065411.csv,26E105CAB95698D658010132E70DA6D62EE0D10BD67ED831612077EEE7C12C95,112,False,SELECTED_FROZEN,1155.0635683341104,1160.4437254062468,1318.2025718688965,1330.416160583496,368.97412300109863,1155.0635683341102,1155.0635683341102,6.333687654794813,6.333687654794813,4.685846387293043,4.685846387293043,82144408.02991845,1339.386538283743,1.6305267399284376e-05,0.9999836947326007,FINITE_NONZERO,0.9982374762152868,-0.01599360593122512,1.5190335648290538,0.894910664537458,True,12.530119503268441,14.150123215101372,15.498425361221129,653a034ed4ce9993f11fa09cef23b2a4d07c019cfc35884ccdee0a38f5f8cc6d,False,NOT_APPLICABLE_STAGE_A,COMPLETE
legit_segment_8017ff1cf037da4f4745af8f,legit_pass_a4579b77ae7e2dda6755e04c,65405,STARLINK-34830,2026-06,CONFIRMATORY,controlled_example_station,52.21,5.16,14.0,11325000000.0,10.0,2026-06-01T00:15:49Z,2026-06-01T00:22:48Z,419.0,42.68874520727525,RISING_25_PERCENT,0.25059665871121717,2026-06-01T00:17:34Z,2026-06-01T00:17:04Z,2026-06-01T00:18:04Z,1.0,61,19.365376189152393,24.688178017084084,30.663159650441326,326369629,2026-05-31T13:03:34.478784Z,2026-05-31T16:46:17Z,11.233200337777777,7.521388888888889,9-12 h,data/orbit_uncertainty_stage1/raw/spacetrack_gp/spacetrack_gp_history_20260529_20260701_20sat_omm.json,1F5A8BA23D1C8AE605C4142F44E424711D1D85014DB46C28BBC18C3ABC326A96,2026-06-01T00:26:42.000029Z,0.1522222302777778,data/orbit_uncertainty_stage1/june/sat000065405.csv,10707AFA6592FB845A94CB76E13C89BAD9EFA77F9A31B0B3C5036D80E7E87A62,2,False,SELECTED_FROZEN,417.22851162269467,435.166519968038,630.7458000183105,657.152587890625,415.78879165649414,417.2285116226946,417.2285116226946,6.965482884875562,6.965482884875562,15.802029178574294,15.802029178574294,11551563.906166663,15231.951695791315,0.0013186051533385812,0.9986813948466614,FINITE_NONZERO,0.9836690824043507,0.05690927794194511,0.9572292488930252,0.9963305058309397,True,19.30339701671066,24.611072792072754,30.572152191583164,7d80c670328bd27c6acd1614fe726b1c1edc11278cb9e07421e6e8ab4a11035d,False,NOT_APPLICABLE_STAGE_A,COMPLETE
legit_segment_8027da1a30b33c4810bdce92,legit_pass_fe06729ee74cec8ff2f63574,60265,STARLINK-32120,2026-06,CONFIRMATORY,controlled_example_station,52.21,5.16,14.0,11325000000.0,10.0,2026-06-04T13:44:26Z,2026-06-04T13:51:53Z,447.0,76.77182789395238,PEAK,0.5011185682326622,2026-06-04T13:48:10Z,2026-06-04T13:47:40Z,2026-06-04T13:48:40Z,1.0,61,62.67520849205949,71.04175825188352,76.77182789395238,327096411,2026-06-04T02:24:59.435424Z,2026-06-04T12:20:25Z,11.386267937777777,1.4625,9-12 h,data/orbit_uncertainty_stage1/raw/spacetrack_gp/spacetrack_gp_history_20260529_20260701_20sat_omm.json,1F5A8BA23D1C8AE605C4142F44E424711D1D85014DB46C28BBC18C3ABC326A96,2026-06-04T14:45:41.999962Z,0.9588888783333332,data/orbit_uncertainty_stage1/june/sat000060265.csv,310CEC01430FB37300D0520AC911958B04898B003A2B2906A630DA9E075D20EF,39,False,SELECTED_FROZEN,31893.646313151374,32009.092271418387,34883.98712730408,34912.662631988525,3882.326946258545,31893.646313151366,31893.646313151366,75.90953303487893,75.90953303487893,2364.5323338990943,2364.5323338990943,62499501270.45075,341051802.6413121,0.005456872386317082,0.9945431276136829,FINITE_NONZERO,0.24213419708924044,-8.498504434495246,207.039982129762,0.992333133013908,True,57.07185674689583,70.21460766581967,76.8284089566922,fd831a50617c17165ec1209565de93b89cce846c421b9d321261f85604edf9b5,False,NOT_APPLICABLE_STAGE_A,COMPLETE
legit_segment_802e1059404da94c73fe16c8,legit_pass_cb39ef6a4bbad4e49764a86c,65421,STARLINK-35146,2026-06,CONFIRMATORY,controlled_example_station,52.21,5.16,14.0,11325000000.0,10.0,2026-06-01T03:24:44Z,2026-06-01T03:32:07Z,443.0,83.82823802444828,PEAK,0.49887133182844245,2026-06-01T03:28:25Z,2026-06-01T03:27:55Z,2026-06-01T03:28:55Z,1.0,61,64.27101359702066,75.14433541834921,83.82823802444828,326441216,2026-05-31T12:57:20.022048Z,2026-06-01T00:06:54Z,14.51804943111111,3.358611111111111,12-18 h,data/orbit_uncertainty_stage1/raw/spacetrack_gp/spacetrack_gp_history_20260529_20260701_20sat_omm.json,1F5A8BA23D1C8AE605C4142F44E424711D1D85014DB46C28BBC18C3ABC326A96,2026-06-01T03:29:42Z,0.021388888888888888,data/orbit_uncertainty_stage1/june/sat000065421.csv,47F2014ECBC8E7384C87E8BF3D80DB676A195CA775414C519EDF2550466E6CB3,3,False,SELECTED_FROZEN,5070.420904941247,5087.29057191623,5555.8388385772705,5560.805856704712,-145.43280410766602,5070.420904941245,5070.420904941245,-2.4849838398046318,2.4849838398046318,411.63444339667114,411.63444339667114,1578712047.1495733,10336017.814419724,0.006547120377703971,0.993452879622296,FINITE_NONZERO,0.011171370342845766,-1.4818861688335656,27.415598052451386,0.9955641992076459,True,63.24466822200075,75.10320927018292,83.84297663648492,4b9926e3be7cfa260f1123907f3555ea35e04a5c05649aae04ea5f08b811e182,False,NOT_APPLICABLE_STAGE_A,COMPLETE
legit_segment_804d2bc49e4a6726bcc7a2ad,legit_pass_178d0b73c26dfe86d4994b7a,65407,STARLINK-35035,2026-06,CONFIRMATORY,controlled_example_station,52.21,5.16,14.0,11325000000.0,10.0,2026-06-01T22:55:07Z,2026-06-01T23:00:30Z,323.0,19.208411263265685,SETTING_75_PERCENT,0.7492260061919505,2026-06-01T22:59:09Z,2026-06-01T22:58:39Z,2026-06-01T22:59:39Z,1.0,61,13.917884348601714,16.012709583157932,17.864166764747317,326554234,2026-06-01T03:53:10.688064Z,2026-06-01T10:22:25Z,19.099531093333333,12.612222222222222,18-24 h,data/orbit_uncertainty_stage1/raw/spacetrack_gp/spacetrack_gp_history_20260529_20260701_20sat_omm.json,1F5A8BA23D1C8AE605C4142F44E424711D1D85014DB46C28BBC18C3ABC326A96,2026-06-01T22:55:41.999981Z,0.05750000527777778,data/orbit_uncertainty_stage1/june/sat000065407.csv,1D5D20428BDA125132468A3B81A5A0011425555B1C761A0A7A4BD8F31D76DA01,10,False,SELECTED_FROZEN,976.088951798736,983.6645844259751,1160.555799484253,1176.0111141204834,-403.6693458557129,976.0889517987359,976.0889517987359,-6.919653125240465,6.919653125240465,1.7541449597078194,1.7541449597078194,59023356.89388951,187.6984969197692,3.1800715309569424e-06,0.999996819928469,FINITE_NONZERO,0.9997927423368101,-0.003043284968090809,1.5380403851256181,0.23121567742442217,False,13.97674541311751,16.0625305988875,17.899620511845885,8db9bfeb42cce3fec576165db46a7b457f68b03ae703b5329e0b9d7023f5bfdd,False,NOT_APPLICABLE_STAGE_A,COMPLETE
legit_segment_80968b5689d24f4fbb9bb612,legit_pass_9d27820f35bb3a5db5f00699,65407,STARLINK-35035,2026-06,CONFIRMATORY,controlled_example_station,52.21,5.16,14.0,11325000000.0,10.0,2026-06-06T00:11:28Z,2026-06-06T00:18:54Z,446.0,79.11600584214395,SETTING_75_PERCENT,0.7511210762331838,2026-06-06T00:17:03Z,2026-06-06T00:16:33Z,2026-06-06T00:17:33Z,1.0,61,21.051767932680164,28.005899613239272,36.68132472202896,327358352,2026-06-05T17:36:53.745696Z,2026-06-05T20:26:19Z,6.669237306666666,3.8455555555555554,6-9 h,data/orbit_uncertainty_stage1/raw/spacetrack_gp/spacetrack_gp_history_20260529_20260701_20sat_omm.json,1F5A8BA23D1C8AE605C4142F44E424711D1D85014DB46C28BBC18C3ABC326A96,2026-06-06T00:35:42.000029Z,0.3108333413888889,data/orbit_uncertainty_stage1/june/sat000065407.csv,1D5D20428BDA125132468A3B81A5A0011425555B1C761A0A7A4BD8F31D76DA01,52,False,SELECTED_FROZEN,695.2053806117324,733.479022315969,1116.5236930847168,1176.2703456878662,-795.1462173461914,695.2053806117324,695.2053806117324,-13.077940480511138,13.077940480511138,40.75379136265411,40.75379136265411,32817480.04683298,101313.1621362752,0.0030871706782999125,0.9969128293217001,FINITE_NONZERO,0.9696261429218215,0.1460518908974393,4.717505520654683,0.9866004936579136,True,21.263369178080318,28.301804691097416,37.09254429265602,9d978640878685111aeb3183f2f8dabd831a9bd36dc815571418e745b1e68b2b,False,NOT_APPLICABLE_STAGE_A,COMPLETE
legit_segment_80fcc56f6c4bc876af4289bc,legit_pass_8c6a2d5e5eaf97dd1ac3db86,48458,STARLINK-2698,2026-06,CONFIRMATORY,controlled_example_station,52.21,5.16,14.0,11325000000.0,10.0,2026-06-01T20:25:31Z,2026-06-01T20:32:33Z,422.0,44.89141388672559,PEAK,0.5,2026-06-01T20:29:02Z,2026-06-01T20:28:32Z,2026-06-01T20:29:32Z,1.0,61,41.6434656353757,43.76341860473613,44.89141388672559,326577316,2026-06-01T09:13:09.424704Z,2026-06-01T18:19:01Z,11.26460424888889,2.1669444444444443,9-12 h,data/orbit_uncertainty_stage1/raw/spacetrack_gp/spacetrack_gp_history_20260529_20260701_20sat_omm.json,1F5A8BA23D1C8AE605C4142F44E424711D1D85014DB46C28BBC18C3ABC326A96,2026-06-01T21:40:42.000010Z,1.1944444472222222,data/orbit_uncertainty_stage1/june/sat000048458.csv,091BB60895838155D6E08F3AB53CB4B529B9EB7F826CA2A0FB9BFADE0198C1C6,9,False,SELECTED_FROZEN,-806.0012041623476,807.4569667303591,854.9450836181641,855.3318061828613,98.77224349975586,-806.0012041623473,806.0012041623473,1.762696221592187,1.762696221592187,37.22380474451073,37.22380474451073,39771191.94040493,84522.31001910503,0.002125214405083894,0.9978747855949162,FINITE_NONZERO,0.41007980476184336,0.13409349835022977,2.08376789474843,0.9968663018446802,True,41.60148822223485,43.775227392310214,44.904550492108946,6ceb9d3dc92159b32936ef49ccf108f2cf6e7dd2984c82a430f4a1cc646bc394,False,NOT_APPLICABLE_STAGE_A,COMPLETE
legit_segment_81186739a6d5ae066b962bc8,legit_pass_41aed0bf12ed2ec2676f7e70,47383,STARLINK-2103,2026-06,CONFIRMATORY,controlled_example_station,52.21,5.16,14.0,11325000000.0,10.0,2026-06-05T12:27:46Z,2026-06-05T12:34:52Z,426.0,51.74536988375108,RISING_25_PERCENT,0.2511737089201878,2026-06-05T12:29:33Z,2026-06-05T12:29:03Z,2026-06-05T12:30:03Z,1.0,61,20.101668360491164,26.16911269583841,33.315424594761666,327259377,2026-06-04T17:17:09.580992Z,2026-06-05T11:08:39Z,19.20650528,1.3483333333333334,18-24 h,data/orbit_uncertainty_stage1/raw/spacetrack_gp/spacetrack_gp_history_20260529_20260701_20sat_omm.json,1F5A8BA23D1C8AE605C4142F44E424711D1D85014DB46C28BBC18C3ABC326A96,2026-06-05T11:20:41.999971Z,1.1475000080555555,data/orbit_uncertainty_stage1/june/sat000047383.csv,6A97ABED011A96AE20108B2FFAB622CC78ED39D918CC694CBFCE03E18290B2FA,49,False,SELECTED_FROZEN,53.593994703449184,57.64936155008854,91.7503719329834,97.0537223815918,71.95466232299805,53.59399470344918,53.59399470344918,1.1882373961111283,1.1882373961111283,3.666211247218664,3.666211247218664,202730.3821151025,819.9073994631905,0.0040443242443931205,0.9959556757556068,FINITE_NONZERO,0.9702058677485721,0.013160669533583746,0.3687543324236147,0.9898832902057195,True,20.08309670978589,26.14420814503397,33.28262816864728,b5f25500604814bc22c39432f8467b8f3e1ed6a838b77c73f42bdc67df216fdc,False,NOT_APPLICABLE_STAGE_A,COMPLETE
legit_segment_811b1bb992ce15256d81d48c,legit_pass_e9bb91f71a956256aa6773bb,48111,STARLINK-2448,2026-06,CONFIRMATORY,controlled_example_station,52.21,5.16,14.0,11325000000.0,10.0,2026-06-10T16:15:03Z,2026-06-10T16:22:02Z,419.0,79.99652133529543,SETTING_75_PERCENT,0.7494033412887828,2026-06-10T16:20:17Z,2026-06-10T16:19:47Z,2026-06-10T16:20:47Z,1.0,61,20.67859599350256,28.012018483317938,37.34592151933482,328602935,2026-06-10T11:18:14.996160Z,2026-06-10T15:57:07Z,5.033889955555556,0.3861111111111111,0-6 h,data/orbit_uncertainty_stage1/raw/spacetrack_gp/spacetrack_gp_history_20260529_20260701_20sat_omm.json,1F5A8BA23D1C8AE605C4142F44E424711D1D85014DB46C28BBC18C3ABC326A96,2026-06-10T15:11:42Z,1.1430555555555555,data/orbit_uncertainty_stage1/june/sat000048111.csv,63E98DFF9634CD904EDA2CF3528E739282097399B04E926A453B20B62792D5D5,97,False,SELECTED_FROZEN,-57.866122824246766,61.045901633339426,93.29817581176758,98.48138427734375,66.2568244934082,-57.86612282424675,57.86612282424675,1.0847622462393183,1.0847622462393183,3.6515893728661766,3.6515893728661766,227322.72847986856,813.380401829781,0.0035780865700009096,0.9964219134299991,FINITE_NONZERO,0.9647352194787175,-0.013070974803178093,0.4579522683634697,0.9842718891956641,True,20.659714224266583,27.985923896845353,37.309722801099696,7e52366efcfddd8778040a2518533f81095b0a172c31d6b394b445b41e9219e2,False,NOT_APPLICABLE_STAGE_A,COMPLETE
legit_segment_8131ea611194673686ea33d2,legit_pass_61978f5dd5b80fbd7171cf49,47767,STARLINK-2185,2026-06,CONFIRMATORY,controlled_example_station,52.21,5.16,14.0,11325000000.0,10.0,2026-06-13T18:22:22Z,2026-06-13T18:28:55Z,393.0,86.15063152557357,RISING_25_PERCENT,0.24936386768447838,2026-06-13T18:24:00Z,2026-06-13T18:23:30Z,2026-06-13T18:24:30Z,1.0,61,19.97624236774565,27.694125629173687,37.77086908246728,329095926,2026-06-13T13:26:47.381568Z,2026-06-13T17:55:43Z,4.95350512,0.4713888888888889,0-6 h,data/orbit_uncertainty_stage1/raw/spacetrack_gp/spacetrack_gp_history_20260529_20260701_20sat_omm.json,1F5A8BA23D1C8AE605C4142F44E424711D1D85014DB46C28BBC18C3ABC326A96,2026-06-13T18:15:42.000019Z,0.13833332805555557,data/orbit_uncertainty_stage1/june/sat000047767.csv,6E26A6FFCB0389E48C81BEEAD935A847B2444F9441CBE4C1AD8107642DE7DD5F,125,False,SELECTED_FROZEN,-143.35353985770803,153.7967111706899,246.51785278320312,262.3477306365967,-190.566801071167,-143.35353985770803,143.35353985770803,-3.0952497443971287,3.0952497443971287,11.541835786653392,11.541835786653392,1442859.1303821572,8126.052372890448,0.005631909728247811,0.9943680902717522,FINITE_NONZERO,0.9570719384319331,-0.041221099100188674,1.6390363195968904,0.9798336466522021,True,20.020204015770794,27.75884548156346,37.86602425281811,9aedc3d8a3f9601d82f83882f9a522b212ffe4df5def071cbf4c42af250710ce,False,NOT_APPLICABLE_STAGE_A,COMPLETE
legit_segment_813263b29685166fa30f070f,legit_pass_bc954abd19c59330a52780bf,65405,STARLINK-34830,2026-06,CONFIRMATORY,controlled_example_station,52.21,5.16,14.0,11325000000.0,10.0,2026-06-14T01:44:17Z,2026-06-14T01:46:27Z,130.0,11.055875525228132,SETTING_75_PERCENT,0.7538461538461538,2026-06-14T01:45:55Z,2026-06-14T01:45:25Z,2026-06-14T01:46:25Z,1.0,61,10.072010072713784,10.702484663330454,11.053531958777791,329187546,2026-06-13T15:49:39.379584Z,2026-06-13T23:26:38Z,9.937672337777776,2.321388888888889,9-12 h,data/orbit_uncertainty_stage1/raw/spacetrack_gp/spacetrack_gp_history_20260529_20260701_20sat_omm.json,1F5A8BA23D1C8AE605C4142F44E424711D1D85014DB46C28BBC18C3ABC326A96,2026-06-14T02:07:42.000038Z,0.36305556611111106,data/orbit_uncertainty_stage1/june/sat000065405.csv,10707AFA6592FB845A94CB76E13C89BAD9EFA77F9A31B0B3C5036D80E7E87A62,134,False,SELECTED_FROZEN,1225.6958343318252,1226.443793944098,1275.3851318359375,1276.1941986083984,-138.32251739501953,1225.6958343318252,1225.6958343318252,-2.375364739021131,2.375364739021131,9.217946417413586,9.217946417413586,91754027.16194355,5183.202705412786,5.6490193027326886e-05,0.9999435098069727,FINITE_NONZERO,0.9536718439369263,-0.033185255926350354,0.6114347517078847,0.9956002107022467,True,10.097307505878938,10.713345361035154,11.048600560806065,98f197e372f2eb1758c70854d9179f3a28671ac7ac92e40b3ed135cf814461b9,False,NOT_APPLICABLE_STAGE_A,COMPLETE
legit_segment_814e30763a0de0ab2ba6ade1,legit_pass_38820fc065d4877268a7d6c5,47749,STARLINK-2163,2026-06,CONFIRMATORY,controlled_example_station,52.21,5.16,14.0,11325000000.0,10.0,2026-06-01T02:09:48Z,2026-06-01T02:14:26Z,278.0,21.822261901368428,PEAK,0.5,2026-06-01T02:12:07Z,2026-06-01T02:11:37Z,2026-06-01T02:12:37Z,1.0,61,20.781643577459917,21.460751901110363,21.822261901368428,326401775,2026-05-31T20:00:01.999008Z,2026-05-31T23:56:49Z,6.2013891644444445,2.255,6-9 h,data/orbit_uncertainty_stage1/raw/spacetrack_gp/spacetrack_gp_history_20260529_20260701_20sat_omm.json,1F5A8BA23D1C8AE605C4142F44E424711D1D85014DB46C28BBC18C3ABC326A96,2026-06-01T02:57:42.000019Z,0.7597222275000001,data/orbit_uncertainty_stage1/june/sat000047749.csv,0CE3EE486737D6898F4E0960379BB2CF5D672CBD2C80BC161C0E3F96D2261670,2,False,SELECTED_FROZEN,921.8060888696889,922.2514640721007,954.2799816131592,954.7063903808594,-1.2290287017822266,921.8060888696888,921.8060888696888,-0.017485208173456657,0.017485208173456657,28.656634987795535,28.656634987795535,51883413.54197113,50093.36645824858,0.0009654986639945251,0.9990345013360055,FINITE_NONZERO,0.00011539920166359074,-0.10333513406655798,0.9636427267678451,0.9988692106440237,True,20.749718811505357,21.454482616844892,21.816069051448192,6c6190385ea718d7b8ed1506541b87c0ee910bed40acba7c664f35a753384909,False,NOT_APPLICABLE_STAGE_A,COMPLETE
legit_segment_8163d9540f6f75313df8b04a,legit_pass_1af11b00814d39262f53556b,65405,STARLINK-34830,2026-06,CONFIRMATORY,controlled_example_station,52.21,5.16,14.0,11325000000.0,10.0,2026-06-04T00:20:28Z,2026-06-04T00:27:50Z,442.0,87.29771420160442,SETTING_75_PERCENT,0.751131221719457,2026-06-04T00:26:00Z,2026-06-04T00:25:30Z,2026-06-04T00:26:30Z,1.0,61,21.083449261369207,28.171161504359166,37.076969013561566,326853902,2026-06-03T00:00:02.000160Z,2026-06-03T11:16:57Z,24.432777733333335,13.150833333333333,24-36 h,data/orbit_uncertainty_stage1/raw/spacetrack_gp/spacetrack_gp_history_20260529_20260701_20sat_omm.json,1F5A8BA23D1C8AE605C4142F44E424711D1D85014DB46C28BBC18C3ABC326A96,2026-06-04T00:19:42.000038Z,0.10499998944444444,data/orbit_uncertainty_stage1/june/sat000065405.csv,10707AFA6592FB845A94CB76E13C89BAD9EFA77F9A31B0B3C5036D80E7E87A62,32,False,SELECTED_FROZEN,1565.1492625689898,1657.0796926347014,2550.467586517334,2692.119493484497,-1852.4664363861084,1565.1492625689893,1565.1492625689893,-30.407450372059486,30.407450372059486,97.93289438178527,97.93289438178527,167500699.5722813,585041.9599216285,0.0034927732326823285,0.9965072267673176,FINITE_NONZERO,0.9676226356462536,0.35078210418385325,11.770473142095604,0.9855545637812909,True,21.579494677137564,28.87095709039734,38.060572851507025,6f5868462138b1cbac25fe0c879dafd5afe73261cdfe038b11e3b434ae56d445,False,NOT_APPLICABLE_STAGE_A,COMPLETE
legit_segment_8178b115ce763acfaa1bc37b,legit_pass_54b3d839942ee026125bec16,65410,STARLINK-35024,2026-06,CONFIRMATORY,controlled_example_station,52.21,5.16,14.0,11325000000.0,10.0,2026-05-31T23:59:00Z,2026-06-01T00:05:51Z,411.0,35.15051722303114,PEAK,0.5012165450121655,2026-06-01T00:02:26Z,2026-06-01T00:01:56Z,2026-06-01T00:02:56Z,1.0,61,33.43615684811451,34.56077578735061,35.15051722303114,326367572,2026-05-31T11:10:16.254624Z,2026-05-31T16:26:43Z,12.869373715555556,7.595277777777778,12-18 h,data/orbit_uncertainty_stage1/raw/spacetrack_gp/spacetrack_gp_history_20260529_20260701_20sat_omm.json,1F5A8BA23D1C8AE605C4142F44E424711D1D85014DB46C28BBC18C3ABC326A96,2026-06-01T00:19:42.000038Z,0.2877777883333333,data/orbit_uncertainty_stage1/june/sat000065410.csv,480E0881CFF425F783D504E2B784746BB847F6C9A822B6001FD1AFCD7FF9CBC4,2,False,SELECTED_FROZEN,-234898.9618039991,237808.5414862309,290690.86432266235,295291.97030448914,122646.38809967041,-234898.96180399906,234898.96180399906,2105.987569359408,2105.987569359408,687.9084967587203,687.9084967587203,3449727046632.3125,28866304.09468338,8.367706692291264e-06,0.9999916322933077,FINITE_NONZERO,0.9996559365053566,1.6435520209561219,515.4730447979176,0.4384989501412242,True,6.662146279766116,9.26528271798606,12.095605777636955,b48447c3256f55a509121df50d934ece443d1307cadda6b5dd7441cf93877a3d,False,NOT_APPLICABLE_STAGE_A,COMPLETE
legit_segment_81ecd0ab837d125887c66a0f,legit_pass_3533c75a3748731b4edd8d62,45230,STARLINK-1227,2026-06,CONFIRMATORY,controlled_example_station,52.21,5.16,14.0,11325000000.0,10.0,2026-06-09T08:47:50Z,2026-06-09T08:54:47Z,417.0,84.87170305101232,PEAK,0.5011990407673861,2026-06-09T08:51:19Z,2026-06-09T08:50:49Z,2026-06-09T08:51:49Z,1.0,61,62.84739100977251,74.67046918561678,84.87170305101232,328232870,2026-06-09T02:12:24.818688Z,2026-06-09T07:56:35Z,6.648383697777778,0.9122222222222223,6-9 h,data/orbit_uncertainty_stage1/raw/spacetrack_gp/spacetrack_gp_history_20260529_20260701_20sat_omm.json,1F5A8BA23D1C8AE605C4142F44E424711D1D85014DB46C28BBC18C3ABC326A96,2026-06-09T07:29:42.000029Z,1.3602777697222224,data/orbit_uncertainty_stage1/june/sat000045230.csv,A086445B48BCEA5D6D786487B3F9BAAB43C341130589A86BCBB60E49241950E8,83,False,SELECTED_FROZEN,284.0132878412966,285.4839985104244,316.8849182128906,317.3754081726074,32.481760025024414,284.0132878412965,284.0132878412965,0.6105196927099364,0.6105196927099364,26.87039455551284,26.87039455551284,4971567.917735499,44043.10431770497,0.008858996808750463,0.9911410031912495,FINITE_NONZERO,0.137956493047394,-0.09661759751425736,2.2192644750566948,0.9931786546820589,True,62.79426743692011,74.66728436735629,84.85948818499439,0b1d5ab397d8ae9736abab5c9bed0d98869d7c4dcdd17c48f1ba99b85e3e2e5e,False,NOT_APPLICABLE_STAGE_A,COMPLETE
legit_segment_837822f8e556d4651ed4d7d1,legit_pass_ae5363473d74b915173f7aaa,48309,STARLINK-2517,2026-06,CONFIRMATORY,controlled_example_station,52.21,5.16,14.0,11325000000.0,10.0,2026-06-16T12:23:53Z,2026-06-16T12:31:18Z,445.0,86.60937313631744,RISING_25_PERCENT,0.24943820224719102,2026-06-16T12:25:44Z,2026-06-16T12:25:14Z,2026-06-16T12:26:14Z,1.0,61,21.159300185127165,28.211397427143655,37.05173659668609,329893571,2026-06-16T05:45:05.277888Z,2026-06-16T11:02:42Z,6.677422808888889,1.383888888888889,6-9 h,data/orbit_uncertainty_stage1/raw/spacetrack_gp/spacetrack_gp_history_20260529_20260701_20sat_omm.json,1F5A8BA23D1C8AE605C4142F44E424711D1D85014DB46C28BBC18C3ABC326A96,2026-06-16T12:10:42.000038Z,0.250555545,data/orbit_uncertainty_stage1/june/sat000048309.csv,79D62147447BEB30EC557417B61811EF138EF8094DC33D3F68D9F90E474F7689,157,False,SELECTED_FROZEN,39.85439597583208,43.040131962154625,69.3980770111084,73.70271682739258,55.375301361083984,39.85439597583207,39.85439597583207,0.9070733327073818,0.9070733327073818,3.0029404155781667,3.0029404155781667,112999.63051850075,550.0767195102791,0.004867951487861,0.995132048512139,FINITE_NONZERO,0.9658525886735438,0.010749449145965428,0.3758733491025571,0.9843328631392136,True,21.14689764575,28.192547041186135,37.023754959095,f36938dcfcdfaadd0bf1075e9f3a907b7b1c9b94fee3429307f23ee62f73b090,False,NOT_APPLICABLE_STAGE_A,COMPLETE
legit_segment_83c4ceb37a74bd321ccf1521,legit_pass_93eaea58111976e5f7404a90,44714,STARLINK-1008,2026-06,CONFIRMATORY,controlled_example_station,52.21,5.16,14.0,11325000000.0,10.0,2026-06-01T21:42:51Z,2026-06-01T21:49:37Z,406.0,79.05231441322532,SETTING_75_PERCENT,0.7512315270935961,2026-06-01T21:47:56Z,2026-06-01T21:47:26Z,2026-06-01T21:48:26Z,1.0,61,20.202556958549593,27.626877006720168,37.160850241702285,326575989,2026-06-01T09:00:48.874752Z,2026-06-01T18:19:01Z,12.785312568888887,3.4819444444444443,12-18 h,data/orbit_uncertainty_stage1/raw/spacetrack_gp/spacetrack_gp_history_20260529_20260701_20sat_omm.json,1F5A8BA23D1C8AE605C4142F44E424711D1D85014DB46C28BBC18C3ABC326A96,2026-06-01T23:13:41.999981Z,1.4294444391666667,data/orbit_uncertainty_stage1/june/sat000044714.csv,F91F0DA10678FA8B4BBDEBC15B9D96435ECFD92205FFA13417B9E47754646E40,10,False,SELECTED_FROZEN,-307.3365793384489,325.6802613819138,504.3617420196533,533.4894485473633,367.54770278930664,-307.3365793384488,307.3365793384488,6.00672362129377,6.00672362129377,20.65995568543984,20.65995568543984,6470125.591881293,26036.85990438462,0.004024166074466259,0.9959758339255338,FINITE_NONZERO,0.9632415666714449,-0.07391122595079214,2.6808717577643995,0.9831618913384222,True,20.1110136610129,27.496919355250434,36.97674043425926,3bf37280e32918306d1a8e358fb4949fc9205bc03e99e2922fc49e60d57e64a9,False,NOT_APPLICABLE_STAGE_A,COMPLETE
legit_segment_84411bbda0f7775886430a6d,legit_pass_b60a7065cc86ebcc9061460d,60265,STARLINK-32120,2026-06,CONFIRMATORY,controlled_example_station,52.21,5.16,14.0,11325000000.0,10.0,2026-06-05T13:15:53Z,2026-06-05T13:23:20Z,447.0,75.80871671052242,SETTING_75_PERCENT,0.7494407158836689,2026-06-05T13:21:28Z,2026-06-05T13:20:58Z,2026-06-05T13:21:58Z,1.0,61,21.279920821056283,28.256179649151917,36.93011804432676,327266690,2026-06-05T06:38:59.086464Z,2026-06-05T11:08:39Z,6.708031537777778,2.213611111111111,6-9 h,data/orbit_uncertainty_stage1/raw/spacetrack_gp/spacetrack_gp_history_20260529_20260701_20sat_omm.json,1F5A8BA23D1C8AE605C4142F44E424711D1D85014DB46C28BBC18C3ABC326A96,2026-06-05T12:15:42.000019Z,1.0961111058333333,data/orbit_uncertainty_stage1/june/sat000060265.csv,310CEC01430FB37300D0520AC911958B04898B003A2B2906A630DA9E075D20EF,49,False,SELECTED_FROZEN,1129.7781929578937,1198.358627699895,1850.943489074707,1953.536211013794,-1358.5739440917969,1129.778192957894,1129.778192957894,-22.338203581876076,22.338203581876076,70.54133630231067,70.54133630231067,87599867.43554929,303540.8877662573,0.0034650838711552208,0.9965349161288448,FINITE_NONZERO,0.9688341747189081,0.2528087184330019,8.152855423776671,0.9866422867276333,True,21.626995914610276,28.74419783703524,37.61072919536233,3b718325be3936a14ab4b13f62cead76eff7d2a1e468c4b99dcbcc22b01913bf,False,NOT_APPLICABLE_STAGE_A,COMPLETE
legit_segment_8512e959d3c57f593b21221b,legit_pass_54b3d839942ee026125bec16,65410,STARLINK-35024,2026-06,CONFIRMATORY,controlled_example_station,52.21,5.16,14.0,11325000000.0,10.0,2026-05-31T23:59:00Z,2026-06-01T00:05:51Z,411.0,35.15051722303114,SETTING_75_PERCENT,0.7493917274939172,2026-06-01T00:04:08Z,2026-06-01T00:03:38Z,2026-06-01T00:04:38Z,1.0,61,18.409295140719944,22.846678033247102,27.5571403686023,326367572,2026-05-31T11:10:16.254624Z,2026-05-31T16:26:43Z,12.897707048888888,7.623611111111111,12-18 h,data/orbit_uncertainty_stage1/raw/spacetrack_gp/spacetrack_gp_history_20260529_20260701_20sat_omm.json,1F5A8BA23D1C8AE605C4142F44E424711D1D85014DB46C28BBC18C3ABC326A96,2026-06-01T00:19:42.000038Z,0.259444455,data/orbit_uncertainty_stage1/june/sat000065410.csv,480E0881CFF425F783D504E2B784746BB847F6C9A822B6001FD1AFCD7FF9CBC4,2,False,SELECTED_FROZEN,-69904.53572301395,71728.18121841992,97145.716588974,100396.05395698547,54100.62195587158,-69904.53572301393,69904.53572301393,907.7285345819881,907.7285345819881,1690.2152463820273,1690.2152463820273,313840850835.0518,174266482.3252377,0.0005552702328634347,0.9994447297671366,FINITE_NONZERO,0.9889393659076844,-6.086446283280793,105.4417099654418,0.9961082865897248,True,-0.2593338893470798,1.5927883289135663,3.547311284382964,cbe1adef0cd022b3f4e726db922e74ae9238e026fc48b631b970c8a350ae526a,False,NOT_APPLICABLE_STAGE_A,COMPLETE
legit_segment_853877cb2cd118cf3bed7693,legit_pass_e1ae6d3009aa5a33d5cb712d,48111,STARLINK-2448,2026-06,CONFIRMATORY,controlled_example_station,52.21,5.16,14.0,11325000000.0,10.0,2026-06-01T17:19:19Z,2026-06-01T17:22:47Z,208.0,13.221249858869543,PEAK,0.5,2026-06-01T17:21:03Z,2026-06-01T17:20:33Z,2026-06-01T17:21:33Z,1.0,61,12.908772016700459,13.114054485368229,13.221249858869543,326542259,2026-06-01T01:31:05.604384Z,2026-06-01T10:22:25Z,15.832609893333334,6.977222222222222,12-18 h,data/orbit_uncertainty_stage1/raw/spacetrack_gp/spacetrack_gp_history_20260529_20260701_20sat_omm.json,1F5A8BA23D1C8AE605C4142F44E424711D1D85014DB46C28BBC18C3ABC326A96,2026-06-01T17:17:42Z,0.05583333333333333,data/orbit_uncertainty_stage1/june/sat000048111.csv,63E98DFF9634CD904EDA2CF3528E739282097399B04E926A453B20B62792D5D5,8,False,SELECTED_FROZEN,-433.8081560603908,433.8404021393899,439.3980121612549,439.4521999359131,7.602888107299805,-433.80815606039073,433.80815606039073,0.1304342810531453,0.1304342810531453,4.76489269892888,4.76489269892888,11481267.16623652,1384.9563483706504,0.00012062748199462285,0.9998793725180054,FINITE_NONZERO,0.18850567455124834,0.01718718023226895,0.11058673656839464,0.999461358471353,True,12.907796909519677,13.11354891723356,13.220727102825244,9e7d2eb20fc6a7114add72334b1a8232a4d601bf2733600f26fb5f0e0fb01e4c,False,NOT_APPLICABLE_STAGE_A,COMPLETE
legit_segment_853a4db32031fa1e2f4dc6b1,legit_pass_9bc1993cba8f8ced0ea41d2c,47383,STARLINK-2103,2026-06,CONFIRMATORY,controlled_example_station,52.21,5.16,14.0,11325000000.0,10.0,2026-06-13T11:16:13Z,2026-06-13T11:19:10Z,177.0,12.091384720804854,SETTING_75_PERCENT,0.751412429378531,2026-06-13T11:18:26Z,2026-06-13T11:17:56Z,2026-06-13T11:18:56Z,1.0,61,10.587600891717436,11.454615609402213,12.031766437924412,328984835,2026-06-13T08:00:01.999872Z,2026-06-13T10:14:27Z,3.306666702222222,1.0663888888888888,0-6 h,data/orbit_uncertainty_stage1/raw/spacetrack_gp/spacetrack_gp_history_20260529_20260701_20sat_omm.json,1F5A8BA23D1C8AE605C4142F44E424711D1D85014DB46C28BBC18C3ABC326A96,2026-06-13T11:23:42.000029Z,0.08777778583333333,data/orbit_uncertainty_stage1/june/sat000047383.csv,6A97ABED011A96AE20108B2FFAB622CC78ED39D918CC694CBFCE03E18290B2FA,128,False,SELECTED_FROZEN,195.21171585458225,195.449310326694,207.5768871307373,208.09943199157715,-31.49053192138672,195.21171585458217,195.21171585458217,-0.5412645023251136,0.5412645023251136,1.4138773752448761,1.4138773752448761,2330226.407338,121.94200316598975,5.233053869014112e-05,0.9999476694613099,FINITE_NONZERO,0.9784629075977009,-0.005075667994033917,0.14153713276070004,0.9899788561346338,True,10.594699729116938,11.459456445827103,12.033982605703498,ba5f60cdd8ee203550b820b178ac553ff228a21daa10d9b736454a32659b0d4b,False,NOT_APPLICABLE_STAGE_A,COMPLETE
legit_segment_856393eb5e06302979f991cf,legit_pass_be358df293986544bf83669d,65421,STARLINK-35146,2026-06,CONFIRMATORY,controlled_example_station,52.21,5.16,14.0,11325000000.0,10.0,2026-06-02T06:11:12Z,2026-06-02T06:13:15Z,123.0,10.950184047286545,RISING_25_PERCENT,0.25203252032520324,2026-06-02T06:11:43Z,2026-06-02T06:11:13Z,2026-06-02T06:12:13Z,1.0,61,10.050358800036783,10.640035890139096,10.950184047286545,326554740,2026-06-01T03:02:59.084736Z,2026-06-01T10:22:25Z,27.145532017777775,19.821666666666665,24-36 h,data/orbit_uncertainty_stage1/raw/spacetrack_gp/spacetrack_gp_history_20260529_20260701_20sat_omm.json,1F5A8BA23D1C8AE605C4142F44E424711D1D85014DB46C28BBC18C3ABC326A96,2026-06-02T05:22:41.999981Z,0.8169444497222222,data/orbit_uncertainty_stage1/june/sat000065421.csv,47F2014ECBC8E7384C87E8BF3D80DB676A195CA775414C519EDF2550466E6CB3,14,False,SELECTED_FROZEN,3448.5686082058264,3451.2811701041255,3615.181896209717,3620.1007442474365,445.09299087524414,3448.5686082058255,3448.5686082058255,7.637129534394075,7.637129534394075,25.204917771086404,25.204917771086404,726591844.6220334,38752.56067068086,5.3334703599432224e-05,0.9999466652964005,FINITE_NONZERO,0.9660569176980418,-0.09069100311354017,1.8629907379195092,0.9945367531796632,True,9.974127107273372,10.603566090478195,10.95762494497557,3836c16100730edced8b06de0d80b3e716198a3d43c3fa658f73ccca58e896b2,False,NOT_APPLICABLE_STAGE_A,COMPLETE
legit_segment_857a0ea039f536a6220d87d4,legit_pass_f9a43acd0845741223e01294,47383,STARLINK-2103,2026-06,CONFIRMATORY,controlled_example_station,52.21,5.16,14.0,11325000000.0,10.0,2026-06-01T11:24:03Z,2026-06-01T11:31:22Z,439.0,77.4982911722206,RISING_25_PERCENT,0.2505694760820046,2026-06-01T11:25:53Z,2026-06-01T11:25:23Z,2026-06-01T11:26:23Z,1.0,61,21.0769670443473,28.153163529870383,37.01299122027768,326542126,2026-05-31T22:34:37.493472Z,2026-06-01T10:22:25Z,12.854307368888888,1.0577777777777777,12-18 h,data/orbit_uncertainty_stage1/raw/spacetrack_gp/spacetrack_gp_history_20260529_20260701_20sat_omm.json,1F5A8BA23D1C8AE605C4142F44E424711D1D85014DB46C28BBC18C3ABC326A96,2026-06-01T12:45:41.999990Z,1.330277775,data/orbit_uncertainty_stage1/june/sat000047383.csv,6A97ABED011A96AE20108B2FFAB622CC78ED39D918CC694CBFCE03E18290B2FA,7,False,SELECTED_FROZEN,-1378.8118481557876,1470.2924217932125,2305.2564430236816,2439.151470184326,-1737.8024940490723,-1378.8118481557874,1378.8118481557874,-28.50642806123264,28.50642806123264,93.4162529573927,93.4162529573927,131867348.14053555,532322.3753125743,0.004036802004581605,0.9959631979954184,FINITE_NONZERO,0.9665182874463263,-0.33457420302656615,11.2958967522466,0.9853783446823704,True,21.496791008522216,28.75519177278225,37.86801950193752,e8c22ca16971f8ae052a6bbbad02e8452231a994bee7383ef92a1159ed168175,False,NOT_APPLICABLE_STAGE_A,COMPLETE
legit_segment_86883016d646cb9476802350,legit_pass_76fb3033fd4efc512fe1bd3d,65410,STARLINK-35024,2026-06,CONFIRMATORY,controlled_example_station,52.21,5.16,14.0,11325000000.0,10.0,2026-06-02T22:54:01Z,2026-06-02T23:00:15Z,374.0,26.269741713518826,SETTING_75_PERCENT,0.7513368983957219,2026-06-02T22:58:42Z,2026-06-02T22:58:12Z,2026-06-02T22:59:12Z,1.0,61,16.13535883036073,19.373043813058217,22.551541135183072,326744111,2026-06-02T17:58:31.378656Z,2026-06-02T22:46:37Z,5.002950373333333,0.2013888888888889,0-6 h,data/orbit_uncertainty_stage1/raw/spacetrack_gp/spacetrack_gp_history_20260529_20260701_20sat_omm.json,1F5A8BA23D1C8AE605C4142F44E424711D1D85014DB46C28BBC18C3ABC326A96,2026-06-02T23:34:42.000038Z,0.6000000105555556,data/orbit_uncertainty_stage1/june/sat000065410.csv,480E0881CFF425F783D504E2B784746BB847F6C9A822B6001FD1AFCD7FF9CBC4,21,False,SELECTED_FROZEN,846.034258076402,860.190059159606,1095.4922466278076,1120.3520736694336,-517.1312808990479,846.0342580764019,846.0342580764019,-8.814989444605581,8.814989444605581,8.044872682706618,8.044872682706618,45135543.21049739,3947.9185653385102,8.74680636261917e-05,0.9999125319363739,FINITE_NONZERO,0.9973204135549523,0.028594428254553605,1.382174014998601,0.9704819885356509,True,16.228634097363273,19.467621577825717,22.640528972058775,46a71e144bc190e076137050d7383255b2762fa90453211ac9ac6817d4839041,False,NOT_APPLICABLE_STAGE_A,COMPLETE
legit_segment_869ece86c2d8cd62224682fe,legit_pass_746e29a7adfe14901f629854,48309,STARLINK-2517,2026-06,CONFIRMATORY,controlled_example_station,52.21,5.16,14.0,11325000000.0,10.0,2026-06-19T07:39:52Z,2026-06-19T07:46:48Z,416.0,38.90072873924975,RISING_25_PERCENT,0.25,2026-06-19T07:41:36Z,2026-06-19T07:41:06Z,2026-06-19T07:42:06Z,1.0,61,18.855964958733,23.742279798703773,29.0900821189344,330620351,2026-06-19T04:17:28.274208Z,2026-06-19T06:47:17Z,3.402146053333333,0.9052777777777777,0-6 h,data/orbit_uncertainty_stage1/raw/spacetrack_gp/spacetrack_gp_history_20260529_20260701_20sat_omm.json,1F5A8BA23D1C8AE605C4142F44E424711D1D85014DB46C28BBC18C3ABC326A96,2026-06-19T08:16:42.000038Z,0.5850000105555556,data/orbit_uncertainty_stage1/june/sat000048309.csv,79D62147447BEB30EC557417B61811EF138EF8094DC33D3F68D9F90E474F7689,188,False,SELECTED_FROZEN,-411.3688796621854,421.47379681644685,565.5256958007812,583.1090507507324,-307.09578132629395,-411.36887966218535,411.36887966218535,-5.185004900120859,5.185004900120859,9.037740089423814,9.037740089423814,10836049.845575163,4982.525501362679,0.0004598101312165211,0.9995401898687835,FINITE_NONZERO,0.9902943647330292,-0.03256432491773342,0.4692870390731018,0.9973037669704073,True,18.92987060001581,23.826804957169006,29.18279998065104,0166dde358742569be290078b88f8eaad0cdc66f9f043dcddd32448b9924c59f,False,NOT_APPLICABLE_STAGE_A,COMPLETE
legit_segment_86b039f85566d7b190250cf2,legit_pass_ae49b9ecd351bb759604e758,48111,STARLINK-2448,2026-06,CONFIRMATORY,controlled_example_station,52.21,5.16,14.0,11325000000.0,10.0,2026-06-09T20:09:21Z,2026-06-09T20:16:04Z,403.0,45.65969699081174,SETTING_75_PERCENT,0.749379652605459,2026-06-09T20:14:23Z,2026-06-09T20:13:53Z,2026-06-09T20:14:53Z,1.0,61,19.292679418505845,25.09492711413217,31.793588403967426,328411309,2026-06-09T11:57:18.216864Z,2026-06-09T19:23:37Z,8.284661982222222,0.8461111111111111,6-9 h,data/orbit_uncertainty_stage1/raw/spacetrack_gp/spacetrack_gp_history_20260529_20260701_20sat_omm.json,1F5A8BA23D1C8AE605C4142F44E424711D1D85014DB46C28BBC18C3ABC326A96,2026-06-09T20:48:42.000019Z,0.5719444497222222,data/orbit_uncertainty_stage1/june/sat000048111.csv,63E98DFF9634CD904EDA2CF3528E739282097399B04E926A453B20B62792D5D5,90,False,SELECTED_FROZEN,207.53751720365932,218.54875504582458,327.7553901672363,343.3148365020752,-230.89449310302734,207.53751720365926,207.53751720365926,-3.8485440995061566,3.8485440995061566,10.011836115774283,10.011836115774283,2913577.05825687,6114.44860695646,0.0020986054203126522,0.9979013945796873,FINITE_NONZERO,0.9786354485940316,0.036021165266292954,0.7507576908693914,0.9943769477929285,True,19.32524536838185,25.137123875955698,31.845502661659975,dbce9758472dea65ed0cca104de21111a2325c78ed2324a3cc1335b1471721e0,False,NOT_APPLICABLE_STAGE_A,COMPLETE
legit_segment_86b6871086ccb5c110194f7a,legit_pass_74b3a784e02644cda3b37198,47844,STARLINK-2446,2026-06,CONFIRMATORY,controlled_example_station,52.21,5.16,14.0,11325000000.0,10.0,2026-06-02T01:32:27Z,2026-06-02T01:39:47Z,440.0,72.12575308330969,SETTING_75_PERCENT,0.75,2026-06-02T01:37:57Z,2026-06-02T01:37:27Z,2026-06-02T01:38:27Z,1.0,61,20.929886753540075,27.820093228169828,36.37101939677449,326542204,2026-06-01T04:54:53.155296Z,2026-06-01T10:22:25Z,20.71773464,15.258888888888889,18-24 h,data/orbit_uncertainty_stage1/raw/spacetrack_gp/spacetrack_gp_history_20260529_20260701_20sat_omm.json,1F5A8BA23D1C8AE605C4142F44E424711D1D85014DB46C28BBC18C3ABC326A96,2026-06-02T01:23:42Z,0.2375,data/orbit_uncertainty_stage1/june/sat000047844.csv,FE1F3D11E12AC1E3987E760842AEC279FE294DEAF66BE25CA508FB5254D084DD,12,False,SELECTED_FROZEN,-254.3941927737877,270.8623212564271,422.73383140563965,446.88052558898926,316.3857822418213,-254.39419277378764,254.39419277378764,5.1960983382274994,5.1960983382274994,16.738159929585475,16.738159929585475,4475350.221661614,17090.12586753123,0.003818723679950568,0.9961812763200494,FINITE_NONZERO,0.9676108364468493,-0.059969275107191855,1.9759433920575342,0.9860641465456936,True,20.85060320933084,27.70881362386242,36.21601659284088,cd0390dd7b2a7e08ed0ddb746d0ee5dd4fa2539fe02f309032159bbbf114378e,False,NOT_APPLICABLE_STAGE_A,COMPLETE
legit_segment_86fd442186f33a98667e10cb,legit_pass_eb643be83bafa9243352ba4b,58380,STARLINK-30915,2026-06,CONFIRMATORY,controlled_example_station,52.21,5.16,14.0,11325000000.0,10.0,2026-06-04T07:10:27Z,2026-06-04T07:16:26Z,359.0,23.507332888203226,SETTING_75_PERCENT,0.7493036211699164,2026-06-04T07:14:56Z,2026-06-04T07:14:26Z,2026-06-04T07:15:26Z,1.0,61,15.505523405721492,18.306405819624533,20.945862638194118,326990331,2026-06-03T11:54:18.620640Z,2026-06-03T23:36:18Z,19.34371648888889,7.643888888888889,18-24 h,data/orbit_uncertainty_stage1/raw/spacetrack_gp/spacetrack_gp_history_20260529_20260701_20sat_omm.json,1F5A8BA23D1C8AE605C4142F44E424711D1D85014DB46C28BBC18C3ABC326A96,2026-06-04T08:06:41.999990Z,0.862777775,data/orbit_uncertainty_stage1/june/sat000058380.csv,3EDD695EBC2FD369BB6D3F364CEB1C354CEB8FF41D75D9C0E85CB4203365E2E7,34,False,SELECTED_FROZEN,573.4144496605045,580.1262858026396,710.8243389129639,723.4312915802002,-291.99179458618164,573.4144496605044,573.4144496605044,-4.995830300470816,4.995830300470816,2.301538282307733,2.301538282307733,20529336.95622912,323.1217863606099,1.573951399645991e-05,0.9999842604860035,FINITE_NONZERO,0.9993158329960387,0.007485170579814238,0.996562375242276,0.8125123925718514,True,15.550228804474656,18.347781529541354,20.97969558691736,6844fc2b734be7a721bc8b24e22ba7494ef87829add8a8c7aa03c166146dd819,False,NOT_APPLICABLE_STAGE_A,COMPLETE
legit_segment_86ff676ce440ab685fa1fab3,legit_pass_3d91a45c6d2ad81a590c698c,45230,STARLINK-1227,2026-06,CONFIRMATORY,controlled_example_station,52.21,5.16,14.0,11325000000.0,10.0,2026-06-19T03:09:08Z,2026-06-19T03:16:02Z,414.0,80.12878703008744,RISING_25_PERCENT,0.25120772946859904,2026-06-19T03:10:52Z,2026-06-19T03:10:22Z,2026-06-19T03:11:22Z,1.0,61,20.656929367152415,28.143305362683872,37.725801520091665,330569697,2026-06-18T22:11:35.795040Z,2026-06-19T02:57:24Z,4.987834711111111,0.22444444444444445,0-6 h,data/orbit_uncertainty_stage1/raw/spacetrack_gp/spacetrack_gp_history_20260529_20260701_20sat_omm.json,1F5A8BA23D1C8AE605C4142F44E424711D1D85014DB46C28BBC18C3ABC326A96,2026-06-19T03:08:42.000029Z,0.03611110305555555,data/orbit_uncertainty_stage1/june/sat000045230.csv,A086445B48BCEA5D6D786487B3F9BAAB43C341130589A86BCBB60E49241950E8,186,False,SELECTED_FROZEN,-101.12087452997926,107.2619773146892,166.4372386932373,176.045015335083,-121.94640922546387,-101.12087452997926,101.12087452997926,-1.9946720920120964,1.9946720920120964,6.804286722868068,6.804286722868068,701813.038424871,2824.1973862269188,0.004024144938323554,0.9959758550616764,FINITE_NONZERO,0.9638209742186332,-0.02434969483031857,0.8673746859301719,0.9837501904728224,True,20.687412825730625,28.18673346283414,37.78746873145352,76f33f8b0232f01a84fb85f973280d0bdba1339fabf8c9d8f11f4303204b3d44,False,NOT_APPLICABLE_STAGE_A,COMPLETE
legit_segment_87405b7239e8743b05d925ad,legit_pass_8693d2334165ef6bc4608b89,65693,STARLINK-35060,2026-06,CONFIRMATORY,controlled_example_station,52.21,5.16,14.0,11325000000.0,10.0,2026-06-04T08:27:36Z,2026-06-04T08:35:01Z,445.0,75.14560536009472,SETTING_75_PERCENT,0.750561797752809,2026-06-04T08:33:10Z,2026-06-04T08:32:40Z,2026-06-04T08:33:40Z,1.0,61,21.20290060149171,28.174896259965656,36.8461214417004,327021296,2026-06-03T21:09:00.026784Z,2026-06-04T04:32:25Z,11.402770337777778,4.0125,9-12 h,data/orbit_uncertainty_stage1/raw/spacetrack_gp/spacetrack_gp_history_20260529_20260701_20sat_omm.json,1F5A8BA23D1C8AE605C4142F44E424711D1D85014DB46C28BBC18C3ABC326A96,2026-06-04T08:22:41.999981Z,0.1744444497222222,data/orbit_uncertainty_stage1/june/sat000065693.csv,D31425DC1D7BF768E17AFC34A7D7E516943AB5AC5C7598CCE830821EDB62E3E7,36,False,SELECTED_FROZEN,552.9731244884554,586.0095723964289,902.8593921661377,952.5625705718994,-659.5044593811035,552.9731244884553,552.9731244884553,-10.845717161108997,10.845717161108997,34.099450211120356,34.099450211120356,20947840.355354972,70929.12278674122,0.0033859873659295553,0.9966140126340705,FINITE_NONZERO,0.9690981641194267,0.12221030707631719,3.9329486494300667,0.9866972386975769,True,21.36985318350344,28.409429237337342,37.17273466126769,8217858f393ce75508366ca5c6cf28cb49a3b1cf49acad80e688962393c6e091,False,NOT_APPLICABLE_STAGE_A,COMPLETE
legit_segment_8764829aff89eda470bb7336,legit_pass_471730fa8d88240e8c97356e,65693,STARLINK-35060,2026-06,CONFIRMATORY,controlled_example_station,52.21,5.16,14.0,11325000000.0,10.0,2026-06-08T03:15:47Z,2026-06-08T03:20:25Z,278.0,16.00604817199949,PEAK,0.5,2026-06-08T03:18:06Z,2026-06-08T03:17:36Z,2026-06-08T03:18:36Z,1.0,61,15.633710439153326,15.878123668222402,16.00604817199949,327859381,2026-06-07T19:12:12.108960Z,2026-06-08T00:16:20Z,8.098303066666666,3.0294444444444446,6-9 h,data/orbit_uncertainty_stage1/raw/spacetrack_gp/spacetrack_gp_history_20260529_20260701_20sat_omm.json,1F5A8BA23D1C8AE605C4142F44E424711D1D85014DB46C28BBC18C3ABC326A96,2026-06-08T02:40:41.999981Z,0.6233333386111112,data/orbit_uncertainty_stage1/june/sat000065693.csv,D31425DC1D7BF768E17AFC34A7D7E516943AB5AC5C7598CCE830821EDB62E3E7,73,False,SELECTED_FROZEN,-264.7667381411693,264.7872094701006,268.37277603149414,268.40777587890625,3.0405654907226562,-264.76673814116924,264.76673814116924,0.052134638826157736,0.052134638826157736,3.1619751221527546,3.1619751221527546,4276848.244236738,609.8832870598885,0.00014260110535409715,0.9998573988946459,FINITE_NONZERO,0.07772454455100952,0.011405417932722615,0.07299245004580482,0.9994671082640224,True,15.632180453886487,15.881255724935288,16.00919097974672,25fdfcb5f04dc5f39230a4f7c76a83476417a67ca578e204f59f2d0a1e7951e1,False,NOT_APPLICABLE_STAGE_A,COMPLETE
legit_segment_87ac6ce5cb28872c6674b6d5,legit_pass_d99cfc57dbf3badc5b29233a,47844,STARLINK-2446,2026-06,CONFIRMATORY,controlled_example_station,52.21,5.16,14.0,11325000000.0,10.0,2026-06-01T06:57:34Z,2026-06-01T07:02:27Z,293.0,17.00343903304425,SETTING_75_PERCENT,0.7508532423208191,2026-06-01T07:01:14Z,2026-06-01T07:00:44Z,2026-06-01T07:01:44Z,1.0,61,12.950700753307213,14.69804587089919,16.171799826914096,326474744,2026-06-01T04:54:53.155296Z,2026-06-01T06:47:07Z,2.1057901955555556,0.23527777777777778,0-6 h,data/orbit_uncertainty_stage1/raw/spacetrack_gp/spacetrack_gp_history_20260529_20260701_20sat_omm.json,1F5A8BA23D1C8AE605C4142F44E424711D1D85014DB46C28BBC18C3ABC326A96,2026-06-01T06:58:42.000010Z,0.042222219444444445,data/orbit_uncertainty_stage1/june/sat000047844.csv,FE1F3D11E12AC1E3987E760842AEC279FE294DEAF66BE25CA508FB5254D084DD,5,False,SELECTED_FROZEN,85.63079552572282,86.62066375369461,105.45839881896973,107.14953422546387,-43.33028602600098,85.63079552572283,85.63079552572283,-0.7415753390283454,0.7415753390283454,0.16343772949591553,0.16343772949591553,457691.50273696805,1.6294253767895834,3.560095319763894e-06,0.9999964399046802,FINITE_NONZERO,0.9998433377548918,-0.0002320724612776548,0.15024864794771167,0.15488364890313955,False,12.944047165231343,14.690234580734009,16.16252851649844,653d9b72d0f3da27da765f69602f9cfad2c08f2a2443f778cffffe7e64788776,False,NOT_APPLICABLE_STAGE_A,COMPLETE
legit_segment_87d3fe9a7695b040d584d1e0,legit_pass_79c32992cf290fd5af296c31,48309,STARLINK-2517,2026-06,CONFIRMATORY,controlled_example_station,52.21,5.16,14.0,11325000000.0,10.0,2026-06-01T14:52:27Z,2026-06-01T14:59:44Z,437.0,58.517581546729275,SETTING_75_PERCENT,0.7505720823798627,2026-06-01T14:57:55Z,2026-06-01T14:57:25Z,2026-06-01T14:58:25Z,1.0,61,20.542166289406094,26.906419169910276,34.555147926585185,326542819,2026-06-01T03:38:45.544992Z,2026-06-01T10:22:25Z,11.319293057777777,4.591666666666667,9-12 h,data/orbit_uncertainty_stage1/raw/spacetrack_gp/spacetrack_gp_history_20260529_20260701_20sat_omm.json,1F5A8BA23D1C8AE605C4142F44E424711D1D85014DB46C28BBC18C3ABC326A96,2026-06-01T15:10:42.000038Z,0.21305556611111112,data/orbit_uncertainty_stage1/june/sat000048309.csv,79D62147447BEB30EC557417B61811EF138EF8094DC33D3F68D9F90E474F7689,7,False,SELECTED_FROZEN,562.8225288703793,590.431388830135,879.5813159942627,922.354097366333,-604.0894031524658,562.8225288703792,562.8225288703792,-10.007521520500651,10.007521520500651,28.166912273361035,28.166912273361035,21265162.719868805,48395.87176792821,0.002275828894679005,0.997724171105321,FINITE_NONZERO,0.9750824654096665,0.10116417418555201,2.6841998705015437,0.9909186331482909,True,20.685076286848933,27.0949503019708,34.79969850198422,645f4ff736b7eb3f956f9073fbbb0261518574fc2cf2411feb4abfd032df868c,False,NOT_APPLICABLE_STAGE_A,COMPLETE
legit_segment_889a3c394a6919075c8a047a,legit_pass_e79ffaeb3d7df3b1d46ec9d8,47844,STARLINK-2446,2026-06,CONFIRMATORY,controlled_example_station,52.21,5.16,14.0,11325000000.0,10.0,2026-06-02T23:25:07Z,2026-06-02T23:30:28Z,321.0,19.297120154490365,RISING_25_PERCENT,0.24922118380062305,2026-06-02T23:26:27Z,2026-06-02T23:25:57Z,2026-06-02T23:26:57Z,1.0,61,13.895772119438659,16.031369208562914,17.922256263427045,326715966,2026-06-02T07:32:11.363424Z,2026-06-02T22:26:32Z,15.904343493333332,0.9986111111111111,12-18 h,data/orbit_uncertainty_stage1/raw/spacetrack_gp/spacetrack_gp_history_20260529_20260701_20sat_omm.json,1F5A8BA23D1C8AE605C4142F44E424711D1D85014DB46C28BBC18C3ABC326A96,2026-06-03T00:27:41.999990Z,1.0208333305555555,data/orbit_uncertainty_stage1/june/sat000047844.csv,FE1F3D11E12AC1E3987E760842AEC279FE294DEAF66BE25CA508FB5254D084DD,23,False,SELECTED_FROZEN,3416.3724399316507,3442.3579229041056,4055.5132064819336,4108.995069503784,1398.355978012085,3416.3724399316498,3416.3724399316498,23.975131908237216,23.975131908237216,6.104633546765165,6.104633546765165,722839512.2322206,2273.2595951577296,3.1449022316691208e-06,0.9999968550977684,FINITE_NONZERO,0.9997909045054938,-0.010362601422563955,5.386795374254062,0.22135094803091926,False,13.678945174723198,15.842824956061708,17.780642319038847,71c39af56eceb566ac5abd8250a2f5a49258af9cf53ceec0185f9480c8ecfd9d,False,NOT_APPLICABLE_STAGE_A,COMPLETE
legit_segment_88db83c4881724ebaf1d3346,legit_pass_9d5ad6cc126512214c89144f,47767,STARLINK-2185,2026-06,CONFIRMATORY,controlled_example_station,52.21,5.16,14.0,11325000000.0,10.0,2026-06-04T02:49:28Z,2026-06-04T02:52:00Z,152.0,11.745492955602526,SETTING_75_PERCENT,0.75,2026-06-04T02:51:22Z,2026-06-04T02:50:52Z,2026-06-04T02:51:52Z,1.0,61,10.341501541791214,11.199197512219625,11.725643187589405,326929965,2026-06-03T07:46:37.333344Z,2026-06-03T21:59:02Z,19.079074071111112,4.872222222222222,18-24 h,data/orbit_uncertainty_stage1/raw/spacetrack_gp/spacetrack_gp_history_20260529_20260701_20sat_omm.json,1F5A8BA23D1C8AE605C4142F44E424711D1D85014DB46C28BBC18C3ABC326A96,2026-06-04T02:49:41.999981Z,0.027777783055555554,data/orbit_uncertainty_stage1/june/sat000047767.csv,6E26A6FFCB0389E48C81BEEAD935A847B2444F9441CBE4C1AD8107642DE7DD5F,33,False,SELECTED_FROZEN,524.874141130291,526.206094641929,574.9749851226807,577.6315155029297,-122.78767013549805,524.8741411302909,524.8741411302909,-2.111102059302289,2.111102059302289,4.2891631544034245,4.2891631544034245,16890464.096336957,1122.2121544706079,6.64405754673125e-05,0.9999335594245327,FINITE_NONZERO,0.9868592486947155,-0.015344913677926453,0.5557558008625623,0.9832110755112757,True,10.3533953880516,11.205316768411834,11.7248572609528,7cbc04a159ed0c507dbb0c9a5ccac4d7b892df7ccd19449324c1a7a4caf3c08d,False,NOT_APPLICABLE_STAGE_A,COMPLETE
legit_segment_891953fb26ca7947c5156e4f,legit_pass_6f35fb027889b712e8a99bdf,44714,STARLINK-1008,2026-06,CONFIRMATORY,controlled_example_station,52.21,5.16,14.0,11325000000.0,10.0,2026-06-03T01:48:22Z,2026-06-03T01:50:06Z,104.0,10.763219921737054,SETTING_75_PERCENT,0.7115384615384616,2026-06-03T01:49:36Z,2026-06-03T01:49:06Z,2026-06-03T01:50:06Z,1.0,61,10.001109785916826,10.53462189138165,10.763219921737054,326678218,2026-06-02T06:42:19.995840Z,2026-06-02T18:52:58Z,19.121112266666668,6.943888888888889,18-24 h,data/orbit_uncertainty_stage1/raw/spacetrack_gp/spacetrack_gp_history_20260529_20260701_20sat_omm.json,1F5A8BA23D1C8AE605C4142F44E424711D1D85014DB46C28BBC18C3ABC326A96,2026-06-03T02:07:42.000038Z,0.3016666772222222,data/orbit_uncertainty_stage1/june/sat000044714.csv,F91F0DA10678FA8B4BBDEBC15B9D96435ECFD92205FFA13417B9E47754646E40,23,False,SELECTED_FROZEN,-246.82859505199994,246.8561931656547,250.28944396972656,250.31194496154785,9.199670791625977,-246.8285950519999,246.8285950519999,0.1603316980338743,0.1603316980338743,2.3781989703492323,2.3781989703492323,3717216.7863585805,345.00565089677906,9.281289489568612e-05,0.9999071871051043,FINITE_NONZERO,0.584886144768936,0.008574931136499098,0.08628739020492901,0.9986835684139361,True,9.992217980622344,10.528534996929071,10.759345541386418,fb632dc8d49c1b1006b9b29d9c8eb19422a59558ae3fbb961e99fac4d763f536,False,NOT_APPLICABLE_STAGE_A,COMPLETE
legit_segment_891fede8d1361531a73e0989,legit_pass_a91a337192f94d8bf88a4f79,65421,STARLINK-35146,2026-06,CONFIRMATORY,controlled_example_station,52.21,5.16,14.0,11325000000.0,10.0,2026-06-02T04:31:39Z,2026-06-02T04:38:39Z,420.0,43.562762630591635,RISING_25_PERCENT,0.25,2026-06-02T04:33:24Z,2026-06-02T04:32:54Z,2026-06-02T04:33:54Z,1.0,61,19.27064905877738,24.609698013573805,30.64372371377894,326554740,2026-06-01T03:02:59.084736Z,2026-06-01T10:22:25Z,25.506920906666664,18.183055555555555,24-36 h,data/orbit_uncertainty_stage1/raw/spacetrack_gp/spacetrack_gp_history_20260529_20260701_20sat_omm.json,1F5A8BA23D1C8AE605C4142F44E424711D1D85014DB46C28BBC18C3ABC326A96,2026-06-02T05:22:41.999981Z,0.8216666613888889,data/orbit_uncertainty_stage1/june/sat000065421.csv,47F2014ECBC8E7384C87E8BF3D80DB676A195CA775414C519EDF2550466E6CB3,14,False,SELECTED_FROZEN,2227.3662994885053,2320.8448164678725,3357.725715637207,3499.4699115753174,2195.119327545166,2227.366299488505,2227.366299488505,36.71024732503988,36.71024732503988,85.97051728551286,85.97051728551286,328565560.38967335,450846.7203826586,0.0013721666989320541,0.998627833301068,FINITE_NONZERO,0.9826161225883812,0.309504043165596,5.6852583649414195,0.99562677993627,True,18.865354018274786,24.10761183915398,30.044808667291843,6add57d41a6cdb9a94886e3a822cc58419aef32d9cd292869fc2855254fe95d9,False,NOT_APPLICABLE_STAGE_A,COMPLETE
legit_segment_892c453b080fc2a3f9fdd140,legit_pass_5e2bf59fdda8091ee99a5890,60265,STARLINK-32120,2026-06,CONFIRMATORY,controlled_example_station,52.21,5.16,14.0,11325000000.0,10.0,2026-06-15T08:28:59Z,2026-06-15T08:36:27Z,448.0,83.40503260978971,PEAK,0.5,2026-06-15T08:32:43Z,2026-06-15T08:32:13Z,2026-06-15T08:33:13Z,1.0,61,64.48986662071883,75.08525601551474,83.40503260978971,329605614,2026-06-15T03:28:51.248640Z,2026-06-15T07:16:55Z,5.064375377777777,1.2633333333333334,0-6 h,data/orbit_uncertainty_stage1/raw/spacetrack_gp/spacetrack_gp_history_20260529_20260701_20sat_omm.json,1F5A8BA23D1C8AE605C4142F44E424711D1D85014DB46C28BBC18C3ABC326A96,2026-06-15T09:04:42.000010Z,0.5330555583333333,data/orbit_uncertainty_stage1/june/sat000060265.csv,310CEC01430FB37300D0520AC911958B04898B003A2B2906A630DA9E075D20EF,147,False,SELECTED_FROZEN,2337.43704708287,2344.8832523352644,2554.9855613708496,2557.5942993164062,-90.46327018737793,2337.4370470828694,2337.4370470828694,-1.664546747071475,1.664546747071475,184.4087744285335,184.4087744285335,335407125.49202687,2074402.361260259,0.006184729552829881,0.9938152704471701,FINITE_NONZERO,0.024635283506105554,-0.6639028290376237,12.155626721772967,0.9956549823268288,True,64.42336083239577,75.08684566695077,83.41552874545235,95c8e0a2bc022d4636662470472017ea0eb99d08367afa9f9c082fcc0bc9e300,False,NOT_APPLICABLE_STAGE_A,COMPLETE
legit_segment_89514d2c7da33f822c8848b5,legit_pass_456a9df6bc9b4c4cfc9a8350,48309,STARLINK-2517,2026-06,CONFIRMATORY,controlled_example_station,52.21,5.16,14.0,11325000000.0,10.0,2026-06-01T16:30:17Z,2026-06-01T16:37:42Z,445.0,75.59344685485364,PEAK,0.501123595505618,2026-06-01T16:34:00Z,2026-06-01T16:33:30Z,2026-06-01T16:34:30Z,1.0,61,61.90084681576446,70.16764330835707,75.59344685485364,326542819,2026-06-01T03:38:45.544992Z,2026-06-01T10:22:25Z,12.920681946666665,6.1930555555555555,12-18 h,data/orbit_uncertainty_stage1/raw/spacetrack_gp/spacetrack_gp_history_20260529_20260701_20sat_omm.json,1F5A8BA23D1C8AE605C4142F44E424711D1D85014DB46C28BBC18C3ABC326A96,2026-06-01T17:41:42.000029Z,1.1283333413888887,data/orbit_uncertainty_stage1/june/sat000048309.csv,79D62147447BEB30EC557417B61811EF138EF8094DC33D3F68D9F90E474F7689,8,False,SELECTED_FROZEN,3911.2604328218054,3922.6234733311644,4261.48482131958,4264.443134307861,48.758989334106445,3911.2604328218044,3911.2604328218044,0.9211728586714315,0.9211728586714315,297.91556982845185,297.91556982845185,938605469.7252476,5413974.8915188825,0.005768104987821649,0.9942318950121783,FINITE_NONZERO,0.0029551006306836047,-1.0727215255994427,18.889059524577785,0.9959799239580516,True,61.6729353833986,70.16781796739319,75.59956330111041,52203e7e8df99a426ba7e300191db78044452613feb675835afb754ed8b35b73,False,NOT_APPLICABLE_STAGE_A,COMPLETE
legit_segment_899c71e1a2b4bdb12bae9828,legit_pass_18a14dc09c462de9ff3aca63,60265,STARLINK-32120,2026-06,CONFIRMATORY,controlled_example_station,52.21,5.16,14.0,11325000000.0,10.0,2026-06-04T12:06:23Z,2026-06-04T12:13:50Z,447.0,84.13855318718342,SETTING_75_PERCENT,0.7494407158836689,2026-06-04T12:11:58Z,2026-06-04T12:11:28Z,2026-06-04T12:12:28Z,1.0,61,21.32462180598001,28.398072638098874,37.25453935121552,327051091,2026-06-04T02:24:59.435424Z,2026-06-04T06:26:29Z,9.782934604444444,5.758055555555556,9-12 h,data/orbit_uncertainty_stage1/raw/spacetrack_gp/spacetrack_gp_history_20260529_20260701_20sat_omm.json,1F5A8BA23D1C8AE605C4142F44E424711D1D85014DB46C28BBC18C3ABC326A96,2026-06-04T12:31:42.000010Z,0.3288888916666667,data/orbit_uncertainty_stage1/june/sat000060265.csv,310CEC01430FB37300D0520AC911958B04898B003A2B2906A630DA9E075D20EF,38,False,SELECTED_FROZEN,5723.495964331705,6068.93745729677,9373.754150390625,9895.660022735596,-6864.054496765137,5723.495964331704,5723.495964331704,-112.77945268541218,112.77945268541218,361.444702509143,361.444702509143,2246752113.4953666,7969178.651287296,0.00354697725815836,0.9964530227418417,FINITE_NONZERO,0.9679294954222094,1.2951395101232066,42.29430558857893,0.9863075844860374,True,23.06371767913893,30.869197869324875,40.74054317812682,d6889e7cd9bc03038fb83f144c60ba7d9b74939c920bccd96e4a57b16051609b,False,NOT_APPLICABLE_STAGE_A,COMPLETE
legit_segment_89cabb8a77694c4c1fa2a654,legit_pass_a27d62145a6564f78ffdaef8,65409,STARLINK-35022,2026-06,CONFIRMATORY,controlled_example_station,52.21,5.16,14.0,11325000000.0,10.0,2026-06-01T04:41:39Z,2026-06-01T04:48:47Z,428.0,50.29165676966735,RISING_25_PERCENT,0.25,2026-06-01T04:43:26Z,2026-06-01T04:42:56Z,2026-06-01T04:43:56Z,1.0,61,19.962403088110534,25.860436918781218,32.75099136604713,326441202,2026-05-31T20:00:01.999008Z,2026-06-01T00:06:54Z,8.72333360888889,4.608888888888889,6-9 h,data/orbit_uncertainty_stage1/raw/spacetrack_gp/spacetrack_gp_history_20260529_20260701_20sat_omm.json,1F5A8BA23D1C8AE605C4142F44E424711D1D85014DB46C28BBC18C3ABC326A96,2026-06-01T05:17:42Z,0.5711111111111111,data/orbit_uncertainty_stage1/june/sat000065409.csv,C82A923C1B14CF8F30B1B5DDBB30C6CB9AE3A8DB51A9A3F182BEC8348A9F0DF5,4,False,SELECTED_FROZEN,100.89755111444192,105.19538023938044,152.98266410827637,159.71030616760254,100.42016983032227,100.8975511144419,100.8975511144419,1.6731977300376637,1.6731977300376637,4.228368862507773,4.228368862507773,675030.1494461778,1090.6252974829422,0.001615669016232439,0.9983843309837676,FINITE_NONZERO,0.9798147798215174,0.015209466207385836,0.3300901546822485,0.9939057620076788,True,19.940883626406464,25.832868776412333,32.71667469147413,31f475a78dc2332b4340f73c9ed7bf47b86800d856be150791665ea684e1e296,False,NOT_APPLICABLE_STAGE_A,COMPLETE
legit_segment_8a722453c59e448500640106,legit_pass_79c32992cf290fd5af296c31,48309,STARLINK-2517,2026-06,CONFIRMATORY,controlled_example_station,52.21,5.16,14.0,11325000000.0,10.0,2026-06-01T14:52:27Z,2026-06-01T14:59:44Z,437.0,58.517581546729275,RISING_25_PERCENT,0.2494279176201373,2026-06-01T14:54:16Z,2026-06-01T14:53:46Z,2026-06-01T14:54:46Z,1.0,61,20.552813699026316,26.950253106326745,34.640701238140146,326542819,2026-06-01T03:38:45.544992Z,2026-06-01T10:22:25Z,11.258459724444444,4.530833333333334,9-12 h,data/orbit_uncertainty_stage1/raw/spacetrack_gp/spacetrack_gp_history_20260529_20260701_20sat_omm.json,1F5A8BA23D1C8AE605C4142F44E424711D1D85014DB46C28BBC18C3ABC326A96,2026-06-01T15:10:42.000038Z,0.27388889944444444,data/orbit_uncertainty_stage1/june/sat000048309.csv,79D62147447BEB30EC557417B61811EF138EF8094DC33D3F68D9F90E474F7689,7,False,SELECTED_FROZEN,534.9429817512387,562.4982756033102,844.3490104675293,886.410083770752,588.9721412658691,534.9429817512386,534.9429817512386,9.748680282988166,9.748680282988166,27.90911107892118,27.90911107892118,19300662.913458545,47514.02735414921,0.0024617821453695875,0.9975382178546304,FINITE_NONZERO,0.9742423831593094,0.10021651723488567,2.7218368466669807,0.990488868863,True,20.417674152139988,26.770155417848404,34.40490309208682,2f1d000011175cbe147740e5d0b869712b41f6d07778d7b9a8f0cfb1e584a117,False,NOT_APPLICABLE_STAGE_A,COMPLETE
legit_segment_8a8cd74392c2c0e742365a70,legit_pass_b41cbb1a998605ed4d23f488,65686,STARLINK-35137,2026-06,CONFIRMATORY,controlled_example_station,52.21,5.16,14.0,11325000000.0,10.0,2026-06-04T11:55:07Z,2026-06-04T11:59:16Z,249.0,14.640930860943323,PEAK,0.5020080321285141,2026-06-04T11:57:12Z,2026-06-04T11:56:42Z,2026-06-04T11:57:42Z,1.0,61,14.301888387447077,14.525139946713034,14.640930860943323,327025019,2026-06-03T15:05:49.254720Z,2026-06-04T06:26:29Z,20.856318133333335,5.5119444444444445,18-24 h,data/orbit_uncertainty_stage1/raw/spacetrack_gp/spacetrack_gp_history_20260529_20260701_20sat_omm.json,1F5A8BA23D1C8AE605C4142F44E424711D1D85014DB46C28BBC18C3ABC326A96,2026-06-04T11:22:41.999981Z,0.5750000052777778,data/orbit_uncertainty_stage1/june/sat000065686.csv,B6BC6FF15B3CA146A8A5647889EB05C3E5134E71663266D0DFF94290D3AA7A5B,38,False,SELECTED_FROZEN,3843.0760291990687,3843.3955423034704,3894.715747833252,3895.126512527466,79.80770492553711,3843.0760291990687,3843.0760291990687,1.3718149737918386,1.3718149737918386,43.272933038870725,43.272933038870725,901073046.9704895,114225.35076098195,0.0001267659166424083,0.9998732340833576,FINITE_NONZERO,0.2375401747926409,-0.1560849344909403,1.0332900568162855,0.9994298201896642,True,14.254588755191355,14.53040159468293,14.648630752263797,96f700746594a485e42f07df35f32d3ca0b8cdbc0792e62afa76eb45d21164ac,False,NOT_APPLICABLE_STAGE_A,COMPLETE
legit_segment_8af2fda089f72f009c2510fc,legit_pass_86e50c1f810db84aebc15b11,45230,STARLINK-1227,2026-06,CONFIRMATORY,controlled_example_station,52.21,5.16,14.0,11325000000.0,10.0,2026-06-06T12:35:08Z,2026-06-06T12:37:06Z,118.0,10.951864386207692,SETTING_75_PERCENT,0.7457627118644068,2026-06-06T12:36:36Z,2026-06-06T12:36:06Z,2026-06-06T12:37:06Z,1.0,61,10.013009248294324,10.635689968376214,10.951864386207692,327471152,2026-06-06T02:45:20.081664Z,2026-06-06T10:37:48Z,9.854421760000001,1.98,9-12 h,data/orbit_uncertainty_stage1/raw/spacetrack_gp/spacetrack_gp_history_20260529_20260701_20sat_omm.json,1F5A8BA23D1C8AE605C4142F44E424711D1D85014DB46C28BBC18C3ABC326A96,2026-06-06T12:32:41.999971Z,0.06500000805555556,data/orbit_uncertainty_stage1/june/sat000045230.csv,A086445B48BCEA5D6D786487B3F9BAAB43C341130589A86BCBB60E49241950E8,56,False,SELECTED_FROZEN,1060.842028570957,1061.2969760568294,1092.1769275665283,1092.2810096740723,-97.75723266601562,1060.8420285709567,1060.8420285709567,-1.684744767219791,1.684744767219791,9.250333849044765,9.250333849044765,68707427.55462961,5219.6892554457845,7.596979600634275e-05,0.9999240302039937,FINITE_NONZERO,0.9113702107210347,-0.033321368068629065,0.525935833737922,0.9967674093709349,True,10.037838876392208,10.647899652088078,10.950997405656022,912d9f0d1d5e3bd1442ce28053e4555a20e58911cc4e50eca4c22494598e3431,False,NOT_APPLICABLE_STAGE_A,COMPLETE
legit_segment_8afd398c4b669132d75cd952,legit_pass_a91a337192f94d8bf88a4f79,65421,STARLINK-35146,2026-06,CONFIRMATORY,controlled_example_station,52.21,5.16,14.0,11325000000.0,10.0,2026-06-02T04:31:39Z,2026-06-02T04:38:39Z,420.0,43.562762630591635,SETTING_75_PERCENT,0.75,2026-06-02T04:36:54Z,2026-06-02T04:36:24Z,2026-06-02T04:37:24Z,1.0,61,19.430879230084372,24.833922719428635,30.932818383406566,326554740,2026-06-01T03:02:59.084736Z,2026-06-01T10:22:25Z,25.565254239999998,18.24138888888889,24-36 h,data/orbit_uncertainty_stage1/raw/spacetrack_gp/spacetrack_gp_history_20260529_20260701_20sat_omm.json,1F5A8BA23D1C8AE605C4142F44E424711D1D85014DB46C28BBC18C3ABC326A96,2026-06-02T05:22:41.999981Z,0.7633333280555555,data/orbit_uncertainty_stage1/june/sat000065421.csv,47F2014ECBC8E7384C87E8BF3D80DB676A195CA775414C519EDF2550466E6CB3,14,False,SELECTED_FROZEN,2677.099186568964,2772.5074367505763,3916.6021823883057,4067.7429523468018,-2422.4278812408447,2677.099186568963,2677.099186568963,-40.643180981923024,40.643180981923024,88.6470665445105,88.6470665445105,468894646.6970723,479356.4468237591,0.0010223116220250763,0.998977688377975,FINITE_NONZERO,0.9848860614342174,0.31932834378579145,5.012537917254405,0.9968026763197988,True,19.900952668293467,25.402530618506347,31.591710505523036,f1d4c61b3be24099a4b908f01c47e0d399af866f11b831273deeef817b9a0a0f,False,NOT_APPLICABLE_STAGE_A,COMPLETE
legit_segment_8b109a2d195681b97b8cfb31,legit_pass_9df09661b7b63237df20913f,47767,STARLINK-2185,2026-06,CONFIRMATORY,controlled_example_station,52.21,5.16,14.0,11325000000.0,10.0,2026-06-01T22:01:26Z,2026-06-01T22:07:56Z,390.0,57.365774386503475,PEAK,0.5,2026-06-01T22:04:41Z,2026-06-01T22:04:11Z,2026-06-01T22:05:11Z,1.0,61,49.63299683056414,54.54083334987289,57.365774386503475,326542677,2026-05-31T10:12:02.566944Z,2026-06-01T10:22:25Z,35.877342515555554,11.704444444444444,24-36 h,data/orbit_uncertainty_stage1/raw/spacetrack_gp/spacetrack_gp_history_20260529_20260701_20sat_omm.json,1F5A8BA23D1C8AE605C4142F44E424711D1D85014DB46C28BBC18C3ABC326A96,2026-06-01T22:23:42Z,0.3169444444444444,data/orbit_uncertainty_stage1/june/sat000047767.csv,6E26A6FFCB0389E48C81BEEAD935A847B2444F9441CBE4C1AD8107642DE7DD5F,10,False,SELECTED_FROZEN,4413.399428633393,4427.665188962369,4830.444999694824,4835.592817306519,24.203746795654297,4413.399428633392,4413.399428633392,0.4573741929988806,0.4573741929988806,355.0488130248678,355.0488130248678,1195857360.5584996,7689639.23745242,0.006430231138821723,0.9935697688611783,FINITE_NONZERO,0.0005141685610714486,-1.278216009918739,23.48686603141697,0.9956240332744414,True,49.48615064134032,54.54603412771079,57.375937077682956,cba260d787e3fbedc3800959060fbefaf00f426f967a153357d92d5669738ed0,False,NOT_APPLICABLE_STAGE_A,COMPLETE
legit_segment_8b9433d63a3b5209b1b0efef,legit_pass_3d91a45c6d2ad81a590c698c,45230,STARLINK-1227,2026-06,CONFIRMATORY,controlled_example_station,52.21,5.16,14.0,11325000000.0,10.0,2026-06-19T03:09:08Z,2026-06-19T03:16:02Z,414.0,80.12878703008744,SETTING_75_PERCENT,0.751207729468599,2026-06-19T03:14:19Z,2026-06-19T03:13:49Z,2026-06-19T03:14:49Z,1.0,61,20.349275208087544,27.65481066601961,36.97957045531364,330569697,2026-06-18T22:11:35.795040Z,2026-06-19T02:57:24Z,5.045334711111111,0.28194444444444444,0-6 h,data/orbit_uncertainty_stage1/raw/spacetrack_gp/spacetrack_gp_history_20260529_20260701_20sat_omm.json,1F5A8BA23D1C8AE605C4142F44E424711D1D85014DB46C28BBC18C3ABC326A96,2026-06-19T03:08:42.000029Z,0.09361110305555556,data/orbit_uncertainty_stage1/june/sat000045230.csv,A086445B48BCEA5D6D786487B3F9BAAB43C341130589A86BCBB60E49241950E8,186,False,SELECTED_FROZEN,-74.31742308569736,80.51159867446412,131.33012580871582,139.93142127990723,105.78045082092285,-74.31742308569734,74.31742308569734,1.7233171178574676,1.7233171178574676,6.196237690910159,6.196237690910159,395409.1687881964,2341.995052857595,0.005922965974802927,0.9940770340251971,FINITE_NONZERO,0.9599668046140006,-0.02214918580315217,0.8411260361300127,0.9815725172111937,True,20.32631795462038,27.620602268481196,36.92912003334952,31385dfb42dc6a1276021577881e3abf7f5a9417e51235945fceff79bfc5e045,False,NOT_APPLICABLE_STAGE_A,COMPLETE
legit_segment_8bc5af623f65de1f436d0b1b,legit_pass_ec0929f91950c574d9fc3627,65407,STARLINK-35035,2026-06,CONFIRMATORY,controlled_example_station,52.21,5.16,14.0,11325000000.0,10.0,2026-06-01T01:01:02Z,2026-06-01T01:08:25Z,443.0,70.64276741058887,SETTING_75_PERCENT,0.7494356659142212,2026-06-01T01:06:34Z,2026-06-01T01:06:04Z,2026-06-01T01:07:04Z,1.0,61,20.983519240016953,27.808084072824943,36.241127584556814,326441198,2026-05-31T13:46:41.763072Z,2026-06-01T00:06:54Z,11.331176924444444,0.9944444444444445,9-12 h,data/orbit_uncertainty_stage1/raw/spacetrack_gp/spacetrack_gp_history_20260529_20260701_20sat_omm.json,1F5A8BA23D1C8AE605C4142F44E424711D1D85014DB46C28BBC18C3ABC326A96,2026-06-01T00:24:42.000019Z,0.6977777725,data/orbit_uncertainty_stage1/june/sat000065407.csv,1D5D20428BDA125132468A3B81A5A0011425555B1C761A0A7A4BD8F31D76DA01,2,False,SELECTED_FROZEN,571.014229446161,602.9739570497991,919.1616134643555,968.0884761810303,-658.0148963928223,571.0142294461608,571.0142294461608,-10.838172424514108,10.838172424514108,33.254900153446556,33.254900153446556,22178233.165697873,67459.1914371577,0.0030416846523867356,0.9969583153476133,FINITE_NONZERO,0.9705256320678389,0.11923596683899085,3.708139939496568,0.9875662842587488,True,21.150741423357136,28.039859844190534,36.55922750156447,afc4f3241a12310df2388ef43f84ab528965e00d31ffc3b8445c3ebfd647e242,False,NOT_APPLICABLE_STAGE_A,COMPLETE
legit_segment_8c356255699d1a84436448dc,legit_pass_56fe6fcacbb76c0ebaa73d46,65407,STARLINK-35035,2026-06,CONFIRMATORY,controlled_example_station,52.21,5.16,14.0,11325000000.0,10.0,2026-06-02T05:25:43Z,2026-06-02T05:31:33Z,350.0,22.156413288437534,PEAK,0.5028571428571429,2026-06-02T05:28:39Z,2026-06-02T05:28:09Z,2026-06-02T05:29:09Z,1.0,61,21.50199502722581,21.933600079439344,22.156413288437534,326554234,2026-06-01T03:53:10.688064Z,2026-06-01T10:22:25Z,25.59119776,19.10388888888889,24-36 h,data/orbit_uncertainty_stage1/raw/spacetrack_gp/spacetrack_gp_history_20260529_20260701_20sat_omm.json,1F5A8BA23D1C8AE605C4142F44E424711D1D85014DB46C28BBC18C3ABC326A96,2026-06-02T05:13:41.999981Z,0.24916667194444442,data/orbit_uncertainty_stage1/june/sat000065407.csv,1D5D20428BDA125132468A3B81A5A0011425555B1C761A0A7A4BD8F31D76DA01,13,False,SELECTED_FROZEN,2931.195357869883,2931.6642077532,2989.776731491089,2990.2401275634766,30.181520462036133,2931.1953578698826,2931.1953578698826,0.52460989919306,0.52460989919306,51.608954686973135,51.608954686973135,524273956.648293,162472.5364368048,0.0003099000710916465,0.9996900999289083,FINITE_NONZERO,0.03103783018168793,-0.18614272931910303,1.3447809120427388,0.999321026308788,True,21.468897243647465,21.94323750298634,22.1673070028013,3168fcc260d21dff769306fd3e7b1b4140e68b09df23f648a232d6d01463eea7,False,NOT_APPLICABLE_STAGE_A,COMPLETE
legit_segment_8cd30af00ff92a856613626f,legit_pass_a27d62145a6564f78ffdaef8,65409,STARLINK-35022,2026-06,CONFIRMATORY,controlled_example_station,52.21,5.16,14.0,11325000000.0,10.0,2026-06-01T04:41:39Z,2026-06-01T04:48:47Z,428.0,50.29165676966735,SETTING_75_PERCENT,0.75,2026-06-01T04:47:00Z,2026-06-01T04:46:30Z,2026-06-01T04:47:30Z,1.0,61,20.009010034282106,25.951044428148034,32.89249546081035,326441202,2026-05-31T20:00:01.999008Z,2026-06-01T00:06:54Z,8.782778053333333,4.668333333333333,6-9 h,data/orbit_uncertainty_stage1/raw/spacetrack_gp/spacetrack_gp_history_20260529_20260701_20sat_omm.json,1F5A8BA23D1C8AE605C4142F44E424711D1D85014DB46C28BBC18C3ABC326A96,2026-06-01T05:17:42Z,0.5116666666666667,data/orbit_uncertainty_stage1/june/sat000065409.csv,C82A923C1B14CF8F30B1B5DDBB30C6CB9AE3A8DB51A9A3F182BEC8348A9F0DF5,4,False,SELECTED_FROZEN,91.9239568241307,96.47856663659078,143.42682075500488,150.1635570526123,-98.89919853210449,91.9239568241307,91.9239568241307,-1.6455709822527143,1.6455709822527143,4.318539820410755,4.318539820410755,567794.9430353164,1137.6369570088746,0.0020036052997008014,0.9979963947002992,FINITE_NONZERO,0.9782661850941934,0.015529307125511593,0.3527108491592755,0.9933294171895165,True,20.026642797818987,25.974255086190816,32.92195581208982,8599f0cd503310ade3200f22c3769c69c2fdb552e045979b5ccfc2723a58b970,False,NOT_APPLICABLE_STAGE_A,COMPLETE
legit_segment_8f7ce5e065704c4edd2f4db9,legit_pass_96adfd5b693bd860302288e4,48111,STARLINK-2448,2026-06,CONFIRMATORY,controlled_example_station,52.21,5.16,14.0,11325000000.0,10.0,2026-06-21T12:05:25Z,2026-06-21T12:12:23Z,418.0,78.51027540102822,PEAK,0.5,2026-06-21T12:08:54Z,2026-06-21T12:08:24Z,2026-06-21T12:09:24Z,1.0,61,61.43780110467058,71.3423392462895,78.51027540102822,330888880,2026-06-20T07:48:59.080320Z,2026-06-20T16:06:57Z,28.331922133333336,20.0325,24-36 h,data/orbit_uncertainty_stage1/raw/spacetrack_gp/spacetrack_gp_history_20260529_20260701_20sat_omm.json,1F5A8BA23D1C8AE605C4142F44E424711D1D85014DB46C28BBC18C3ABC326A96,2026-06-21T12:35:42.000029Z,0.4466666747222222,data/orbit_uncertainty_stage1/june/sat000048111.csv,63E98DFF9634CD904EDA2CF3528E739282097399B04E926A453B20B62792D5D5,214,False,SELECTED_FROZEN,-1353.6999308789364,1359.7264479142355,1501.809226989746,1503.7595539093018,103.34798049926758,-1353.699930878936,1353.699930878936,1.9501949101513116,1.9501949101513116,123.18076001420873,123.18076001420873,112780216.80260533,925583.4778983633,0.008206966648400532,0.9917930333515995,FINITE_NONZERO,0.07209967380058024,0.4431134446100915,9.503780407589206,0.9940473955124107,True,61.193470896129014,71.33533148166302,78.48882586959284,e363a5dfae5c4b31b12874748efb976656391a4c99b7ccffb88331c2e3eb981d,False,NOT_APPLICABLE_STAGE_A,COMPLETE
legit_segment_8fd687ea766ba7ca6ce9f75b,legit_pass_ff87c465502af4a0af65ba64,47844,STARLINK-2446,2026-06,CONFIRMATORY,controlled_example_station,52.21,5.16,14.0,11325000000.0,10.0,2026-06-06T22:57:57Z,2026-06-06T23:04:59Z,422.0,44.350858236844076,RISING_25_PERCENT,0.25118483412322273,2026-06-06T22:59:43Z,2026-06-06T22:59:13Z,2026-06-06T23:00:13Z,1.0,61,19.499238515538167,24.964444195490845,31.16090662923937,327630858,2026-06-06T19:35:25.892160Z,2026-06-06T22:36:27Z,3.404752177777778,0.3877777777777778,0-6 h,data/orbit_uncertainty_stage1/raw/spacetrack_gp/spacetrack_gp_history_20260529_20260701_20sat_omm.json,1F5A8BA23D1C8AE605C4142F44E424711D1D85014DB46C28BBC18C3ABC326A96,2026-06-06T23:46:42.000010Z,0.7830555583333334,data/orbit_uncertainty_stage1/june/sat000047844.csv,FE1F3D11E12AC1E3987E760842AEC279FE294DEAF66BE25CA508FB5254D084DD,63,False,SELECTED_FROZEN,345.4192267245934,358.5814159006429,511.7688789367676,532.4062843322754,323.79796028137207,345.41922672459333,345.41922672459333,5.421912224768082,5.421912224768082,12.372496297677753,12.372496297677753,7843418.5415879,9337.798542799032,0.0011905266170978291,0.9988094733829022,FINITE_NONZERO,0.9834798692222496,0.0445536766177268,0.7698197205761806,0.9961286414171631,True,19.435528378886335,24.88650087364205,31.069119606459495,bc00103f4b94b588b5bb37309103ff39c449f7b75d9113d571da6f8ef14f1a99,False,NOT_APPLICABLE_STAGE_A,COMPLETE
legit_segment_8fdbf039d501a121d2d66236,legit_pass_18a14dc09c462de9ff3aca63,60265,STARLINK-32120,2026-06,CONFIRMATORY,controlled_example_station,52.21,5.16,14.0,11325000000.0,10.0,2026-06-04T12:06:23Z,2026-06-04T12:13:50Z,447.0,84.13855318718342,PEAK,0.4988814317673378,2026-06-04T12:10:06Z,2026-06-04T12:09:36Z,2026-06-04T12:10:36Z,1.0,61,64.62167330571435,75.42754505045038,84.13855318718342,327051091,2026-06-04T02:24:59.435424Z,2026-06-04T06:26:29Z,9.751823493333333,5.726944444444444,9-12 h,data/orbit_uncertainty_stage1/raw/spacetrack_gp/spacetrack_gp_history_20260529_20260701_20sat_omm.json,1F5A8BA23D1C8AE605C4142F44E424711D1D85014DB46C28BBC18C3ABC326A96,2026-06-04T12:31:42.000010Z,0.3600000027777778,data/orbit_uncertainty_stage1/june/sat000060265.csv,310CEC01430FB37300D0520AC911958B04898B003A2B2906A630DA9E075D20EF,38,False,SELECTED_FROZEN,30954.48405675419,31076.526219494466,33985.1446018219,34016.75037765503,3953.593158721924,30954.484056754187,30954.484056754187,77.62638272255703,77.62638272255703,2387.9663962784703,2387.9663962784703,58910779394.12656,347845394.09506625,0.005904613683141097,0.9940953863168589,FINITE_NONZERO,0.24675254599130314,-8.580194569571091,216.93872555521182,0.9917468878469838,True,58.691476027213504,74.52053064923368,84.19398870133857,737bf54402dad171278958ceebf147a9306a5e1c7b8a433ca4e67466657ce790,False,NOT_APPLICABLE_STAGE_A,COMPLETE
legit_segment_902202f4d99f8a3f7deb15ef,legit_pass_c7a8053b7c4e4a8ee5c6dd74,45230,STARLINK-1227,2026-06,CONFIRMATORY,controlled_example_station,52.21,5.16,14.0,11325000000.0,10.0,2026-06-06T10:56:29Z,2026-06-06T11:03:07Z,398.0,44.47140462841955,SETTING_75_PERCENT,0.7512562814070352,2026-06-06T11:01:28Z,2026-06-06T11:00:58Z,2026-06-06T11:01:58Z,1.0,61,19.018269273972216,24.74240623062035,31.322876771712004,327471152,2026-06-06T02:45:20.081664Z,2026-06-06T10:37:48Z,8.268866204444445,0.39444444444444443,6-9 h,data/orbit_uncertainty_stage1/raw/spacetrack_gp/spacetrack_gp_history_20260529_20260701_20sat_omm.json,1F5A8BA23D1C8AE605C4142F44E424711D1D85014DB46C28BBC18C3ABC326A96,2026-06-06T10:51:41.999962Z,0.16277778833333334,data/orbit_uncertainty_stage1/june/sat000045230.csv,A086445B48BCEA5D6D786487B3F9BAAB43C341130589A86BCBB60E49241950E8,55,False,SELECTED_FROZEN,656.3295280581615,683.895307936437,990.7093658447266,1032.8308124542236,-646.765438079834,656.3295280581614,656.3295280581614,-10.814732630551653,10.814732630551653,26.21499259252619,26.21499259252619,28530480.32526591,41920.77603419838,0.0014693329925144773,0.9985306670074855,FINITE_NONZERO,0.9813983472370587,0.09438041216515636,1.719605103184607,0.9956971325097212,True,19.130233443571687,24.881636632704513,31.48829971941906,9ed96324129051a3d5c5dee22909d3d7f43bc54a781197b76ac88539352b1283,False,NOT_APPLICABLE_STAGE_A,COMPLETE
legit_segment_9063bddb6cc8ee9ce7543709,legit_pass_3bae9af48601ebb8a03bd82e,47767,STARLINK-2185,2026-06,CONFIRMATORY,controlled_example_station,52.21,5.16,14.0,11325000000.0,10.0,2026-06-03T02:01:30Z,2026-06-03T02:07:33Z,363.0,33.03570096261693,PEAK,0.5013774104683195,2026-06-03T02:04:32Z,2026-06-03T02:04:02Z,2026-06-03T02:05:02Z,1.0,61,31.121523264356092,32.37015810824063,33.03570096261693,326719990,2026-06-02T07:02:28.533120Z,2026-06-02T22:36:30Z,19.034296355555558,3.4672222222222224,18-24 h,data/orbit_uncertainty_stage1/raw/spacetrack_gp/spacetrack_gp_history_20260529_20260701_20sat_omm.json,1F5A8BA23D1C8AE605C4142F44E424711D1D85014DB46C28BBC18C3ABC326A96,2026-06-03T01:55:41.999981Z,0.1472222275,data/orbit_uncertainty_stage1/june/sat000047767.csv,6E26A6FFCB0389E48C81BEEAD935A847B2444F9441CBE4C1AD8107642DE7DD5F,23,False,SELECTED_FROZEN,2261.1534882529836,2262.9119836619907,2363.1716632843018,2363.994146347046,-16.706220626831055,2261.153488252983,2261.153488252983,-0.2886586995682108,0.2886586995682108,89.0489638935193,89.0489638935193,312367009.39386374,483712.7962010675,0.001548539959900675,0.9984514600400993,FINITE_NONZERO,0.0032468399062648423,-0.3210480739088634,3.4559205014323844,0.9984938447298329,True,31.07147612240999,32.35574188259976,33.0214510604588,f7321e934e2f4d7d211b82e694d73f094c55e9bd244d43ae9320fe8f03afce27,False,NOT_APPLICABLE_STAGE_A,COMPLETE
legit_segment_90ae85c1143ddbf6fa705b85,legit_pass_84caa3448552e8e504364385,48458,STARLINK-2698,2026-06,CONFIRMATORY,controlled_example_station,52.21,5.16,14.0,11325000000.0,10.0,2026-06-05T23:15:05Z,2026-06-05T23:22:15Z,430.0,52.889988916867594,SETTING_75_PERCENT,0.7511627906976744,2026-06-05T23:20:28Z,2026-06-05T23:19:58Z,2026-06-05T23:20:58Z,1.0,61,20.179376235946243,26.29635747860794,33.52066512233834,327310944,2026-06-05T15:00:35.831808Z,2026-06-05T20:06:26Z,8.331157831111112,3.233888888888889,6-9 h,data/orbit_uncertainty_stage1/raw/spacetrack_gp/spacetrack_gp_history_20260529_20260701_20sat_omm.json,1F5A8BA23D1C8AE605C4142F44E424711D1D85014DB46C28BBC18C3ABC326A96,2026-06-05T21:28:42.000038Z,1.862777767222222,data/orbit_uncertainty_stage1/june/sat000048458.csv,091BB60895838155D6E08F3AB53CB4B529B9EB7F826CA2A0FB9BFADE0198C1C6,51,False,SELECTED_FROZEN,442.08493082640604,462.8326423961348,683.5128650665283,715.3173217773438,-462.89292907714844,442.0849308264059,442.0849308264059,-7.694576163067513,7.694576163067513,20.51714116376101,20.51714116376101,13067057.34691069,25678.137973555487,0.0019651048657581887,0.9980348951342418,FINITE_NONZERO,0.977579026312258,0.07375959399803378,1.7396738361551711,0.992810445655425,True,20.27675722335987,26.422058489423645,33.67881074724016,df46b5eabac76d725c0b2d8632b5c3c2c885c8cdb92d17669f49338bc7cc1d22,False,NOT_APPLICABLE_STAGE_A,COMPLETE
legit_segment_921087670b628431a6d7290a,legit_pass_61b6ca81ce28205dc84238bc,48111,STARLINK-2448,2026-06,CONFIRMATORY,controlled_example_station,52.21,5.16,14.0,11325000000.0,10.0,2026-06-09T16:54:47Z,2026-06-09T17:01:48Z,421.0,89.80380151818925,PEAK,0.498812351543943,2026-06-09T16:58:17Z,2026-06-09T16:57:47Z,2026-06-09T16:58:47Z,1.0,61,63.45979715033282,76.10397031361553,89.80380151818925,328347435,2026-06-09T11:57:18.216000Z,2026-06-09T16:06:37Z,5.016328888888888,0.8611111111111112,0-6 h,data/orbit_uncertainty_stage1/raw/spacetrack_gp/spacetrack_gp_history_20260529_20260701_20sat_omm.json,1F5A8BA23D1C8AE605C4142F44E424711D1D85014DB46C28BBC18C3ABC326A96,2026-06-09T16:26:41.999971Z,0.5263888969444445,data/orbit_uncertainty_stage1/june/sat000048111.csv,63E98DFF9634CD904EDA2CF3528E739282097399B04E926A453B20B62792D5D5,88,False,SELECTED_FROZEN,0.4479690926973937,1.8016878268920455,2.827333450317383,2.900186538696289,5.20372200012207,0.44796909269739366,0.44796909269739366,0.09862696931577757,0.09862696931577757,0.17304971502463504,0.17304971502463504,198.01082055982988,1.826718436076551,0.009225346528598419,0.9907746534714016,FINITE_NONZERO,0.9901667507888376,-0.0002818656708250683,0.15441226541556166,0.2038006615400647,False,63.459540349020074,76.10461991853006,89.80975048749295,b828abe737b9ca019a617cfde8a2a75031f9545dfac3047b398e6ede7450194c,False,NOT_APPLICABLE_STAGE_A,COMPLETE
legit_segment_9216d1667f0343e8dd3530e0,legit_pass_f77e489bd0187e5a7f3cfbdf,47749,STARLINK-2163,2026-06,CONFIRMATORY,controlled_example_station,52.21,5.16,14.0,11325000000.0,10.0,2026-06-23T14:57:12Z,2026-06-23T15:02:42Z,330.0,76.24168790434543,SETTING_75_PERCENT,0.7515151515151515,2026-06-23T15:01:20Z,2026-06-23T15:00:50Z,2026-06-23T15:01:50Z,1.0,61,18.206682220702728,26.696994408727942,38.41616442646629,330964344,2026-06-22T20:00:01.999872Z,2026-06-23T03:40:42Z,19.021666702222223,11.34388888888889,18-24 h,data/orbit_uncertainty_stage1/raw/spacetrack_gp/spacetrack_gp_history_20260529_20260701_20sat_omm.json,1F5A8BA23D1C8AE605C4142F44E424711D1D85014DB46C28BBC18C3ABC326A96,2026-06-23T15:34:41.999981Z,0.5561111058333333,data/orbit_uncertainty_stage1/june/sat000047749.csv,0CE3EE486737D6898F4E0960379BB2CF5D672CBD2C80BC161C0E3F96D2261670,232,False,SELECTED_FROZEN,-875.9313461741463,977.0611475845924,1707.091640472412,1848.856824874878,1495.2903575897217,-875.9313461741463,875.9313461741463,23.791031849365407,23.791031849365407,109.2184600103744,109.2184600103744,58233557.65327856,727648.9924293028,0.0124953552857222,0.9875046447142778,FINITE_NONZERO,0.936344009118224,-0.38780838234107406,19.38047136416297,0.9685126164860983,True,17.97479365939503,26.318531083768256,37.805899682955655,724b62b31becb90437fd552f8e928affdc52f325723c447fb736ea1cb811a550,False,NOT_APPLICABLE_STAGE_A,COMPLETE
legit_segment_927fc8bcfedd113422065531,legit_pass_21caa62fb471e178f0bd8255,47844,STARLINK-2446,2026-06,CONFIRMATORY,controlled_example_station,52.21,5.16,14.0,11325000000.0,10.0,2026-06-01T00:26:32Z,2026-06-01T00:32:36Z,364.0,24.541073655885278,SETTING_75_PERCENT,0.75,2026-06-01T00:31:05Z,2026-06-01T00:30:35Z,2026-06-01T00:31:35Z,1.0,61,15.71799472619308,18.6912731423341,21.543613004680584,326255106,2026-05-31T00:00:02.000160Z,2026-05-31T06:56:47Z,24.517499955555557,17.571666666666665,24-36 h,data/orbit_uncertainty_stage1/raw/spacetrack_gp/spacetrack_gp_history_20260529_20260701_20sat_omm.json,1F5A8BA23D1C8AE605C4142F44E424711D1D85014DB46C28BBC18C3ABC326A96,2026-06-01T00:17:42.000029Z,0.22305554749999998,data/orbit_uncertainty_stage1/june/sat000047844.csv,FE1F3D11E12AC1E3987E760842AEC279FE294DEAF66BE25CA508FB5254D084DD,2,False,SELECTED_FROZEN,949.4755924725142,962.1319708223086,1195.1779975891113,1218.5090980529785,-516.6968460083008,949.475592472514,949.475592472514,-8.828449780117708,8.828449780117708,5.670596632570404,5.670596632570404,56467573.685983606,1961.495636328447,3.473667289542724e-05,0.9999652633271046,FINITE_NONZERO,0.9986709255109597,0.01960648975243018,1.6204066420923164,0.9183435456783596,True,15.812777352997616,18.7849544815591,21.628977950809986,10bdcb9c5d87d2ad7b552e0d93e502857c2f01105275a22ceb0654507441b7ea,False,NOT_APPLICABLE_STAGE_A,COMPLETE
legit_segment_92ca7f0c891797ef43ce15da,legit_pass_56891f31a34607c8b5c0b517,65410,STARLINK-35024,2026-06,CONFIRMATORY,controlled_example_station,52.21,5.16,14.0,11325000000.0,10.0,2026-06-01T03:10:46Z,2026-06-01T03:18:09Z,443.0,79.37347045984924,RISING_25_PERCENT,0.2505643340857788,2026-06-01T03:12:37Z,2026-06-01T03:12:07Z,2026-06-01T03:13:07Z,1.0,61,21.1422865945026,28.20044465762411,37.03494015906577,326441204,2026-05-31T20:00:01.999008Z,2026-06-01T00:06:54Z,7.209722497777778,3.0952777777777776,6-9 h,data/orbit_uncertainty_stage1/raw/spacetrack_gp/spacetrack_gp_history_20260529_20260701_20sat_omm.json,1F5A8BA23D1C8AE605C4142F44E424711D1D85014DB46C28BBC18C3ABC326A96,2026-06-01T03:56:42Z,0.7347222222222223,data/orbit_uncertainty_stage1/june/sat000065410.csv,480E0881CFF425F783D504E2B784746BB847F6C9A822B6001FD1AFCD7FF9CBC4,3,False,SELECTED_FROZEN,52.157294007598374,55.25565144371573,85.07740783691406,89.76778030395508,62.05900192260742,52.157294007598374,52.157294007598374,1.0199440702441382,1.0199440702441382,3.2117078450929313,3.2117078450929313,186244.40800463362,629.2191042161203,0.0033784590418439076,0.9966215409581561,FINITE_NONZERO,0.9690055509126937,0.011507392698983265,0.3779167367462327,0.9861541320085287,True,21.127378734864873,28.178971783406794,37.00443558665462,366bb09d2e1767cbe724c16ccbad7e2bbbf7b12cf6b9c868f548a8aa3d6152b8,False,NOT_APPLICABLE_STAGE_A,COMPLETE
legit_segment_92ded7d30dba5934a1c2833d,legit_pass_b6712841f184a4dd1b6a20e4,47767,STARLINK-2185,2026-06,CONFIRMATORY,controlled_example_station,52.21,5.16,14.0,11325000000.0,10.0,2026-06-06T22:41:26Z,2026-06-06T22:48:02Z,396.0,80.58388772678629,PEAK,0.5,2026-06-06T22:44:44Z,2026-06-06T22:44:14Z,2026-06-06T22:45:14Z,1.0,61,60.42919111235285,71.80770892161853,80.58388772678629,327630762,2026-06-06T16:08:59.222688Z,2026-06-06T22:36:27Z,6.595771475555555,0.13805555555555554,6-9 h,data/orbit_uncertainty_stage1/raw/spacetrack_gp/spacetrack_gp_history_20260529_20260701_20sat_omm.json,1F5A8BA23D1C8AE605C4142F44E424711D1D85014DB46C28BBC18C3ABC326A96,2026-06-06T22:39:41.999990Z,0.08388889166666666,data/orbit_uncertainty_stage1/june/sat000047767.csv,6E26A6FFCB0389E48C81BEEAD935A847B2444F9441CBE4C1AD8107642DE7DD5F,61,False,SELECTED_FROZEN,1151.405927501741,1158.094574984116,1297.237512588501,1299.2003021240234,-90.34812545776367,1151.4059275017407,1151.4059275017407,-1.7142813286662821,1.7142813286662821,120.56707251407182,120.56707251407182,81812165.72106606,886721.5574514207,0.010838504880492317,0.9891614951195077,FINITE_NONZERO,0.058975212603719296,-0.4334033114367133,10.346324511053615,0.9926359833824977,True,60.48326904322145,71.8056662103445,80.5890388503238,57d13decd14684352a27e68fa5e945bac09d91c28b53a12ed8c0ca4bd1ea486e,False,NOT_APPLICABLE_STAGE_A,COMPLETE
legit_segment_93cc1e13e5dddf523420b211,legit_pass_e6606babbae9bf0102e1e69f,44714,STARLINK-1008,2026-06,CONFIRMATORY,controlled_example_station,52.21,5.16,14.0,11325000000.0,10.0,2026-06-01T20:06:23Z,2026-06-01T20:12:49Z,386.0,42.490693292269604,SETTING_75_PERCENT,0.7512953367875648,2026-06-01T20:11:13Z,2026-06-01T20:10:43Z,2026-06-01T20:11:43Z,1.0,61,18.423974557582362,23.99169410086969,30.36371373637731,326575989,2026-06-01T09:00:48.874752Z,2026-06-01T18:19:01Z,11.173368124444444,1.87,9-12 h,data/orbit_uncertainty_stage1/raw/spacetrack_gp/spacetrack_gp_history_20260529_20260701_20sat_omm.json,1F5A8BA23D1C8AE605C4142F44E424711D1D85014DB46C28BBC18C3ABC326A96,2026-06-01T19:47:42.000029Z,0.3919444363888889,data/orbit_uncertainty_stage1/june/sat000044714.csv,F91F0DA10678FA8B4BBDEBC15B9D96435ECFD92205FFA13417B9E47754646E40,9,False,SELECTED_FROZEN,-451.74497651272134,471.8597214875358,689.8011360168457,720.1150016784668,458.8706245422363,-451.7449765127212,451.7449765127212,7.664161504909895,7.664161504909895,19.205930596549894,19.205930596549894,13581747.402499987,22500.933974848973,0.0016567039062077708,0.9983432960937922,FINITE_NONZERO,0.9801449929216522,-0.06913195343948342,1.31799523571623,0.995290693353349,True,18.341648186565607,23.888995481950243,30.240880795846078,c6632e89d564a6260ad4a28d67846be54e24024ca0219ff93e824bc6a448c313,False,NOT_APPLICABLE_STAGE_A,COMPLETE
legit_segment_945300d05437850d867dae4f,legit_pass_af4aaaee0abbc3ee755724c9,47749,STARLINK-2163,2026-06,CONFIRMATORY,controlled_example_station,52.21,5.16,14.0,11325000000.0,10.0,2026-06-02T00:57:57Z,2026-06-02T01:03:30Z,333.0,45.02025119957367,RISING_25_PERCENT,0.24924924924924924,2026-06-02T00:59:20Z,2026-06-02T00:58:50Z,2026-06-02T00:59:50Z,1.0,61,17.513850594805497,24.06992563066306,32.00537157555141,326577115,2026-06-01T14:00:01.999872Z,2026-06-01T18:19:01Z,10.988333368888888,6.671944444444445,9-12 h,data/orbit_uncertainty_stage1/raw/spacetrack_gp/spacetrack_gp_history_20260529_20260701_20sat_omm.json,1F5A8BA23D1C8AE605C4142F44E424711D1D85014DB46C28BBC18C3ABC326A96,2026-06-02T00:45:41.999990Z,0.227222225,data/orbit_uncertainty_stage1/june/sat000047749.csv,0CE3EE486737D6898F4E0960379BB2CF5D672CBD2C80BC161C0E3F96D2261670,11,False,SELECTED_FROZEN,184.05609409144668,193.33794743359974,289.40661811828613,303.41244316101074,199.56715202331543,184.05609409144668,184.05609409144668,3.3162662923682764,3.3162662923682764,9.67746288288024,9.67746288288024,2280153.27698808,5712.850558821009,0.002505467775555544,0.9974945322244445,FINITE_NONZERO,0.9732641936158967,0.034798067750394956,0.7962083135775269,0.9932309084585631,True,17.479425018110955,24.02471763833406,31.948816071567602,d8aa950bf4eee476d38ce7d495d9ea9fb1660ac769dcb5154e7a92fd5a15fbaa,False,NOT_APPLICABLE_STAGE_A,COMPLETE
legit_segment_94acf2d043ad64409a6e8256,legit_pass_57a1b1baf55008368f59fc72,45230,STARLINK-1227,2026-06,CONFIRMATORY,controlled_example_station,52.21,5.16,14.0,11325000000.0,10.0,2026-06-07T11:51:29Z,2026-06-07T11:55:40Z,251.0,15.284961139293339,PEAK,0.50199203187251,2026-06-07T11:53:35Z,2026-06-07T11:53:05Z,2026-06-07T11:54:05Z,1.0,61,14.896247912183053,15.150302381000552,15.284961139293339,327724481,2026-06-07T02:03:24.804864Z,2026-06-07T10:44:38Z,9.836165315555556,1.1491666666666667,9-12 h,data/orbit_uncertainty_stage1/raw/spacetrack_gp/spacetrack_gp_history_20260529_20260701_20sat_omm.json,1F5A8BA23D1C8AE605C4142F44E424711D1D85014DB46C28BBC18C3ABC326A96,2026-06-07T12:28:42.000038Z,0.5852777883333333,data/orbit_uncertainty_stage1/june/sat000045230.csv,A086445B48BCEA5D6D786487B3F9BAAB43C341130589A86BCBB60E49241950E8,66,False,SELECTED_FROZEN,-94.948317543405,94.97899430591006,97.11640930175781,97.13163185119629,6.844989776611328,-94.94831754340498,94.94831754340498,0.11747755225154864,0.11747755225154864,1.2442076599554877,1.2442076599554877,550281.5709210879,94.43121476660653,0.0001716052649347188,0.9998283947350652,FINITE_NONZERO,0.7343016876287605,0.004486758145847383,0.040368875134937386,0.9989472928935103,True,14.891153666999655,15.146927913891373,15.281552564735204,b2123f5a170fefaab349a19feac4a3184d91d5191754231750c0707cd404c49f,False,NOT_APPLICABLE_STAGE_A,COMPLETE
legit_segment_9560740850dec7d9242a5e20,legit_pass_9bc1993cba8f8ced0ea41d2c,47383,STARLINK-2103,2026-06,CONFIRMATORY,controlled_example_station,52.21,5.16,14.0,11325000000.0,10.0,2026-06-13T11:16:13Z,2026-06-13T11:19:10Z,177.0,12.091384720804854,PEAK,0.5028248587570622,2026-06-13T11:17:42Z,2026-06-13T11:17:12Z,2026-06-13T11:18:12Z,1.0,61,11.825649952742772,12.001035463435073,12.091384720804854,328984835,2026-06-13T08:00:01.999872Z,2026-06-13T10:14:27Z,3.29444448,1.0541666666666667,0-6 h,data/orbit_uncertainty_stage1/raw/spacetrack_gp/spacetrack_gp_history_20260529_20260701_20sat_omm.json,1F5A8BA23D1C8AE605C4142F44E424711D1D85014DB46C28BBC18C3ABC326A96,2026-06-13T11:23:42.000029Z,0.10000000805555555,data/orbit_uncertainty_stage1/june/sat000047383.csv,6A97ABED011A96AE20108B2FFAB622CC78ED39D918CC694CBFCE03E18290B2FA,128,False,SELECTED_FROZEN,207.17340972775318,207.1827230543519,209.3553409576416,209.3803310394287,0.9428386688232422,207.17340972775315,207.17340972775315,0.016103961365617585,0.016103961365617585,1.9438722554643968,1.9438722554643968,2618405.5246651927,230.49700007941868,8.802952709507883e-05,0.9999119704729049,FINITE_NONZERO,0.020832842459187262,-0.007011888385741637,0.041965466377303216,0.9995339326653834,True,11.829371810733154,12.001876216273763,12.092228340390344,3f221ab95b9e9375323fc0306ea770e991c7d9dfc4fc94b52df53531822c915d,False,NOT_APPLICABLE_STAGE_A,COMPLETE
legit_segment_9570aee99ef3be00b5e4545f,legit_pass_5868449e49b2dab9c3ada51a,65686,STARLINK-35137,2026-06,CONFIRMATORY,controlled_example_station,52.21,5.16,14.0,11325000000.0,10.0,2026-06-01T07:01:48Z,2026-06-01T07:08:42Z,414.0,41.49041409712999,SETTING_75_PERCENT,0.751207729468599,2026-06-01T07:06:59Z,2026-06-01T07:06:29Z,2026-06-01T07:07:29Z,1.0,61,18.955488570838277,24.12498003831653,29.905763129939874,326446506,2026-06-01T04:00:03.000096Z,2026-06-01T06:47:07Z,3.1155555288888888,0.33111111111111113,0-6 h,data/orbit_uncertainty_stage1/raw/spacetrack_gp/spacetrack_gp_history_20260529_20260701_20sat_omm.json,1F5A8BA23D1C8AE605C4142F44E424711D1D85014DB46C28BBC18C3ABC326A96,2026-06-01T07:49:42.000038Z,0.711944455,data/orbit_uncertainty_stage1/june/sat000065686.csv,B6BC6FF15B3CA146A8A5647889EB05C3E5134E71663266D0DFF94290D3AA7A5B,5,False,SELECTED_FROZEN,-100.4594467350694,105.3842994231777,155.70056533813477,162.62682151794434,107.13210487365723,-100.45944673506939,100.45944673506939,1.792255592447057,1.792255592447057,4.23960999548612,4.23960999548612,677456.8844597521,1096.431867743375,0.0016184526172728182,0.9983815473827272,FINITE_NONZERO,0.9822695036555509,-0.015265055833137753,0.27205574184771764,0.9958822120554528,True,18.939807225773567,24.105423924809745,29.88256438107743,804afdbba784fd36e594afc0c9d68ad73b0f300b78407a132797112445e52da5,False,NOT_APPLICABLE_STAGE_A,COMPLETE
legit_segment_958827a75ac47020555e225f,legit_pass_b8ee228a05c57c38a4d1c786,48672,STARLINK-2705,2026-06,CONFIRMATORY,controlled_example_station,52.21,5.16,14.0,11325000000.0,10.0,2026-06-23T11:57:58Z,2026-06-23T12:04:59Z,421.0,43.55778000210687,PEAK,0.501187648456057,2026-06-23T12:01:29Z,2026-06-23T12:00:59Z,2026-06-23T12:01:59Z,1.0,61,40.574338441392115,42.51584096995635,43.55778000210687,330964105,2026-06-22T10:29:15.332928Z,2026-06-23T03:40:42Z,25.53712974222222,8.346388888888889,24-36 h,data/orbit_uncertainty_stage1/raw/spacetrack_gp/spacetrack_gp_history_20260529_20260701_20sat_omm.json,1F5A8BA23D1C8AE605C4142F44E424711D1D85014DB46C28BBC18C3ABC326A96,2026-06-23T13:38:42.000029Z,1.6202777858333333,data/orbit_uncertainty_stage1/june/sat000048672.csv,9CCC0F6B332261080A38A7EF3636C88202FADE4135B08985F943785C7A1E9415,234,False,SELECTED_FROZEN,2006.4404423197761,2008.4270386262717,2108.840738296509,2109.874803543091,-11.467689514160156,2006.4404423197757,2006.4404423197757,-0.19765569504324834,0.19765569504324834,89.24018096599687,89.24018096599687,246060529.33859083,485792.4038294761,0.001974280089274306,0.9980257199107256,FINITE_NONZERO,0.0015184465858358864,-0.321695020248095,3.754042044101812,0.9982303907491652,True,40.550455732177035,42.49728754922415,43.53866137216125,9130f43c2e2145d3f817c1c4aa224e0a6faf79b996677596103ec90f8e84908e,False,NOT_APPLICABLE_STAGE_A,COMPLETE
legit_segment_958eb65c95f26936232c7b9c,legit_pass_2bad02ee66ffec33f3b04a7c,65411,STARLINK-34983,2026-06,CONFIRMATORY,controlled_example_station,52.21,5.16,14.0,11325000000.0,10.0,2026-06-01T02:48:44Z,2026-06-01T02:56:06Z,442.0,75.29904140222048,SETTING_75_PERCENT,0.751131221719457,2026-06-01T02:54:16Z,2026-06-01T02:53:46Z,2026-06-01T02:54:46Z,1.0,61,20.94135064438117,27.880294097650275,36.52306544313115,326367574,2026-05-31T09:14:51.463968Z,2026-05-31T16:26:43Z,17.656815564444447,10.459166666666667,12-18 h,data/orbit_uncertainty_stage1/raw/spacetrack_gp/spacetrack_gp_history_20260529_20260701_20sat_omm.json,1F5A8BA23D1C8AE605C4142F44E424711D1D85014DB46C28BBC18C3ABC326A96,2026-06-01T03:36:41.999990Z,0.7072222194444444,data/orbit_uncertainty_stage1/june/sat000065411.csv,26E105CAB95698D658010132E70DA6D62EE0D10BD67ED831612077EEE7C12C95,3,False,SELECTED_FROZEN,1891.0082343054598,2003.2860276445672,3085.11137008667,3255.2832202911377,-2248.6108379364014,1891.0082343054598,1891.0082343054598,-36.96186269430307,36.96186269430307,117.16307121622125,117.16307121622125,244802449.42191294,837358.3006658574,0.003420547068230859,0.9965794529317692,FINITE_NONZERO,0.9686051175378637,0.41985486895181623,13.63280335660414,0.9864609296164677,True,21.51450295610035,28.684501536588037,37.64287811675935,0d0b98c1313abfa3233f24a87b3b108240d9d13410b94597edd1d0b8ef6f9c02,False,NOT_APPLICABLE_STAGE_A,COMPLETE
legit_segment_95d79373b6e85ff552d9ef5c,legit_pass_f464f5ad4ec38edd583a0ece,47767,STARLINK-2185,2026-06,CONFIRMATORY,controlled_example_station,52.21,5.16,14.0,11325000000.0,10.0,2026-06-14T15:55:40Z,2026-06-14T16:00:48Z,308.0,21.57960477699093,SETTING_75_PERCENT,0.75,2026-06-14T15:59:31Z,2026-06-14T15:59:01Z,2026-06-14T16:00:01Z,1.0,61,14.396852568836383,17.180699393581495,19.740747798039006,329360502,2026-06-14T12:36:33.980256Z,2026-06-14T15:06:49Z,3.382505484444444,0.8783333333333333,0-6 h,data/orbit_uncertainty_stage1/raw/spacetrack_gp/spacetrack_gp_history_20260529_20260701_20sat_omm.json,1F5A8BA23D1C8AE605C4142F44E424711D1D85014DB46C28BBC18C3ABC326A96,2026-06-14T16:23:42Z,0.40305555555555556,data/orbit_uncertainty_stage1/june/sat000047767.csv,6E26A6FFCB0389E48C81BEEAD935A847B2444F9441CBE4C1AD8107642DE7DD5F,136,False,SELECTED_FROZEN,1.282469358600554,3.3549379985282193,5.224206924438477,5.421993255615234,10.326709747314453,1.2824693586005536,1.2824693586005536,0.17369979634479146,0.17369979634479146,0.5076212669406172,0.5076212669406172,686.5921474120805,15.718440389674235,0.02289341707288753,0.9771065829271125,FINITE_NONZERO,0.9731887906926997,-0.0018300590782790171,0.020172756254863682,0.9984207500760499,False,14.394309754515286,17.17823295581612,19.73850271532402,ce8670c67cc5108487660041bf628fc4c93b00b49434c69544f4f28ae5a90c3c,False,NOT_APPLICABLE_STAGE_A,COMPLETE
legit_segment_95e215f7baa2311dce071d7e,legit_pass_471730fa8d88240e8c97356e,65693,STARLINK-35060,2026-06,CONFIRMATORY,controlled_example_station,52.21,5.16,14.0,11325000000.0,10.0,2026-06-08T03:15:47Z,2026-06-08T03:20:25Z,278.0,16.00604817199949,SETTING_75_PERCENT,0.7517985611510791,2026-06-08T03:19:16Z,2026-06-08T03:18:46Z,2026-06-08T03:19:46Z,1.0,61,12.496449412179013,14.062446219256268,15.354715869913823,327859381,2026-06-07T19:12:12.108960Z,2026-06-08T00:16:20Z,8.11774751111111,3.048888888888889,6-9 h,data/orbit_uncertainty_stage1/raw/spacetrack_gp/spacetrack_gp_history_20260529_20260701_20sat_omm.json,1F5A8BA23D1C8AE605C4142F44E424711D1D85014DB46C28BBC18C3ABC326A96,2026-06-08T02:40:41.999981Z,0.6427777830555556,data/orbit_uncertainty_stage1/june/sat000065693.csv,D31425DC1D7BF768E17AFC34A7D7E516943AB5AC5C7598CCE830821EDB62E3E7,73,False,SELECTED_FROZEN,-215.23014753372942,216.240132906517,245.74016952514648,248.03013038635254,69.03938674926758,-215.23014753372942,215.23014753372942,1.1845831174563008,1.1845831174563008,0.8804270366413522,0.8804270366413522,2852347.499845117,47.28425777779345,1.6577313171119927e-05,0.9999834226868288,FINITE_NONZERO,0.9982212260108433,0.0030145853656060595,0.2775804630070457,0.900598932056349,False,12.4877994946097,14.056242794889547,15.351774403932854,29e91f279535ef629701acc575283200603465c8be0e6de49fd7b783fcb23785,False,NOT_APPLICABLE_STAGE_A,COMPLETE
legit_segment_963f6303d3125e5f08df43e7,legit_pass_5a17c7801cd82b0fcabd0703,48458,STARLINK-2698,2026-06,CONFIRMATORY,controlled_example_station,52.21,5.16,14.0,11325000000.0,10.0,2026-06-06T19:28:24Z,2026-06-06T19:35:45Z,441.0,79.5525671528907,SETTING_75_PERCENT,0.7505668934240363,2026-06-06T19:33:55Z,2026-06-06T19:33:25Z,2026-06-06T19:34:25Z,1.0,61,21.077347378867294,28.126148918467635,36.95241777948678,327592185,2026-06-06T14:30:00.771840Z,2026-06-06T17:50:36Z,5.065063377777777,1.7219444444444445,0-6 h,data/orbit_uncertainty_stage1/raw/spacetrack_gp/spacetrack_gp_history_20260529_20260701_20sat_omm.json,1F5A8BA23D1C8AE605C4142F44E424711D1D85014DB46C28BBC18C3ABC326A96,2026-06-06T18:23:41.999971Z,1.1702777858333333,data/orbit_uncertainty_stage1/june/sat000048458.csv,091BB60895838155D6E08F3AB53CB4B529B9EB7F826CA2A0FB9BFADE0198C1C6,59,False,SELECTED_FROZEN,-107.128891210087,118.83778430110449,201.29250526428223,215.26609802246094,175.44700050354004,-107.128891210087,107.128891210087,2.8663120926403622,2.8663120926403622,9.94679304319283,9.94679304319283,861467.5576333462,6035.260202490667,0.007005789305717961,0.9929942106942821,FINITE_NONZERO,0.9626056553003679,-0.03558513257873486,1.2899344466265192,0.9831822025783866,True,21.044069419937212,28.073538950693845,36.87212556134882,d4ef99c7ed06cd9f28a3a7d6a9d6242dd7b94f0e8b9cfbffa149d218e625c3f9,False,NOT_APPLICABLE_STAGE_A,COMPLETE
legit_segment_9754989eaa7860b84abbbd6f,legit_pass_ff87c465502af4a0af65ba64,47844,STARLINK-2446,2026-06,CONFIRMATORY,controlled_example_station,52.21,5.16,14.0,11325000000.0,10.0,2026-06-06T22:57:57Z,2026-06-06T23:04:59Z,422.0,44.350858236844076,SETTING_75_PERCENT,0.7511848341232228,2026-06-06T23:03:14Z,2026-06-06T23:02:44Z,2026-06-06T23:03:44Z,1.0,61,19.35256746333623,24.755489422511754,30.887557941056055,327630858,2026-06-06T19:35:25.892160Z,2026-06-06T22:36:27Z,3.463363288888889,0.4463888888888889,0-6 h,data/orbit_uncertainty_stage1/raw/spacetrack_gp/spacetrack_gp_history_20260529_20260701_20sat_omm.json,1F5A8BA23D1C8AE605C4142F44E424711D1D85014DB46C28BBC18C3ABC326A96,2026-06-06T23:46:42.000010Z,0.7244444472222222,data/orbit_uncertainty_stage1/june/sat000047844.csv,FE1F3D11E12AC1E3987E760842AEC279FE294DEAF66BE25CA508FB5254D084DD,63,False,SELECTED_FROZEN,326.159351505217,339.3024535645385,488.18918228149414,508.4585704803467,-314.770544052124,326.159351505217,326.159351505217,-5.2656903145365,5.2656903145365,12.276364655102272,12.276364655102272,7022695.454689863,9193.256877847703,0.0013090781078522074,0.9986909218921478,FINITE_NONZERO,0.9827686800558981,0.044199269203945235,0.7996087849505312,0.9957575615186873,True,19.41292612223703,24.829857584410647,30.975828864198924,9ee67f4a72e804decc85d894dbb4af1a28c63d5f636c528e1df9df8956bb8c2f,False,NOT_APPLICABLE_STAGE_A,COMPLETE
legit_segment_9764257613cdfcbc676fa098,legit_pass_58a38fc5f067f19c3e353e6c,65410,STARLINK-35024,2026-06,CONFIRMATORY,controlled_example_station,52.21,5.16,14.0,11325000000.0,10.0,2026-06-02T02:39:48Z,2026-06-02T02:47:09Z,441.0,77.27028064793518,SETTING_75_PERCENT,0.7505668934240363,2026-06-02T02:45:19Z,2026-06-02T02:44:49Z,2026-06-02T02:45:49Z,1.0,61,21.12834924708075,28.17204664938032,36.97368471977865,326554735,2026-06-01T00:00:02.000160Z,2026-06-01T10:22:25Z,26.75472217777778,16.381666666666668,24-36 h,data/orbit_uncertainty_stage1/raw/spacetrack_gp/spacetrack_gp_history_20260529_20260701_20sat_omm.json,1F5A8BA23D1C8AE605C4142F44E424711D1D85014DB46C28BBC18C3ABC326A96,2026-06-02T04:39:41.999990Z,1.9063888861111111,data/orbit_uncertainty_stage1/june/sat000065410.csv,480E0881CFF425F783D504E2B784746BB847F6C9A822B6001FD1AFCD7FF9CBC4,12,False,SELECTED_FROZEN,1548.9059299406458,1639.8912720127214,2522.1127853393555,2661.0131244659424,-1831.9114627838135,1548.9059299406456,1548.9059299406456,-30.105348138491497,30.105348138491497,95.76475547337638,95.76475547337638,164043846.42543358,559424.1918434099,0.0034102113796612124,0.9965897886203388,FINITE_NONZERO,0.968390831204287,0.3431509485319246,11.196928213353798,0.9863294376649775,True,21.600095197040613,28.834567338026798,37.89791215810943,b40ec6423d1b35524c12c5bc2697043505f749569233c64574793d28f6099a55,False,NOT_APPLICABLE_STAGE_A,COMPLETE
legit_segment_976667cfcffe0885eaa776e0,legit_pass_95e6fcf9f120c392269616ee,65693,STARLINK-35060,2026-06,CONFIRMATORY,controlled_example_station,52.21,5.16,14.0,11325000000.0,10.0,2026-06-04T05:12:46Z,2026-06-04T05:18:50Z,364.0,24.157703056905323,PEAK,0.49725274725274726,2026-06-04T05:15:47Z,2026-06-04T05:15:17Z,2026-06-04T05:16:17Z,1.0,61,23.38018602662838,23.89417028322676,24.157703056905323,327021296,2026-06-03T21:09:00.026784Z,2026-06-04T04:32:25Z,8.113048115555555,0.7227777777777777,6-9 h,data/orbit_uncertainty_stage1/raw/spacetrack_gp/spacetrack_gp_history_20260529_20260701_20sat_omm.json,1F5A8BA23D1C8AE605C4142F44E424711D1D85014DB46C28BBC18C3ABC326A96,2026-06-04T06:13:42.000010Z,0.9652777805555556,data/orbit_uncertainty_stage1/june/sat000065693.csv,D31425DC1D7BF768E17AFC34A7D7E516943AB5AC5C7598CCE830821EDB62E3E7,35,False,SELECTED_FROZEN,831.7965896794053,831.9642219066506,850.4745445251465,850.6141586303711,10.006340026855469,831.7965896794052,831.7965896794052,0.17313024166839375,0.17313024166839375,16.419743160881772,16.419743160881772,42222032.45849704,16446.085893628748,0.00038951431127326106,0.9996104856887268,FINITE_NONZERO,0.033316483675286945,-0.059220919723605187,0.44522599864621276,0.9992647613748152,True,23.367602712573746,23.903449180878845,24.16768227482922,5f8ecf2d88b2a96325e2137423489e44789012682056ed7ed8a074e4b27bd382,False,NOT_APPLICABLE_STAGE_A,COMPLETE
legit_segment_991dba268740939eed2406e9,legit_pass_a01e5be85ac50df0f3de5883,48458,STARLINK-2698,2026-06,CONFIRMATORY,controlled_example_station,52.21,5.16,14.0,11325000000.0,10.0,2026-06-23T10:45:24Z,2026-06-23T10:48:27Z,183.0,12.212626023035838,SETTING_75_PERCENT,0.7486338797814208,2026-06-23T10:47:41Z,2026-06-23T10:47:11Z,2026-06-23T10:48:11Z,1.0,61,10.667288883006506,11.5460733840594,12.14081676824415,330964544,2026-06-22T09:28:26.857056Z,2026-06-23T03:40:42Z,25.320595262222223,7.116388888888889,24-36 h,data/orbit_uncertainty_stage1/raw/spacetrack_gp/spacetrack_gp_history_20260529_20260701_20sat_omm.json,1F5A8BA23D1C8AE605C4142F44E424711D1D85014DB46C28BBC18C3ABC326A96,2026-06-23T10:40:42.000038Z,0.11638887833333333,data/orbit_uncertainty_stage1/june/sat000048458.csv,091BB60895838155D6E08F3AB53CB4B529B9EB7F826CA2A0FB9BFADE0198C1C6,233,False,SELECTED_FROZEN,3933.294624078469,3938.9696820667787,4211.091358184814,4224.617643356323,-693.213415145874,3933.294624078468,3933.294624078468,-11.903722635972196,11.903722635972196,27.367618319513667,27.367618319513667,946444411.5307168,45688.17848143739,4.827349385215804e-05,0.9999517265061478,FINITE_NONZERO,0.9832349814479806,-0.09816462638512924,2.9573146131189794,0.9883232750634665,True,10.794511281122764,11.628115054018048,12.170298943071506,f5da42b82bec0fdaab34d2f9f1c540f5af8f041a4f9bd99ae256a2e885a9f50d,False,NOT_APPLICABLE_STAGE_A,COMPLETE
legit_segment_9958ede0d35b0e896b975c6d,legit_pass_731df5fbb06af8e7e6d800a2,47844,STARLINK-2446,2026-06,CONFIRMATORY,controlled_example_station,52.21,5.16,14.0,11325000000.0,10.0,2026-06-10T03:57:13Z,2026-06-10T04:00:32Z,199.0,12.654443382695854,PEAK,0.5025125628140703,2026-06-10T03:58:53Z,2026-06-10T03:58:23Z,2026-06-10T03:59:23Z,1.0,61,12.379731399222042,12.560594623305136,12.654443382695854,328445398,2026-06-09T18:03:26.254944Z,2026-06-10T02:40:42Z,9.92409584888889,1.3030555555555556,9-12 h,data/orbit_uncertainty_stage1/raw/spacetrack_gp/spacetrack_gp_history_20260529_20260701_20sat_omm.json,1F5A8BA23D1C8AE605C4142F44E424711D1D85014DB46C28BBC18C3ABC326A96,2026-06-10T03:49:42.000010Z,0.1530555527777778,data/orbit_uncertainty_stage1/june/sat000047844.csv,FE1F3D11E12AC1E3987E760842AEC279FE294DEAF66BE25CA508FB5254D084DD,94,False,SELECTED_FROZEN,157.74591930577012,157.75492350245457,159.51865768432617,159.5369930267334,-2.48455810546875,157.74591930577012,157.74591930577012,-0.042325989144747694,0.042325989144747694,1.5117770808075148,1.5117770808075148,1518083.569245183,139.41366646534834,9.183530425447343e-05,0.9999081646957455,FINITE_NONZERO,0.19549264811679345,-0.0054531942236156,0.03328570408093113,0.9995152252603388,True,12.378357078958988,12.556970969126331,12.65080857016367,5a1464f5a095dad6ea83eddc29c7e7ffe94bf33294f0a159e18a4ebdf22f4efb,False,NOT_APPLICABLE_STAGE_A,COMPLETE
legit_segment_99b239ff7148e0561f1ba54c,legit_pass_38501824ea35468af65b234f,65409,STARLINK-35022,2026-06,CONFIRMATORY,controlled_example_station,52.21,5.16,14.0,11325000000.0,10.0,2026-06-05T21:15:16Z,2026-06-05T21:20:02Z,286.0,16.615617974570316,RISING_25_PERCENT,0.2517482517482518,2026-06-05T21:16:28Z,2026-06-05T21:15:58Z,2026-06-05T21:16:58Z,1.0,61,12.832934476050044,14.504622816230114,15.894931987408087,327358356,2026-06-05T16:20:03.649056Z,2026-06-05T20:26:19Z,4.940097484444445,0.8358333333333333,0-6 h,data/orbit_uncertainty_stage1/raw/spacetrack_gp/spacetrack_gp_history_20260529_20260701_20sat_omm.json,1F5A8BA23D1C8AE605C4142F44E424711D1D85014DB46C28BBC18C3ABC326A96,2026-06-05T21:44:42.000029Z,0.4705555636111111,data/orbit_uncertainty_stage1/june/sat000065409.csv,C82A923C1B14CF8F30B1B5DDBB30C6CB9AE3A8DB51A9A3F182BEC8348A9F0DF5,52,False,SELECTED_FROZEN,116.06786677876457,117.10998471465004,139.50917053222656,141.44681549072266,51.68217658996582,116.06786677876454,116.06786677876454,0.8852112954158373,0.8852112954158373,0.28830479995585545,0.28830479995585545,836599.6597117996,5.070299118332736,6.0606038497307115e-06,0.9999939393961502,FINITE_NONZERO,0.9996579421363632,-0.0007888283839339039,0.18793520248061052,0.5750747618760655,False,12.836838496381484,14.510117971325085,15.90245704476856,0df5be7f22f0e342a53f2420130ffe1f11f08abe99efe09d33a8c865bb5df98f,False,NOT_APPLICABLE_STAGE_A,COMPLETE
legit_segment_99d9c86eb5d514ac2b6a2107,legit_pass_83df93c6ccea69a1dbc885ae,48309,STARLINK-2517,2026-06,CONFIRMATORY,controlled_example_station,52.21,5.16,14.0,11325000000.0,10.0,2026-06-16T14:01:58Z,2026-06-16T14:08:31Z,393.0,30.092692381209535,SETTING_75_PERCENT,0.7506361323155216,2026-06-16T14:06:53Z,2026-06-16T14:06:23Z,2026-06-16T14:07:23Z,1.0,61,17.200770557033394,20.986765349479366,24.843702885072624,329893571,2026-06-16T05:45:05.277888Z,2026-06-16T11:02:42Z,8.363256142222221,3.069722222222222,6-9 h,data/orbit_uncertainty_stage1/raw/spacetrack_gp/spacetrack_gp_history_20260529_20260701_20sat_omm.json,1F5A8BA23D1C8AE605C4142F44E424711D1D85014DB46C28BBC18C3ABC326A96,2026-06-16T13:59:42Z,0.11972222222222222,data/orbit_uncertainty_stage1/june/sat000048309.csv,79D62147447BEB30EC557417B61811EF138EF8094DC33D3F68D9F90E474F7689,158,False,SELECTED_FROZEN,141.3113522451432,143.81413619826193,184.42380714416504,188.78338623046875,-88.93178176879883,141.31135224514318,141.31135224514318,-1.5147359073382727,1.5147359073382727,1.5283284063088323,1.5283284063088323,1261632.8519975864,142.48305076936018,0.00011293543168582039,0.9998870645683142,FINITE_NONZERO,0.9967267892685845,0.005454171606799729,0.22495951139475986,0.9783341690740317,True,17.207121700183134,20.992391906833145,24.847288463198428,2eb632bf493fde6d183693a1adb54cf0b1f07ef75815ef54b405c48eb654d9da,False,NOT_APPLICABLE_STAGE_A,COMPLETE
legit_segment_9a4283c8e50ddf05aeb4ddd5,legit_pass_35e57ed544fd771a9894f1df,65405,STARLINK-34830,2026-06,CONFIRMATORY,controlled_example_station,52.21,5.16,14.0,11325000000.0,10.0,2026-06-01T03:31:14Z,2026-06-01T03:38:36Z,442.0,86.42586740636582,SETTING_75_PERCENT,0.751131221719457,2026-06-01T03:36:46Z,2026-06-01T03:36:16Z,2026-06-01T03:37:16Z,1.0,61,21.113058968064927,28.224195828364408,37.15986186147169,326369629,2026-05-31T13:03:34.478784Z,2026-05-31T16:46:17Z,14.553200337777778,10.841388888888888,12-18 h,data/orbit_uncertainty_stage1/raw/spacetrack_gp/spacetrack_gp_history_20260529_20260701_20sat_omm.json,1F5A8BA23D1C8AE605C4142F44E424711D1D85014DB46C28BBC18C3ABC326A96,2026-06-01T04:12:41.999990Z,0.598888886111111,data/orbit_uncertainty_stage1/june/sat000065405.csv,10707AFA6592FB845A94CB76E13C89BAD9EFA77F9A31B0B3C5036D80E7E87A62,3,False,SELECTED_FROZEN,599.8815049343422,637.2822375827341,989.7578125,1046.0103015899658,-732.3564300537109,599.8815049343419,599.8815049343419,-12.014791111918372,12.014791111918372,38.99636755679808,38.99636755679808,24773847.670645833,92763.71764011853,0.0037444210876469096,0.9962555789123531,FINITE_NONZERO,0.9671344414988445,0.1396578839482263,4.736399415989557,0.985248087507619,True,21.30288065804087,28.4949859496001,37.54384182392863,00c4b6ccf548a33df9c1817fd6cce915c0726eb630b40f4f5a5562e254b3cd2b,False,NOT_APPLICABLE_STAGE_A,COMPLETE
legit_segment_9a5e0fc06a4547f9da8c0e7a,legit_pass_bc954abd19c59330a52780bf,65405,STARLINK-34830,2026-06,CONFIRMATORY,controlled_example_station,52.21,5.16,14.0,11325000000.0,10.0,2026-06-14T01:44:17Z,2026-06-14T01:46:27Z,130.0,11.055875525228132,PEAK,0.5,2026-06-14T01:45:22Z,2026-06-14T01:44:52Z,2026-06-14T01:45:52Z,1.0,61,10.824275908650726,10.975805485845497,11.055875525228132,329187546,2026-06-13T15:49:39.379584Z,2026-06-13T23:26:38Z,9.928505671111111,2.312222222222222,9-12 h,data/orbit_uncertainty_stage1/raw/spacetrack_gp/spacetrack_gp_history_20260529_20260701_20sat_omm.json,1F5A8BA23D1C8AE605C4142F44E424711D1D85014DB46C28BBC18C3ABC326A96,2026-06-14T02:07:42.000038Z,0.3722222327777778,data/orbit_uncertainty_stage1/june/sat000065405.csv,10707AFA6592FB845A94CB76E13C89BAD9EFA77F9A31B0B3C5036D80E7E87A62,134,False,SELECTED_FROZEN,1264.3471514279724,1264.393040758904,1276.3703937530518,1276.4865703582764,3.1950721740722656,1264.3471514279722,1264.3471514279722,0.05547339128224827,0.05547339128224827,10.72791840970747,10.72791840970747,97520075.45269239,7020.382237725768,7.198909768206035e-05,0.999928010902318,FINITE_NONZERO,0.008220820962962838,-0.038697800740019904,0.22750556671705188,0.9995502686820732,True,10.801938999941004,10.969253923798442,11.049580164708834,a70a4db2cf07cf3447cc9f13b8e2dfab647f21f9739a6100838c7c2e25475c22,False,NOT_APPLICABLE_STAGE_A,COMPLETE
legit_segment_9adccdace2ca8512ebe1a80b,legit_pass_61978f5dd5b80fbd7171cf49,47767,STARLINK-2185,2026-06,CONFIRMATORY,controlled_example_station,52.21,5.16,14.0,11325000000.0,10.0,2026-06-13T18:22:22Z,2026-06-13T18:28:55Z,393.0,86.15063152557357,SETTING_75_PERCENT,0.7506361323155216,2026-06-13T18:27:17Z,2026-06-13T18:26:47Z,2026-06-13T18:27:47Z,1.0,61,19.93338124142677,27.594901162150812,37.58859473886154,329095926,2026-06-13T13:26:47.381568Z,2026-06-13T17:55:43Z,5.008227342222222,0.5261111111111111,0-6 h,data/orbit_uncertainty_stage1/raw/spacetrack_gp/spacetrack_gp_history_20260529_20260701_20sat_omm.json,1F5A8BA23D1C8AE605C4142F44E424711D1D85014DB46C28BBC18C3ABC326A96,2026-06-13T18:15:42.000019Z,0.1930555502777778,data/orbit_uncertainty_stage1/june/sat000047767.csv,6E26A6FFCB0389E48C81BEEAD935A847B2444F9441CBE4C1AD8107642DE7DD5F,125,False,SELECTED_FROZEN,-121.77694139324251,132.40929620885538,218.49320220947266,233.5412368774414,178.0436668395996,-121.77694139324248,121.77694139324248,2.8850207128580263,2.8850207128580263,11.061711811877888,11.061711811877888,1069465.5250739888,7464.049560751367,0.0069792334448882595,0.9930207665551117,FINITE_NONZERO,0.9547245072700564,-0.039480926565916175,1.6192298245345529,0.9785724602439143,True,19.895862086568354,27.53818547259857,37.503362093507626,4215bbe7cbf7b7b89f288fa3823aa587a7f951bf06004ed84b3b095ecbddc30c,False,NOT_APPLICABLE_STAGE_A,COMPLETE
legit_segment_9b8733898e4a5702b7d1fc79,legit_pass_1ef234582659f499ff3cb89f,65411,STARLINK-34983,2026-06,CONFIRMATORY,controlled_example_station,52.21,5.16,14.0,11325000000.0,10.0,2026-06-10T03:05:11Z,2026-06-10T03:08:18Z,187.0,12.331235467625314,RISING_25_PERCENT,0.25133689839572193,2026-06-10T03:05:58Z,2026-06-10T03:05:28Z,2026-06-10T03:06:28Z,1.0,61,10.726002935926301,11.629334213320364,12.248133541812694,328456921,2026-06-09T17:11:13.282080Z,2026-06-10T02:40:42Z,9.912421644444445,0.4211111111111111,9-12 h,data/orbit_uncertainty_stage1/raw/spacetrack_gp/spacetrack_gp_history_20260529_20260701_20sat_omm.json,1F5A8BA23D1C8AE605C4142F44E424711D1D85014DB46C28BBC18C3ABC326A96,2026-06-10T02:47:41.999971Z,0.3044444525,data/orbit_uncertainty_stage1/june/sat000065411.csv,26E105CAB95698D658010132E70DA6D62EE0D10BD67ED831612077EEE7C12C95,93,False,SELECTED_FROZEN,487.36600222353076,487.9968289898322,519.6388187408447,521.1142959594727,81.20329666137695,487.36600222353064,487.36600222353064,1.3955951467763181,1.3955951467763181,3.391515669463702,3.391515669463702,14526595.211352022,701.6450907092872,4.8300725703499763e-05,0.9999516992742965,FINITE_NONZERO,0.9813056081402417,-0.012166735932041206,0.36200998473194484,0.988606597441305,True,10.70464639351594,11.613157617185438,12.238115297118336,d68b69a15b48b7474ddb0d5b44ef74721d75a02ac29d95dbdb861d1c94996543,False,NOT_APPLICABLE_STAGE_A,COMPLETE
legit_segment_9bb86afb79e9a40ccdfe79de,legit_pass_bc954abd19c59330a52780bf,65405,STARLINK-34830,2026-06,CONFIRMATORY,controlled_example_station,52.21,5.16,14.0,11325000000.0,10.0,2026-06-14T01:44:17Z,2026-06-14T01:46:27Z,130.0,11.055875525228132,RISING_25_PERCENT,0.25384615384615383,2026-06-14T01:44:50Z,2026-06-14T01:44:20Z,2026-06-14T01:45:20Z,1.0,61,10.103802395179162,10.71922616044087,11.054836569486538,329187546,2026-06-13T15:49:39.379584Z,2026-06-13T23:26:38Z,9.91961678222222,2.3033333333333332,9-12 h,data/orbit_uncertainty_stage1/raw/spacetrack_gp/spacetrack_gp_history_20260529_20260701_20sat_omm.json,1F5A8BA23D1C8AE605C4142F44E424711D1D85014DB46C28BBC18C3ABC326A96,2026-06-14T02:07:42.000038Z,0.38111112166666666,data/orbit_uncertainty_stage1/june/sat000065405.csv,10707AFA6592FB845A94CB76E13C89BAD9EFA77F9A31B0B3C5036D80E7E87A62,134,False,SELECTED_FROZEN,1224.8152684383706,1225.574384627086,1275.184576034546,1276.084457397461,139.38817405700684,1224.8152684383704,1224.8152684383704,2.394421775551589,2.394421775551589,9.100615701115965,9.100615701115965,91623986.90749767,5052.093574503304,5.513942085497577e-05,0.999944860579145,FINITE_NONZERO,0.9554755926134993,-0.03275788771322752,0.6240253062607993,0.9952982140564524,True,10.066531590605493,10.695979474688846,11.047148848425577,0c3be4a93fe984ca1de5362fd95e4d8ace650711533a2d61bc42a1ad29306b6d,False,NOT_APPLICABLE_STAGE_A,COMPLETE
legit_segment_9c3c27c93c0f21b5575666f5,legit_pass_e06470d39c60fd4121759cd3,44714,STARLINK-1008,2026-06,CONFIRMATORY,controlled_example_station,52.21,5.16,14.0,11325000000.0,10.0,2026-06-21T13:52:10Z,2026-06-21T13:58:52Z,402.0,85.5645826719783,SETTING_75_PERCENT,0.7512437810945274,2026-06-21T13:57:12Z,2026-06-21T13:56:42Z,2026-06-21T13:57:42Z,1.0,61,20.082196593265234,27.61151650962455,37.35516119510114,330879528,2026-06-20T09:43:48.440064Z,2026-06-20T15:56:36Z,28.223211093333333,22.01,24-36 h,data/orbit_uncertainty_stage1/raw/spacetrack_gp/spacetrack_gp_history_20260529_20260701_20sat_omm.json,1F5A8BA23D1C8AE605C4142F44E424711D1D85014DB46C28BBC18C3ABC326A96,2026-06-21T14:19:42.000010Z,0.3750000027777778,data/orbit_uncertainty_stage1/june/sat000044714.csv,F91F0DA10678FA8B4BBDEBC15B9D96435ECFD92205FFA13417B9E47754646E40,216,False,SELECTED_FROZEN,152.04774462590453,162.66707765943994,258.4430408477783,274.491418838501,-197.52827072143555,152.04774462590447,152.04774462590447,-3.217435563751658,3.217435563751658,11.531483438867246,11.531483438867246,1614095.2674099985,8111.481728353044,0.005025404566961434,0.9949745954330386,FINITE_NONZERO,0.9602116508133869,0.04121384769616743,1.5790808905301306,0.9812483971384145,True,20.127013874712485,27.677761810458176,37.45238843407384,a1cae097c96c0ad5307653a99759303b255b6282c438ca18d79b9a22993c2d67,False,NOT_APPLICABLE_STAGE_A,COMPLETE
legit_segment_9c61789903d6bcdfe6f18be9,legit_pass_63b50fe5b5f95cfe1b100f94,47844,STARLINK-2446,2026-06,CONFIRMATORY,controlled_example_station,52.21,5.16,14.0,11325000000.0,10.0,2026-06-07T03:51:20Z,2026-06-07T03:58:04Z,404.0,34.64304903545816,PEAK,0.5,2026-06-07T03:54:42Z,2026-06-07T03:54:12Z,2026-06-07T03:55:12Z,1.0,61,32.935769205368274,34.05235507170421,34.64304903545816,327692022,2026-06-06T19:35:25.892160Z,2026-06-07T03:17:11Z,8.321141066666668,0.6252777777777778,6-9 h,data/orbit_uncertainty_stage1/raw/spacetrack_gp/spacetrack_gp_history_20260529_20260701_20sat_omm.json,1F5A8BA23D1C8AE605C4142F44E424711D1D85014DB46C28BBC18C3ABC326A96,2026-06-07T03:31:42.000010Z,0.3833333305555556,data/orbit_uncertainty_stage1/june/sat000047844.csv,FE1F3D11E12AC1E3987E760842AEC279FE294DEAF66BE25CA508FB5254D084DD,65,False,SELECTED_FROZEN,775.2671446878402,775.6811879509426,804.0510940551758,804.391357421875,0.9646129608154297,775.2671446878398,775.2671446878398,0.020623573533195026,0.020623573533195026,25.338268600980044,25.338268600980044,36702559.62580011,39163.69919742008,0.001067056346933632,0.9989329436530664,FINITE_NONZERO,0.0002053271977064952,-0.09136589798273224,0.8787143300791143,0.9987973436556735,True,32.89201863132296,34.043333413103205,34.634355174098,a0da899132f3ee755d3dedced0590d544f357481a79ef6fd0f9b10762de868a0,False,NOT_APPLICABLE_STAGE_A,COMPLETE
legit_segment_9c61b8c2e221523cbec268db,legit_pass_7d721773221bf6eb381cf21a,48458,STARLINK-2698,2026-06,CONFIRMATORY,controlled_example_station,52.21,5.16,14.0,11325000000.0,10.0,2026-06-06T17:51:32Z,2026-06-06T17:57:41Z,369.0,25.49465799228868,SETTING_75_PERCENT,0.7506775067750677,2026-06-06T17:56:09Z,2026-06-06T17:55:39Z,2026-06-06T17:56:39Z,1.0,61,15.955921216533321,19.077897387441027,22.11187006592365,327592185,2026-06-06T14:30:00.771840Z,2026-06-06T17:50:36Z,3.4356189333333336,0.0925,0-6 h,data/orbit_uncertainty_stage1/raw/spacetrack_gp/spacetrack_gp_history_20260529_20260701_20sat_omm.json,1F5A8BA23D1C8AE605C4142F44E424711D1D85014DB46C28BBC18C3ABC326A96,2026-06-06T18:23:41.999971Z,0.4591666586111111,data/orbit_uncertainty_stage1/june/sat000048458.csv,091BB60895838155D6E08F3AB53CB4B529B9EB7F826CA2A0FB9BFADE0198C1C6,59,False,SELECTED_FROZEN,-335.5718348768891,341.80743315526877,439.8180847167969,450.1981964111328,216.28999710083008,-335.571834876889,335.571834876889,3.6864690779631024,3.6864690779631024,3.3088028182739717,3.3088028182739717,7126771.602971805,667.8387415032844,9.370845295853189e-05,0.9999062915470415,FINITE_NONZERO,0.9974080194095776,-0.011757728616742291,0.5731792913747762,0.9699918509390403,True,15.933957792954631,19.056204989880424,22.09306972361495,4c61a3b764d8785f8437453f076f11e0db7b8f73e9aaab298225816a816366bd,False,NOT_APPLICABLE_STAGE_A,COMPLETE
legit_segment_9c6b9f90106a28b594f13ad4,legit_pass_09cf12e66ad7f2dde2fbc93c,65405,STARLINK-34830,2026-06,CONFIRMATORY,controlled_example_station,52.21,5.16,14.0,11325000000.0,10.0,2026-06-02T23:14:10Z,2026-06-02T23:20:53Z,403.0,34.15156380787974,PEAK,0.4987593052109181,2026-06-02T23:17:31Z,2026-06-02T23:17:01Z,2026-06-02T23:18:01Z,1.0,61,32.510263063548614,33.58058325061464,34.15156380787974,326744105,2026-06-02T20:00:03.000384Z,2026-06-02T22:46:37Z,3.2911110044444443,0.515,0-6 h,data/orbit_uncertainty_stage1/raw/spacetrack_gp/spacetrack_gp_history_20260529_20260701_20sat_omm.json,1F5A8BA23D1C8AE605C4142F44E424711D1D85014DB46C28BBC18C3ABC326A96,2026-06-02T22:34:42.000010Z,0.7136111083333333,data/orbit_uncertainty_stage1/june/sat000065405.csv,10707AFA6592FB845A94CB76E13C89BAD9EFA77F9A31B0B3C5036D80E7E87A62,22,False,SELECTED_FROZEN,-370.485429888866,370.73064215730517,384.75812911987305,384.9189758300781,20.741212844848633,-370.4854298888659,370.4854298888659,0.36305635705440525,0.36305635705440525,11.869886255848026,11.869886255848026,8383913.751096439,8594.546183332963,0.0010251234016104922,0.9989748765983895,FINITE_NONZERO,0.2248136943007445,0.04279677417272554,0.44398831553094703,0.9986008960999794,True,32.531258118023516,33.585033083098914,34.155956891574746,ba0ad9a7be476670000c3d9cdd6ba61283b53d9198ecad0aedf8c0d6bcf39b9e,False,NOT_APPLICABLE_STAGE_A,COMPLETE
legit_segment_9ce4079dbf200a7081bb6b84,legit_pass_a21f60cc589d2ecc0bfee271,65407,STARLINK-35035,2026-06,CONFIRMATORY,controlled_example_station,52.21,5.16,14.0,11325000000.0,10.0,2026-06-01T02:38:58Z,2026-06-01T02:46:23Z,445.0,74.6944684719625,RISING_25_PERCENT,0.24943820224719102,2026-06-01T02:40:49Z,2026-06-01T02:40:19Z,2026-06-01T02:41:19Z,1.0,61,21.073989859921014,27.98727862181798,36.57471204838805,326441198,2026-05-31T13:46:41.763072Z,2026-06-01T00:06:54Z,12.902010257777777,2.5652777777777778,12-18 h,data/orbit_uncertainty_stage1/raw/spacetrack_gp/spacetrack_gp_history_20260529_20260701_20sat_omm.json,1F5A8BA23D1C8AE605C4142F44E424711D1D85014DB46C28BBC18C3ABC326A96,2026-06-01T04:11:42.000029Z,1.5147222302777776,data/orbit_uncertainty_stage1/june/sat000065407.csv,1D5D20428BDA125132468A3B81A5A0011425555B1C761A0A7A4BD8F31D76DA01,3,False,SELECTED_FROZEN,770.5174419840828,813.767102157541,1241.9729652404785,1308.726240158081,889.8950538635254,770.5174419840827,770.5174419840827,14.640510372280893,14.640510372280893,45.529765256580056,45.529765256580056,40395230.689786784,126450.53098347635,0.0031303331810269156,0.996869666818973,FINITE_NONZERO,0.9697465478908933,0.16318630279205237,5.226269902634054,0.9868237190476993,True,20.840561981601173,27.662045374809146,36.1248484673348,7d60a695c1561665909321e4c02962033de50fcef5257bf11c20011c53ca7e9a,False,NOT_APPLICABLE_STAGE_A,COMPLETE
legit_segment_9da6b8a69d9da8f6759da19c,legit_pass_96bb40b822495f33c47b0519,65407,STARLINK-35035,2026-06,CONFIRMATORY,controlled_example_station,52.21,5.16,14.0,11325000000.0,10.0,2026-06-01T04:16:57Z,2026-06-01T04:24:18Z,441.0,67.86588553978955,SETTING_75_PERCENT,0.7505668934240363,2026-06-01T04:22:28Z,2026-06-01T04:21:58Z,2026-06-01T04:22:58Z,1.0,61,20.962654986760132,27.756751301693036,36.11561794688591,326441198,2026-05-31T13:46:41.763072Z,2026-06-01T00:06:54Z,14.596176924444444,4.259444444444444,12-18 h,data/orbit_uncertainty_stage1/raw/spacetrack_gp/spacetrack_gp_history_20260529_20260701_20sat_omm.json,1F5A8BA23D1C8AE605C4142F44E424711D1D85014DB46C28BBC18C3ABC326A96,2026-06-01T04:11:42.000029Z,0.17944443638888888,data/orbit_uncertainty_stage1/june/sat000065407.csv,1D5D20428BDA125132468A3B81A5A0011425555B1C761A0A7A4BD8F31D76DA01,3,False,SELECTED_FROZEN,899.7905022042696,952.1270363265794,1458.9145584106445,1537.2027530670166,-1057.0427265167236,899.7905022042694,899.7905022042694,-17.421670829575262,17.421670829575262,53.22983142807487,53.22983142807487,55299299.49154617,172838.31218553727,0.0031255063585743934,0.9968744936414256,FINITE_NONZERO,0.9707663139951731,0.1909022717349984,5.821043455750976,0.988041092651267,True,21.21088377373899,28.101012992102305,36.58664745069122,5c6c9a4232c393ea6476aace4333c62e05b7bb12ec439750654fe8d58e9b805d,False,NOT_APPLICABLE_STAGE_A,COMPLETE
legit_segment_9df00e0170cae8aba40981d1,legit_pass_dc02e5cd629eb0e8a5127751,47383,STARLINK-2103,2026-06,CONFIRMATORY,controlled_example_station,52.21,5.16,14.0,11325000000.0,10.0,2026-06-05T14:06:26Z,2026-06-05T14:10:15Z,229.0,13.783266570919029,PEAK,0.5021834061135371,2026-06-05T14:08:21Z,2026-06-05T14:07:51Z,2026-06-05T14:08:51Z,1.0,61,13.471288984209467,13.676887476437022,13.783266570919029,327259377,2026-06-04T17:17:09.580992Z,2026-06-05T11:08:39Z,20.853171946666667,2.995,18-24 h,data/orbit_uncertainty_stage1/raw/spacetrack_gp/spacetrack_gp_history_20260529_20260701_20sat_omm.json,1F5A8BA23D1C8AE605C4142F44E424711D1D85014DB46C28BBC18C3ABC326A96,2026-06-05T15:23:41.999971Z,1.2558333252777778,data/orbit_uncertainty_stage1/june/sat000047383.csv,6A97ABED011A96AE20108B2FFAB622CC78ED39D918CC694CBFCE03E18290B2FA,50,False,SELECTED_FROZEN,226.96284462975675,227.0255787265286,231.77638626098633,231.79771423339844,15.838968276977539,226.9628446297567,226.9628446297567,0.2710842240493428,0.2710842240493428,2.3874023876011043,2.3874023876011043,3143977.41716303,347.68109977973063,0.00011058638585688727,0.9998894136141431,FINITE_NONZERO,0.7998743204385864,-0.008609386204099345,0.0763046948640824,0.9989784696545733,True,13.47377612819615,13.675591670938532,13.781936516502093,84779800b29a40336589822ac7cbec4648ba07c6a58e0d25b6aa7343d0732cf3,False,NOT_APPLICABLE_STAGE_A,COMPLETE
legit_segment_9e35f74843afe78f8c319ab7,legit_pass_731df5fbb06af8e7e6d800a2,47844,STARLINK-2446,2026-06,CONFIRMATORY,controlled_example_station,52.21,5.16,14.0,11325000000.0,10.0,2026-06-10T03:57:13Z,2026-06-10T04:00:32Z,199.0,12.654443382695854,RISING_25_PERCENT,0.25125628140703515,2026-06-10T03:58:03Z,2026-06-10T03:57:33Z,2026-06-10T03:58:33Z,1.0,61,10.879104598312072,11.84975845391851,12.535459674592637,328445398,2026-06-09T18:03:26.254944Z,2026-06-10T02:40:42Z,9.91020696,1.2891666666666666,9-12 h,data/orbit_uncertainty_stage1/raw/spacetrack_gp/spacetrack_gp_history_20260529_20260701_20sat_omm.json,1F5A8BA23D1C8AE605C4142F44E424711D1D85014DB46C28BBC18C3ABC326A96,2026-06-10T03:49:42.000010Z,0.1391666638888889,data/orbit_uncertainty_stage1/june/sat000047844.csv,FE1F3D11E12AC1E3987E760842AEC279FE294DEAF66BE25CA508FB5254D084DD,94,False,SELECTED_FROZEN,147.26617203384149,147.4720484674815,157.50260162353516,157.99464225769043,25.518522262573242,147.26617203384149,147.26617203384149,0.4387250781248383,0.4387250781248383,1.0054593476453786,1.0054593476453786,1326628.3098309082,61.66785848581569,4.648465438949955e-05,0.9999535153456105,FINITE_NONZERO,0.9833395802675154,-0.003603720232508101,0.11544927321811242,0.9868158123884094,True,10.870564698985445,11.842754388665966,12.530331717176914,a04b1a47ce50f6b661d844a14b5f28135981a554f002168db8d82cf5c708aaa5,False,NOT_APPLICABLE_STAGE_A,COMPLETE
legit_segment_9e3e23eba76591e8e288c3e9,legit_pass_09b88633f7f81d2ed75c2186,65686,STARLINK-35137,2026-06,CONFIRMATORY,controlled_example_station,52.21,5.16,14.0,11325000000.0,10.0,2026-06-13T02:02:21Z,2026-06-13T02:08:33Z,372.0,26.95566987499069,RISING_25_PERCENT,0.25,2026-06-13T02:03:54Z,2026-06-13T02:03:24Z,2026-06-13T02:04:24Z,1.0,61,16.390819439493765,19.786790171303558,23.135092924373534,328918670,2026-06-11T23:14:09.376512Z,2026-06-12T12:00:27Z,26.82906208,14.0575,24-36 h,data/orbit_uncertainty_stage1/raw/spacetrack_gp/spacetrack_gp_history_20260529_20260701_20sat_omm.json,1F5A8BA23D1C8AE605C4142F44E424711D1D85014DB46C28BBC18C3ABC326A96,2026-06-13T01:17:41.999971Z,0.7700000080555555,data/orbit_uncertainty_stage1/june/sat000065686.csv,B6BC6FF15B3CA146A8A5647889EB05C3E5134E71663266D0DFF94290D3AA7A5B,121,False,SELECTED_FROZEN,2946.6925648235883,3000.143322876192,3855.413339614868,3946.924871444702,1876.1942157745361,2946.692564823588,2946.692564823588,31.970887104560944,31.970887104560944,31.626307303955105,31.626307303955105,549052457.4257146,61013.62213473644,0.00011112530562344569,0.9998888746943766,FINITE_NONZERO,0.9968532868822655,0.11272691249378752,4.90607572225147,0.9759357948738389,True,16.108396093919275,19.500121563066916,22.86901587449147,53d3cb1e67ab52216208cf886a8a790f6ea0735484647350dd8579fdcb9f1a1e,False,NOT_APPLICABLE_STAGE_A,COMPLETE
legit_segment_9e6493f82383dcd80a8b1ca1,legit_pass_2df2d7aa21ac00abcf427ecc,65405,STARLINK-34830,2026-06,CONFIRMATORY,controlled_example_station,52.21,5.16,14.0,11325000000.0,10.0,2026-06-03T00:51:26Z,2026-06-03T00:58:49Z,443.0,88.23165147601395,PEAK,0.5011286681715575,2026-06-03T00:55:08Z,2026-06-03T00:54:38Z,2026-06-03T00:55:38Z,1.0,61,64.63667010244504,76.74296244909202,88.23165147601395,326744105,2026-06-02T20:00:03.000384Z,2026-06-02T22:46:37Z,4.9180554488888895,2.1419444444444444,0-6 h,data/orbit_uncertainty_stage1/raw/spacetrack_gp/spacetrack_gp_history_20260529_20260701_20sat_omm.json,1F5A8BA23D1C8AE605C4142F44E424711D1D85014DB46C28BBC18C3ABC326A96,2026-06-03T00:55:42.000038Z,0.009444455000000001,data/orbit_uncertainty_stage1/june/sat000065405.csv,10707AFA6592FB845A94CB76E13C89BAD9EFA77F9A31B0B3C5036D80E7E87A62,23,False,SELECTED_FROZEN,-496.8772378202344,498.78121880704083,546.140790939331,546.8189296722412,47.18085479736328,-496.8772378202343,496.8772378202343,0.8836982773448478,0.8836982773448478,40.66483432528361,40.66483432528361,15175744.958312863,100871.3537928686,0.006646879877723169,0.9933531201222768,FINITE_NONZERO,0.12770171114402762,0.14632000983404791,2.998383155964017,0.9945632890416618,True,64.53914251202329,76.74420872263953,88.25974652751866,507efbee82f990dd32b18eb52bb73462b0831ddd66e96db1cb618c69aaa9fc28,False,NOT_APPLICABLE_STAGE_A,COMPLETE
legit_segment_9e7fc109f98a784e29e6ec95,legit_pass_78f9997f2e5139b270aeb1e3,65409,STARLINK-35022,2026-06,CONFIRMATORY,controlled_example_station,52.21,5.16,14.0,11325000000.0,10.0,2026-06-02T05:49:18Z,2026-06-02T05:53:42Z,264.0,15.285967136498467,RISING_25_PERCENT,0.25,2026-06-02T05:50:24Z,2026-06-02T05:49:54Z,2026-06-02T05:50:54Z,1.0,61,12.160032438877593,13.610208510617676,14.778948905690267,326554235,2026-06-01T04:16:47.216928Z,2026-06-01T10:22:25Z,25.560217520000002,19.46638888888889,24-36 h,data/orbit_uncertainty_stage1/raw/spacetrack_gp/spacetrack_gp_history_20260529_20260701_20sat_omm.json,1F5A8BA23D1C8AE605C4142F44E424711D1D85014DB46C28BBC18C3ABC326A96,2026-06-02T06:43:41.999981Z,0.8883333280555555,data/orbit_uncertainty_stage1/june/sat000065409.csv,C82A923C1B14CF8F30B1B5DDBB30C6CB9AE3A8DB51A9A3F182BEC8348A9F0DF5,14,False,SELECTED_FROZEN,1994.5338460578294,2002.8965592812242,2259.4689960479736,2278.7800312042236,604.3215599060059,1994.5338460578291,1994.5338460578291,10.37165010665095,10.37165010665095,9.072765319547537,9.072765319547537,244707272.25801453,5021.219303158657,2.0519289258655058e-05,0.9999794807107414,FINITE_NONZERO,0.9975376417489751,-0.03150300922600202,2.4653288008734124,0.9261636288922596,True,12.062444234607465,13.53280261460921,14.728879514612089,85af5aa79b933863f519881612237a9ffbaeafbfc58ef905f32b0298139d6b0e,False,NOT_APPLICABLE_STAGE_A,COMPLETE
legit_segment_9eaa34f1233a0ff3c1106b14,legit_pass_95123bc96545fe0cebd547f2,47767,STARLINK-2185,2026-06,CONFIRMATORY,controlled_example_station,52.21,5.16,14.0,11325000000.0,10.0,2026-06-01T00:27:24Z,2026-06-01T00:34:03Z,399.0,73.33483226394719,SETTING_75_PERCENT,0.7493734335839599,2026-06-01T00:32:23Z,2026-06-01T00:31:53Z,2026-06-01T00:32:53Z,1.0,61,20.001390777042747,27.40298754455292,36.89221252016191,326327644,2026-05-31T10:12:02.566080Z,2026-05-31T16:16:51Z,14.339009422222222,8.258888888888889,12-18 h,data/orbit_uncertainty_stage1/raw/spacetrack_gp/spacetrack_gp_history_20260529_20260701_20sat_omm.json,1F5A8BA23D1C8AE605C4142F44E424711D1D85014DB46C28BBC18C3ABC326A96,2026-06-01T00:30:41.999962Z,0.02805556611111111,data/orbit_uncertainty_stage1/june/sat000047767.csv,6E26A6FFCB0389E48C81BEEAD935A847B2444F9441CBE4C1AD8107642DE7DD5F,2,False,SELECTED_FROZEN,197.5873113225718,213.42983159612456,346.3768730163574,368.8808994293213,-275.6317310333252,197.5873113225718,197.5873113225718,-4.488499704660532,4.488499704660532,16.312334102099275,16.312334102099275,2778689.8739241557,16231.626875369166,0.0058414676023007695,0.9941585323976992,FINITE_NONZERO,0.9591353288677602,0.058307114900102874,2.2209412285025154,0.9814628947129889,True,20.05872998916029,27.488064969848967,37.01692732578666,f0e0b40c60afb06882154ea27968d7faa6a0d48af833cf309e81c1bbb4f2f9d0,False,NOT_APPLICABLE_STAGE_A,COMPLETE
legit_segment_9f0d2fae681b29b4f0c35cba,legit_pass_a579ad43c8bce9660a6674d3,47383,STARLINK-2103,2026-06,CONFIRMATORY,controlled_example_station,52.21,5.16,14.0,11325000000.0,10.0,2026-06-01T08:11:13Z,2026-06-01T08:14:50Z,217.0,13.305870757377097,PEAK,0.5023041474654378,2026-06-01T08:13:02Z,2026-06-01T08:12:32Z,2026-06-01T08:13:32Z,1.0,61,13.007195653125455,13.204843135874324,13.305870757377097,326474416,2026-05-31T22:34:37.492608Z,2026-06-01T06:47:07Z,9.640140942222223,1.4319444444444445,9-12 h,data/orbit_uncertainty_stage1/raw/spacetrack_gp/spacetrack_gp_history_20260529_20260701_20sat_omm.json,1F5A8BA23D1C8AE605C4142F44E424711D1D85014DB46C28BBC18C3ABC326A96,2026-06-01T07:58:42.000038Z,0.23888887833333333,data/orbit_uncertainty_stage1/june/sat000047383.csv,6A97ABED011A96AE20108B2FFAB622CC78ED39D918CC694CBFCE03E18290B2FA,6,False,SELECTED_FROZEN,-1993.9293453341625,1994.033067970827,2016.7225666046143,2016.9163303375244,2.6395530700683594,-1993.9293453341622,1993.9293453341622,0.04811617237496804,0.04811617237496804,20.32053825454128,20.32053825454128,242546240.4458301,25188.38077221081,0.00010384980911644492,0.9998961501908835,FINITE_NONZERO,0.001735078919802291,0.07329903839990426,0.4477051940775766,0.9995145842640851,True,12.952915660793746,13.179199791454344,13.281252315525528,b1c044a8e0d170541303f0dd19b83b869c92acefb23116767aef168d2a139afc,False,NOT_APPLICABLE_STAGE_A,COMPLETE
legit_segment_9f5917872e5115390a9f8f72,legit_pass_66c06cfe8baba401eb57451b,65409,STARLINK-35022,2026-06,CONFIRMATORY,controlled_example_station,52.21,5.16,14.0,11325000000.0,10.0,2026-06-03T23:53:05Z,2026-06-04T00:00:25Z,440.0,71.0008460794132,RISING_25_PERCENT,0.25,2026-06-03T23:54:55Z,2026-06-03T23:54:25Z,2026-06-03T23:55:25Z,1.0,61,20.966498289114934,27.89092350445449,36.4766069408111,326989609,2026-06-03T14:13:19.504704Z,2026-06-03T23:06:29Z,9.693193137777778,0.8072222222222222,9-12 h,data/orbit_uncertainty_stage1/raw/spacetrack_gp/spacetrack_gp_history_20260529_20260701_20sat_omm.json,1F5A8BA23D1C8AE605C4142F44E424711D1D85014DB46C28BBC18C3ABC326A96,2026-06-03T23:50:42.000029Z,0.07027776972222222,data/orbit_uncertainty_stage1/june/sat000065409.csv,C82A923C1B14CF8F30B1B5DDBB30C6CB9AE3A8DB51A9A3F182BEC8348A9F0DF5,33,False,SELECTED_FROZEN,322.7586972283535,344.3620774106473,539.3856220245361,570.1931095123291,408.20329093933105,322.75869722835347,322.75869722835347,6.711654304613332,6.711654304613332,21.159150162423177,21.159150162423177,7233699.661873177,27310.287771354335,0.0037754246164378763,0.9962245753835621,FINITE_NONZERO,0.9689350779852903,0.07582809092225329,2.452318406631205,0.98656748685005,True,20.883667130458374,27.768744796757122,36.30109182729967,4625ec2cee697091607aeb1ba378036901ea85e4486b31cca2b0571d7b54641e,False,NOT_APPLICABLE_STAGE_A,COMPLETE
legit_segment_9f6d4450c1b1e87c4d52e44d,legit_pass_c5ef53d7f995dc3b01f2ac99,47383,STARLINK-2103,2026-06,CONFIRMATORY,controlled_example_station,52.21,5.16,14.0,11325000000.0,10.0,2026-06-02T09:13:55Z,2026-06-02T09:20:54Z,419.0,44.218530524861784,PEAK,0.4988066825775656,2026-06-02T09:17:24Z,2026-06-02T09:16:54Z,2026-06-02T09:17:54Z,1.0,61,41.12224092306027,43.11734130049606,44.218530524861784,326542126,2026-05-31T22:34:37.493472Z,2026-06-01T10:22:25Z,34.71291848,22.91638888888889,24-36 h,data/orbit_uncertainty_stage1/raw/spacetrack_gp/spacetrack_gp_history_20260529_20260701_20sat_omm.json,1F5A8BA23D1C8AE605C4142F44E424711D1D85014DB46C28BBC18C3ABC326A96,2026-06-02T08:39:42.000019Z,0.6283333280555555,data/orbit_uncertainty_stage1/june/sat000047383.csv,6A97ABED011A96AE20108B2FFAB622CC78ED39D918CC694CBFCE03E18290B2FA,16,False,SELECTED_FROZEN,-18372.111879348755,18395.050774592106,19380.674425125122,19388.94488143921,1148.509017944336,-18372.111879348748,18372.111879348748,21.183849079731203,21.183849079731203,839.2162411118007,839.2162411118007,20641051472.989117,42961317.860095024,0.0020813531673187394,0.9979186468326813,FINITE_NONZERO,0.1649448752646644,3.023788794949521,43.7490756170327,0.9972823720389993,True,39.76616615642423,42.90702570156428,44.13640595863562,b680089dfca5b511d44033135363aef08db99abf5dd6902facfcb454d2691b4b,False,NOT_APPLICABLE_STAGE_A,COMPLETE
legit_segment_a09d298e0ad86a30baccc189,legit_pass_be358df293986544bf83669d,65421,STARLINK-35146,2026-06,CONFIRMATORY,controlled_example_station,52.21,5.16,14.0,11325000000.0,10.0,2026-06-02T06:11:12Z,2026-06-02T06:13:15Z,123.0,10.950184047286545,SETTING_75_PERCENT,0.7479674796747967,2026-06-02T06:12:44Z,2026-06-02T06:12:14Z,2026-06-02T06:13:14Z,1.0,61,10.046474555089265,10.638492189848709,10.950166331783677,326554740,2026-06-01T03:02:59.084736Z,2026-06-01T10:22:25Z,27.16247646222222,19.83861111111111,24-36 h,data/orbit_uncertainty_stage1/raw/spacetrack_gp/spacetrack_gp_history_20260529_20260701_20sat_omm.json,1F5A8BA23D1C8AE605C4142F44E424711D1D85014DB46C28BBC18C3ABC326A96,2026-06-02T05:22:41.999981Z,0.8338888941666667,data/orbit_uncertainty_stage1/june/sat000065421.csv,47F2014ECBC8E7384C87E8BF3D80DB676A195CA775414C519EDF2550466E6CB3,14,False,SELECTED_FROZEN,3531.8357472966927,3533.0606681449162,3625.9072437286377,3626.344814300537,-293.4999713897705,3531.8357472966927,3531.8357472966927,-5.048499875847851,5.048499875847851,27.4382962466062,27.4382962466062,761433578.7723488,45924.466155907954,6.0313161168898645e-05,0.999939686838831,FINITE_NONZERO,0.9130037652492609,-0.0988584026331667,1.4556900706999245,0.9971853554473737,True,10.141447932791108,10.692223219429696,10.960672113829489,01dc43e876d2857747640e4dab7ed60c1167208f0ab83735bcc883386bc5faf8,False,NOT_APPLICABLE_STAGE_A,COMPLETE
legit_segment_a09f7714796c47f1a9fbd127,legit_pass_fc75840e860f341c98a95b10,48309,STARLINK-2517,2026-06,CONFIRMATORY,controlled_example_station,52.21,5.16,14.0,11325000000.0,10.0,2026-06-02T12:47:11Z,2026-06-02T12:51:24Z,253.0,14.651728997013045,RISING_25_PERCENT,0.2490118577075099,2026-06-02T12:48:14Z,2026-06-02T12:47:44Z,2026-06-02T12:48:44Z,1.0,61,11.870428266444739,13.20308187852213,14.25273136722812,326542819,2026-06-01T03:38:45.544992Z,2026-06-01T10:22:25Z,33.15790416888889,26.43027777777778,24-36 h,data/orbit_uncertainty_stage1/raw/spacetrack_gp/spacetrack_gp_history_20260529_20260701_20sat_omm.json,1F5A8BA23D1C8AE605C4142F44E424711D1D85014DB46C28BBC18C3ABC326A96,2026-06-02T12:44:42.000029Z,0.05888888083333333,data/orbit_uncertainty_stage1/june/sat000048309.csv,79D62147447BEB30EC557417B61811EF138EF8094DC33D3F68D9F90E474F7689,17,False,SELECTED_FROZEN,3863.305511130661,3875.2501428416253,4294.401054382324,4323.459644317627,1003.264253616333,3863.30551113066,3863.30551113066,17.227538586520197,17.227538586520197,20.733805222089828,20.733805222089828,916071383.8452363,26223.331418241127,2.8625860255745495e-05,0.9999713741397442,FINITE_NONZERO,0.9953492247271712,-0.07324403003196522,4.217354760021324,0.9586265019428597,True,11.699445020422921,13.073625604569099,14.176784726709661,c078ce7655f8f9749b4a86c788afd6a34ecb1498e9e0ce2f2af9cc8c9cf96620,False,NOT_APPLICABLE_STAGE_A,COMPLETE
legit_segment_a0ee96126e31126936f459f8,legit_pass_b466356a9a46a9f6e200a095,45230,STARLINK-1227,2026-06,CONFIRMATORY,controlled_example_station,52.21,5.16,14.0,11325000000.0,10.0,2026-06-01T14:30:21Z,2026-06-01T14:31:50Z,89.0,10.540980347237884,PEAK,0.5056179775280899,2026-06-01T14:31:06Z,2026-06-01T14:30:36Z,2026-06-01T14:31:36Z,1.0,61,10.293663920826553,10.457760923997613,10.540980347237884,326541150,2026-05-31T19:20:28.439808Z,2026-06-01T10:22:25Z,19.177100053333334,4.144722222222223,18-24 h,data/orbit_uncertainty_stage1/raw/spacetrack_gp/spacetrack_gp_history_20260529_20260701_20sat_omm.json,1F5A8BA23D1C8AE605C4142F44E424711D1D85014DB46C28BBC18C3ABC326A96,2026-06-01T15:26:42.000029Z,0.9266666747222222,data/orbit_uncertainty_stage1/june/sat000045230.csv,A086445B48BCEA5D6D786487B3F9BAAB43C341130589A86BCBB60E49241950E8,7,False,SELECTED_FROZEN,-240.29229705060115,240.31929483186792,243.5813388824463,243.61178016662598,-9.472421646118164,-240.2922970506011,240.2922970506011,-0.1620089074532739,0.1620089074532739,2.199752700355428,2.199752700355428,3522955.1715776618,295.17362850598084,8.37858031482686e-05,0.9999162141968517,FINITE_NONZERO,0.627071646935404,0.007934104074056841,0.05672979653655058,0.9993349187062767,True,10.29222756860527,10.459506675647358,10.542812516872162,ccac18fa97a4d347a7692edb13bc11fdf49f67fcdcd3d174df6757f39042561b,False,NOT_APPLICABLE_STAGE_A,COMPLETE
legit_segment_a0f40436995e3c9f34f0ffe4,legit_pass_c18299065cc5639217b7d8d1,47749,STARLINK-2163,2026-06,CONFIRMATORY,controlled_example_station,52.21,5.16,14.0,11325000000.0,10.0,2026-06-04T19:46:52Z,2026-06-04T19:52:25Z,333.0,46.337630930858744,SETTING_75_PERCENT,0.7507507507507507,2026-06-04T19:51:02Z,2026-06-04T19:50:32Z,2026-06-04T19:51:32Z,1.0,61,17.608473942022353,24.325401212159182,32.53454511415599,327088644,2026-06-04T05:49:40.553472Z,2026-06-04T12:20:25Z,14.022624035555555,7.510277777777778,12-18 h,data/orbit_uncertainty_stage1/raw/spacetrack_gp/spacetrack_gp_history_20260529_20260701_20sat_omm.json,1F5A8BA23D1C8AE605C4142F44E424711D1D85014DB46C28BBC18C3ABC326A96,2026-06-04T20:30:42.000019Z,0.6611111163888889,data/orbit_uncertainty_stage1/june/sat000047749.csv,0CE3EE486737D6898F4E0960379BB2CF5D672CBD2C80BC161C0E3F96D2261670,40,False,SELECTED_FROZEN,145.65337493771412,154.6174173157721,239.20383071899414,252.14755058288574,-175.46347045898438,145.6533749377141,145.6533749377141,-2.899442607974453,2.899442607974453,9.248902702623852,9.248902702623852,1458299.2899813766,5218.07427335877,0.003578191602510763,0.9964218083974893,FINITE_NONZERO,0.9682193020563349,0.03321218061519238,0.8989925674115379,0.9905521762954518,True,17.636780541823047,24.36381823035965,32.584298732045745,23257637dc09c25b3c2b476fed936c4e222458a461ac0cbc6b9a4c09562c48e7,False,NOT_APPLICABLE_STAGE_A,COMPLETE
legit_segment_a1ad360554a221d628585cab,legit_pass_2bbe8abba8db3614f5ea4b75,65405,STARLINK-34830,2026-06,CONFIRMATORY,controlled_example_station,52.21,5.16,14.0,11325000000.0,10.0,2026-06-03T04:07:14Z,2026-06-03T04:14:17Z,423.0,44.91083086080674,SETTING_75_PERCENT,0.7494089834515366,2026-06-03T04:12:31Z,2026-06-03T04:12:01Z,2026-06-03T04:13:01Z,1.0,61,19.552631962025398,25.067054197379285,31.33900905009792,326775021,2026-06-02T22:00:01.999584Z,2026-06-03T03:08:42Z,6.208055671111111,1.063611111111111,6-9 h,data/orbit_uncertainty_stage1/raw/spacetrack_gp/spacetrack_gp_history_20260529_20260701_20sat_omm.json,1F5A8BA23D1C8AE605C4142F44E424711D1D85014DB46C28BBC18C3ABC326A96,2026-06-03T05:03:42.000019Z,0.8530555608333333,data/orbit_uncertainty_stage1/june/sat000065405.csv,10707AFA6592FB845A94CB76E13C89BAD9EFA77F9A31B0B3C5036D80E7E87A62,25,False,SELECTED_FROZEN,36.183473837180216,38.42135242028505,58.86031150817871,61.801469802856445,-43.56835746765137,36.1834738371802,36.1834738371802,-0.7260145834928342,0.7260145834928342,1.8858468893613558,1.8858468893613558,90048.21963002835,216.941527896948,0.0024091706508831915,0.9975908293491168,FINITE_NONZERO,0.9786985377822771,0.00678461180504053,0.14287200138019826,0.994260403033241,True,19.55853178734347,25.074926523248813,31.34896449317727,4f8b35c63e70f6d5c3192ba3bb262940dd6827ca2582e369fe8110636d364abc,False,NOT_APPLICABLE_STAGE_A,COMPLETE
legit_segment_a1d5cb34dfb93afe31121783,legit_pass_dce97124144127bb9b3924ff,65405,STARLINK-34830,2026-06,CONFIRMATORY,controlled_example_station,52.21,5.16,14.0,11325000000.0,10.0,2026-06-06T04:12:49Z,2026-06-06T04:17:46Z,297.0,17.277685368357936,PEAK,0.5016835016835017,2026-06-06T04:15:18Z,2026-06-06T04:14:48Z,2026-06-06T04:15:48Z,1.0,61,16.845269430490923,17.131692705793803,17.277685368357936,327358348,2026-06-05T08:56:39.298848Z,2026-06-05T20:26:19Z,19.310750319999997,7.816388888888889,18-24 h,data/orbit_uncertainty_stage1/raw/spacetrack_gp/spacetrack_gp_history_20260529_20260701_20sat_omm.json,1F5A8BA23D1C8AE605C4142F44E424711D1D85014DB46C28BBC18C3ABC326A96,2026-06-06T04:27:42.000019Z,0.20666667194444444,data/orbit_uncertainty_stage1/june/sat000065405.csv,10707AFA6592FB845A94CB76E13C89BAD9EFA77F9A31B0B3C5036D80E7E87A62,54,False,SELECTED_FROZEN,2165.060396350798,2165.252741546999,2197.330955505371,2197.667770385742,-9.899406433105469,2165.0603963507974,2165.0603963507974,-0.16776749496419702,0.16776749496419702,28.70870409974348,28.70870409974348,285987485.52138454,50275.57115628431,0.00017579640264547516,0.9998242035973546,FINITE_NONZERO,0.01047554644310944,-0.10355304897084294,0.6725365615236968,0.9994512119825355,True,16.823673037860903,17.126194119815892,17.272665776059302,5439f79a50f09d887215b255a413d7053f436128e912d1bfbba1a57cdf1bb04a,False,NOT_APPLICABLE_STAGE_A,COMPLETE
legit_segment_a1ef89322aaec35962a67eb5,legit_pass_83df93c6ccea69a1dbc885ae,48309,STARLINK-2517,2026-06,CONFIRMATORY,controlled_example_station,52.21,5.16,14.0,11325000000.0,10.0,2026-06-16T14:01:58Z,2026-06-16T14:08:31Z,393.0,30.092692381209535,RISING_25_PERCENT,0.24936386768447838,2026-06-16T14:03:36Z,2026-06-16T14:03:06Z,2026-06-16T14:04:06Z,1.0,61,17.173633229070866,20.94041738829416,24.78330174507614,329893571,2026-06-16T05:45:05.277888Z,2026-06-16T11:02:42Z,8.30853392,3.015,6-9 h,data/orbit_uncertainty_stage1/raw/spacetrack_gp/spacetrack_gp_history_20260529_20260701_20sat_omm.json,1F5A8BA23D1C8AE605C4142F44E424711D1D85014DB46C28BBC18C3ABC326A96,2026-06-16T13:59:42Z,0.065,data/orbit_uncertainty_stage1/june/sat000048309.csv,79D62147447BEB30EC557417B61811EF138EF8094DC33D3F68D9F90E474F7689,158,False,SELECTED_FROZEN,106.3839918980833,109.34093586055424,148.30801582336426,152.92250061035156,84.3775577545166,106.38399189808327,106.38399189808327,1.4291757820649864,1.4291757820649864,2.167501722641432,2.167501722641432,729281.8555465719,286.5818867768681,0.0003929645096710719,0.9996070354903289,FINITE_NONZERO,0.9926349537879579,0.007803378785403048,0.14285207981020917,0.9956563559090479,True,17.15417086216472,20.918178689151596,24.75897097928348,358841f066fb6ffe2aeeed272dd72f0eb9cac08a9a0eebf80cd63f42f30975e6,False,NOT_APPLICABLE_STAGE_A,COMPLETE
legit_segment_a22377b7fc6739af720aaebf,legit_pass_55d066eb5f8e18979fd320ee,65693,STARLINK-35060,2026-06,CONFIRMATORY,controlled_example_station,52.21,5.16,14.0,11325000000.0,10.0,2026-06-01T06:40:46Z,2026-06-01T06:47:27Z,401.0,32.303925394422905,PEAK,0.49875311720698257,2026-06-01T06:44:06Z,2026-06-01T06:43:36Z,2026-06-01T06:44:36Z,1.0,61,30.89088374426659,31.81139450652358,32.303925394422905,326373484,2026-05-31T16:20:22.936992Z,2026-05-31T23:46:29Z,14.39529528,6.960277777777778,12-18 h,data/orbit_uncertainty_stage1/raw/spacetrack_gp/spacetrack_gp_history_20260529_20260701_20sat_omm.json,1F5A8BA23D1C8AE605C4142F44E424711D1D85014DB46C28BBC18C3ABC326A96,2026-06-01T06:35:42.000029Z,0.13999999194444446,data/orbit_uncertainty_stage1/june/sat000065693.csv,D31425DC1D7BF768E17AFC34A7D7E516943AB5AC5C7598CCE830821EDB62E3E7,5,False,SELECTED_FROZEN,2693.397790158381,2694.542773834328,2782.598207473755,2783.2905044555664,-15.677040100097656,2693.3977901583808,2693.3977901583808,-0.2651459802338069,0.2651459802338069,78.40478462174694,78.40478462174694,442894206.36139035,374985.92534653406,0.0008466715526203003,0.9991533284473797,FINITE_NONZERO,0.003532723906782942,-0.28273709398404173,2.5414616794556006,0.9989492920962499,True,30.775205412359515,31.80497557679122,32.300149094561704,b3afdafb6b1e29e28c7af802da538474f1e47f5f476b55586d0bb70cbcae6ae4,False,NOT_APPLICABLE_STAGE_A,COMPLETE
legit_segment_a24ed98a97e4eb1ca6052ba8,legit_pass_b7c08c6a9c69fb707d8c83a3,45230,STARLINK-1227,2026-06,CONFIRMATORY,controlled_example_station,52.21,5.16,14.0,11325000000.0,10.0,2026-06-06T07:42:19Z,2026-06-06T07:49:17Z,418.0,88.77856179404864,RISING_25_PERCENT,0.2511961722488038,2026-06-06T07:44:04Z,2026-06-06T07:43:34Z,2026-06-06T07:44:34Z,1.0,61,20.76127211641033,28.26052539814396,37.87370507158147,327404691,2026-06-05T03:27:08.871552Z,2026-06-06T04:26:37Z,28.281980124444445,3.2908333333333335,24-36 h,data/orbit_uncertainty_stage1/raw/spacetrack_gp/spacetrack_gp_history_20260529_20260701_20sat_omm.json,1F5A8BA23D1C8AE605C4142F44E424711D1D85014DB46C28BBC18C3ABC326A96,2026-06-06T07:42:41.999962Z,0.022777788333333333,data/orbit_uncertainty_stage1/june/sat000045230.csv,A086445B48BCEA5D6D786487B3F9BAAB43C341130589A86BCBB60E49241950E8,54,False,SELECTED_FROZEN,65.56684834839868,71.34681682790102,117.53757095336914,125.45361518859863,96.15020370483398,65.56684834839868,65.56684834839868,1.5639960190658533,1.5639960190658533,5.750719029778849,5.750719029778849,310512.4645599177,2017.3169309270954,0.00649673414491168,0.9935032658550883,FINITE_NONZERO,0.9582100326572998,0.020548769445443593,0.796379890095082,0.9808223110126579,True,20.74110730387696,28.229725909744953,37.82731993440344,8871ca2a61cab8d854fc4d17237963873598386c3f1698848070e8a0e056de53,False,NOT_APPLICABLE_STAGE_A,COMPLETE
legit_segment_a264033c2c9383e63f602559,legit_pass_e314a716b031cf41b8439df0,65693,STARLINK-35060,2026-06,CONFIRMATORY,controlled_example_station,52.21,5.16,14.0,11325000000.0,10.0,2026-06-04T06:49:38Z,2026-06-04T06:57:02Z,444.0,76.78245052612418,SETTING_75_PERCENT,0.75,2026-06-04T06:55:11Z,2026-06-04T06:54:41Z,2026-06-04T06:55:41Z,1.0,61,21.177185855671134,28.166399910234826,36.87751366535652,327021296,2026-06-03T21:09:00.026784Z,2026-06-04T04:32:25Z,9.769714782222222,2.3794444444444443,9-12 h,data/orbit_uncertainty_stage1/raw/spacetrack_gp/spacetrack_gp_history_20260529_20260701_20sat_omm.json,1F5A8BA23D1C8AE605C4142F44E424711D1D85014DB46C28BBC18C3ABC326A96,2026-06-04T06:13:42.000010Z,0.691388886111111,data/orbit_uncertainty_stage1/june/sat000065693.csv,D31425DC1D7BF768E17AFC34A7D7E516943AB5AC5C7598CCE830821EDB62E3E7,35,False,SELECTED_FROZEN,431.518596868046,456.1958786598516,698.3588752746582,736.2365131378174,-503.2441101074219,431.5185968680459,431.5185968680459,-8.276362552370491,8.276362552370491,25.92190893433401,25.92190893433401,12694995.462080276,40988.66713079422,0.003228726410594367,0.9967712735894056,FINITE_NONZERO,0.9693264996441864,0.09290027237377885,2.9951026496565785,0.9866497480619549,True,21.30863289928662,28.35030917158915,37.13303368397104,af6616610a159bfe386b21aa350cf6c4d75bd7fa54378757c92dd1bf93d06921,False,NOT_APPLICABLE_STAGE_A,COMPLETE
legit_segment_a30af8f54bcb0d4974a9d000,legit_pass_e010964ed4bfa99c881f5382,65693,STARLINK-35060,2026-06,CONFIRMATORY,controlled_example_station,52.21,5.16,14.0,11325000000.0,10.0,2026-06-01T08:18:04Z,2026-06-01T08:25:30Z,446.0,89.32096532549329,PEAK,0.5,2026-06-01T08:21:47Z,2026-06-01T08:21:17Z,2026-06-01T08:22:17Z,1.0,61,65.00162563560485,77.04122242661255,89.32096532549329,326446514,2026-05-31T17:54:26.108928Z,2026-06-01T06:47:07Z,14.455803075555556,1.5777777777777777,12-18 h,data/orbit_uncertainty_stage1/raw/spacetrack_gp/spacetrack_gp_history_20260529_20260701_20sat_omm.json,1F5A8BA23D1C8AE605C4142F44E424711D1D85014DB46C28BBC18C3ABC326A96,2026-06-01T06:35:42.000029Z,1.7680555475000002,data/orbit_uncertainty_stage1/june/sat000065693.csv,D31425DC1D7BF768E17AFC34A7D7E516943AB5AC5C7598CCE830821EDB62E3E7,5,False,SELECTED_FROZEN,5455.124183717321,5472.811862948912,5972.200941085815,5977.667419433594,40.61072540283203,5455.12418371732,5455.12418371732,0.8307921973944019,0.8307921973944019,439.4039833654623,439.4039833654623,1827051850.9212945,11777627.496443562,0.006446246991022543,0.9935537530089774,FINITE_NONZERO,0.001106974237305769,-1.5818797974778684,29.168865888125993,0.9955933241236539,True,64.38760340034264,77.02544552356439,89.37685539695697,778e5ad18c3bb944c2a7967c6d3300bd2dbf333e5dfa548cfe2cd170665ece63,False,NOT_APPLICABLE_STAGE_A,COMPLETE
legit_segment_a330f4f59fa63187f9d32958,legit_pass_38501824ea35468af65b234f,65409,STARLINK-35022,2026-06,CONFIRMATORY,controlled_example_station,52.21,5.16,14.0,11325000000.0,10.0,2026-06-05T21:15:16Z,2026-06-05T21:20:02Z,286.0,16.615617974570316,PEAK,0.5,2026-06-05T21:17:39Z,2026-06-05T21:17:09Z,2026-06-05T21:18:09Z,1.0,61,16.214165367001687,16.478280589657093,16.615617974570316,327358356,2026-06-05T16:20:03.649056Z,2026-06-05T20:26:19Z,4.959819706666667,0.8555555555555555,0-6 h,data/orbit_uncertainty_stage1/raw/spacetrack_gp/spacetrack_gp_history_20260529_20260701_20sat_omm.json,1F5A8BA23D1C8AE605C4142F44E424711D1D85014DB46C28BBC18C3ABC326A96,2026-06-05T21:44:42.000029Z,0.4508333413888889,data/orbit_uncertainty_stage1/june/sat000065409.csv,C82A923C1B14CF8F30B1B5DDBB30C6CB9AE3A8DB51A9A3F182BEC8348A9F0DF5,52,False,SELECTED_FROZEN,161.05813633027623,161.12573415691946,165.26900482177734,165.2884922027588,13.8992919921875,161.05813633027623,161.05813633027623,0.2378435048144181,0.2378435048144181,2.0597024692635264,2.0597024692635264,1583651.6346639835,258.78482997530637,0.0001634101997629137,0.999836589800237,FINITE_NONZERO,0.8052074011897812,-0.007427448781278989,0.06749821750675598,0.9989260708543524,True,16.227907988030985,16.489447994235537,16.62682011628632,6432665dc461e86e10959ef73b0e5c068219d50514ff8a2f7c56fef14757af8e,False,NOT_APPLICABLE_STAGE_A,COMPLETE
legit_segment_a34c49155fb37b96ac0472d6,legit_pass_78f9997f2e5139b270aeb1e3,65409,STARLINK-35022,2026-06,CONFIRMATORY,controlled_example_station,52.21,5.16,14.0,11325000000.0,10.0,2026-06-02T05:49:18Z,2026-06-02T05:53:42Z,264.0,15.285967136498467,PEAK,0.5,2026-06-02T05:51:30Z,2026-06-02T05:51:00Z,2026-06-02T05:52:00Z,1.0,61,14.930090947752213,15.164846120648043,15.285967136498467,326554235,2026-06-01T04:16:47.216928Z,2026-06-01T10:22:25Z,25.578550853333336,19.48472222222222,24-36 h,data/orbit_uncertainty_stage1/raw/spacetrack_gp/spacetrack_gp_history_20260529_20260701_20sat_omm.json,1F5A8BA23D1C8AE605C4142F44E424711D1D85014DB46C28BBC18C3ABC326A96,2026-06-02T06:43:41.999981Z,0.8699999947222222,data/orbit_uncertainty_stage1/june/sat000065409.csv,C82A923C1B14CF8F30B1B5DDBB30C6CB9AE3A8DB51A9A3F182BEC8348A9F0DF5,14,False,SELECTED_FROZEN,2405.36871819418,2405.5646455633732,2437.993532180786,2438.2610416412354,42.71050834655762,2405.3687181941796,2405.3687181941796,0.7350479891538482,0.7350479891538482,27.84065189532217,27.84065189532217,352991217.1030507,47281.21577534687,0.00013394445381212928,0.9998660555461879,FINITE_NONZERO,0.17769230987939544,-0.10042131633876206,0.6597927602179934,0.9994383622494232,True,14.887071118249692,15.160999416059468,15.283591967353065,f995ddfc9ba0d50d4b6d92eb22b9873af78dbde4ac3d4a23818eac9f2e083ff1,False,NOT_APPLICABLE_STAGE_A,COMPLETE
legit_segment_a36f055d81ec9934936845a3,legit_pass_91c6ad89619405a7e11ae5cd,65407,STARLINK-35035,2026-06,CONFIRMATORY,controlled_example_station,52.21,5.16,14.0,11325000000.0,10.0,2026-06-04T21:27:36Z,2026-06-04T21:31:30Z,234.0,13.851442814298519,SETTING_75_PERCENT,0.7521367521367521,2026-06-04T21:30:32Z,2026-06-04T21:30:02Z,2026-06-04T21:31:02Z,1.0,61,11.45405261492518,12.648839068204273,13.563305049055154,326941520,2026-06-03T10:45:04.315104Z,2026-06-03T21:59:02Z,34.75769024888889,23.525,24-36 h,data/orbit_uncertainty_stage1/raw/spacetrack_gp/spacetrack_gp_history_20260529_20260701_20sat_omm.json,1F5A8BA23D1C8AE605C4142F44E424711D1D85014DB46C28BBC18C3ABC326A96,2026-06-04T21:17:42.000029Z,0.21388888083333332,data/orbit_uncertainty_stage1/june/sat000065407.csv,1D5D20428BDA125132468A3B81A5A0011425555B1C761A0A7A4BD8F31D76DA01,41,False,SELECTED_FROZEN,2250.4955833622666,2256.411383571988,2478.761281967163,2493.3736095428467,-538.3946762084961,2250.495583362266,2250.495583362266,-9.244046159600032,9.244046159600032,13.104215578690116,13.104215578690116,310574932.2467085,10474.948421899868,3.3727604305098845e-05,0.9999662723956949,FINITE_NONZERO,0.9935593460371399,-0.04657474441956566,2.2552908032079513,0.970380137397104,True,11.55581743898177,12.726589368514466,13.610780525774844,9db7b09167c8acc2d2bb910b735fa422027277dac18c7575f6b9b0171f7c5594,False,NOT_APPLICABLE_STAGE_A,COMPLETE
legit_segment_a371379fd71e8984d00760e0,legit_pass_c24ebcca6b239d37e65a2112,65421,STARLINK-35146,2026-06,CONFIRMATORY,controlled_example_station,52.21,5.16,14.0,11325000000.0,10.0,2026-06-01T23:38:33Z,2026-06-01T23:45:18Z,405.0,35.20691915327895,RISING_25_PERCENT,0.24938271604938272,2026-06-01T23:40:14Z,2026-06-01T23:39:44Z,2026-06-01T23:40:44Z,1.0,61,18.123234858592813,22.599362425215077,27.377971123145656,326554740,2026-06-01T03:02:59.084736Z,2026-06-01T10:22:25Z,20.620809795555555,13.296944444444444,18-24 h,data/orbit_uncertainty_stage1/raw/spacetrack_gp/spacetrack_gp_history_20260529_20260701_20sat_omm.json,1F5A8BA23D1C8AE605C4142F44E424711D1D85014DB46C28BBC18C3ABC326A96,2026-06-01T23:04:41.999981Z,0.5922222275,data/orbit_uncertainty_stage1/june/sat000065421.csv,47F2014ECBC8E7384C87E8BF3D80DB676A195CA775414C519EDF2550466E6CB3,11,False,SELECTED_FROZEN,1677.9108331398886,1729.2897585187802,2381.9837741851807,2462.645990371704,1400.720724105835,1677.9108331398884,1677.9108331398884,23.644168817549403,23.644168817549403,41.87865849314484,41.87865849314484,182417027.20399442,106983.14426831261,0.000586475648178801,0.9994135243518212,FINITE_NONZERO,0.9899814976633704,0.15090286675441433,2.132484953971036,0.9974070960550759,True,17.90689559128029,22.354438921961098,27.117282115101716,da51343ab134172ccaa25892ca39513b944dc40921d3e81dc39d939b3598c856,False,NOT_APPLICABLE_STAGE_A,COMPLETE
legit_segment_a37ab7a3d8badacf25215ea4,legit_pass_5ac89aeada66cdd1b73484e0,48458,STARLINK-2698,2026-06,CONFIRMATORY,controlled_example_station,52.21,5.16,14.0,11325000000.0,10.0,2026-06-05T21:37:13Z,2026-06-05T21:44:35Z,442.0,76.83448184990611,SETTING_75_PERCENT,0.751131221719457,2026-06-05T21:42:45Z,2026-06-05T21:42:15Z,2026-06-05T21:43:15Z,1.0,61,21.054444483388128,28.05954249824837,36.80417947214304,327310944,2026-06-05T15:00:35.831808Z,2026-06-05T20:06:26Z,6.70254672,1.6052777777777778,6-9 h,data/orbit_uncertainty_stage1/raw/spacetrack_gp/spacetrack_gp_history_20260529_20260701_20sat_omm.json,1F5A8BA23D1C8AE605C4142F44E424711D1D85014DB46C28BBC18C3ABC326A96,2026-06-05T21:28:42.000038Z,0.2341666561111111,data/orbit_uncertainty_stage1/june/sat000048458.csv,091BB60895838155D6E08F3AB53CB4B529B9EB7F826CA2A0FB9BFADE0198C1C6,51,False,SELECTED_FROZEN,252.99249305099738,269.00798826585896,418.5128765106201,442.2817077636719,-311.1099662780762,252.99249305099733,252.99249305099733,-5.108216383544182,5.108216383544182,16.461928141675997,16.461928141675997,4414283.162801514,16530.699766643957,0.003744820881892132,0.9962551791181079,FINITE_NONZERO,0.9675846938465458,0.058973114467273824,1.9583843269010748,0.9858474581968374,True,21.134824111497174,28.172452523200256,36.961936420799475,d301fc9447eb4a78042f5206eeebe676d34380457e2d1087627b8ff654755060,False,NOT_APPLICABLE_STAGE_A,COMPLETE
legit_segment_a37e818901930407618c19cb,legit_pass_7d721773221bf6eb381cf21a,48458,STARLINK-2698,2026-06,CONFIRMATORY,controlled_example_station,52.21,5.16,14.0,11325000000.0,10.0,2026-06-06T17:51:32Z,2026-06-06T17:57:41Z,369.0,25.49465799228868,RISING_25_PERCENT,0.24932249322493225,2026-06-06T17:53:04Z,2026-06-06T17:52:34Z,2026-06-06T17:53:34Z,1.0,61,16.038527793332243,19.172264739784513,22.207101004274865,327592185,2026-06-06T14:30:00.771840Z,2026-06-06T17:50:36Z,3.3842300444444446,0.04111111111111111,0-6 h,data/orbit_uncertainty_stage1/raw/spacetrack_gp/spacetrack_gp_history_20260529_20260701_20sat_omm.json,1F5A8BA23D1C8AE605C4142F44E424711D1D85014DB46C28BBC18C3ABC326A96,2026-06-06T18:23:41.999971Z,0.5105555475,data/orbit_uncertainty_stage1/june/sat000048458.csv,091BB60895838155D6E08F3AB53CB4B529B9EB7F826CA2A0FB9BFADE0198C1C6,59,False,SELECTED_FROZEN,-382.8810543935807,388.1157592593349,483.42003440856934,493.00666999816895,-211.02471542358398,-382.88105439358065,382.88105439358065,-3.60555115613529,3.60555115613529,2.4374245962183334,2.4374245962183334,9188664.397712449,362.4033583972564,3.944026495161561e-05,0.9999605597350484,FINITE_NONZERO,0.9985279668364809,-0.008464539195081944,0.6611732329184995,0.9264185828808704,True,16.077086521977826,19.211528751329734,22.24418981091446,fff61e4dcd6dc180faebf149c762f81e289312f3970e1f5ecfdd7e1a881465af,False,NOT_APPLICABLE_STAGE_A,COMPLETE
legit_segment_a3ba2c55200f86692e81a117,legit_pass_d7015a7e02a6d227402effdb,65421,STARLINK-35146,2026-06,CONFIRMATORY,controlled_example_station,52.21,5.16,14.0,11325000000.0,10.0,2026-06-09T02:33:08Z,2026-06-09T02:39:25Z,377.0,27.042589668320844,PEAK,0.5013262599469496,2026-06-09T02:36:17Z,2026-06-09T02:35:47Z,2026-06-09T02:36:47Z,1.0,61,26.07354545789703,26.704374278706403,27.042589668320844,328174083,2026-06-08T18:16:22.582272Z,2026-06-08T23:56:34Z,8.331782702222222,2.6619444444444444,6-9 h,data/orbit_uncertainty_stage1/raw/spacetrack_gp/spacetrack_gp_history_20260529_20260701_20sat_omm.json,1F5A8BA23D1C8AE605C4142F44E424711D1D85014DB46C28BBC18C3ABC326A96,2026-06-09T02:54:41.999962Z,0.3069444338888889,data/orbit_uncertainty_stage1/june/sat000065421.csv,47F2014ECBC8E7384C87E8BF3D80DB676A195CA775414C519EDF2550466E6CB3,82,False,SELECTED_FROZEN,915.6452328103487,915.9243013181685,940.3851909637451,940.6160545349121,24.274337768554688,915.6452328103486,915.6452328103486,0.4221671648595393,0.4221671648595393,21.351430658872804,21.351430658872804,51173956.87045568,27808.899062019864,0.0005434189725140212,0.999456581027486,FINITE_NONZERO,0.10809269787121878,-0.07700150026124519,0.6418106880014721,0.9990964338984737,True,26.05051503004473,26.709942859737673,27.048108448336347,10293dadb3528b0c1e33c532dbf6c533153a7e30e0e21787a7c3162a2da933f3,False,NOT_APPLICABLE_STAGE_A,COMPLETE
legit_segment_a40e70bd0514e6029389602d,legit_pass_615ccfd2646906e7a0324d5f,44714,STARLINK-1008,2026-06,CONFIRMATORY,controlled_example_station,52.21,5.16,14.0,11325000000.0,10.0,2026-06-07T00:17:35Z,2026-06-07T00:19:15Z,100.0,10.711294559667401,SETTING_75_PERCENT,0.7,2026-06-07T00:18:45Z,2026-06-07T00:18:15Z,2026-06-07T00:19:15Z,1.0,61,10.004875440626316,10.506709003051007,10.711294559667401,327633473,2026-06-06T14:29:29.480352Z,2026-06-06T22:46:42Z,9.82097768,1.5341666666666667,9-12 h,data/orbit_uncertainty_stage1/raw/spacetrack_gp/spacetrack_gp_history_20260529_20260701_20sat_omm.json,1F5A8BA23D1C8AE605C4142F44E424711D1D85014DB46C28BBC18C3ABC326A96,2026-06-07T00:56:42Z,0.6325,data/orbit_uncertainty_stage1/june/sat000044714.csv,F91F0DA10678FA8B4BBDEBC15B9D96435ECFD92205FFA13417B9E47754646E40,63,False,SELECTED_FROZEN,287.0681832735656,287.0891041799026,290.5686092376709,290.60419273376465,-6.560619354248047,287.0681832735656,287.0681832735656,-0.11525097014348087,0.11525097014348087,2.8096667305264673,2.8096667305264673,5027629.378067957,481.54785533426457,9.578030103708962e-05,0.9999042196989629,FINITE_NONZERO,0.34279896095983675,-0.010132510151887653,0.08657365068647035,0.9990505724165943,True,10.006091176406791,10.50430524036491,10.706407652595207,038891c68a15689ad031cd2ef01b936dff7697be5ea4b4f4b8eaf93ddb0e9d9a,False,NOT_APPLICABLE_STAGE_A,COMPLETE
legit_segment_a4827e9ec2ab4ec03d41b2d6,legit_pass_f171d14e7b7ce9f7176e4b34,65686,STARLINK-35137,2026-06,CONFIRMATORY,controlled_example_station,52.21,5.16,14.0,11325000000.0,10.0,2026-06-03T12:28:15Z,2026-06-03T12:31:24Z,189.0,12.404010934387081,SETTING_75_PERCENT,0.7513227513227513,2026-06-03T12:30:37Z,2026-06-03T12:30:07Z,2026-06-03T12:31:07Z,1.0,61,10.74776078163793,11.676449800479215,12.315262319697744,326854037,2026-06-03T00:00:02.000160Z,2026-06-03T11:16:57Z,12.509722177777777,1.2277777777777779,12-18 h,data/orbit_uncertainty_stage1/raw/spacetrack_gp/spacetrack_gp_history_20260529_20260701_20sat_omm.json,1F5A8BA23D1C8AE605C4142F44E424711D1D85014DB46C28BBC18C3ABC326A96,2026-06-03T12:41:41.999971Z,0.18472221416666665,data/orbit_uncertainty_stage1/june/sat000065686.csv,B6BC6FF15B3CA146A8A5647889EB05C3E5134E71663266D0DFF94290D3AA7A5B,28,False,SELECTED_FROZEN,165.35857994830022,166.1713578816952,188.96915435791016,190.67798614501953,-54.37858963012695,165.35857994830022,165.35857994830022,-0.9308012425237592,0.9308012425237592,0.9375618763926764,0.9375618763926764,1684388.1309950321,53.62035859596234,3.1833730960979135e-05,0.9999681662690391,FINITE_NONZERO,0.996737840266454,-0.003311678731289347,0.191161376581011,0.9584280477780127,False,10.73825116185551,11.664676473524603,12.300967668459805,bd0957d35c6edfedc1f55e952ce7585ad7d8f365481d9aa7774609e8a6391566,False,NOT_APPLICABLE_STAGE_A,COMPLETE
legit_segment_a49f857fe94182810383ed7c,legit_pass_76f34f0837c3b68a1c3c03cf,47749,STARLINK-2163,2026-06,CONFIRMATORY,controlled_example_station,52.21,5.16,14.0,11325000000.0,10.0,2026-06-01T23:22:54Z,2026-06-01T23:28:40Z,346.0,73.06065412087908,SETTING_75_PERCENT,0.7514450867052023,2026-06-01T23:27:14Z,2026-06-01T23:26:44Z,2026-06-01T23:27:44Z,1.0,61,18.53524113527428,26.63942768222661,37.55476629519898,326577115,2026-06-01T14:00:01.999872Z,2026-06-01T18:19:01Z,9.453333368888888,5.1369444444444445,9-12 h,data/orbit_uncertainty_stage1/raw/spacetrack_gp/spacetrack_gp_history_20260529_20260701_20sat_omm.json,1F5A8BA23D1C8AE605C4142F44E424711D1D85014DB46C28BBC18C3ABC326A96,2026-06-01T22:14:42Z,1.208888888888889,data/orbit_uncertainty_stage1/june/sat000047749.csv,0CE3EE486737D6898F4E0960379BB2CF5D672CBD2C80BC161C0E3F96D2261670,10,False,SELECTED_FROZEN,100.41243534400814,112.48040174906457,196.88649940490723,212.9049472808838,-174.59495544433594,100.41243534400812,100.41243534400812,-2.7937553124349637,2.7937553124349637,12.231610471691491,12.231610471691491,771762.2874354891,9126.34997860277,0.011825338095916784,0.9881746619040832,FINITE_NONZERO,0.9417666007261358,0.04350443662972925,2.0551841732968468,0.9717684833739187,True,18.55893845147005,26.67984168436409,37.62098745367185,4af4a03e485e46f63ff526b2a70892d27b283ddcce269089928e06f1dfe1756a,False,NOT_APPLICABLE_STAGE_A,COMPLETE
legit_segment_a4c49bf09489e42c6af049ae,legit_pass_5d4fdfbdff2ba531717b11bc,65421,STARLINK-35146,2026-06,CONFIRMATORY,controlled_example_station,52.21,5.16,14.0,11325000000.0,10.0,2026-06-09T00:55:06Z,2026-06-09T01:02:28Z,442.0,82.24679913181801,SETTING_75_PERCENT,0.751131221719457,2026-06-09T01:00:38Z,2026-06-09T01:00:08Z,2026-06-09T01:01:08Z,1.0,61,21.041604356331217,28.11974663233044,36.99918457178212,328174083,2026-06-08T18:16:22.582272Z,2026-06-08T23:56:34Z,6.737616035555556,1.0677777777777777,6-9 h,data/orbit_uncertainty_stage1/raw/spacetrack_gp/spacetrack_gp_history_20260529_20260701_20sat_omm.json,1F5A8BA23D1C8AE605C4142F44E424711D1D85014DB46C28BBC18C3ABC326A96,2026-06-08T23:06:41.999990Z,1.8988888916666666,data/orbit_uncertainty_stage1/june/sat000065421.csv,47F2014ECBC8E7384C87E8BF3D80DB676A195CA775414C519EDF2550466E6CB3,81,False,SELECTED_FROZEN,199.44133092536302,208.35664767928566,307.6477565765381,322.8167381286621,-204.88006401062012,199.44133092536296,199.44133092536296,-3.3750078023772354,3.3750078023772354,10.224386259163683,10.224386259163683,2648162.050561148,6376.8225369710835,0.0024080182463228897,0.9975919817536771,FINITE_NONZERO,0.9712463720254214,0.036656473734936856,1.1480213884512103,0.9873926020141349,True,21.102530135696274,28.202368437481507,37.11117379502517,26bde41a666712657991e47b5d452eab1563852911c3fab98fe722cefa168b03,False,NOT_APPLICABLE_STAGE_A,COMPLETE
legit_segment_a4e5484c4874cb7856cf43b0,legit_pass_0d86785ee31b91854fc289df,65410,STARLINK-35024,2026-06,CONFIRMATORY,controlled_example_station,52.21,5.16,14.0,11325000000.0,10.0,2026-06-01T23:24:49Z,2026-06-01T23:31:16Z,387.0,29.497737928099532,SETTING_75_PERCENT,0.7493540051679587,2026-06-01T23:29:39Z,2026-06-01T23:29:09Z,2026-06-01T23:30:09Z,1.0,61,17.075920314048297,20.787928029666155,24.54993821209469,326554735,2026-06-01T00:00:02.000160Z,2026-06-01T10:22:25Z,23.493611066666666,13.120555555555555,18-24 h,data/orbit_uncertainty_stage1/raw/spacetrack_gp/spacetrack_gp_history_20260529_20260701_20sat_omm.json,1F5A8BA23D1C8AE605C4142F44E424711D1D85014DB46C28BBC18C3ABC326A96,2026-06-02T00:29:42Z,1.0008333333333332,data/orbit_uncertainty_stage1/june/sat000065410.csv,480E0881CFF425F783D504E2B784746BB847F6C9A822B6001FD1AFCD7FF9CBC4,11,False,SELECTED_FROZEN,1522.0537734422528,1552.4775055241062,2020.3849391937256,2072.2149906158447,-1019.1101989746094,1522.0537734422523,1522.0537734422523,-17.331674733557826,17.331674733557826,20.463667728402946,20.463667728402946,147021370.71465942,25544.46351080729,0.0001737466015085946,0.9998262533984914,FINITE_NONZERO,0.9955231190333221,0.073362445322946,2.30727201574235,0.9872875093542323,True,17.256065661235585,20.97793121229653,24.736719402684756,a11a6fced7cfd53cc50169c4eace8d5ccf7e440eed8784aeae9ca9c392131fc3,False,NOT_APPLICABLE_STAGE_A,COMPLETE
legit_segment_a5014c40bda82dc17efb9640,legit_pass_731df5fbb06af8e7e6d800a2,47844,STARLINK-2446,2026-06,CONFIRMATORY,controlled_example_station,52.21,5.16,14.0,11325000000.0,10.0,2026-06-10T03:57:13Z,2026-06-10T04:00:32Z,199.0,12.654443382695854,SETTING_75_PERCENT,0.7487437185929648,2026-06-10T03:59:42Z,2026-06-10T03:59:12Z,2026-06-10T04:00:12Z,1.0,61,10.898908445872223,11.864738628122614,12.542562873926482,328445398,2026-06-09T18:03:26.254944Z,2026-06-10T02:40:42Z,9.93770696,1.3166666666666667,9-12 h,data/orbit_uncertainty_stage1/raw/spacetrack_gp/spacetrack_gp_history_20260529_20260701_20sat_omm.json,1F5A8BA23D1C8AE605C4142F44E424711D1D85014DB46C28BBC18C3ABC326A96,2026-06-10T03:49:42.000010Z,0.1666666638888889,data/orbit_uncertainty_stage1/june/sat000047844.csv,FE1F3D11E12AC1E3987E760842AEC279FE294DEAF66BE25CA508FB5254D084DD,94,False,SELECTED_FROZEN,143.7647488078133,144.041997160425,155.8386936187744,156.51309394836426,-29.38324546813965,143.7647488078133,143.7647488078133,-0.504386148599013,0.504386148599013,0.9634709397183093,0.9634709397183093,1265633.913703797,56.62485135258261,4.4740308188229245e-05,0.9999552596918118,FINITE_NONZERO,0.9883665829802596,-0.003448049287485877,0.12240783562205274,0.983858600072413,False,10.90055008537762,11.864600994658199,12.540374961102609,7657a25863922174ed256e64beb32b900e63af933b488e7f71f08223b901498d,False,NOT_APPLICABLE_STAGE_A,COMPLETE
legit_segment_a510fe583c424ae18bd5bb73,legit_pass_1d65549148f5641898c2da46,48672,STARLINK-2705,2026-06,CONFIRMATORY,controlled_example_station,52.21,5.16,14.0,11325000000.0,10.0,2026-06-10T10:34:32Z,2026-06-10T10:36:24Z,112.0,10.774648336296222,SETTING_75_PERCENT,0.7321428571428571,2026-06-10T10:35:54Z,2026-06-10T10:35:24Z,2026-06-10T10:36:24Z,1.0,61,10.001958397021687,10.526344078649691,10.774648336296222,328494318,2026-06-09T23:22:48.192096Z,2026-06-10T07:17:33Z,11.218279973333333,3.305833333333333,9-12 h,data/orbit_uncertainty_stage1/raw/spacetrack_gp/spacetrack_gp_history_20260529_20260701_20sat_omm.json,1F5A8BA23D1C8AE605C4142F44E424711D1D85014DB46C28BBC18C3ABC326A96,2026-06-10T10:26:41.999971Z,0.1533333413888889,data/orbit_uncertainty_stage1/june/sat000048672.csv,9CCC0F6B332261080A38A7EF3636C88202FADE4135B08985F943785C7A1E9415,94,False,SELECTED_FROZEN,-483.25694759556507,483.5046643476576,500.61974334716797,500.74770164489746,49.75900077819824,-483.25694759556495,483.25694759556495,0.8541565027141118,0.8541565027141118,3.6485906742666807,3.6485906742666807,14260382.3872024,812.0450484090933,5.6944128590678005e-05,0.9999430558714093,FINITE_NONZERO,0.9444127085417444,0.013140617908198093,0.21817723834722128,0.9964242380973928,True,9.988990756893728,10.518907609510215,10.772568039861762,95a29363d3c68be38229883b680ad74e95711e7aaf2f50e86c95b77cc1314d8c,False,NOT_APPLICABLE_STAGE_A,COMPLETE
legit_segment_a5e83a6fb01904d1c054ba8d,legit_pass_ec490155f8bc556c0246e06e,65693,STARLINK-35060,2026-06,CONFIRMATORY,controlled_example_station,52.21,5.16,14.0,11325000000.0,10.0,2026-06-23T22:38:02Z,2026-06-23T22:45:08Z,426.0,45.877878027819854,PEAK,0.5,2026-06-23T22:41:35Z,2026-06-23T22:41:05Z,2026-06-23T22:42:05Z,1.0,61,42.50523473564463,44.70433447857364,45.877878027819854,330976525,2026-06-22T11:54:10.990656Z,2026-06-23T03:40:42Z,34.790002595555556,19.014722222222222,24-36 h,data/orbit_uncertainty_stage1/raw/spacetrack_gp/spacetrack_gp_history_20260529_20260701_20sat_omm.json,1F5A8BA23D1C8AE605C4142F44E424711D1D85014DB46C28BBC18C3ABC326A96,2026-06-23T23:17:42Z,0.6019444444444444,data/orbit_uncertainty_stage1/june/sat000065693.csv,D31425DC1D7BF768E17AFC34A7D7E516943AB5AC5C7598CCE830821EDB62E3E7,239,False,SELECTED_FROZEN,-7562.82455081627,7571.720459488955,7975.634796142578,7979.224111557007,319.87244987487793,-7562.824550816268,7562.824550816268,5.880518995574518,5.880518995574518,352.01644007140897,352.01644007140897,3497187993.715262,7558850.018913418,0.002161407974777822,0.9978385920252222,FINITE_NONZERO,0.07962204417142171,1.2686542693134362,16.681087108804693,0.9977544495984769,True,41.92611257065436,44.64683481860876,45.85196412087159,216ed12e8602acd1cc265d267409470d51d884f3b04b6f6539289047df41ce8b,False,NOT_APPLICABLE_STAGE_A,COMPLETE
legit_segment_a6a4624ee7f38e759edef722,legit_pass_8b12913c26755f49056d9286,65411,STARLINK-34983,2026-06,CONFIRMATORY,controlled_example_station,52.21,5.16,14.0,11325000000.0,10.0,2026-06-01T06:05:05Z,2026-06-01T06:09:52Z,287.0,16.689893338126375,PEAK,0.5017421602787456,2026-06-01T06:07:29Z,2026-06-01T06:06:59Z,2026-06-01T06:07:59Z,1.0,61,16.284864069385964,16.551526301474297,16.689893338126375,326367574,2026-05-31T09:14:51.463968Z,2026-05-31T16:26:43Z,20.877093342222224,13.679444444444444,18-24 h,data/orbit_uncertainty_stage1/raw/spacetrack_gp/spacetrack_gp_history_20260529_20260701_20sat_omm.json,1F5A8BA23D1C8AE605C4142F44E424711D1D85014DB46C28BBC18C3ABC326A96,2026-06-01T06:51:42.000019Z,0.7369444497222223,data/orbit_uncertainty_stage1/june/sat000065411.csv,26E105CAB95698D658010132E70DA6D62EE0D10BD67ED831612077EEE7C12C95,5,False,SELECTED_FROZEN,5781.247691732939,5781.848508249052,5868.526788711548,5869.439643859863,128.8382396697998,5781.247691732938,5781.247691732938,2.223411890188257,2.223411890188257,73.58529363943771,73.58529363943771,2039216102.5128496,330302.5218401386,0.00016197524207126415,0.9998380247579287,FINITE_NONZERO,0.220589857425189,-0.2654142857756132,1.8360732622534588,0.9993774159962798,True,16.171716052573732,16.52764463815449,16.6716630940001,46880f854f15273d16f6a14c9bbaf69b3c882ae61f4d1cfc5fa0945d786d9de6,False,NOT_APPLICABLE_STAGE_A,COMPLETE
legit_segment_a6a46b9c193578fcc0e34ecc,legit_pass_8afaa3ef46afcbfaa133ccbf,47749,STARLINK-2163,2026-06,CONFIRMATORY,controlled_example_station,52.21,5.16,14.0,11325000000.0,10.0,2026-06-21T12:50:13Z,2026-06-21T12:55:20Z,307.0,34.7410927876987,RISING_25_PERCENT,0.250814332247557,2026-06-21T12:51:30Z,2026-06-21T12:51:00Z,2026-06-21T12:52:00Z,1.0,61,16.345472898824898,21.94183595678202,28.19220619405741,330881914,2026-06-20T10:00:01.998720Z,2026-06-20T15:56:36Z,26.857778133333333,20.915,24-36 h,data/orbit_uncertainty_stage1/raw/spacetrack_gp/spacetrack_gp_history_20260529_20260701_20sat_omm.json,1F5A8BA23D1C8AE605C4142F44E424711D1D85014DB46C28BBC18C3ABC326A96,2026-06-21T13:30:41.999990Z,0.6533333305555555,data/orbit_uncertainty_stage1/june/sat000047749.csv,0CE3EE486737D6898F4E0960379BB2CF5D672CBD2C80BC161C0E3F96D2261670,212,False,SELECTED_FROZEN,-3261.5310283098065,3437.8154564567094,5149.757646560669,5378.662227630615,-3630.054973602295,-3261.5310283098056,3261.5310283098056,-61.12018575148886,61.12018575148886,151.4284024650476,151.4284024650476,720933081.8718119,1398764.225460103,0.0019402136767373583,0.9980597863232626,FINITE_NONZERO,0.9805836187745625,-0.5457010858445202,7.41308383250271,0.9976034685007276,True,16.72514156397271,22.404312725056755,28.69550829413968,f0e371c33bfe4d5fd81f6578df01ed553ae90f2392fa68d4c1e8341586094fbf,False,NOT_APPLICABLE_STAGE_A,COMPLETE
legit_segment_a707809c8b796b74a435488d,legit_pass_a27d62145a6564f78ffdaef8,65409,STARLINK-35022,2026-06,CONFIRMATORY,controlled_example_station,52.21,5.16,14.0,11325000000.0,10.0,2026-06-01T04:41:39Z,2026-06-01T04:48:47Z,428.0,50.29165676966735,PEAK,0.5,2026-06-01T04:45:13Z,2026-06-01T04:44:43Z,2026-06-01T04:45:43Z,1.0,61,45.98029338525293,48.76383161671656,50.29165676966735,326441202,2026-05-31T20:00:01.999008Z,2026-06-01T00:06:54Z,8.753055831111112,4.6386111111111115,6-9 h,data/orbit_uncertainty_stage1/raw/spacetrack_gp/spacetrack_gp_history_20260529_20260701_20sat_omm.json,1F5A8BA23D1C8AE605C4142F44E424711D1D85014DB46C28BBC18C3ABC326A96,2026-06-01T05:17:42Z,0.5413888888888889,data/orbit_uncertainty_stage1/june/sat000065409.csv,C82A923C1B14CF8F30B1B5DDBB30C6CB9AE3A8DB51A9A3F182BEC8348A9F0DF5,4,False,SELECTED_FROZEN,362.88089173739075,363.40172468162103,385.2873115539551,385.4976119995117,-5.733837127685547,362.88089173739064,362.88089173739064,-0.09991236615597046,0.09991236615597046,19.369495201745288,19.369495201745288,8055709.623596178,22885.818006596463,0.002840943762367135,0.9971590562376329,FINITE_NONZERO,0.008180805849758999,-0.06980527170540349,0.9275995036353787,0.997706575697985,True,45.94726022508176,48.76069929437655,50.28840572470483,1d7a67418be7323bed3c08556299e4e1151884ffbd60d1c30b7bcbf8415f4664,False,NOT_APPLICABLE_STAGE_A,COMPLETE
legit_segment_a759d1311cac834fff597452,legit_pass_41aed0bf12ed2ec2676f7e70,47383,STARLINK-2103,2026-06,CONFIRMATORY,controlled_example_station,52.21,5.16,14.0,11325000000.0,10.0,2026-06-05T12:27:46Z,2026-06-05T12:34:52Z,426.0,51.74536988375108,SETTING_75_PERCENT,0.7511737089201878,2026-06-05T12:33:06Z,2026-06-05T12:32:36Z,2026-06-05T12:33:36Z,1.0,61,19.90614820653906,25.95063035377743,33.07246693144184,327259377,2026-06-04T17:17:09.580992Z,2026-06-05T11:08:39Z,19.265671946666664,1.4075,18-24 h,data/orbit_uncertainty_stage1/raw/spacetrack_gp/spacetrack_gp_history_20260529_20260701_20sat_omm.json,1F5A8BA23D1C8AE605C4142F44E424711D1D85014DB46C28BBC18C3ABC326A96,2026-06-05T11:20:41.999971Z,1.206666674722222,data/orbit_uncertainty_stage1/june/sat000047383.csv,6A97ABED011A96AE20108B2FFAB622CC78ED39D918CC694CBFCE03E18290B2FA,49,False,SELECTED_FROZEN,103.91104385501049,107.41144614253697,151.15531539916992,157.1223258972168,-91.64285278320312,103.91104385501045,103.91104385501045,-1.5308429120899452,1.5308429120899452,3.6379830578828187,3.6379830578828187,703770.3445082983,807.3301644959878,0.0011471500195991398,0.9988528499804009,FINITE_NONZERO,0.9821080503993308,0.013093139773297846,0.25687982252988056,0.9950141565203192,True,19.924021351862248,25.972170877843837,33.097523619675876,9c8587a12ace09f7ec0df124d3e3ccee63ee0fd7adba9b0ff8874596cdfa8432,False,NOT_APPLICABLE_STAGE_A,COMPLETE
legit_segment_a7c49ed2119be7358d255868,legit_pass_e010964ed4bfa99c881f5382,65693,STARLINK-35060,2026-06,CONFIRMATORY,controlled_example_station,52.21,5.16,14.0,11325000000.0,10.0,2026-06-01T08:18:04Z,2026-06-01T08:25:30Z,446.0,89.32096532549329,RISING_25_PERCENT,0.25112107623318386,2026-06-01T08:19:56Z,2026-06-01T08:19:26Z,2026-06-01T08:20:26Z,1.0,61,21.41842151047798,28.597474743054516,37.61631512335972,326446514,2026-05-31T17:54:26.108928Z,2026-06-01T06:47:07Z,14.424969742222222,1.5469444444444445,12-18 h,data/orbit_uncertainty_stage1/raw/spacetrack_gp/spacetrack_gp_history_20260529_20260701_20sat_omm.json,1F5A8BA23D1C8AE605C4142F44E424711D1D85014DB46C28BBC18C3ABC326A96,2026-06-01T06:35:42.000029Z,1.7372222141666667,data/orbit_uncertainty_stage1/june/sat000065693.csv,D31425DC1D7BF768E17AFC34A7D7E516943AB5AC5C7598CCE830821EDB62E3E7,5,False,SELECTED_FROZEN,907.3508070961374,960.8198821375872,1479.5134029388428,1561.7854080200195,1075.746431350708,907.3508070961373,907.3508070961373,17.657712740925877,17.657712740925877,56.85916643908717,56.85916643908717,56313665.60056411,197210.85329701682,0.003502007038501882,0.9964979929614981,FINITE_NONZERO,0.9676345423790454,0.20366109192245574,6.835207907533848,0.9855488476022171,True,21.12498467901039,28.1842950154543,37.03620911094586,648e322db9def1cf2ff0a5abbf2f6548bbae06657fb69da9ff58207a78f05170,False,NOT_APPLICABLE_STAGE_A,COMPLETE
legit_segment_a7ccc3998deae6379f14459e,legit_pass_9df09661b7b63237df20913f,47767,STARLINK-2185,2026-06,CONFIRMATORY,controlled_example_station,52.21,5.16,14.0,11325000000.0,10.0,2026-06-01T22:01:26Z,2026-06-01T22:07:56Z,390.0,57.365774386503475,RISING_25_PERCENT,0.2512820512820513,2026-06-01T22:03:04Z,2026-06-01T22:02:34Z,2026-06-01T22:03:34Z,1.0,61,19.61552635566445,26.55819972766388,35.14297842586953,326542677,2026-05-31T10:12:02.566944Z,2026-06-01T10:22:25Z,35.85039807111111,11.6775,24-36 h,data/orbit_uncertainty_stage1/raw/spacetrack_gp/spacetrack_gp_history_20260529_20260701_20sat_omm.json,1F5A8BA23D1C8AE605C4142F44E424711D1D85014DB46C28BBC18C3ABC326A96,2026-06-01T22:23:42Z,0.3438888888888889,data/orbit_uncertainty_stage1/june/sat000047767.csv,6E26A6FFCB0389E48C81BEEAD935A847B2444F9441CBE4C1AD8107642DE7DD5F,10,False,SELECTED_FROZEN,971.2186193935206,1035.2885847022503,1620.9705924987793,1713.678092956543,1217.7968845367432,971.2186193935206,971.2186193935206,20.02265603273777,20.02265603273777,65.38924246754836,65.38924246754836,65381169.67050209,260820.9348592696,0.003989236291943301,0.9960107637080567,FINITE_NONZERO,0.9667403710370064,0.23441765248951185,7.380939756952929,0.9872587889647932,True,19.395822899526344,26.250636174998625,34.72374603702691,37188dc89522853beae9b94da36b7c7ad477b2aa3a7fa27bf83dad2720645def,False,NOT_APPLICABLE_STAGE_A,COMPLETE
legit_segment_a7de995c07bcd4fa9b90223f,legit_pass_dce97124144127bb9b3924ff,65405,STARLINK-34830,2026-06,CONFIRMATORY,controlled_example_station,52.21,5.16,14.0,11325000000.0,10.0,2026-06-06T04:12:49Z,2026-06-06T04:17:46Z,297.0,17.277685368357936,RISING_25_PERCENT,0.24915824915824916,2026-06-06T04:14:03Z,2026-06-06T04:13:33Z,2026-06-06T04:14:33Z,1.0,61,13.05430241355754,14.845824068792858,16.370922955375896,327358348,2026-06-05T08:56:39.298848Z,2026-06-05T20:26:19Z,19.289916986666665,7.795555555555556,18-24 h,data/orbit_uncertainty_stage1/raw/spacetrack_gp/spacetrack_gp_history_20260529_20260701_20sat_omm.json,1F5A8BA23D1C8AE605C4142F44E424711D1D85014DB46C28BBC18C3ABC326A96,2026-06-06T04:27:42.000019Z,0.22750000527777778,data/orbit_uncertainty_stage1/june/sat000065405.csv,10707AFA6592FB845A94CB76E13C89BAD9EFA77F9A31B0B3C5036D80E7E87A62,54,False,SELECTED_FROZEN,1711.6769049597567,1721.1529494921717,1978.7113208770752,1999.5506973266602,596.6433963775635,1711.6769049597563,1711.6769049597563,10.238855793134436,10.238855793134436,5.572836592154153,5.572836592154153,180704416.0082817,1894.4469686539912,1.0483678321215838e-05,0.9999895163216788,FINITE_NONZERO,0.999045286099136,-0.018117292418933673,2.4170338791536774,0.8118895777775319,True,12.953627496576885,14.760629537535262,16.308879635496346,12df2f66a5a1dbfb39dbcf4397894ea5c99cac9aaa5e1ffb3eb60f274261e3b0,False,NOT_APPLICABLE_STAGE_A,COMPLETE
legit_segment_a7f13899ed0508011546f4a4,legit_pass_09cf12e66ad7f2dde2fbc93c,65405,STARLINK-34830,2026-06,CONFIRMATORY,controlled_example_station,52.21,5.16,14.0,11325000000.0,10.0,2026-06-02T23:14:10Z,2026-06-02T23:20:53Z,403.0,34.15156380787974,RISING_25_PERCENT,0.2506203473945409,2026-06-02T23:15:51Z,2026-06-02T23:15:21Z,2026-06-02T23:16:21Z,1.0,61,18.047774414325815,22.403679662131182,27.006491196707582,326744105,2026-06-02T20:00:03.000384Z,2026-06-02T22:46:37Z,3.2633332266666666,0.4872222222222222,0-6 h,data/orbit_uncertainty_stage1/raw/spacetrack_gp/spacetrack_gp_history_20260529_20260701_20sat_omm.json,1F5A8BA23D1C8AE605C4142F44E424711D1D85014DB46C28BBC18C3ABC326A96,2026-06-02T22:34:42.000010Z,0.6858333305555555,data/orbit_uncertainty_stage1/june/sat000065405.csv,10707AFA6592FB845A94CB76E13C89BAD9EFA77F9A31B0B3C5036D80E7E87A62,22,False,SELECTED_FROZEN,-178.48301737425757,182.48875740783265,241.51331520080566,248.40707969665527,-126.98951148986816,-178.4830173742575,178.4830173742575,-2.152002056208571,2.152002056208571,3.211558151153807,3.211558151153807,2031430.9413955428,629.1604512527899,0.0003097129409777387,0.9996902870590223,FINITE_NONZERO,0.9928669449675113,-0.01155931103422736,0.22330128156345802,0.995165507944493,True,18.07399591505934,22.432537777598345,27.036541882333236,259c9eac5ee408aab2ff01ee45fa75a3f1018e551dcdc28a2a8873ef22d47023,False,NOT_APPLICABLE_STAGE_A,COMPLETE
legit_segment_a826a3744fa397ae555ca5d8,legit_pass_eb643be83bafa9243352ba4b,58380,STARLINK-30915,2026-06,CONFIRMATORY,controlled_example_station,52.21,5.16,14.0,11325000000.0,10.0,2026-06-04T07:10:27Z,2026-06-04T07:16:26Z,359.0,23.507332888203226,RISING_25_PERCENT,0.25069637883008355,2026-06-04T07:11:57Z,2026-06-04T07:11:27Z,2026-06-04T07:12:27Z,1.0,61,15.45227182048058,18.24374593961344,20.882810719547724,326990331,2026-06-03T11:54:18.620640Z,2026-06-03T23:36:18Z,19.29399426666667,7.594166666666666,18-24 h,data/orbit_uncertainty_stage1/raw/spacetrack_gp/spacetrack_gp_history_20260529_20260701_20sat_omm.json,1F5A8BA23D1C8AE605C4142F44E424711D1D85014DB46C28BBC18C3ABC326A96,2026-06-04T08:06:41.999990Z,0.9124999972222222,data/orbit_uncertainty_stage1/june/sat000058380.csv,3EDD695EBC2FD369BB6D3F364CEB1C354CEB8FF41D75D9C0E85CB4203365E2E7,34,False,SELECTED_FROZEN,538.2324356954606,545.4445026876771,677.6777572631836,690.8927783966064,293.7486457824707,538.2324356954605,538.2324356954605,5.018060244535533,5.018060244535533,3.0761674247457433,3.0761674247457433,18148092.036244653,577.2311675290784,3.180671369619766e-05,0.9999681932863038,FINITE_NONZERO,0.9987892336169911,0.010604030434401501,0.9082789038150209,0.9128196684017321,True,15.401164977167452,18.194083062043223,20.838565709410716,9ba512bdd36648d0d47e51e3b8696d2f2d4cfa93d9f52f79f22570ad234d0a0b,False,NOT_APPLICABLE_STAGE_A,COMPLETE
legit_segment_a8e84cf7148a144b7558ed83,legit_pass_61df85e5cee011de18c21fbc,48309,STARLINK-2517,2026-06,CONFIRMATORY,controlled_example_station,52.21,5.16,14.0,11325000000.0,10.0,2026-06-01T13:16:22Z,2026-06-01T13:21:07Z,285.0,16.371305923593233,PEAK,0.4982456140350877,2026-06-01T13:18:44Z,2026-06-01T13:18:14Z,2026-06-01T13:19:14Z,1.0,61,15.978658255809824,16.23898729359701,16.371305923593233,326542819,2026-06-01T03:38:45.544992Z,2026-06-01T10:22:25Z,9.666237502222222,2.9386111111111113,9-12 h,data/orbit_uncertainty_stage1/raw/spacetrack_gp/spacetrack_gp_history_20260529_20260701_20sat_omm.json,1F5A8BA23D1C8AE605C4142F44E424711D1D85014DB46C28BBC18C3ABC326A96,2026-06-01T13:43:42.000010Z,0.4161111138888889,data/orbit_uncertainty_stage1/june/sat000048309.csv,79D62147447BEB30EC557417B61811EF138EF8094DC33D3F68D9F90E474F7689,6,False,SELECTED_FROZEN,765.7069077100911,765.765942257684,776.2899284362793,776.3765201568604,5.462179183959961,765.706907710091,765.706907710091,0.09395665139007124,0.09395665139007124,9.363395357626606,9.363395357626606,35770246.17762972,5348.063530016632,0.0001495115103054909,0.9998504884896945,FINITE_NONZERO,0.03026921880402811,-0.03377428206997801,0.21613988848769633,0.999467152265651,True,15.96453613868786,16.238579594543033,16.371295898681126,9e53ddaf7068622b11a1bd326915e1f31187e3c7566de24bef0e75e565b004ff,False,NOT_APPLICABLE_STAGE_A,COMPLETE
legit_segment_a8f000f8df88fcf56bbb8958,legit_pass_b08cf818976f97a8a1919b36,65421,STARLINK-35146,2026-06,CONFIRMATORY,controlled_example_station,52.21,5.16,14.0,11325000000.0,10.0,2026-06-08T01:26:02Z,2026-06-08T01:33:23Z,441.0,76.85408662189558,RISING_25_PERCENT,0.2494331065759637,2026-06-08T01:27:52Z,2026-06-08T01:27:22Z,2026-06-08T01:28:22Z,1.0,61,20.967349567707206,27.9397366645886,36.64314681337819,327936140,2026-06-07T14:05:05.186112Z,2026-06-08T00:36:35Z,11.379670524444444,0.8547222222222223,9-12 h,data/orbit_uncertainty_stage1/raw/spacetrack_gp/spacetrack_gp_history_20260529_20260701_20sat_omm.json,1F5A8BA23D1C8AE605C4142F44E424711D1D85014DB46C28BBC18C3ABC326A96,2026-06-08T00:52:41.999981Z,0.5861111163888889,data/orbit_uncertainty_stage1/june/sat000065421.csv,47F2014ECBC8E7384C87E8BF3D80DB676A195CA775414C519EDF2550466E6CB3,72,False,SELECTED_FROZEN,176.67348308250553,187.3783511491736,289.58099937438965,305.7647228240967,212.41900444030762,176.6734830825055,176.6734830825055,3.4884485598785564,3.4884485598785564,11.16477115098319,11.16477115098319,2141749.4352423633,7603.779006083419,0.003550265442335912,0.9964497345576641,FINITE_NONZERO,0.9680143553197966,0.03999673778852442,1.327916323123193,0.985853735708497,True,20.91301709521407,27.862989026057317,36.53553064269929,d2b7f1e6e3667f228b590d8026b69ec12b1be63907e0d325b436257524a5df7a,False,NOT_APPLICABLE_STAGE_A,COMPLETE
legit_segment_a9abcd59aacc458c381192e5,legit_pass_6c9927a71195d8254589bbf0,48672,STARLINK-2705,2026-06,CONFIRMATORY,controlled_example_station,52.21,5.16,14.0,11325000000.0,10.0,2026-06-01T15:09:51Z,2026-06-01T15:16:32Z,401.0,33.56896627265587,RISING_25_PERCENT,0.24937655860349128,2026-06-01T15:11:31Z,2026-06-01T15:11:01Z,2026-06-01T15:12:01Z,1.0,61,17.933370863825495,22.216236486098982,26.72019448940722,326542936,2026-06-01T03:58:06.459456Z,2026-06-01T10:22:25Z,11.223483484444445,4.818333333333333,9-12 h,data/orbit_uncertainty_stage1/raw/spacetrack_gp/spacetrack_gp_history_20260529_20260701_20sat_omm.json,1F5A8BA23D1C8AE605C4142F44E424711D1D85014DB46C28BBC18C3ABC326A96,2026-06-01T15:04:42.000010Z,0.11361110833333334,data/orbit_uncertainty_stage1/june/sat000048672.csv,9CCC0F6B332261080A38A7EF3636C88202FADE4135B08985F943785C7A1E9415,7,False,SELECTED_FROZEN,469.2903635931797,486.236375515272,683.418399810791,707.9181156158447,425.83460426330566,469.2903635931796,469.2903635931796,7.190808533638766,7.190808533638766,12.766049854973225,12.766049854973225,14421974.585327946,9941.293762879375,0.0006893157177653782,0.9993106842822346,FINITE_NONZERO,0.9899352563008014,0.04600014773127281,0.6512271825245678,0.997397732321784,True,17.883128554735826,22.159105972564802,26.6601715341673,0e62793e2c651b931d081cf01cad1710b7a3a74bdc01027a5ecb179b0665c15a,False,NOT_APPLICABLE_STAGE_A,COMPLETE
legit_segment_a9f302686ccc3c52ef187287,legit_pass_20babad8d66448dd46730760,48458,STARLINK-2698,2026-06,CONFIRMATORY,controlled_example_station,52.21,5.16,14.0,11325000000.0,10.0,2026-06-23T12:20:30Z,2026-06-23T12:27:35Z,425.0,47.09980869907898,SETTING_75_PERCENT,0.7505882352941177,2026-06-23T12:25:49Z,2026-06-23T12:25:19Z,2026-06-23T12:26:19Z,1.0,61,19.647646335733754,25.28773805138602,31.78012304330542,330964544,2026-06-22T09:28:26.857056Z,2026-06-23T03:40:42Z,26.95615081777778,8.751944444444444,24-36 h,data/orbit_uncertainty_stage1/raw/spacetrack_gp/spacetrack_gp_history_20260529_20260701_20sat_omm.json,1F5A8BA23D1C8AE605C4142F44E424711D1D85014DB46C28BBC18C3ABC326A96,2026-06-23T10:40:42.000038Z,1.7519444338888888,data/orbit_uncertainty_stage1/june/sat000048458.csv,091BB60895838155D6E08F3AB53CB4B529B9EB7F826CA2A0FB9BFADE0198C1C6,233,False,SELECTED_FROZEN,2943.953787850552,3072.1936052194214,4475.262956619263,4670.307281494141,-2959.5354652404785,2943.9537878505516,2943.9537878505516,-49.40854876683165,49.40854876683165,121.3927043348909,121.3927043348909,575740786.4250175,898907.5086100325,0.0015613059380275521,0.9984386940619725,FINITE_NONZERO,0.9808995405302217,0.4368762680581426,8.639333198598587,0.9949350486880002,True,20.228291709563194,26.01892444310224,32.66913530469074,a1dbc382e870d694b1b02729c9a71ebba9c4ef926e7a18e049cb9062b8a66c27,False,NOT_APPLICABLE_STAGE_A,COMPLETE
legit_segment_aab777e47e4a08598501797a,legit_pass_f9a43acd0845741223e01294,47383,STARLINK-2103,2026-06,CONFIRMATORY,controlled_example_station,52.21,5.16,14.0,11325000000.0,10.0,2026-06-01T11:24:03Z,2026-06-01T11:31:22Z,439.0,77.4982911722206,PEAK,0.5011389521640092,2026-06-01T11:27:43Z,2026-06-01T11:27:13Z,2026-06-01T11:28:13Z,1.0,61,62.31513206947889,71.3304260743847,77.4982911722206,326542126,2026-05-31T22:34:37.493472Z,2026-06-01T10:22:25Z,12.884862924444445,1.0883333333333334,12-18 h,data/orbit_uncertainty_stage1/raw/spacetrack_gp/spacetrack_gp_history_20260529_20260701_20sat_omm.json,1F5A8BA23D1C8AE605C4142F44E424711D1D85014DB46C28BBC18C3ABC326A96,2026-06-01T12:45:41.999990Z,1.2997222194444444,data/orbit_uncertainty_stage1/june/sat000047383.csv,6A97ABED011A96AE20108B2FFAB622CC78ED39D918CC694CBFCE03E18290B2FA,7,False,SELECTED_FROZEN,-8383.330856104367,8410.198573921547,9172.302602767944,9180.748636245728,126.13096809387207,-8383.330856104367,8383.330856104367,2.7820466778380646,2.7820466778380646,669.9287103326657,669.9287103326657,4314617843.220314,27377073.092607312,0.006345190718484074,0.993654809281516,FINITE_NONZERO,0.005317625649289726,2.4116527892917397,45.00749891344558,0.9954865090198981,True,60.78288951775252,71.24609776277663,77.4982243427741,dc6c855a8a793900b33ec441be09342e3edfa4422ae879d1479c555299e310dd,False,NOT_APPLICABLE_STAGE_A,COMPLETE
legit_segment_ab788c0fb356d7cba264a077,legit_pass_1e073aac0005f9ce687c1c9a,58380,STARLINK-30915,2026-06,CONFIRMATORY,controlled_example_station,52.21,5.16,14.0,11325000000.0,10.0,2026-06-08T03:33:08Z,2026-06-08T03:40:32Z,444.0,87.520854331077,RISING_25_PERCENT,0.25,2026-06-08T03:34:59Z,2026-06-08T03:34:29Z,2026-06-08T03:35:29Z,1.0,61,21.247268335810666,28.365277143029772,37.304712418433986,327914222,2026-06-07T17:46:56.152416Z,2026-06-08T00:36:35Z,9.800790995555557,2.973333333333333,9-12 h,data/orbit_uncertainty_stage1/raw/spacetrack_gp/spacetrack_gp_history_20260529_20260701_20sat_omm.json,1F5A8BA23D1C8AE605C4142F44E424711D1D85014DB46C28BBC18C3ABC326A96,2026-06-08T04:58:42.000038Z,1.3952777883333334,data/orbit_uncertainty_stage1/june/sat000058380.csv,3EDD695EBC2FD369BB6D3F364CEB1C354CEB8FF41D75D9C0E85CB4203365E2E7,73,False,SELECTED_FROZEN,7083.990908857252,7430.4702729886485,11120.418487548828,11693.071105957031,7629.871356964111,7083.99090885725,7083.99090885725,125.45405578048447,125.45405578048447,387.24416889892257,387.24416889892257,3367925197.1438484,9147440.827119254,0.0027160463168471476,0.9972839536831528,FINITE_NONZERO,0.9701811093847748,1.3874547844100675,45.61832944891944,0.9861225720632186,True,18.873301401223664,25.123792629846353,32.87134787942877,7af030f58d9f305b67ffaed26353235ebde4bc627372270fa77693d034177f7c,False,NOT_APPLICABLE_STAGE_A,COMPLETE
legit_segment_ab9189f0655712a69a9d9a96,legit_pass_2dd243d244c2fcfae2076afe,65407,STARLINK-35035,2026-06,CONFIRMATORY,controlled_example_station,52.21,5.16,14.0,11325000000.0,10.0,2026-06-03T21:56:46Z,2026-06-03T22:01:16Z,270.0,15.521301728387042,PEAK,0.4962962962962963,2026-06-03T21:59:00Z,2026-06-03T21:58:30Z,2026-06-03T21:59:30Z,1.0,61,15.160929772528998,15.39915555842676,15.521301728387042,326909558,2026-06-03T10:45:04.315104Z,2026-06-03T15:47:14Z,11.232134693333332,6.196111111111111,9-12 h,data/orbit_uncertainty_stage1/raw/spacetrack_gp/spacetrack_gp_history_20260529_20260701_20sat_omm.json,1F5A8BA23D1C8AE605C4142F44E424711D1D85014DB46C28BBC18C3ABC326A96,2026-06-03T21:19:42.000038Z,0.6549999894444444,data/orbit_uncertainty_stage1/june/sat000065407.csv,1D5D20428BDA125132468A3B81A5A0011425555B1C761A0A7A4BD8F31D76DA01,31,False,SELECTED_FROZEN,191.18222486777384,191.19509005381977,193.66402435302734,193.69344329833984,-0.10710716247558594,191.18222486777378,191.18222486777378,-0.0018267866040839727,0.0018267866040839727,2.21772874354157,2.21772874354157,2229889.310101983,300.0175675757586,0.00013454370412764453,0.9998654562958723,FINITE_NONZERO,0.00021029509351022657,-0.007999561834305315,0.05007304044794599,0.9994902102786924,True,15.158478746717243,15.39981017253863,15.521958631011776,0f3064b6526a0adc4fdcf6a8c53e951dc18326210ee09486b5364726a513de8b,False,NOT_APPLICABLE_STAGE_A,COMPLETE
legit_segment_abc985a51be0b4653f1e1c56,legit_pass_494f460adad84f6567ef42ba,65421,STARLINK-35146,2026-06,CONFIRMATORY,controlled_example_station,52.21,5.16,14.0,11325000000.0,10.0,2026-06-02T01:15:52Z,2026-06-02T01:23:14Z,442.0,87.1364657241297,RISING_25_PERCENT,0.251131221719457,2026-06-02T01:17:43Z,2026-06-02T01:17:13Z,2026-06-02T01:18:13Z,1.0,61,21.381705203135823,28.61732605764076,37.73033908779878,326554740,2026-06-01T03:02:59.084736Z,2026-06-01T10:22:25Z,22.245532017777776,14.921666666666667,18-24 h,data/orbit_uncertainty_stage1/raw/spacetrack_gp/spacetrack_gp_history_20260529_20260701_20sat_omm.json,1F5A8BA23D1C8AE605C4142F44E424711D1D85014DB46C28BBC18C3ABC326A96,2026-06-02T01:13:42.000038Z,0.06694443388888889,data/orbit_uncertainty_stage1/june/sat000065421.csv,47F2014ECBC8E7384C87E8BF3D80DB676A195CA775414C519EDF2550466E6CB3,12,False,SELECTED_FROZEN,1074.9425921205614,1151.1227630588098,1824.4241561889648,1933.8295860290527,1403.0719032287598,1074.9425921205611,1074.9425921205611,22.97943047413053,22.97943047413053,76.71524981060641,76.71524981060641,80830100.55356108,358999.0027637285,0.004441402402139067,0.9955585975978609,FINITE_NONZERO,0.9652956788431998,0.27462503711570463,9.57599328925782,0.9844186795702272,True,21.030576054215167,28.10931737862535,37.000590193311,b99cddf04d4c0b2d8a127ad28d124cf6acb2589f785e4bb866a2460de9aca02f,False,NOT_APPLICABLE_STAGE_A,COMPLETE
legit_segment_abf6443b89bb7b9250507016,legit_pass_202880fd00351c4afaee58f3,48458,STARLINK-2698,2026-06,CONFIRMATORY,controlled_example_station,52.21,5.16,14.0,11325000000.0,10.0,2026-06-01T18:50:42Z,2026-06-01T18:53:11Z,149.0,11.428843519999424,RISING_25_PERCENT,0.2483221476510067,2026-06-01T18:51:19Z,2026-06-01T18:50:49Z,2026-06-01T18:51:49Z,1.0,61,10.268554172561497,10.982357376661362,11.413934026210004,326577316,2026-06-01T09:13:09.424704Z,2026-06-01T18:19:01Z,9.635993137777778,0.5383333333333333,9-12 h,data/orbit_uncertainty_stage1/raw/spacetrack_gp/spacetrack_gp_history_20260529_20260701_20sat_omm.json,1F5A8BA23D1C8AE605C4142F44E424711D1D85014DB46C28BBC18C3ABC326A96,2026-06-01T18:15:42.000019Z,0.5936111058333333,data/orbit_uncertainty_stage1/june/sat000048458.csv,091BB60895838155D6E08F3AB53CB4B529B9EB7F826CA2A0FB9BFADE0198C1C6,8,False,SELECTED_FROZEN,-316.47497965077883,316.58911732158606,325.1304054260254,325.1657257080078,-26.783212661743164,-316.4749796507788,316.4749796507788,-0.46200731954266955,0.46200731954266955,2.4671288725313714,2.4671288725313714,6113948.821594119,371.29021729435283,6.072838162841287e-05,0.9999392716183716,FINITE_NONZERO,0.9157622066274246,0.008885356487313978,0.14824837526494902,0.9963892600331355,True,10.283163255037344,10.993652658449092,11.421479709158518,5795877691c1065077220ef2830035d2ed20d9b67eda0674bb553a0e141939db,False,NOT_APPLICABLE_STAGE_A,COMPLETE
legit_segment_abfbeb1256b56feef9dee274,legit_pass_f6f2778599e756a41c2c8561,47844,STARLINK-2446,2026-06,CONFIRMATORY,controlled_example_station,52.21,5.16,14.0,11325000000.0,10.0,2026-06-01T02:03:21Z,2026-06-01T02:10:42Z,441.0,77.76787166548536,RISING_25_PERCENT,0.2494331065759637,2026-06-01T02:05:11Z,2026-06-01T02:04:41Z,2026-06-01T02:05:41Z,1.0,61,21.183981248137876,28.28200886989269,37.16433250850499,326255106,2026-05-31T00:00:02.000160Z,2026-05-31T06:56:47Z,26.08583328888889,19.14,24-36 h,data/orbit_uncertainty_stage1/raw/spacetrack_gp/spacetrack_gp_history_20260529_20260701_20sat_omm.json,1F5A8BA23D1C8AE605C4142F44E424711D1D85014DB46C28BBC18C3ABC326A96,2026-06-01T02:27:41.999962Z,0.3752777672222222,data/orbit_uncertainty_stage1/june/sat000047844.csv,FE1F3D11E12AC1E3987E760842AEC279FE294DEAF66BE25CA508FB5254D084DD,3,False,SELECTED_FROZEN,625.0614435164655,666.3589647239994,1043.8859062194824,1104.3566074371338,786.1213531494141,625.0614435164654,625.0614435164654,12.89692315707316,12.89692315707316,42.07097992825051,42.07097992825051,27086090.461950455,107968.0084795187,0.00398610529013732,0.9960138947098627,FINITE_NONZERO,0.9668125697595963,0.15067968690950728,5.08558821351871,0.9853877488494605,True,20.99042407694499,28.00538090965047,36.77238131960036,d12257c7acf74406852bde692bc92db131fb0719c0d8ea490d3e33d204b6dea2,False,NOT_APPLICABLE_STAGE_A,COMPLETE
legit_segment_ac5ad4b8e2c08b93e0fd69ee,legit_pass_2bad02ee66ffec33f3b04a7c,65411,STARLINK-34983,2026-06,CONFIRMATORY,controlled_example_station,52.21,5.16,14.0,11325000000.0,10.0,2026-06-01T02:48:44Z,2026-06-01T02:56:06Z,442.0,75.29904140222048,RISING_25_PERCENT,0.251131221719457,2026-06-01T02:50:35Z,2026-06-01T02:50:05Z,2026-06-01T02:51:05Z,1.0,61,21.18729069830874,28.220058118436732,36.9910680908438,326367574,2026-05-31T09:14:51.463968Z,2026-05-31T16:26:43Z,17.595426675555558,10.397777777777778,12-18 h,data/orbit_uncertainty_stage1/raw/spacetrack_gp/spacetrack_gp_history_20260529_20260701_20sat_omm.json,1F5A8BA23D1C8AE605C4142F44E424711D1D85014DB46C28BBC18C3ABC326A96,2026-06-01T03:36:41.999990Z,0.7686111083333332,data/orbit_uncertainty_stage1/june/sat000065411.csv,26E105CAB95698D658010132E70DA6D62EE0D10BD67ED831612077EEE7C12C95,3,False,SELECTED_FROZEN,1814.7496139964119,1921.7788436622623,2956.787910461426,3119.7238216400146,2150.994972229004,1814.7496139964117,1814.7496139964117,35.34959045765201,35.34959045765201,111.99894345654195,111.99894345654195,225287269.36081955,765169.5634582826,0.003396417230450731,0.9966035827695493,FINITE_NONZERO,0.9686341430332918,0.40130817952337594,13.128537102467178,0.9862594277456835,True,20.633995104019554,27.44431299701007,35.91112407777575,9a57eb2d8d41d9e34dfdff9142e22c46d03e9547c9c74a37cea6569bca784240,False,NOT_APPLICABLE_STAGE_A,COMPLETE
legit_segment_ac8b673caa6659ea31cb3484,legit_pass_f0674fff2eec157853ebe729,65405,STARLINK-34830,2026-06,CONFIRMATORY,controlled_example_station,52.21,5.16,14.0,11325000000.0,10.0,2026-06-04T01:58:22Z,2026-06-04T02:05:44Z,442.0,77.80072032890958,SETTING_75_PERCENT,0.751131221719457,2026-06-04T02:03:54Z,2026-06-04T02:03:24Z,2026-06-04T02:04:24Z,1.0,61,21.074087451217405,28.102244544897243,36.886192027209454,326853902,2026-06-03T00:00:02.000160Z,2026-06-03T11:16:57Z,26.064444400000003,14.7825,24-36 h,data/orbit_uncertainty_stage1/raw/spacetrack_gp/spacetrack_gp_history_20260529_20260701_20sat_omm.json,1F5A8BA23D1C8AE605C4142F44E424711D1D85014DB46C28BBC18C3ABC326A96,2026-06-04T02:29:41.999971Z,0.42999999194444444,data/orbit_uncertainty_stage1/june/sat000065405.csv,10707AFA6592FB845A94CB76E13C89BAD9EFA77F9A31B0B3C5036D80E7E87A62,33,False,SELECTED_FROZEN,1995.7531582566558,2113.2595106181966,3251.418170928955,3430.726369857788,-2363.3451709747314,1995.7531582566553,1995.7531582566553,-38.83559188298106,38.83559188298106,123.66122871534735,123.66122871534735,272417811.31231385,932818.0687307563,0.0034242183513519438,0.996575781648648,FINITE_NONZERO,0.9683285250235157,0.4430996827083362,14.486495862849905,0.9862766677291482,True,21.68247803273819,28.95754416686064,38.08063145250931,20db88afd2c53ab812ab42f688410cd287a6c88d6e2aba704a5c29143856cd2f,False,NOT_APPLICABLE_STAGE_A,COMPLETE
legit_segment_ae8b0a0af12d5ec09128ef79,legit_pass_6214b893b09d33600c36eb60,47749,STARLINK-2163,2026-06,CONFIRMATORY,controlled_example_station,52.21,5.16,14.0,11325000000.0,10.0,2026-06-21T14:24:29Z,2026-06-21T14:30:00Z,331.0,77.5316101361961,RISING_25_PERCENT,0.25075528700906347,2026-06-21T14:25:52Z,2026-06-21T14:25:22Z,2026-06-21T14:26:22Z,1.0,61,18.458558940079655,27.08334335521063,39.01906710045831,330881914,2026-06-20T10:00:01.998720Z,2026-06-20T15:56:36Z,28.43055591111111,22.48777777777778,24-36 h,data/orbit_uncertainty_stage1/raw/spacetrack_gp/spacetrack_gp_history_20260529_20260701_20sat_omm.json,1F5A8BA23D1C8AE605C4142F44E424711D1D85014DB46C28BBC18C3ABC326A96,2026-06-21T13:30:41.999990Z,0.9194444472222223,data/orbit_uncertainty_stage1/june/sat000047749.csv,0CE3EE486737D6898F4E0960379BB2CF5D672CBD2C80BC161C0E3F96D2261670,212,False,SELECTED_FROZEN,-2198.9978622373987,2453.2408816473676,4288.524169921875,4644.323854446411,-3754.6638927459717,-2198.9978622373983,2198.9978622373983,-59.75236842913456,59.75236842913456,275.66666476939946,275.66666476939946,367121840.2265432,4635518.713970153,0.012626649264750012,0.98737335073525,FINITE_NONZERO,0.9357523166720909,-0.9790324340514189,48.59743668288474,0.9689216308097739,True,19.014127797794192,28.00077153537887,40.50961396204522,f0a7510e8b3b2b7dda7f30cd5a42ed59304d29242da2e096210a4aec2880544f,False,NOT_APPLICABLE_STAGE_A,COMPLETE
legit_segment_af31debb4b3f20271bb1f0bd,legit_pass_9f9beb6f74240be71c54c786,47383,STARLINK-2103,2026-06,CONFIRMATORY,controlled_example_station,52.21,5.16,14.0,11325000000.0,10.0,2026-06-01T13:01:51Z,2026-06-01T13:09:10Z,439.0,87.00507267961562,SETTING_75_PERCENT,0.7494305239179955,2026-06-01T13:07:20Z,2026-06-01T13:06:50Z,2026-06-01T13:07:50Z,1.0,61,21.172809846300122,28.382122382675863,37.47034441650023,326542126,2026-05-31T22:34:37.493472Z,2026-06-01T10:22:25Z,14.545140702222222,2.748611111111111,12-18 h,data/orbit_uncertainty_stage1/raw/spacetrack_gp/spacetrack_gp_history_20260529_20260701_20sat_omm.json,1F5A8BA23D1C8AE605C4142F44E424711D1D85014DB46C28BBC18C3ABC326A96,2026-06-01T12:45:41.999990Z,0.3605555583333333,data/orbit_uncertainty_stage1/june/sat000047383.csv,6A97ABED011A96AE20108B2FFAB622CC78ED39D918CC694CBFCE03E18290B2FA,7,False,SELECTED_FROZEN,-1694.7392677244593,1794.3100446761039,2762.647813796997,2916.654945373535,2006.8716125488281,-1694.7392677244588,1694.7392677244588,32.92486168827601,32.92486168827601,106.55013152865054,106.55013152865054,196392460.72195926,692528.7622551366,0.0035262492241775896,0.9964737507758225,FINITE_NONZERO,0.9673209835637516,-0.3815782898035849,12.964442331788815,0.9851952969721512,True,20.631676995579063,27.618570218340345,36.39634558942352,a824be49edf8c408704aa2ed75e833fbb7988b4e4e475f4e15e752fb3651961e,False,NOT_APPLICABLE_STAGE_A,COMPLETE
legit_segment_af7fbcefba4755f2f71d3c14,legit_pass_000782383df3dd27a022149f,48111,STARLINK-2448,2026-06,CONFIRMATORY,controlled_example_station,52.21,5.16,14.0,11325000000.0,10.0,2026-06-01T00:25:02Z,2026-06-01T00:30:40Z,338.0,22.57884478416862,PEAK,0.5,2026-06-01T00:27:51Z,2026-06-01T00:27:21Z,2026-06-01T00:28:21Z,1.0,61,21.83550936407156,22.324329084047374,22.57884478416862,326328513,2026-05-31T05:15:58.027104Z,2026-05-31T16:16:51Z,19.19804802666667,8.183333333333334,18-24 h,data/orbit_uncertainty_stage1/raw/spacetrack_gp/spacetrack_gp_history_20260529_20260701_20sat_omm.json,1F5A8BA23D1C8AE605C4142F44E424711D1D85014DB46C28BBC18C3ABC326A96,2026-06-01T03:01:42.000038Z,2.5641666772222225,data/orbit_uncertainty_stage1/june/sat000048111.csv,63E98DFF9634CD904EDA2CF3528E739282097399B04E926A453B20B62792D5D5,2,False,SELECTED_FROZEN,2516.433843612671,2516.9496738756757,2573.87624168396,2574.364543914795,12.364492416381836,2516.43384361267,2516.43384361267,0.22133377595656423,0.22133377595656423,50.80536453085184,50.80536453085184,386437175.31019515,157452.28897187702,0.0004074460197714913,0.9995925539802285,FINITE_NONZERO,0.005849116069233773,-0.18323794212875721,1.390280071865725,0.9992511661777562,True,21.763097145848498,22.315561831138286,22.57205997108983,c7478f3d819324fabea2fc340a6f4726c009c395cde7fbbd176c8da883216d52,False,NOT_APPLICABLE_STAGE_A,COMPLETE
legit_segment_afe37733561c8467cd8f3337,legit_pass_a9f5b7cd758426ab7b882de0,48672,STARLINK-2705,2026-06,CONFIRMATORY,controlled_example_station,52.21,5.16,14.0,11325000000.0,10.0,2026-06-02T19:31:57Z,2026-06-02T19:39:06Z,429.0,50.79550738458741,SETTING_75_PERCENT,0.7505827505827506,2026-06-02T19:37:19Z,2026-06-02T19:36:49Z,2026-06-02T19:37:49Z,1.0,61,20.019450805812507,25.99253213041568,32.98636635190063,326644700,2026-06-02T00:19:35.988672Z,2026-06-02T10:48:41Z,19.29528092444444,8.810555555555556,18-24 h,data/orbit_uncertainty_stage1/raw/spacetrack_gp/spacetrack_gp_history_20260529_20260701_20sat_omm.json,1F5A8BA23D1C8AE605C4142F44E424711D1D85014DB46C28BBC18C3ABC326A96,2026-06-02T21:13:42.000010Z,1.6063888916666667,data/orbit_uncertainty_stage1/june/sat000048672.csv,9CCC0F6B332261080A38A7EF3636C88202FADE4135B08985F943785C7A1E9415,20,False,SELECTED_FROZEN,371.3179070519619,388.01864295153723,569.163064956665,594.982255935669,-380.1301803588867,371.3179070519619,371.3179070519619,-6.326826583160291,6.326826583160291,16.509738046200205,16.509738046200205,9184066.503955103,16626.858471603184,0.0018104026647066257,0.9981895973352933,FINITE_NONZERO,0.9785063361714768,0.05937286569766442,1.3332150510512297,0.9934789121529782,True,20.099413457206676,26.094401642989336,33.11266475887395,9bde41f1002d8b2968e3b20ba1dfc7b638a10f7b8007942ff1592342ee2b4171,False,NOT_APPLICABLE_STAGE_A,COMPLETE
legit_segment_afe885c81c94174f58e00b11,legit_pass_e6606babbae9bf0102e1e69f,44714,STARLINK-1008,2026-06,CONFIRMATORY,controlled_example_station,52.21,5.16,14.0,11325000000.0,10.0,2026-06-01T20:06:23Z,2026-06-01T20:12:49Z,386.0,42.490693292269604,PEAK,0.49740932642487046,2026-06-01T20:09:35Z,2026-06-01T20:09:05Z,2026-06-01T20:10:05Z,1.0,61,39.09008333506829,41.29540752821582,42.490693292269604,326575989,2026-06-01T09:00:48.874752Z,2026-06-01T18:19:01Z,11.146145902222221,1.8427777777777778,9-12 h,data/orbit_uncertainty_stage1/raw/spacetrack_gp/spacetrack_gp_history_20260529_20260701_20sat_omm.json,1F5A8BA23D1C8AE605C4142F44E424711D1D85014DB46C28BBC18C3ABC326A96,2026-06-01T19:47:42.000029Z,0.36472221416666667,data/orbit_uncertainty_stage1/june/sat000044714.csv,F91F0DA10678FA8B4BBDEBC15B9D96435ECFD92205FFA13417B9E47754646E40,9,False,SELECTED_FROZEN,-1427.5743387566238,1429.6046823954646,1515.3479290008545,1516.387258529663,-5.910459518432617,-1427.5743387566233,1427.5743387566233,-0.10311270521659312,0.10311270521659312,76.14301845430236,76.14301845430236,124669942.42354925,353663.31481926603,0.0028367969692144625,0.9971632030307855,FINITE_NONZERO,0.0005681709879492569,0.2744101875713756,3.64565523799827,0.9977075967593945,True,39.1230025935867,41.283381489783295,42.47824992874204,a08f2df72cb7cfc7830be29d0929b999ed2447d930aa5524301b5f2388c61d4c,False,NOT_APPLICABLE_STAGE_A,COMPLETE
legit_segment_aff871e60596b8f707c71c27,legit_pass_d99cfc57dbf3badc5b29233a,47844,STARLINK-2446,2026-06,CONFIRMATORY,controlled_example_station,52.21,5.16,14.0,11325000000.0,10.0,2026-06-01T06:57:34Z,2026-06-01T07:02:27Z,293.0,17.00343903304425,PEAK,0.5017064846416383,2026-06-01T07:00:01Z,2026-06-01T06:59:31Z,2026-06-01T07:00:31Z,1.0,61,16.58946114612678,16.861162516157396,17.00343903304425,326474744,2026-06-01T04:54:53.155296Z,2026-06-01T06:47:07Z,2.0855124177777777,0.215,0-6 h,data/orbit_uncertainty_stage1/raw/spacetrack_gp/spacetrack_gp_history_20260529_20260701_20sat_omm.json,1F5A8BA23D1C8AE605C4142F44E424711D1D85014DB46C28BBC18C3ABC326A96,2026-06-01T06:58:42.000010Z,0.021944441666666665,data/orbit_uncertainty_stage1/june/sat000047844.csv,FE1F3D11E12AC1E3987E760842AEC279FE294DEAF66BE25CA508FB5254D084DD,5,False,SELECTED_FROZEN,126.1468270723937,126.2270651286612,130.33641624450684,130.35819816589355,-13.86259651184082,126.14682707239368,126.14682707239368,-0.23726850758779014,0.23726850758779014,1.6727593096636229,1.6727593096636229,971929.5902307117,170.6855461920455,0.00017561513499298755,0.999824384865007,FINITE_NONZERO,0.8618209870578427,-0.006031186126210869,0.062073558957465295,0.9986229605536959,True,16.579397634589146,16.849207072541073,16.99144225654276,a333e1a977a77c306718f97d2c5399b314d57bdb2e0eb25ea42d8f3dba9aab5a,False,NOT_APPLICABLE_STAGE_A,COMPLETE
legit_segment_b016c39580bd9a4bda617f56,legit_pass_a0874666c24a8b1f6c0f38e0,65410,STARLINK-35024,2026-06,CONFIRMATORY,controlled_example_station,52.21,5.16,14.0,11325000000.0,10.0,2026-06-04T03:15:48Z,2026-06-04T03:23:04Z,436.0,62.70669736010653,SETTING_75_PERCENT,0.75,2026-06-04T03:21:15Z,2026-06-04T03:20:45Z,2026-06-04T03:21:45Z,1.0,61,20.810527166975657,27.49536868016351,35.647043572511144,326989611,2026-06-03T14:20:01.542048Z,2026-06-03T23:06:29Z,13.020404986666666,4.246111111111111,12-18 h,data/orbit_uncertainty_stage1/raw/spacetrack_gp/spacetrack_gp_history_20260529_20260701_20sat_omm.json,1F5A8BA23D1C8AE605C4142F44E424711D1D85014DB46C28BBC18C3ABC326A96,2026-06-04T02:39:42.000019Z,0.6924999947222222,data/orbit_uncertainty_stage1/june/sat000065410.csv,480E0881CFF425F783D504E2B784746BB847F6C9A822B6001FD1AFCD7FF9CBC4,33,False,SELECTED_FROZEN,172.74517165637408,177.84626205256092,247.48718452453613,257.43903732299805,-143.01156044006348,172.74517165637403,172.74517165637403,-2.3736156643161954,2.3736156643161954,6.468592249708662,6.468592249708662,1929386.868490158,2552.4038272724492,0.0013229092977448493,0.9986770907022552,FINITE_NONZERO,0.9766032662971272,0.023244350962040805,0.5813189221135069,0.9919237571964982,True,20.86732138699625,27.565215342844706,35.732929070889746,63ebfe6a318aa661c2f3f0fd776113f103a59c3f7d67a909d9e59fe4a35c7f83,False,NOT_APPLICABLE_STAGE_A,COMPLETE
legit_segment_b0320114cbec725a5bfe2b91,legit_pass_4ae58a8c6e87b0282c39f8d3,48672,STARLINK-2705,2026-06,CONFIRMATORY,controlled_example_station,52.21,5.16,14.0,11325000000.0,10.0,2026-06-01T18:25:01Z,2026-06-01T18:32:23Z,442.0,79.61545201624905,SETTING_75_PERCENT,0.751131221719457,2026-06-01T18:30:33Z,2026-06-01T18:30:03Z,2026-06-01T18:31:03Z,1.0,61,21.007665163369744,28.031164573595504,36.82031588990159,326542936,2026-06-01T03:58:06.459456Z,2026-06-01T10:22:25Z,14.540705706666667,8.135555555555555,12-18 h,data/orbit_uncertainty_stage1/raw/spacetrack_gp/spacetrack_gp_history_20260529_20260701_20sat_omm.json,1F5A8BA23D1C8AE605C4142F44E424711D1D85014DB46C28BBC18C3ABC326A96,2026-06-01T18:30:41.999962Z,0.0024999894444444446,data/orbit_uncertainty_stage1/june/sat000048672.csv,9CCC0F6B332261080A38A7EF3636C88202FADE4135B08985F943785C7A1E9415,9,False,SELECTED_FROZEN,763.7661228179932,805.281870607457,1224.2667236328125,1289.813404083252,-868.0525817871094,763.7661228179929,763.7661228179929,-14.269617678109212,14.269617678109212,44.91530111219609,44.91530111219609,39557212.35887175,123060.44071395382,0.0031109482538234086,0.9968890517461766,FINITE_NONZERO,0.969030118877142,0.16094542231535947,5.247348646888269,0.9863513024380746,True,21.24535937146007,28.36221389447403,37.2795238934721,90699601e98b417de551159f66171cefac8dd4da62c7c24f99eaee916aef2249,False,NOT_APPLICABLE_STAGE_A,COMPLETE
legit_segment_b234b5db17280ac32a347803,legit_pass_41aed0bf12ed2ec2676f7e70,47383,STARLINK-2103,2026-06,CONFIRMATORY,controlled_example_station,52.21,5.16,14.0,11325000000.0,10.0,2026-06-05T12:27:46Z,2026-06-05T12:34:52Z,426.0,51.74536988375108,PEAK,0.5,2026-06-05T12:31:19Z,2026-06-05T12:30:49Z,2026-06-05T12:31:49Z,1.0,61,47.059478606348286,50.058511691569706,51.74536988375108,327259377,2026-06-04T17:17:09.580992Z,2026-06-05T11:08:39Z,19.235949724444442,1.3777777777777778,18-24 h,data/orbit_uncertainty_stage1/raw/spacetrack_gp/spacetrack_gp_history_20260529_20260701_20sat_omm.json,1F5A8BA23D1C8AE605C4142F44E424711D1D85014DB46C28BBC18C3ABC326A96,2026-06-05T11:20:41.999971Z,1.1769444525,data/orbit_uncertainty_stage1/june/sat000047383.csv,6A97ABED011A96AE20108B2FFAB622CC78ED39D918CC694CBFCE03E18290B2FA,49,False,SELECTED_FROZEN,304.47759834664765,305.3811328854476,327.85044860839844,328.1080684661865,50.53319549560547,304.47759834664765,304.47759834664765,0.9123858734768324,0.9123858734768324,17.11635337914278,17.11635337914278,5688715.815666364,17871.142732981243,0.0031415073826970307,0.996858492617303,FINITE_NONZERO,0.46832225271608463,-0.061606734688757325,1.189664865410047,0.9951691140683394,True,47.018934107318046,50.042640491105224,51.72761619888138,ca89625799c23fa1b7221973ccfcde45346cc6bdb8dfac63b259e7150839ee6d,False,NOT_APPLICABLE_STAGE_A,COMPLETE
legit_segment_b24688d2ad73588fef450fa3,legit_pass_a6531ee4ce3ea41c8deb63c9,65411,STARLINK-34983,2026-06,CONFIRMATORY,controlled_example_station,52.21,5.16,14.0,11325000000.0,10.0,2026-06-23T14:58:20Z,2026-06-23T15:04:16Z,356.0,23.368694293254148,RISING_25_PERCENT,0.25,2026-06-23T14:59:49Z,2026-06-23T14:59:19Z,2026-06-23T15:00:19Z,1.0,61,15.40165996715037,18.20098505669341,20.837380521642046,330975889,2026-06-22T12:07:29.976384Z,2026-06-23T03:40:42Z,26.871951004444448,11.31861111111111,24-36 h,data/orbit_uncertainty_stage1/raw/spacetrack_gp/spacetrack_gp_history_20260529_20260701_20sat_omm.json,1F5A8BA23D1C8AE605C4142F44E424711D1D85014DB46C28BBC18C3ABC326A96,2026-06-23T13:52:42.000010Z,1.1186111083333332,data/orbit_uncertainty_stage1/june/sat000065411.csv,26E105CAB95698D658010132E70DA6D62EE0D10BD67ED831612077EEE7C12C95,236,False,SELECTED_FROZEN,170.50144211190647,173.77096588421082,223.92426109313965,229.1336612701416,111.57357406616211,170.50144211190644,170.50144211190644,1.9036880602097785,1.9036880602097785,1.469037307334296,1.469037307334296,1841977.2636442252,131.6423072307399,7.146793276389019e-05,0.9999285320672361,FINITE_NONZERO,0.9980827491731709,0.005174405432795348,0.3182911438941311,0.9530556359944713,True,15.39100979154948,18.190496738569124,20.828326243915722,8543123c5fdea07f9756e1928b3d5698a14b30e12db2b6b39885b89575ce0f2f,False,NOT_APPLICABLE_STAGE_A,COMPLETE
legit_segment_b2576f1b3ff0adca741e1cc2,legit_pass_58a38fc5f067f19c3e353e6c,65410,STARLINK-35024,2026-06,CONFIRMATORY,controlled_example_station,52.21,5.16,14.0,11325000000.0,10.0,2026-06-02T02:39:48Z,2026-06-02T02:47:09Z,441.0,77.27028064793518,PEAK,0.5011337868480725,2026-06-02T02:43:29Z,2026-06-02T02:42:59Z,2026-06-02T02:43:59Z,1.0,61,62.38231456186855,71.24718777384257,77.27028064793518,326554735,2026-06-01T00:00:02.000160Z,2026-06-01T10:22:25Z,26.724166622222224,16.351111111111113,24-36 h,data/orbit_uncertainty_stage1/raw/spacetrack_gp/spacetrack_gp_history_20260529_20260701_20sat_omm.json,1F5A8BA23D1C8AE605C4142F44E424711D1D85014DB46C28BBC18C3ABC326A96,2026-06-02T04:39:41.999990Z,1.9369444416666668,data/orbit_uncertainty_stage1/june/sat000065410.csv,480E0881CFF425F783D504E2B784746BB847F6C9A822B6001FD1AFCD7FF9CBC4,12,False,SELECTED_FROZEN,8589.96259579893,8616.926151567603,9384.715631484985,9394.62801361084,279.773042678833,8589.962595798926,8589.962595798926,5.424248670964327,5.424248670964327,674.4167387566741,674.4167387566741,4529336394.395749,27745114.188426476,0.006125646622926073,0.993874353377074,FINITE_NONZERO,0.01965899726110265,-2.42792588579782,44.82565414203247,0.9955822962344824,True,61.26986351404728,71.21914934480898,77.29238128997328,19fc31c702e115ed3a1a8d48afff2af9e6adb2d2ad22ddae31fe44a1c9293a3e,False,NOT_APPLICABLE_STAGE_A,COMPLETE
legit_segment_b25e3fd14927f739660a8e98,legit_pass_84caa3448552e8e504364385,48458,STARLINK-2698,2026-06,CONFIRMATORY,controlled_example_station,52.21,5.16,14.0,11325000000.0,10.0,2026-06-05T23:15:05Z,2026-06-05T23:22:15Z,430.0,52.889988916867594,PEAK,0.5023255813953489,2026-06-05T23:18:41Z,2026-06-05T23:18:11Z,2026-06-05T23:19:11Z,1.0,61,47.96047079190591,51.13306603775363,52.889988916867594,327310944,2026-06-05T15:00:35.831808Z,2026-06-05T20:06:26Z,8.30143560888889,3.2041666666666666,6-9 h,data/orbit_uncertainty_stage1/raw/spacetrack_gp/spacetrack_gp_history_20260529_20260701_20sat_omm.json,1F5A8BA23D1C8AE605C4142F44E424711D1D85014DB46C28BBC18C3ABC326A96,2026-06-05T21:28:42.000038Z,1.833055545,data/orbit_uncertainty_stage1/june/sat000048458.csv,091BB60895838155D6E08F3AB53CB4B529B9EB7F826CA2A0FB9BFADE0198C1C6,51,False,SELECTED_FROZEN,1722.7749612526816,1725.5318931279535,1835.591381072998,1836.6528663635254,13.312307357788086,1722.7749612526814,1722.7749612526814,0.24363141435595786,0.24363141435595786,97.40814462908722,97.40814462908722,181625079.16630605,578789.1450449515,0.003186724805306099,0.9968132751946939,FINITE_NONZERO,0.00193551404272585,-0.3510089389684654,4.879566683628973,0.997490587989334,True,47.975349846497764,51.12388794933418,52.87996222220822,6d1a0b3556e4f3c1c402240bbbe2e20aef45f188ed3165a5e883999eaafe39ba,False,NOT_APPLICABLE_STAGE_A,COMPLETE
legit_segment_b2a855470e01a66cb25c0e2d,legit_pass_f9a43acd0845741223e01294,47383,STARLINK-2103,2026-06,CONFIRMATORY,controlled_example_station,52.21,5.16,14.0,11325000000.0,10.0,2026-06-01T11:24:03Z,2026-06-01T11:31:22Z,439.0,77.4982911722206,SETTING_75_PERCENT,0.7494305239179955,2026-06-01T11:29:32Z,2026-06-01T11:29:02Z,2026-06-01T11:30:02Z,1.0,61,21.155552999968446,28.256932921393535,37.15151790862896,326542126,2026-05-31T22:34:37.493472Z,2026-06-01T10:22:25Z,12.91514070222222,1.118611111111111,12-18 h,data/orbit_uncertainty_stage1/raw/spacetrack_gp/spacetrack_gp_history_20260529_20260701_20sat_omm.json,1F5A8BA23D1C8AE605C4142F44E424711D1D85014DB46C28BBC18C3ABC326A96,2026-06-01T12:45:41.999990Z,1.2694444416666668,data/orbit_uncertainty_stage1/june/sat000047383.csv,6A97ABED011A96AE20108B2FFAB622CC78ED39D918CC694CBFCE03E18290B2FA,7,False,SELECTED_FROZEN,-1502.1026649162418,1586.4443172685312,2423.744451522827,2555.242883682251,1736.1625804901123,-1502.1026649162413,1502.1026649162413,28.53045538453941,28.53045538453941,90.31733867808212,90.31733867808212,153525139.8794106,497590.52161937475,0.003241101242508017,0.996758898757492,FINITE_NONZERO,0.9686854664590854,-0.32360594963876466,10.619719112311174,0.9861744061098696,True,20.694553000424808,27.613595698555375,36.258208376057794,b8c9a454e9eda9d9f10136993730a413266347f370541e27d425c7dd20738d8b,False,NOT_APPLICABLE_STAGE_A,COMPLETE
legit_segment_b2d44a6eac2292d7f1fa99ff,legit_pass_6c96b3d16fe326ec5b012572,65409,STARLINK-35022,2026-06,CONFIRMATORY,controlled_example_station,52.21,5.16,14.0,11325000000.0,10.0,2026-06-01T23:17:58Z,2026-06-01T23:24:15Z,377.0,26.968527975723482,SETTING_75_PERCENT,0.7506631299734748,2026-06-01T23:22:41Z,2026-06-01T23:22:11Z,2026-06-01T23:23:11Z,1.0,61,16.366980018813724,19.709180319147908,23.01277218650789,326554235,2026-06-01T04:16:47.216928Z,2026-06-01T10:22:25Z,19.098273075555557,13.004444444444445,18-24 h,data/orbit_uncertainty_stage1/raw/spacetrack_gp/spacetrack_gp_history_20260529_20260701_20sat_omm.json,1F5A8BA23D1C8AE605C4142F44E424711D1D85014DB46C28BBC18C3ABC326A96,2026-06-02T00:24:42.000019Z,1.0336111163888888,data/orbit_uncertainty_stage1/june/sat000065409.csv,C82A923C1B14CF8F30B1B5DDBB30C6CB9AE3A8DB51A9A3F182BEC8348A9F0DF5,11,False,SELECTED_FROZEN,674.2334778895143,685.0690332632804,869.0055198669434,888.3901805877686,-403.77803802490234,674.2334778895141,674.2334778895141,-6.883698427431301,6.883698427431301,6.273226996619614,6.273226996619614,28628494.400513418,2400.5559940181456,8.38519818902909e-05,0.9999161480181097,FINITE_NONZERO,0.9973281337729263,0.022289609827588208,1.0900197379705823,0.9698083589969595,True,16.44227186839015,19.78632743556926,23.086330607519034,b746cf6176a5d36c53f45e0269852c56ac7a7dff1404e2a4eb2b42fcd6373e62,False,NOT_APPLICABLE_STAGE_A,COMPLETE
legit_segment_b35bad568ec1805b2ae981a2,legit_pass_2df2d7aa21ac00abcf427ecc,65405,STARLINK-34830,2026-06,CONFIRMATORY,controlled_example_station,52.21,5.16,14.0,11325000000.0,10.0,2026-06-03T00:51:26Z,2026-06-03T00:58:49Z,443.0,88.23165147601395,RISING_25_PERCENT,0.2505643340857788,2026-06-03T00:53:17Z,2026-06-03T00:52:47Z,2026-06-03T00:53:47Z,1.0,61,21.20942791782954,28.367956144083607,37.372484666045814,326744105,2026-06-02T20:00:03.000384Z,2026-06-02T22:46:37Z,4.887222115555556,2.111111111111111,0-6 h,data/orbit_uncertainty_stage1/raw/spacetrack_gp/spacetrack_gp_history_20260529_20260701_20sat_omm.json,1F5A8BA23D1C8AE605C4142F44E424711D1D85014DB46C28BBC18C3ABC326A96,2026-06-03T00:55:42.000038Z,0.04027778833333333,data/orbit_uncertainty_stage1/june/sat000065405.csv,10707AFA6592FB845A94CB76E13C89BAD9EFA77F9A31B0B3C5036D80E7E87A62,23,False,SELECTED_FROZEN,-98.37043793475041,103.17812862856645,154.46411323547363,162.42130661010742,-105.85238647460938,-98.37043793475038,98.37043793475038,-1.7408702624405217,1.7408702624405217,5.430294091207736,5.430294091207736,649389.2998648733,1798.7737289373451,0.00276994667037421,0.9972300533296258,FINITE_NONZERO,0.9695680019051358,-0.019460479548027987,0.6295465341634946,0.9865596996607262,True,21.241094506791633,28.41120445609797,37.431645143329966,280a9ef68cf31685596589f6686f778eb717a80731c02b2fc0c603fd9d0bfdb6,False,NOT_APPLICABLE_STAGE_A,COMPLETE
legit_segment_b3a441d5c66e5f62a843d361,legit_pass_86600b51c7fb2337d9c96587,60265,STARLINK-32120,2026-06,CONFIRMATORY,controlled_example_station,52.21,5.16,14.0,11325000000.0,10.0,2026-06-05T11:37:50Z,2026-06-05T11:45:17Z,447.0,80.36963726329927,SETTING_75_PERCENT,0.7494407158836689,2026-06-05T11:43:25Z,2026-06-05T11:42:55Z,2026-06-05T11:43:55Z,1.0,61,21.27876418385174,28.305351101878934,37.080632015447605,327266690,2026-06-05T06:38:59.086464Z,2026-06-05T11:08:39Z,5.073864871111111,0.5794444444444444,0-6 h,data/orbit_uncertainty_stage1/raw/spacetrack_gp/spacetrack_gp_history_20260529_20260701_20sat_omm.json,1F5A8BA23D1C8AE605C4142F44E424711D1D85014DB46C28BBC18C3ABC326A96,2026-06-05T12:15:42.000019Z,0.5380555608333334,data/orbit_uncertainty_stage1/june/sat000060265.csv,310CEC01430FB37300D0520AC911958B04898B003A2B2906A630DA9E075D20EF,49,False,SELECTED_FROZEN,1008.297944991315,1070.2359518490478,1657.023609161377,1749.8801651000977,-1220.678274154663,1008.2979449913148,1008.2979449913148,-20.05138901589978,20.05138901589978,64.04845276644394,64.04845276644394,69869704.55044448,250234.4624082994,0.0035814444045292235,0.9964185555954708,FINITE_NONZERO,0.9681358051959197,0.22946774067377973,7.5708918774915075,0.9860274136527378,True,21.595251197282806,28.75276983206739,37.709047319167446,0079daca23256a89d47a04c930f36c0f6ae8f4f67837f370e5a519e29ef1ac4d,False,NOT_APPLICABLE_STAGE_A,COMPLETE
legit_segment_b405ecba1cbf0fdaf5def1e0,legit_pass_6214b893b09d33600c36eb60,47749,STARLINK-2163,2026-06,CONFIRMATORY,controlled_example_station,52.21,5.16,14.0,11325000000.0,10.0,2026-06-21T14:24:29Z,2026-06-21T14:30:00Z,331.0,77.5316101361961,PEAK,0.4984894259818731,2026-06-21T14:27:14Z,2026-06-21T14:26:44Z,2026-06-21T14:27:44Z,1.0,61,54.24401827374786,67.22330460987895,77.5316101361961,330881914,2026-06-20T10:00:01.998720Z,2026-06-20T15:56:36Z,28.45333368888889,22.510555555555555,24-36 h,data/orbit_uncertainty_stage1/raw/spacetrack_gp/spacetrack_gp_history_20260529_20260701_20sat_omm.json,1F5A8BA23D1C8AE605C4142F44E424711D1D85014DB46C28BBC18C3ABC326A96,2026-06-21T13:30:41.999990Z,0.9422222250000001,data/orbit_uncertainty_stage1/june/sat000047749.csv,0CE3EE486737D6898F4E0960379BB2CF5D672CBD2C80BC161C0E3F96D2261670,212,False,SELECTED_FROZEN,-12705.627651277136,12859.341309105826,15150.495677947998,15179.889234542847,703.2081394195557,-12705.627651277133,12705.627651277133,16.05810535679036,16.05810535679036,1962.0773275806455,1962.0773275806455,10087122193.14861,234834593.8037665,0.023280633396438006,0.976719366603562,FINITE_NONZERO,0.020341949541781035,7.026479937267899,239.02651342986218,0.9851591110789202,True,52.23442045783553,67.15185823763237,77.54122251932347,071bc0418b29d3bd6bf8b4e750da4cf06fe01652adff5c47e1ac2177f4477970,False,NOT_APPLICABLE_STAGE_A,COMPLETE
legit_segment_b46466c14b9ab2998d9fe945,legit_pass_5868449e49b2dab9c3ada51a,65686,STARLINK-35137,2026-06,CONFIRMATORY,controlled_example_station,52.21,5.16,14.0,11325000000.0,10.0,2026-06-01T07:01:48Z,2026-06-01T07:08:42Z,414.0,41.49041409712999,PEAK,0.5,2026-06-01T07:05:15Z,2026-06-01T07:04:45Z,2026-06-01T07:05:45Z,1.0,61,38.80264520768721,40.55076868357741,41.49041409712999,326446506,2026-06-01T04:00:03.000096Z,2026-06-01T06:47:07Z,3.0866666400000002,0.3022222222222222,0-6 h,data/orbit_uncertainty_stage1/raw/spacetrack_gp/spacetrack_gp_history_20260529_20260701_20sat_omm.json,1F5A8BA23D1C8AE605C4142F44E424711D1D85014DB46C28BBC18C3ABC326A96,2026-06-01T07:49:42.000038Z,0.7408333438888889,data/orbit_uncertainty_stage1/june/sat000065686.csv,B6BC6FF15B3CA146A8A5647889EB05C3E5134E71663266D0DFF94290D3AA7A5B,5,False,SELECTED_FROZEN,-361.2364767418533,361.7062027868189,380.3960189819336,380.63280868530273,32.40280532836914,-361.2364767418532,361.2364767418532,0.5755689928608557,0.5755689928608557,15.39117634469649,15.39117634469649,7980714.0052020205,14450.186865686232,0.0018106383534439718,0.998189361646556,FINITE_NONZERO,0.3024182299783994,0.055466672076795676,0.7441504665315912,0.9976623586088423,True,38.78543913323178,40.55524644646159,41.494666687823965,464939b2d257ba18fb9449e53b3111960d9994753679d83786ebf50fae0b473c,False,NOT_APPLICABLE_STAGE_A,COMPLETE
legit_segment_b46fdae25e0720551b019690,legit_pass_38501824ea35468af65b234f,65409,STARLINK-35022,2026-06,CONFIRMATORY,controlled_example_station,52.21,5.16,14.0,11325000000.0,10.0,2026-06-05T21:15:16Z,2026-06-05T21:20:02Z,286.0,16.615617974570316,SETTING_75_PERCENT,0.7517482517482518,2026-06-05T21:18:51Z,2026-06-05T21:18:21Z,2026-06-05T21:19:21Z,1.0,61,12.756018540749189,14.43702947368002,15.846044539226066,327358356,2026-06-05T16:20:03.649056Z,2026-06-05T20:26:19Z,4.979819706666667,0.8755555555555555,0-6 h,data/orbit_uncertainty_stage1/raw/spacetrack_gp/spacetrack_gp_history_20260529_20260701_20sat_omm.json,1F5A8BA23D1C8AE605C4142F44E424711D1D85014DB46C28BBC18C3ABC326A96,2026-06-05T21:44:42.000029Z,0.4308333413888889,data/orbit_uncertainty_stage1/june/sat000065409.csv,C82A923C1B14CF8F30B1B5DDBB30C6CB9AE3A8DB51A9A3F182BEC8348A9F0DF5,52,False,SELECTED_FROZEN,144.01375576707184,144.4118258104043,159.09929847717285,160.06773567199707,-35.238386154174805,144.01375576707179,144.01375576707179,-0.6069513298732653,0.6069513298732653,0.7827576495393366,0.7827576495393366,1272141.301467568,37.375281812653164,2.937981949767395e-05,0.9999706201805023,FINITE_NONZERO,0.9946634403537954,-0.0027552268220381038,0.17193890538725587,0.9517504047896885,False,12.772505178328707,14.45286169411719,15.860616455363495,c83038f790042a02ff3d3b20699db630b584ee6a680c608f54e6cb2e42dc8ad8,False,NOT_APPLICABLE_STAGE_A,COMPLETE
legit_segment_b4b985c32e769a6ccc7015d0,legit_pass_ae5363473d74b915173f7aaa,48309,STARLINK-2517,2026-06,CONFIRMATORY,controlled_example_station,52.21,5.16,14.0,11325000000.0,10.0,2026-06-16T12:23:53Z,2026-06-16T12:31:18Z,445.0,86.60937313631744,PEAK,0.501123595505618,2026-06-16T12:27:36Z,2026-06-16T12:27:06Z,2026-06-16T12:28:06Z,1.0,61,65.01533810083676,76.38170249947866,86.60937313631744,329893571,2026-06-16T05:45:05.277888Z,2026-06-16T11:02:42Z,6.70853392,1.415,6-9 h,data/orbit_uncertainty_stage1/raw/spacetrack_gp/spacetrack_gp_history_20260529_20260701_20sat_omm.json,1F5A8BA23D1C8AE605C4142F44E424711D1D85014DB46C28BBC18C3ABC326A96,2026-06-16T12:10:42.000038Z,0.2816666561111111,data/orbit_uncertainty_stage1/june/sat000048309.csv,79D62147447BEB30EC557417B61811EF138EF8094DC33D3F68D9F90E474F7689,157,False,SELECTED_FROZEN,300.38037062472984,301.4273109554708,329.2321243286133,329.63772773742676,20.069902420043945,300.38037062472984,300.38037062472984,0.3721382237943243,0.3721382237943243,24.230679052336313,24.230679052336313,5542363.851180611,35814.674247577124,0.006461985392739604,0.9935380146072604,FINITE_NONZERO,0.06813819073236926,-0.08721677637053149,1.6701049571788353,0.9952493136340866,True,64.95444902449759,76.3721854387388,86.57790836552672,4d69d51e692c4495e55219b53c37c194c910211312d33f0b910998cc0fdb6186,False,NOT_APPLICABLE_STAGE_A,COMPLETE
legit_segment_b4cdf507f1a7d2392f12b1a6,legit_pass_5d4fdfbdff2ba531717b11bc,65421,STARLINK-35146,2026-06,CONFIRMATORY,controlled_example_station,52.21,5.16,14.0,11325000000.0,10.0,2026-06-09T00:55:06Z,2026-06-09T01:02:28Z,442.0,82.24679913181801,RISING_25_PERCENT,0.251131221719457,2026-06-09T00:56:57Z,2026-06-09T00:56:27Z,2026-06-09T00:57:27Z,1.0,61,21.243975918345775,28.379277207086925,37.338313543536835,328174083,2026-06-08T18:16:22.582272Z,2026-06-08T23:56:34Z,6.676227146666667,1.006388888888889,6-9 h,data/orbit_uncertainty_stage1/raw/spacetrack_gp/spacetrack_gp_history_20260529_20260701_20sat_omm.json,1F5A8BA23D1C8AE605C4142F44E424711D1D85014DB46C28BBC18C3ABC326A96,2026-06-08T23:06:41.999990Z,1.8375000027777777,data/orbit_uncertainty_stage1/june/sat000065421.csv,47F2014ECBC8E7384C87E8BF3D80DB676A195CA775414C519EDF2550466E6CB3,81,False,SELECTED_FROZEN,109.32136076004778,119.81593195861112,199.17050170898438,212.53003311157227,167.2623233795166,109.32136076004777,109.32136076004777,2.7319460193547305,2.7319460193547305,9.539582084917935,9.539582084917935,875707.3106177422,5551.221207648119,0.006339128542540283,0.9936608714574597,FINITE_NONZERO,0.9621558963929329,0.034127686383778943,1.2384588284760427,0.9831459433951679,True,21.207091307164706,28.323588330661504,37.25564249895735,4fc60ca28ccd828779b49f2259f417d11e8b42dcb3fa1491f0a1ceeac211c9e1,False,NOT_APPLICABLE_STAGE_A,COMPLETE
legit_segment_b4fc76c770177aa1c8e4788d,legit_pass_fe06729ee74cec8ff2f63574,60265,STARLINK-32120,2026-06,CONFIRMATORY,controlled_example_station,52.21,5.16,14.0,11325000000.0,10.0,2026-06-04T13:44:26Z,2026-06-04T13:51:53Z,447.0,76.77182789395238,RISING_25_PERCENT,0.2505592841163311,2026-06-04T13:46:18Z,2026-06-04T13:45:48Z,2026-06-04T13:46:48Z,1.0,61,21.17596721852268,28.122090689174662,36.763266112068976,327096411,2026-06-04T02:24:59.435424Z,2026-06-04T12:20:25Z,11.355156826666667,1.4313888888888888,9-12 h,data/orbit_uncertainty_stage1/raw/spacetrack_gp/spacetrack_gp_history_20260529_20260701_20sat_omm.json,1F5A8BA23D1C8AE605C4142F44E424711D1D85014DB46C28BBC18C3ABC326A96,2026-06-04T14:45:41.999962Z,0.9899999894444445,data/orbit_uncertainty_stage1/june/sat000060265.csv,310CEC01430FB37300D0520AC911958B04898B003A2B2906A630DA9E075D20EF,39,False,SELECTED_FROZEN,5036.733926991948,5322.0514709415465,8134.047527313232,8573.918174743652,5847.594310760498,5036.733926991946,5036.733926991946,96.15197791488386,96.15197791488386,299.2161800214416,299.2161800214416,1727778143.4204159,5461349.665584047,0.0031609091053625806,0.9968390908946374,FINITE_NONZERO,0.9697076591054082,1.0721859833057437,34.95242735062238,0.9863546545445807,True,19.546988095408878,25.861684013296824,33.63969297673395,1188689ae4a6f66252d924a956496130ce9aa994c7f471f43f477d8ee20f6a7d,False,NOT_APPLICABLE_STAGE_A,COMPLETE
legit_segment_b54f62232a2cd7f25a93d9ea,legit_pass_178d0b73c26dfe86d4994b7a,65407,STARLINK-35035,2026-06,CONFIRMATORY,controlled_example_station,52.21,5.16,14.0,11325000000.0,10.0,2026-06-01T22:55:07Z,2026-06-01T23:00:30Z,323.0,19.208411263265685,PEAK,0.4984520123839009,2026-06-01T22:57:48Z,2026-06-01T22:57:18Z,2026-06-01T22:58:18Z,1.0,61,18.697852596100326,19.03674036616139,19.208411263265685,326554234,2026-06-01T03:53:10.688064Z,2026-06-01T10:22:25Z,19.077031093333332,12.589722222222223,18-24 h,data/orbit_uncertainty_stage1/raw/spacetrack_gp/spacetrack_gp_history_20260529_20260701_20sat_omm.json,1F5A8BA23D1C8AE605C4142F44E424711D1D85014DB46C28BBC18C3ABC326A96,2026-06-01T22:55:41.999981Z,0.035000005277777774,data/orbit_uncertainty_stage1/june/sat000065407.csv,1D5D20428BDA125132468A3B81A5A0011425555B1C761A0A7A4BD8F31D76DA01,10,False,SELECTED_FROZEN,1330.619058984225,1330.7632520347036,1352.6210079193115,1352.8356170654297,-2.5094242095947266,1330.6190589842247,1330.6190589842247,-0.041588455656102884,0.041588455656102884,19.575920362165178,19.575920362165178,108026780.81092477,23376.21613957583,0.00021639278671545665,0.9997836072132845,FINITE_NONZERO,0.00139719069726707,-0.07060955263195458,0.4737826375830779,0.9994142478335061,True,18.66131222386684,19.027933514001415,19.20050028697911,eabee5bcb486de96fce8353b4e461478b992fdbd35544ae06c34cda2c4e664b0,False,NOT_APPLICABLE_STAGE_A,COMPLETE
legit_segment_b55fde9827fed5060efee2a2,legit_pass_a788ccfedc5f65dbc29a1d9c,47749,STARLINK-2163,2026-06,CONFIRMATORY,controlled_example_station,52.21,5.16,14.0,11325000000.0,10.0,2026-06-04T18:14:44Z,2026-06-04T18:15:48Z,64.0,10.36994742735458,RISING_25_PERCENT,0.46875,2026-06-04T18:15:14Z,2026-06-04T18:14:44Z,2026-06-04T18:15:44Z,1.0,61,10.020048301776253,10.259432259141253,10.36994742735458,327088644,2026-06-04T05:49:40.553472Z,2026-06-04T12:20:25Z,12.42595736888889,5.913611111111111,12-18 h,data/orbit_uncertainty_stage1/raw/spacetrack_gp/spacetrack_gp_history_20260529_20260701_20sat_omm.json,1F5A8BA23D1C8AE605C4142F44E424711D1D85014DB46C28BBC18C3ABC326A96,2026-06-04T18:38:42Z,0.39111111111111113,data/orbit_uncertainty_stage1/june/sat000047749.csv,0CE3EE486737D6898F4E0960379BB2CF5D672CBD2C80BC161C0E3F96D2261670,39,False,SELECTED_FROZEN,62.12026877481429,62.1816521708672,64.87979125976562,64.88970565795898,8.725362777709961,62.12026877481428,62.12026877481428,0.14946279278638697,0.14946279278638697,0.839609939804847,0.839609939804847,235860.02986862152,43.00163591216503,0.00018231845360198483,0.999817681546398,FINITE_NONZERO,0.9076096972328365,-0.003026298684342288,0.03752929642028309,0.9980020450000232,False,10.027065924828058,10.267159496790303,10.377749084712672,de3c31671c2390a7d8f429d16c92752de6cc591ae6885571ff129574b60c8742,False,NOT_APPLICABLE_STAGE_A,COMPLETE
legit_segment_b563c201f4e4d1cbca78de22,legit_pass_78f9997f2e5139b270aeb1e3,65409,STARLINK-35022,2026-06,CONFIRMATORY,controlled_example_station,52.21,5.16,14.0,11325000000.0,10.0,2026-06-02T05:49:18Z,2026-06-02T05:53:42Z,264.0,15.285967136498467,SETTING_75_PERCENT,0.75,2026-06-02T05:52:36Z,2026-06-02T05:52:06Z,2026-06-02T05:53:06Z,1.0,61,12.181768186818632,13.630868434429846,14.794027553245964,326554235,2026-06-01T04:16:47.216928Z,2026-06-01T10:22:25Z,25.596884186666667,19.503055555555555,24-36 h,data/orbit_uncertainty_stage1/raw/spacetrack_gp/spacetrack_gp_history_20260529_20260701_20sat_omm.json,1F5A8BA23D1C8AE605C4142F44E424711D1D85014DB46C28BBC18C3ABC326A96,2026-06-02T06:43:41.999981Z,0.8516666613888889,data/orbit_uncertainty_stage1/june/sat000065409.csv,C82A923C1B14CF8F30B1B5DDBB30C6CB9AE3A8DB51A9A3F182BEC8348A9F0DF5,14,False,SELECTED_FROZEN,2072.09437013845,2079.0887328179856,2314.0430545806885,2330.360397338867,-561.9417362213135,2072.094370138449,2072.094370138449,-9.656285430085154,9.656285430085154,11.37045276066125,11.37045276066125,263679207.4947725,7886.518954928171,2.9909521610969357e-05,0.999970090478389,FINITE_NONZERO,0.9955471765263043,-0.04006106567491585,2.4500681797806636,0.9535697712371335,True,12.276693964074683,13.703417668910395,14.837194262490396,22c0b41e5a5c494402d6c8dd96fa0fefe04e8ceec31cd316f9e90b497aba52e2,False,NOT_APPLICABLE_STAGE_A,COMPLETE
legit_segment_b5a3ac38f824dd00fe12bfc9,legit_pass_5e2bf59fdda8091ee99a5890,60265,STARLINK-32120,2026-06,CONFIRMATORY,controlled_example_station,52.21,5.16,14.0,11325000000.0,10.0,2026-06-15T08:28:59Z,2026-06-15T08:36:27Z,448.0,83.40503260978971,SETTING_75_PERCENT,0.75,2026-06-15T08:34:35Z,2026-06-15T08:34:05Z,2026-06-15T08:35:05Z,1.0,61,21.239032176786793,28.268705055322815,37.06024597759654,329605614,2026-06-15T03:28:51.248640Z,2026-06-15T07:16:55Z,5.095486488888889,1.2944444444444445,0-6 h,data/orbit_uncertainty_stage1/raw/spacetrack_gp/spacetrack_gp_history_20260529_20260701_20sat_omm.json,1F5A8BA23D1C8AE605C4142F44E424711D1D85014DB46C28BBC18C3ABC326A96,2026-06-15T09:04:42.000010Z,0.5019444472222222,data/orbit_uncertainty_stage1/june/sat000060265.csv,310CEC01430FB37300D0520AC911958B04898B003A2B2906A630DA9E075D20EF,147,False,SELECTED_FROZEN,348.64035081081704,372.34470986218463,585.778284072876,620.0654907226562,-445.1069622039795,348.640350810817,348.640350810817,-7.30054793668008,7.30054793668008,23.835030823938602,23.835030823938602,8457075.56070362,34654.63035706431,0.004097708493712581,0.9959022915062874,FINITE_NONZERO,0.9667587801188051,0.08535816261804285,2.9002625761954826,0.9851938139758837,True,21.35341806757111,28.432605107337338,37.29345155653362,dadd2a899e1ba5d488ae0828a122b7ee5e88f82573abd7e45c01b77b84ce1e61,False,NOT_APPLICABLE_STAGE_A,COMPLETE
legit_segment_b5d3ac863ba2d2536895e651,legit_pass_afff4c568c94550059908020,65686,STARLINK-35137,2026-06,CONFIRMATORY,controlled_example_station,52.21,5.16,14.0,11325000000.0,10.0,2026-06-01T10:16:58Z,2026-06-01T10:24:16Z,438.0,85.49954228427167,PEAK,0.5,2026-06-01T10:20:37Z,2026-06-01T10:20:07Z,2026-06-01T10:21:07Z,1.0,61,64.32913402290131,75.73221592902051,85.49954228427167,326446506,2026-06-01T04:00:03.000096Z,2026-06-01T06:47:07Z,6.342777751111111,3.558333333333333,6-9 h,data/orbit_uncertainty_stage1/raw/spacetrack_gp/spacetrack_gp_history_20260529_20260701_20sat_omm.json,1F5A8BA23D1C8AE605C4142F44E424711D1D85014DB46C28BBC18C3ABC326A96,2026-06-01T09:37:42.000038Z,0.7152777672222221,data/orbit_uncertainty_stage1/june/sat000065686.csv,B6BC6FF15B3CA146A8A5647889EB05C3E5134E71663266D0DFF94290D3AA7A5B,6,False,SELECTED_FROZEN,57.578760772454935,57.89598999709594,63.95448684692383,64.01164245605469,11.180646896362305,57.57876077245492,57.57876077245492,0.20757703140638048,0.20757703140638048,4.824377288554163,4.824377288554163,204468.6851223738,1419.75158956135,0.006943613828746606,0.9930563861712534,FINITE_NONZERO,0.3646364368411812,-0.017339297007295612,0.4233092841300916,0.9923010223533176,True,64.3197541314644,75.733736161891,85.50137711268782,9e210bf6373154d743f007f5ab7d7da618bbd6258865ae4cc1d070ab464a4c20,False,NOT_APPLICABLE_STAGE_A,COMPLETE
legit_segment_b5fb038fd0fbcb67b124b801,legit_pass_b6712841f184a4dd1b6a20e4,47767,STARLINK-2185,2026-06,CONFIRMATORY,controlled_example_station,52.21,5.16,14.0,11325000000.0,10.0,2026-06-06T22:41:26Z,2026-06-06T22:48:02Z,396.0,80.58388772678629,RISING_25_PERCENT,0.25,2026-06-06T22:43:05Z,2026-06-06T22:42:35Z,2026-06-06T22:43:35Z,1.0,61,20.105308349564538,27.749403525949027,37.66939207223009,327630762,2026-06-06T16:08:59.222688Z,2026-06-06T22:36:27Z,6.568271475555555,0.11055555555555556,6-9 h,data/orbit_uncertainty_stage1/raw/spacetrack_gp/spacetrack_gp_history_20260529_20260701_20sat_omm.json,1F5A8BA23D1C8AE605C4142F44E424711D1D85014DB46C28BBC18C3ABC326A96,2026-06-06T22:39:41.999990Z,0.05638889166666667,data/orbit_uncertainty_stage1/june/sat000047767.csv,6E26A6FFCB0389E48C81BEEAD935A847B2444F9441CBE4C1AD8107642DE7DD5F,61,False,SELECTED_FROZEN,221.02268688014297,235.119445689973,368.4251537322998,390.5479679107666,273.83062744140625,221.02268688014294,221.02268688014294,4.464049217752653,4.464049217752653,15.89111846604378,15.89111846604378,3372150.3782351697,15404.186412212093,0.004568060342633339,0.9954319396573666,FINITE_NONZERO,0.9607274164151727,0.05681178451272739,2.142776999872804,0.9818178589866858,True,20.04255698068818,27.658234000408306,37.53758830898719,836035109014520ea4c59e683881b76ce8f6a9e04d882bfdbe0246abb86145e6,False,NOT_APPLICABLE_STAGE_A,COMPLETE
legit_segment_b720f41d99cdbb3f43113c3d,legit_pass_e683ef90da1277934a641800,65411,STARLINK-34983,2026-06,CONFIRMATORY,controlled_example_station,52.21,5.16,14.0,11325000000.0,10.0,2026-06-01T04:26:36Z,2026-06-01T04:33:50Z,434.0,59.57238577178561,RISING_25_PERCENT,0.2511520737327189,2026-06-01T04:28:25Z,2026-06-01T04:27:55Z,2026-06-01T04:28:55Z,1.0,61,20.650857888347037,27.14569966396647,34.99392993378464,326367574,2026-05-31T09:14:51.463968Z,2026-05-31T16:26:43Z,19.22598223111111,12.028333333333334,18-24 h,data/orbit_uncertainty_stage1/raw/spacetrack_gp/spacetrack_gp_history_20260529_20260701_20sat_omm.json,1F5A8BA23D1C8AE605C4142F44E424711D1D85014DB46C28BBC18C3ABC326A96,2026-06-01T05:02:41.999971Z,0.5713888808333334,data/orbit_uncertainty_stage1/june/sat000065411.csv,26E105CAB95698D658010132E70DA6D62EE0D10BD67ED831612077EEE7C12C95,4,False,SELECTED_FROZEN,2371.730791029383,2496.909739030032,3764.1309700012207,3954.95304107666,2645.9987201690674,2371.7307910293825,2371.7307910293825,43.74512177098688,43.74512177098688,127.37440610670453,127.37440610670453,380308052.93664443,989678.599193177,0.002602307764853056,0.997397692235147,FINITE_NONZERO,0.9733789404702342,0.45721804263300925,12.867169985626472,0.9897952649698469,True,20.032702721398998,26.314237723265897,33.89385339637211,985195780796b300fe94321c3edb0c0ca0143984a3523155bb0fdc03a463adc9,False,NOT_APPLICABLE_STAGE_A,COMPLETE
legit_segment_b78b2e61792981101832412e,legit_pass_e0ad56b72a70760aee79b8f1,58380,STARLINK-30915,2026-06,CONFIRMATORY,controlled_example_station,52.21,5.16,14.0,11325000000.0,10.0,2026-06-03T01:09:16Z,2026-06-03T01:14:47Z,331.0,20.036369135811498,SETTING_75_PERCENT,0.7492447129909365,2026-06-03T01:13:24Z,2026-06-03T01:12:54Z,2026-06-03T01:13:54Z,1.0,61,14.246382396411583,16.47775995094655,18.478643121061737,326617437,2026-06-01T14:26:45.904416Z,2026-06-02T07:37:26Z,34.77724877333333,17.599444444444444,24-36 h,data/orbit_uncertainty_stage1/raw/spacetrack_gp/spacetrack_gp_history_20260529_20260701_20sat_omm.json,1F5A8BA23D1C8AE605C4142F44E424711D1D85014DB46C28BBC18C3ABC326A96,2026-06-03T00:14:41.999971Z,0.9783333413888888,data/orbit_uncertainty_stage1/june/sat000058380.csv,3EDD695EBC2FD369BB6D3F364CEB1C354CEB8FF41D75D9C0E85CB4203365E2E7,23,False,SELECTED_FROZEN,991.6067533649382,999.2989109886212,1179.327527999878,1195.1161785125732,-409.89184188842773,991.6067533649381,991.6067533649381,-7.027939410943449,7.027939410943449,1.6914938026576245,1.6914938026576245,60914497.1236857,174.5302283501782,2.865167350816308e-06,0.9999971348326492,FINITE_NONZERO,0.9998131720000029,-0.0021583757295786654,1.582178258354704,0.12507665888426678,False,14.3131673363898,16.536789451603113,18.524278767887168,a8ecf0c8b6dd29320b32f762c4b2604f4254af6a337d2f4c4feedb822a3f7584,False,NOT_APPLICABLE_STAGE_A,COMPLETE
legit_segment_b7ac6cd8d11c2df910f8b68e,legit_pass_36fc4ef48ddead76ffc19c47,45230,STARLINK-1227,2026-06,CONFIRMATORY,controlled_example_station,52.21,5.16,14.0,11325000000.0,10.0,2026-06-01T08:00:40Z,2026-06-01T08:06:59Z,379.0,32.952291047538935,PEAK,0.49868073878627966,2026-06-01T08:03:49Z,2026-06-01T08:03:19Z,2026-06-01T08:04:19Z,1.0,61,31.23924990808064,32.35712166169745,32.952291047538935,326471307,2026-05-31T19:20:28.438944Z,2026-06-01T06:47:07Z,12.72237807111111,1.2783333333333333,12-18 h,data/orbit_uncertainty_stage1/raw/spacetrack_gp/spacetrack_gp_history_20260529_20260701_20sat_omm.json,1F5A8BA23D1C8AE605C4142F44E424711D1D85014DB46C28BBC18C3ABC326A96,2026-06-01T07:53:41.999971Z,0.16861111916666668,data/orbit_uncertainty_stage1/june/sat000045230.csv,A086445B48BCEA5D6D786487B3F9BAAB43C341130589A86BCBB60E49241950E8,5,False,SELECTED_FROZEN,-492.80158461899055,493.2304817237424,514.0746746063232,514.3404903411865,36.3015251159668,-492.80158461899055,492.80158461899055,0.6389389597884191,0.6389389597884191,17.21484737669434,17.21484737669434,14839854.794187535,18077.40918237568,0.0012181661770340386,0.9987818338229659,FINITE_NONZERO,0.29925146234231637,0.06205736850368515,0.7182378456292426,0.9982592747965665,True,31.223196994422125,32.36239703418267,32.95740772969553,2700a3429375d212701573db3eac666b580102e7436733b667129bcf7713871b,False,NOT_APPLICABLE_STAGE_A,COMPLETE
legit_segment_b827d542f9b307733d457b7f,legit_pass_f951c4dd481fef1c39248d3a,65686,STARLINK-35137,2026-06,CONFIRMATORY,controlled_example_station,52.21,5.16,14.0,11325000000.0,10.0,2026-06-02T06:29:15Z,2026-06-02T06:35:59Z,404.0,36.280040450035095,RISING_25_PERCENT,0.25,2026-06-02T06:30:56Z,2026-06-02T06:30:26Z,2026-06-02T06:31:26Z,1.0,61,18.38607782562894,23.04190584819209,28.052162728657382,326589309,2026-06-01T14:00:01.999872Z,2026-06-01T18:19:01Z,16.515000035555556,12.198611111111111,12-18 h,data/orbit_uncertainty_stage1/raw/spacetrack_gp/spacetrack_gp_history_20260529_20260701_20sat_omm.json,1F5A8BA23D1C8AE605C4142F44E424711D1D85014DB46C28BBC18C3ABC326A96,2026-06-02T05:26:42Z,1.0705555555555555,data/orbit_uncertainty_stage1/june/sat000065686.csv,B6BC6FF15B3CA146A8A5647889EB05C3E5134E71663266D0DFF94290D3AA7A5B,14,False,SELECTED_FROZEN,-354.24389373279007,363.7742956319324,492.96862030029297,508.6656970977783,-276.69258880615234,-354.24389373278996,354.24389373278996,-4.676306326234236,4.676306326234236,7.998202919342027,7.998202919342027,8072236.02791302,3902.2462462772514,0.00048341577634544594,0.9995165842236545,FINITE_NONZERO,0.9906515808809443,-0.028815619620399247,0.43150536577923126,0.9970893662250793,True,18.435965681034396,23.098270208386186,28.112242929871385,ee03afc36fb9254a9057636ee7732b7927f5b04d5c2167578443fe64551eb353,False,NOT_APPLICABLE_STAGE_A,COMPLETE
legit_segment_b85abb5fd51ad345fe6f09ca,legit_pass_cf41a4224e417c48ae40568a,47767,STARLINK-2185,2026-06,CONFIRMATORY,controlled_example_station,52.21,5.16,14.0,11325000000.0,10.0,2026-06-08T01:04:53Z,2026-06-08T01:08:38Z,225.0,14.441099396709989,PEAK,0.5022222222222222,2026-06-08T01:06:46Z,2026-06-08T01:06:16Z,2026-06-08T01:07:16Z,1.0,61,14.047589708772838,14.306176661880842,14.441099396709989,327889566,2026-06-07T15:19:45.619680Z,2026-06-08T00:26:29Z,9.783438977777777,0.6713888888888889,9-12 h,data/orbit_uncertainty_stage1/raw/spacetrack_gp/spacetrack_gp_history_20260529_20260701_20sat_omm.json,1F5A8BA23D1C8AE605C4142F44E424711D1D85014DB46C28BBC18C3ABC326A96,2026-06-08T01:08:41.999971Z,0.032222214166666666,data/orbit_uncertainty_stage1/june/sat000047767.csv,6E26A6FFCB0389E48C81BEEAD935A847B2444F9441CBE4C1AD8107642DE7DD5F,71,False,SELECTED_FROZEN,-339.6928696241535,339.7738856571383,346.5540466308594,346.59185218811035,-19.042972564697266,-339.6928696241534,339.6928696241534,-0.32648178939779054,0.32648178939779054,4.690915670455917,4.690915670455917,7042223.895847555,1342.286079467062,0.00019060542512125192,0.9998093945748787,FINITE_NONZERO,0.6002614204692579,0.016918074355173673,0.1332164467141663,0.9991935073016522,True,14.030978580448913,14.295144130700631,14.430037619473266,5c1e7f8a8cfae4b01fdd52e1ca1f66cb223a220456277adac762cd68836d9e6b,False,NOT_APPLICABLE_STAGE_A,COMPLETE
legit_segment_b85f8831c462b44bd3912ab7,legit_pass_c24ebcca6b239d37e65a2112,65421,STARLINK-35146,2026-06,CONFIRMATORY,controlled_example_station,52.21,5.16,14.0,11325000000.0,10.0,2026-06-01T23:38:33Z,2026-06-01T23:45:18Z,405.0,35.20691915327895,PEAK,0.5012345679012346,2026-06-01T23:41:56Z,2026-06-01T23:41:26Z,2026-06-01T23:42:26Z,1.0,61,33.41506754904486,34.59191973473967,35.20691915327895,326554740,2026-06-01T03:02:59.084736Z,2026-06-01T10:22:25Z,20.649143128888888,13.325277777777778,18-24 h,data/orbit_uncertainty_stage1/raw/spacetrack_gp/spacetrack_gp_history_20260529_20260701_20sat_omm.json,1F5A8BA23D1C8AE605C4142F44E424711D1D85014DB46C28BBC18C3ABC326A96,2026-06-01T23:04:41.999981Z,0.6205555608333333,data/orbit_uncertainty_stage1/june/sat000065421.csv,47F2014ECBC8E7384C87E8BF3D80DB676A195CA775414C519EDF2550466E6CB3,11,False,SELECTED_FROZEN,4244.210156362565,4246.678522682405,4407.5858154296875,4408.742401123047,90.04669380187988,4244.210156362564,4244.210156362564,1.5831672729984438,1.5831672729984438,142.0620775239967,142.0620775239967,1100090986.9757328,1231079.666096477,0.001119070768392391,0.9988809292316077,FINITE_NONZERO,0.037072557041196164,-0.5122370639614902,5.060031938181605,0.9987313255517469,True,33.3517256714482,34.630022334715825,35.24855767814215,9a39c49dadef90cd4595ca0db01729fe3cedeb6c0b4f9a60c578645efb71962a,False,NOT_APPLICABLE_STAGE_A,COMPLETE
legit_segment_b86c770049ec17bc9c1b8b46,legit_pass_4ae58a8c6e87b0282c39f8d3,48672,STARLINK-2705,2026-06,CONFIRMATORY,controlled_example_station,52.21,5.16,14.0,11325000000.0,10.0,2026-06-01T18:25:01Z,2026-06-01T18:32:23Z,442.0,79.61545201624905,RISING_25_PERCENT,0.251131221719457,2026-06-01T18:26:52Z,2026-06-01T18:26:22Z,2026-06-01T18:27:22Z,1.0,61,21.276062069835824,28.396695156705665,37.3202628923441,326542936,2026-06-01T03:58:06.459456Z,2026-06-01T10:22:25Z,14.479316817777779,8.074166666666667,12-18 h,data/orbit_uncertainty_stage1/raw/spacetrack_gp/spacetrack_gp_history_20260529_20260701_20sat_omm.json,1F5A8BA23D1C8AE605C4142F44E424711D1D85014DB46C28BBC18C3ABC326A96,2026-06-01T18:30:41.999962Z,0.06388887833333334,data/orbit_uncertainty_stage1/june/sat000048672.csv,9CCC0F6B332261080A38A7EF3636C88202FADE4135B08985F943785C7A1E9415,9,False,SELECTED_FROZEN,641.4140887963968,685.1230301052009,1078.425380706787,1141.6731510162354,819.8547801971436,641.4140887963966,641.4140887963966,13.445242094426233,13.445242094426233,44.06162991678284,44.06162991678284,28633007.549212456,118427.06108633548,0.004136032894301835,0.9958639671056981,FINITE_NONZERO,0.9665164557059043,0.15779065882763454,5.3685158329847,0.9851547553315726,True,21.077302752513862,28.110646618587865,36.9124803626196,abcbfec0b46d0c5d7a4fac0a07e74edf7a09f1331d08ba6cc08a5da1e4a4d75d,False,NOT_APPLICABLE_STAGE_A,COMPLETE
legit_segment_b98d9972d84c53dd8f32345c,legit_pass_b60a7065cc86ebcc9061460d,60265,STARLINK-32120,2026-06,CONFIRMATORY,controlled_example_station,52.21,5.16,14.0,11325000000.0,10.0,2026-06-05T13:15:53Z,2026-06-05T13:23:20Z,447.0,75.80871671052242,RISING_25_PERCENT,0.2505592841163311,2026-06-05T13:17:45Z,2026-06-05T13:17:15Z,2026-06-05T13:18:15Z,1.0,61,21.252213478012273,28.21064235080779,36.86030308788058,327266690,2026-06-05T06:38:59.086464Z,2026-06-05T11:08:39Z,6.646087093333334,2.151666666666667,6-9 h,data/orbit_uncertainty_stage1/raw/spacetrack_gp/spacetrack_gp_history_20260529_20260701_20sat_omm.json,1F5A8BA23D1C8AE605C4142F44E424711D1D85014DB46C28BBC18C3ABC326A96,2026-06-05T12:15:42.000019Z,1.034166661388889,data/orbit_uncertainty_stage1/june/sat000060265.csv,310CEC01430FB37300D0520AC911958B04898B003A2B2906A630DA9E075D20EF,49,False,SELECTED_FROZEN,1159.4555098736873,1223.2048780175803,1861.0121898651123,1960.1932926177979,1324.8150939941406,1159.455509873687,1159.455509873687,21.800573567572506,21.800573567572506,67.53474504473745,67.53474504473745,91270040.58996621,278217.44908371905,0.0030482888720694285,0.9969517111279306,FINITE_NONZERO,0.9699726849901097,0.24206978578520832,7.7186419010636635,0.9869374713463259,True,20.898085418557944,27.7195066370171,36.18317129369693,826cf94c77fa857d537fe0154735b651f06e8f4b0360f92b3b5dc67eaba22fa6,False,NOT_APPLICABLE_STAGE_A,COMPLETE
legit_segment_b9aab2e95d74282c9e29e6fd,legit_pass_4246283c4a057610b87e168e,47844,STARLINK-2446,2026-06,CONFIRMATORY,controlled_example_station,52.21,5.16,14.0,11325000000.0,10.0,2026-06-03T01:01:29Z,2026-06-03T01:08:47Z,438.0,66.26076857058538,SETTING_75_PERCENT,0.7511415525114156,2026-06-03T01:06:58Z,2026-06-03T01:06:28Z,2026-06-03T01:07:28Z,1.0,61,20.674174965227685,27.357836622380326,35.5634534350675,326715966,2026-06-02T07:32:11.363424Z,2026-06-02T22:26:32Z,17.57962127111111,2.673888888888889,12-18 h,data/orbit_uncertainty_stage1/raw/spacetrack_gp/spacetrack_gp_history_20260529_20260701_20sat_omm.json,1F5A8BA23D1C8AE605C4142F44E424711D1D85014DB46C28BBC18C3ABC326A96,2026-06-03T00:27:41.999990Z,0.6544444472222223,data/orbit_uncertainty_stage1/june/sat000047844.csv,FE1F3D11E12AC1E3987E760842AEC279FE294DEAF66BE25CA508FB5254D084DD,23,False,SELECTED_FROZEN,2094.3567246296366,2211.991791613631,3372.3146629333496,3551.04966545105,-2416.2084999084473,2094.3567246296357,2094.3567246296357,-39.83049681122376,39.83049681122376,121.54163292362281,121.54163292362281,298467368.85613096,901114.480558181,0.003019139023510947,0.9969808609764891,FINITE_NONZERO,0.9708388830347369,0.43592533775854747,13.212677619086746,0.9881823385689857,True,21.263619747279655,28.166872031070334,36.66077940342955,c836249a7cd6aec275193dbd9a162d3cad753590aebf72b83d32e6c4965870a0,False,NOT_APPLICABLE_STAGE_A,COMPLETE
legit_segment_b9cc88ba430e195defc5cfb4,legit_pass_43ebc9c482a7e5cb19d15d9a,44714,STARLINK-1008,2026-06,CONFIRMATORY,controlled_example_station,52.21,5.16,14.0,11325000000.0,10.0,2026-06-05T21:49:28Z,2026-06-05T21:56:13Z,405.0,87.91491985419754,PEAK,0.5012345679012346,2026-06-05T21:52:51Z,2026-06-05T21:52:21Z,2026-06-05T21:53:21Z,1.0,61,62.10826592014761,75.17562476735752,87.91491985419754,327305531,2026-06-05T15:15:33.356736Z,2026-06-05T20:06:26Z,6.621567573333333,1.773611111111111,6-9 h,data/orbit_uncertainty_stage1/raw/spacetrack_gp/spacetrack_gp_history_20260529_20260701_20sat_omm.json,1F5A8BA23D1C8AE605C4142F44E424711D1D85014DB46C28BBC18C3ABC326A96,2026-06-05T21:48:41.999962Z,0.06916667722222222,data/orbit_uncertainty_stage1/june/sat000044714.csv,F91F0DA10678FA8B4BBDEBC15B9D96435ECFD92205FFA13417B9E47754646E40,52,False,SELECTED_FROZEN,678.7663915665423,682.9840741104823,764.9061908721924,765.7462310791016,-93.26446914672852,678.7663915665421,678.7663915665421,-1.7646358130912443,1.7646358130912443,69.12387363933207,69.12387363933207,28454501.974801715,291464.7043212872,0.010243184174490135,0.9897568158255099,FINITE_NONZERO,0.16807396712816114,-0.2483882465051792,6.220224512109313,0.99190240623701,True,62.23352922579976,75.1693557010845,87.9191125169669,3c2d5785fc21dae14d94b4d55c83ce7aefae8f295277fc7ddf191ce641341563,False,NOT_APPLICABLE_STAGE_A,COMPLETE
legit_segment_baa4d356a61a848a5e0698d1,legit_pass_8d5ab5d6e54215a809c3d0ab,65407,STARLINK-35035,2026-06,CONFIRMATORY,controlled_example_station,52.21,5.16,14.0,11325000000.0,10.0,2026-06-02T00:31:34Z,2026-06-02T00:38:55Z,441.0,65.80701523743932,SETTING_75_PERCENT,0.7505668934240363,2026-06-02T00:37:05Z,2026-06-02T00:36:35Z,2026-06-02T00:37:35Z,1.0,61,20.805009002624455,27.465444444700786,35.61987336234121,326554234,2026-06-01T03:53:10.688064Z,2026-06-01T10:22:25Z,20.731753315555554,14.244444444444444,18-24 h,data/orbit_uncertainty_stage1/raw/spacetrack_gp/spacetrack_gp_history_20260529_20260701_20sat_omm.json,1F5A8BA23D1C8AE605C4142F44E424711D1D85014DB46C28BBC18C3ABC326A96,2026-06-02T01:04:42.000038Z,0.4602777883333333,data/orbit_uncertainty_stage1/june/sat000065407.csv,1D5D20428BDA125132468A3B81A5A0011425555B1C761A0A7A4BD8F31D76DA01,11,False,SELECTED_FROZEN,656.0857555827156,692.9671717298595,1056.0905876159668,1111.8525981903076,-757.0834064483643,656.0857555827156,656.0857555827156,-12.486044481177615,12.486044481177615,37.75681810076877,37.75681810076877,29292413.56681212,86960.21609876693,0.0029686941262256246,0.9970313058737744,FINITE_NONZERO,0.9713480491028177,0.1354356210790968,4.064422450547177,0.9884120421216213,True,20.990986814129386,27.719007612918883,35.96177539299592,b33c7221cfba9503b7097b838f8af5ca19b4bb019ba0a8018439c70c5f0107e4,False,NOT_APPLICABLE_STAGE_A,COMPLETE
legit_segment_bb083857b7ff9ce14ea437c9,legit_pass_d7436fa3a64d949ab8c51e82,47767,STARLINK-2185,2026-06,CONFIRMATORY,controlled_example_station,52.21,5.16,14.0,11325000000.0,10.0,2026-06-14T22:21:03Z,2026-06-14T22:25:00Z,237.0,15.19624703890099,SETTING_75_PERCENT,0.7510548523206751,2026-06-14T22:24:01Z,2026-06-14T22:23:31Z,2026-06-14T22:24:31Z,1.0,61,11.92936089213447,13.525101171213194,14.782531525334845,329425925,2026-06-14T12:36:33.980256Z,2026-06-14T18:05:06Z,9.790838817777777,4.315277777777778,9-12 h,data/orbit_uncertainty_stage1/raw/spacetrack_gp/spacetrack_gp_history_20260529_20260701_20sat_omm.json,1F5A8BA23D1C8AE605C4142F44E424711D1D85014DB46C28BBC18C3ABC326A96,2026-06-14T22:13:42.000038Z,0.1719444338888889,data/orbit_uncertainty_stage1/june/sat000047767.csv,6E26A6FFCB0389E48C81BEEAD935A847B2444F9441CBE4C1AD8107642DE7DD5F,139,False,SELECTED_FROZEN,-903.2486724228155,906.4988958772103,1009.7183685302734,1016.0571727752686,251.22360801696777,-903.2486724228154,903.2486724228154,4.340715991221431,4.340715991221431,6.412584886340494,6.412584886340494,50126155.14182269,2508.3959403958743,5.0041658557270786e-05,0.9999499583414427,FINITE_NONZERO,0.9930090687291612,0.022573964541614977,1.405713628406521,0.9519462309880257,True,11.85953052699012,13.463483493841057,14.733136839316481,76722e44158a51d5cf2407b57ddc7889adf24cf9ba7eb5a20d4d5f0f8928dc25,False,NOT_APPLICABLE_STAGE_A,COMPLETE
legit_segment_bb87fcbb25a62c74843aa426,legit_pass_29a86345945c3ff203081f6a,48309,STARLINK-2517,2026-06,CONFIRMATORY,controlled_example_station,52.21,5.16,14.0,11325000000.0,10.0,2026-06-02T14:22:58Z,2026-06-02T14:30:12Z,434.0,53.81335105387985,RISING_25_PERCENT,0.2511520737327189,2026-06-02T14:24:47Z,2026-06-02T14:24:17Z,2026-06-02T14:25:17Z,1.0,61,20.388613179064297,26.553202885364776,33.845494985071475,326542819,2026-06-01T03:38:45.544992Z,2026-06-01T10:22:25Z,34.76707083555556,28.039444444444445,24-36 h,data/orbit_uncertainty_stage1/raw/spacetrack_gp/spacetrack_gp_history_20260529_20260701_20sat_omm.json,1F5A8BA23D1C8AE605C4142F44E424711D1D85014DB46C28BBC18C3ABC326A96,2026-06-02T14:43:42.000038Z,0.3152777883333333,data/orbit_uncertainty_stage1/june/sat000048309.csv,79D62147447BEB30EC557417B61811EF138EF8094DC33D3F68D9F90E474F7689,18,False,SELECTED_FROZEN,2582.264528399608,2702.300787922195,3986.950445175171,4172.867153167725,2692.2428073883057,2582.264528399608,2582.264528399608,44.71968618753032,44.71968618753032,119.94102981715287,119.94102981715287,445448202.45269996,877536.8886495483,0.001970008822165423,0.9980299911778345,FINITE_NONZERO,0.9773215262774386,0.43108953642111203,10.494411664479923,0.9923443751093627,True,19.79909973189536,25.786761087269596,32.87159995677205,923f566f098417a8c859a4e8a1af58f94deb2c2e35afc9b280838d134beb89e1,False,NOT_APPLICABLE_STAGE_A,COMPLETE
legit_segment_bbbfc5bbf1aba8e31bba74fa,legit_pass_46adb5c4e842cc698e919b75,47383,STARLINK-2103,2026-06,CONFIRMATORY,controlled_example_station,52.21,5.16,14.0,11325000000.0,10.0,2026-06-01T09:46:32Z,2026-06-01T09:53:37Z,425.0,50.31862709255336,PEAK,0.4988235294117647,2026-06-01T09:50:04Z,2026-06-01T09:49:34Z,2026-06-01T09:50:34Z,1.0,61,45.96341012865672,48.76614140689163,50.31862709255336,326474416,2026-05-31T22:34:37.492608Z,2026-06-01T06:47:07Z,11.257363164444444,3.049166666666667,9-12 h,data/orbit_uncertainty_stage1/raw/spacetrack_gp/spacetrack_gp_history_20260529_20260701_20sat_omm.json,1F5A8BA23D1C8AE605C4142F44E424711D1D85014DB46C28BBC18C3ABC326A96,2026-06-01T07:58:42.000038Z,1.8561111005555555,data/orbit_uncertainty_stage1/june/sat000047383.csv,6A97ABED011A96AE20108B2FFAB622CC78ED39D918CC694CBFCE03E18290B2FA,6,False,SELECTED_FROZEN,-5848.372858078754,5856.951336302589,6213.720792770386,6218.163951873779,6.265068054199219,-5848.372858078752,5848.372858078752,0.2013910755538789,0.2013910755538789,316.86163480484043,316.86163480484043,2092536616.304818,6124479.032282959,0.0029268204840774033,0.9970731795159226,FINITE_NONZERO,0.000125212716223011,1.1418914666309434,15.396979731420151,0.9976388055213171,True,45.53617535591051,48.70649176596078,50.269887947318765,83c6425dd7b021e1dc7b989d4ec4963022f2fa1eb7843b9910d64cecb1553bd2,False,NOT_APPLICABLE_STAGE_A,COMPLETE
legit_segment_bbd032602bbb3076dfc2da8a,legit_pass_62a1ebdef10a51b8b2425e51,48309,STARLINK-2517,2026-06,CONFIRMATORY,controlled_example_station,52.21,5.16,14.0,11325000000.0,10.0,2026-06-19T09:17:22Z,2026-06-19T09:24:48Z,446.0,84.14414233081143,PEAK,0.5,2026-06-19T09:21:05Z,2026-06-19T09:20:35Z,2026-06-19T09:21:35Z,1.0,61,64.70846207421316,75.38544238386474,84.14414233081143,330620351,2026-06-19T04:17:28.274208Z,2026-06-19T06:47:17Z,5.060201608888889,2.5633333333333335,0-6 h,data/orbit_uncertainty_stage1/raw/spacetrack_gp/spacetrack_gp_history_20260529_20260701_20sat_omm.json,1F5A8BA23D1C8AE605C4142F44E424711D1D85014DB46C28BBC18C3ABC326A96,2026-06-19T10:02:42.000029Z,0.6936111191666666,data/orbit_uncertainty_stage1/june/sat000048309.csv,79D62147447BEB30EC557417B61811EF138EF8094DC33D3F68D9F90E474F7689,189,False,SELECTED_FROZEN,-1269.5359653723044,1275.0400697311036,1398.0351066589355,1399.038137435913,187.7605152130127,-1269.5359653723044,1269.5359653723044,3.4785223508498997,3.4785223508498997,101.2648781416671,101.2648781416671,99169357.94461375,625529.108247848,0.006307685369882167,0.9936923146301179,FINITE_NONZERO,0.2678238186744871,0.3642357541198571,7.9567173530950015,0.9938262338837005,True,64.47722759008666,75.40058203692774,84.1488257919862,01c6f66963005241a6a37e65223f61848829ea71e285020980aac985e44f8909,False,NOT_APPLICABLE_STAGE_A,COMPLETE
legit_segment_bc609f29783bfb466dd8fdf4,legit_pass_55d066eb5f8e18979fd320ee,65693,STARLINK-35060,2026-06,CONFIRMATORY,controlled_example_station,52.21,5.16,14.0,11325000000.0,10.0,2026-06-01T06:40:46Z,2026-06-01T06:47:27Z,401.0,32.303925394422905,SETTING_75_PERCENT,0.7506234413965087,2026-06-01T06:45:47Z,2026-06-01T06:45:17Z,2026-06-01T06:46:17Z,1.0,61,17.624568562520167,21.683740698516047,25.911493929092313,326373484,2026-05-31T16:20:22.936992Z,2026-05-31T23:46:29Z,14.423350835555555,6.988333333333333,12-18 h,data/orbit_uncertainty_stage1/raw/spacetrack_gp/spacetrack_gp_history_20260529_20260701_20sat_omm.json,1F5A8BA23D1C8AE605C4142F44E424711D1D85014DB46C28BBC18C3ABC326A96,2026-06-01T06:35:42.000029Z,0.16805554749999999,data/orbit_uncertainty_stage1/june/sat000065693.csv,D31425DC1D7BF768E17AFC34A7D7E516943AB5AC5C7598CCE830821EDB62E3E7,5,False,SELECTED_FROZEN,1207.011055117748,1237.443090117695,1659.2410488128662,1708.8398551940918,-911.1335620880127,1207.0110551177474,1207.0110551177474,-15.435331838235605,15.435331838235605,23.073333679200307,23.073333679200307,93407189.47808182,32475.102351374866,0.0003476724065120834,0.9996523275934879,FINITE_NONZERO,0.9928433825363208,0.08305828057234876,1.5607955172431922,0.9954241547928749,True,17.777856852112,21.850533146992948,26.081630070994375,dc45fa09e4a4a68938905f219b71f7830ec51868975f991bcef6c7af77d14c6c,False,NOT_APPLICABLE_STAGE_A,COMPLETE
legit_segment_bcb96da82e73f4fd13e0412b,legit_pass_fc75840e860f341c98a95b10,48309,STARLINK-2517,2026-06,CONFIRMATORY,controlled_example_station,52.21,5.16,14.0,11325000000.0,10.0,2026-06-02T12:47:11Z,2026-06-02T12:51:24Z,253.0,14.651728997013045,SETTING_75_PERCENT,0.7509881422924901,2026-06-02T12:50:21Z,2026-06-02T12:49:51Z,2026-06-02T12:50:51Z,1.0,61,11.860854020017022,13.192821834138233,14.244919604142774,326542819,2026-06-01T03:38:45.544992Z,2026-06-01T10:22:25Z,33.19318194666667,26.465555555555557,24-36 h,data/orbit_uncertainty_stage1/raw/spacetrack_gp/spacetrack_gp_history_20260529_20260701_20sat_omm.json,1F5A8BA23D1C8AE605C4142F44E424711D1D85014DB46C28BBC18C3ABC326A96,2026-06-02T12:44:42.000029Z,0.09416665861111112,data/orbit_uncertainty_stage1/june/sat000048309.csv,79D62147447BEB30EC557417B61811EF138EF8094DC33D3F68D9F90E474F7689,17,False,SELECTED_FROZEN,3840.543507747963,3853.066726259095,4281.514644622803,4311.480369567871,-1024.5430183410645,3840.543507747963,3840.543507747963,-17.590424615727873,17.590424615727873,20.678981354462465,20.678981354462465,905613515.0173038,26084.836461350584,2.880349732948958e-05,0.9999711965026705,FINITE_NONZERO,0.9955617460926527,-0.0729987056153476,4.27453679447917,0.9572712846062819,True,12.036243194277576,13.326881137170421,14.325541872199272,1fc883d9d47b2c9b842d352b8ec6be07a66ba7f5ae413451868b976b8a59cacb,False,NOT_APPLICABLE_STAGE_A,COMPLETE
legit_segment_bd4082dbec574f82eac60f5e,legit_pass_1e7267cd018b59e0434b02d1,48458,STARLINK-2698,2026-06,CONFIRMATORY,controlled_example_station,52.21,5.16,14.0,11325000000.0,10.0,2026-06-01T22:03:03Z,2026-06-01T22:10:26Z,443.0,80.05559584257738,RISING_25_PERCENT,0.2505643340857788,2026-06-01T22:04:54Z,2026-06-01T22:04:24Z,2026-06-01T22:05:24Z,1.0,61,21.171422284867255,28.263424509167578,37.14923034364805,326577316,2026-06-01T09:13:09.424704Z,2026-06-01T18:19:01Z,12.862382026666667,3.7647222222222223,12-18 h,data/orbit_uncertainty_stage1/raw/spacetrack_gp/spacetrack_gp_history_20260529_20260701_20sat_omm.json,1F5A8BA23D1C8AE605C4142F44E424711D1D85014DB46C28BBC18C3ABC326A96,2026-06-01T21:40:42.000010Z,0.40333333055555554,data/orbit_uncertainty_stage1/june/sat000048458.csv,091BB60895838155D6E08F3AB53CB4B529B9EB7F826CA2A0FB9BFADE0198C1C6,9,False,SELECTED_FROZEN,-146.79583214931802,151.76676907321286,215.23280715942383,224.53912925720215,-130.62016487121582,-146.795832149318,146.795832149318,-2.1605996662948836,2.1605996662948836,6.082489123144294,6.082489123144294,1405022.283890237,2256.797109923287,0.0016062358126268635,0.9983937641873731,FINITE_NONZERO,0.9750719088680451,-0.021831455972722402,0.6198848451454241,0.9896137360365125,True,21.215200281909105,28.320876781116205,37.2246265432046,cafb7c01fb04e4f2085cccbf813b5fdcd15ac2f9943e572f6fa2b3b63c0fb806,False,NOT_APPLICABLE_STAGE_A,COMPLETE
legit_segment_bd4c437c1f80b9db9b02ba80,legit_pass_c24ebcca6b239d37e65a2112,65421,STARLINK-35146,2026-06,CONFIRMATORY,controlled_example_station,52.21,5.16,14.0,11325000000.0,10.0,2026-06-01T23:38:33Z,2026-06-01T23:45:18Z,405.0,35.20691915327895,SETTING_75_PERCENT,0.7506172839506173,2026-06-01T23:43:37Z,2026-06-01T23:43:07Z,2026-06-01T23:44:07Z,1.0,61,18.188483379725728,22.65155770452993,27.415009771270306,326554740,2026-06-01T03:02:59.084736Z,2026-06-01T10:22:25Z,20.677198684444445,13.353333333333333,18-24 h,data/orbit_uncertainty_stage1/raw/spacetrack_gp/spacetrack_gp_history_20260529_20260701_20sat_omm.json,1F5A8BA23D1C8AE605C4142F44E424711D1D85014DB46C28BBC18C3ABC326A96,2026-06-01T23:04:41.999981Z,0.6486111163888889,data/orbit_uncertainty_stage1/june/sat000065421.csv,47F2014ECBC8E7384C87E8BF3D80DB676A195CA775414C519EDF2550466E6CB3,11,False,SELECTED_FROZEN,1843.5610042321878,1892.4838226883064,2559.132276535034,2639.7170810699463,-1429.8017463684082,1843.5610042321875,1843.5610042321875,-24.172996703258352,24.172996703258352,40.42739455460248,40.42739455460248,218471196.16735366,99696.82805888365,0.00045633854626087056,0.9995436614537391,FINITE_NONZERO,0.9910581380908388,0.1456387373746857,2.2394523505381727,0.9969314574735567,True,18.46490476529046,22.962814445992542,27.747177501706872,74d55bfdd563c54b1d1ee71bab85cfa329147b431a70ea85f9780412d44c470f,False,NOT_APPLICABLE_STAGE_A,COMPLETE
legit_segment_bd931f6ded695de4be812dce,legit_pass_ef95fe1c88ef183d7c634b66,65405,STARLINK-34830,2026-06,CONFIRMATORY,controlled_example_station,52.21,5.16,14.0,11325000000.0,10.0,2026-06-03T02:29:22Z,2026-06-03T02:36:44Z,442.0,80.0785929384643,RISING_25_PERCENT,0.251131221719457,2026-06-03T02:31:13Z,2026-06-03T02:30:43Z,2026-06-03T02:31:43Z,1.0,61,21.28542608271198,28.408332173709447,37.33628100624078,326744105,2026-06-02T20:00:03.000384Z,2026-06-02T22:46:37Z,6.519444337777778,3.743333333333333,6-9 h,data/orbit_uncertainty_stage1/raw/spacetrack_gp/spacetrack_gp_history_20260529_20260701_20sat_omm.json,1F5A8BA23D1C8AE605C4142F44E424711D1D85014DB46C28BBC18C3ABC326A96,2026-06-03T02:53:42Z,0.37472222222222223,data/orbit_uncertainty_stage1/june/sat000065405.csv,10707AFA6592FB845A94CB76E13C89BAD9EFA77F9A31B0B3C5036D80E7E87A62,24,False,SELECTED_FROZEN,-4.555380805594022,5.032281578281419,8.525421142578125,9.134971618652344,-7.2987518310546875,-4.555380805594021,4.555380805594021,-0.11868988210596407,0.11868988210596407,0.4531051574353611,0.4531051574353611,1544.7553308697425,12.523561305365925,0.008107148786024771,0.9918928512139752,FINITE_NONZERO,0.9550988718978268,-0.0016199758800987119,0.06090260798835747,0.9819335106260986,False,21.288068086924948,28.41180704468044,37.34096959578218,3270030ea4bb689419b6e3e0a314103a71500deda6c734fdd9ed9305152bee5a,False,NOT_APPLICABLE_STAGE_A,COMPLETE
legit_segment_bdb1d5913e56486507ee23b8,legit_pass_9d5ad6cc126512214c89144f,47767,STARLINK-2185,2026-06,CONFIRMATORY,controlled_example_station,52.21,5.16,14.0,11325000000.0,10.0,2026-06-04T02:49:28Z,2026-06-04T02:52:00Z,152.0,11.745492955602526,PEAK,0.5,2026-06-04T02:50:44Z,2026-06-04T02:50:14Z,2026-06-04T02:51:14Z,1.0,61,11.44927661553158,11.644363847305717,11.745492955602526,326929965,2026-06-03T07:46:37.333344Z,2026-06-03T21:59:02Z,19.068518515555557,4.861666666666666,18-24 h,data/orbit_uncertainty_stage1/raw/spacetrack_gp/spacetrack_gp_history_20260529_20260701_20sat_omm.json,1F5A8BA23D1C8AE605C4142F44E424711D1D85014DB46C28BBC18C3ABC326A96,2026-06-04T02:49:41.999981Z,0.0172222275,data/orbit_uncertainty_stage1/june/sat000047767.csv,6E26A6FFCB0389E48C81BEEAD935A847B2444F9441CBE4C1AD8107642DE7DD5F,33,False,SELECTED_FROZEN,577.1757760595103,577.3047790765281,588.1465930938721,588.1984367370605,-34.42905235290527,577.1757760595102,577.1757760595102,-0.5890494365278603,0.5890494365278603,6.431789075528561,6.431789075528561,20330129.284620535,2523.4425534374013,0.0001241232910085993,0.9998758767089914,FINITE_NONZERO,0.7222352709851931,-0.023196359402975153,0.18538002827608355,0.9991692653969687,True,11.438652465467339,11.641448855793906,11.742704552970007,f93b3c846af53d0d5aa510235a385bf0b2160362d98f77488d79be6dddef3346,False,NOT_APPLICABLE_STAGE_A,COMPLETE
legit_segment_bdb3ecf9eb62a7de33f9a6ab,legit_pass_5d2b848a2d538aa5c8be9f50,65410,STARLINK-35024,2026-06,CONFIRMATORY,controlled_example_station,52.21,5.16,14.0,11325000000.0,10.0,2026-06-02T01:01:53Z,2026-06-02T01:09:15Z,442.0,85.9881941889636,PEAK,0.5,2026-06-02T01:05:34Z,2026-06-02T01:05:04Z,2026-06-02T01:06:04Z,1.0,61,64.61270196928346,76.04399164521304,85.9881941889636,326554735,2026-06-01T00:00:02.000160Z,2026-06-01T10:22:25Z,25.092222177777778,14.719166666666666,24-36 h,data/orbit_uncertainty_stage1/raw/spacetrack_gp/spacetrack_gp_history_20260529_20260701_20sat_omm.json,1F5A8BA23D1C8AE605C4142F44E424711D1D85014DB46C28BBC18C3ABC326A96,2026-06-02T00:29:42Z,0.5977777777777777,data/orbit_uncertainty_stage1/june/sat000065410.csv,480E0881CFF425F783D504E2B784746BB847F6C9A822B6001FD1AFCD7FF9CBC4,11,False,SELECTED_FROZEN,6568.615488302512,6591.487104322212,7207.105251312256,7213.9635581970215,335.98984146118164,6568.61548830251,6568.61548830251,6.481361650298482,6.481361650298482,536.6286594446474,536.6286594446474,2650309837.033207,17566189.40637892,0.006627975778878274,0.9933720242211217,FINITE_NONZERO,0.04326513646345409,-1.9313679132087476,37.75176842262765,0.9950508926466655,True,63.31387543620587,76.00456333191875,85.9949741610527,a82b6900e2293552e6805e980f226614d005954823cca5af92b912ff2a59dd1e,False,NOT_APPLICABLE_STAGE_A,COMPLETE
legit_segment_bdcdf59c7b5cd98b20763d2e,legit_pass_be358df293986544bf83669d,65421,STARLINK-35146,2026-06,CONFIRMATORY,controlled_example_station,52.21,5.16,14.0,11325000000.0,10.0,2026-06-02T06:11:12Z,2026-06-02T06:13:15Z,123.0,10.950184047286545,PEAK,0.4959349593495935,2026-06-02T06:12:13Z,2026-06-02T06:11:43Z,2026-06-02T06:12:43Z,1.0,61,10.713882621187226,10.870827692372572,10.950184047286545,326554740,2026-06-01T03:02:59.084736Z,2026-06-01T10:22:25Z,27.15386535111111,19.83,24-36 h,data/orbit_uncertainty_stage1/raw/spacetrack_gp/spacetrack_gp_history_20260529_20260701_20sat_omm.json,1F5A8BA23D1C8AE605C4142F44E424711D1D85014DB46C28BBC18C3ABC326A96,2026-06-02T05:22:41.999981Z,0.8252777830555555,data/orbit_uncertainty_stage1/june/sat000065421.csv,47F2014ECBC8E7384C87E8BF3D80DB676A195CA775414C519EDF2550466E6CB3,14,False,SELECTED_FROZEN,3586.777451687172,3587.005928721334,3625.9072437286377,3626.344814300537,89.52062606811523,3586.7774516871705,3586.7774516871705,1.5320914053147883,1.5320914053147883,30.18907894355718,30.18907894355718,784863303.4936019,55594.20973507998,7.083298389365095e-05,0.9999291670161063,FINITE_NONZERO,0.44395631223829823,-0.1088927281690959,0.7080637917152347,0.999449895691167,True,10.676301064386355,10.878397997036176,10.960672113829489,0a59a89b12b1c352e23c24635f90268ee5498e2792b75bbab4054464412a7605,False,NOT_APPLICABLE_STAGE_A,COMPLETE
legit_segment_bdfc213f1b675684cf461cbf,legit_pass_f006ecc6838fa87e10f8bfaa,47383,STARLINK-2103,2026-06,CONFIRMATORY,controlled_example_station,52.21,5.16,14.0,11325000000.0,10.0,2026-06-10T09:40:50Z,2026-06-10T09:48:08Z,438.0,87.28788024676078,RISING_25_PERCENT,0.2511415525114155,2026-06-10T09:42:40Z,2026-06-10T09:42:10Z,2026-06-10T09:43:10Z,1.0,61,21.206513252158867,28.438319048123446,37.566044138782836,328491992,2026-06-10T03:03:08.662176Z,2026-06-10T07:17:33Z,6.658704951111111,2.4186111111111113,6-9 h,data/orbit_uncertainty_stage1/raw/spacetrack_gp/spacetrack_gp_history_20260529_20260701_20sat_omm.json,1F5A8BA23D1C8AE605C4142F44E424711D1D85014DB46C28BBC18C3ABC326A96,2026-06-10T10:10:41.999981Z,0.46722221694444444,data/orbit_uncertainty_stage1/june/sat000047383.csv,6A97ABED011A96AE20108B2FFAB622CC78ED39D918CC694CBFCE03E18290B2FA,97,False,SELECTED_FROZEN,77.01558285072201,81.63912051478064,126.10641860961914,133.18991661071777,92.21639060974121,77.015582850722,77.015582850722,1.512780527410402,1.512780527410402,4.910139521001718,4.910139521001718,406561.7059040396,1470.677677057882,0.0036173541573170315,0.996382645842683,FINITE_NONZERO,0.9671329811248855,0.017584100922132473,0.5977441111348001,0.9851801793784087,True,21.182693908357226,28.404288230960415,37.517736384031345,ae3ecc050113b460e398288ca0fb631a6c49134827929e7c43d18b1dd5448ee2,False,NOT_APPLICABLE_STAGE_A,COMPLETE
legit_segment_be7c6d24e0a7457e88614cbe,legit_pass_ae49b9ecd351bb759604e758,48111,STARLINK-2448,2026-06,CONFIRMATORY,controlled_example_station,52.21,5.16,14.0,11325000000.0,10.0,2026-06-09T20:09:21Z,2026-06-09T20:16:04Z,403.0,45.65969699081174,RISING_25_PERCENT,0.2506203473945409,2026-06-09T20:11:02Z,2026-06-09T20:10:32Z,2026-06-09T20:11:32Z,1.0,61,19.196920001874464,24.954794851512105,31.606037816411014,328411309,2026-06-09T11:57:18.216864Z,2026-06-09T19:23:37Z,8.228828648888888,0.7902777777777777,6-9 h,data/orbit_uncertainty_stage1/raw/spacetrack_gp/spacetrack_gp_history_20260529_20260701_20sat_omm.json,1F5A8BA23D1C8AE605C4142F44E424711D1D85014DB46C28BBC18C3ABC326A96,2026-06-09T20:48:42.000019Z,0.6277777830555555,data/orbit_uncertainty_stage1/june/sat000048111.csv,63E98DFF9634CD904EDA2CF3528E739282097399B04E926A453B20B62792D5D5,90,False,SELECTED_FROZEN,239.99791404849194,249.71336734411884,360.32633209228516,375.6415271759033,232.32909393310547,239.99791404849188,239.99791404849188,3.879478843422684,3.879478843422684,9.599827747237054,9.599827747237054,3803762.7156506693,5621.558259373968,0.0014778940432440587,0.998522105956756,FINITE_NONZERO,0.9806302639085684,0.03455095787046902,0.6736242024345911,0.9950761083928487,True,19.14803488773397,24.893514937317168,31.53180292216489,ca53612bf9de5fccd8e792ff94a6f45a658d3e5680af69fe57705fb13390e369,False,NOT_APPLICABLE_STAGE_A,COMPLETE
legit_segment_be8f9ffdc5bea0c32913b8bb,legit_pass_814c978060dd8488bf492628,48672,STARLINK-2705,2026-06,CONFIRMATORY,controlled_example_station,52.21,5.16,14.0,11325000000.0,10.0,2026-06-01T16:47:06Z,2026-06-01T16:54:28Z,442.0,88.7873591106956,RISING_25_PERCENT,0.251131221719457,2026-06-01T16:48:57Z,2026-06-01T16:48:27Z,2026-06-01T16:49:27Z,1.0,61,21.370782439968806,28.603921097805035,37.71471565280927,326542936,2026-06-01T03:58:06.459456Z,2026-06-01T10:22:25Z,12.847372373333334,6.442222222222222,12-18 h,data/orbit_uncertainty_stage1/raw/spacetrack_gp/spacetrack_gp_history_20260529_20260701_20sat_omm.json,1F5A8BA23D1C8AE605C4142F44E424711D1D85014DB46C28BBC18C3ABC326A96,2026-06-01T16:52:42.000010Z,0.06250000277777779,data/orbit_uncertainty_stage1/june/sat000048672.csv,9CCC0F6B332261080A38A7EF3636C88202FADE4135B08985F943785C7A1E9415,8,False,SELECTED_FROZEN,411.1495092423236,443.89502487970987,716.5544147491455,761.4878959655762,570.3963508605957,411.14950924232346,411.14950924232346,9.330963557892415,9.330963557892415,31.75123742396043,31.75123742396043,12019610.379890451,61496.60575511502,0.005116356005848794,0.9948836439941512,FINITE_NONZERO,0.9639935137358566,0.11363006218734739,4.035234119937969,0.9838483772174241,True,21.236696289812098,28.40580391806739,37.425348891142725,842fe11daeb74a837bb4ea3cd1f6eee894ade836b719a26f08ddf72ba1ae2d69,False,NOT_APPLICABLE_STAGE_A,COMPLETE
legit_segment_bea9725049c34d08f78e2440,legit_pass_84caa3448552e8e504364385,48458,STARLINK-2698,2026-06,CONFIRMATORY,controlled_example_station,52.21,5.16,14.0,11325000000.0,10.0,2026-06-05T23:15:05Z,2026-06-05T23:22:15Z,430.0,52.889988916867594,RISING_25_PERCENT,0.25116279069767444,2026-06-05T23:16:53Z,2026-06-05T23:16:23Z,2026-06-05T23:17:23Z,1.0,61,20.18450982854054,26.26959398029226,33.45538697586597,327310944,2026-06-05T15:00:35.831808Z,2026-06-05T20:06:26Z,8.27143560888889,3.174166666666667,6-9 h,data/orbit_uncertainty_stage1/raw/spacetrack_gp/spacetrack_gp_history_20260529_20260701_20sat_omm.json,1F5A8BA23D1C8AE605C4142F44E424711D1D85014DB46C28BBC18C3ABC326A96,2026-06-05T21:28:42.000038Z,1.8030555449999999,data/orbit_uncertainty_stage1/june/sat000048458.csv,091BB60895838155D6E08F3AB53CB4B529B9EB7F826CA2A0FB9BFADE0198C1C6,51,False,SELECTED_FROZEN,425.1289973337142,445.14296097527114,658.1289730072021,689.0231819152832,446.07390213012695,425.1289973337141,425.1289973337141,7.408714431407657,7.408714431407657,20.049587994687293,20.049587994687293,12087287.598055739,24521.144704159236,0.0020286722314858717,0.9979713277685142,FINITE_NONZERO,0.9769206906341096,0.07206270974347806,1.7514230015252823,0.9923691802889266,True,20.084606800084195,26.140095232151303,33.2912869102883,44fd25101343d139cd4b92d938c72213c5564edd4bb12adb90effd829c21ece0,False,NOT_APPLICABLE_STAGE_A,COMPLETE
legit_segment_c0b05bc0967b33644e550b08,legit_pass_57a1b1baf55008368f59fc72,45230,STARLINK-1227,2026-06,CONFIRMATORY,controlled_example_station,52.21,5.16,14.0,11325000000.0,10.0,2026-06-07T11:51:29Z,2026-06-07T11:55:40Z,251.0,15.284961139293339,RISING_25_PERCENT,0.250996015936255,2026-06-07T11:52:32Z,2026-06-07T11:52:02Z,2026-06-07T11:53:02Z,1.0,61,12.072484691062058,13.598923636134602,14.817996248067162,327724481,2026-06-07T02:03:24.804864Z,2026-06-07T10:44:38Z,9.818665315555556,1.1316666666666666,9-12 h,data/orbit_uncertainty_stage1/raw/spacetrack_gp/spacetrack_gp_history_20260529_20260701_20sat_omm.json,1F5A8BA23D1C8AE605C4142F44E424711D1D85014DB46C28BBC18C3ABC326A96,2026-06-07T12:28:42.000038Z,0.6027777883333334,data/orbit_uncertainty_stage1/june/sat000045230.csv,A086445B48BCEA5D6D786487B3F9BAAB43C341130589A86BCBB60E49241950E8,66,False,SELECTED_FROZEN,-86.17262483815678,86.39833587115791,94.71282577514648,95.19490242004395,-20.445417404174805,-86.17262483815675,86.17262483815675,-0.3528397267108114,0.3528397267108114,0.5978706019166178,0.5978706019166178,455345.0189196301,21.804404654804472,4.7885457727282224e-05,0.9999521145422727,FINITE_NONZERO,0.9908231445062916,0.002120972220643891,0.10900323148506395,0.9667597449047676,False,12.07403635310899,13.599166523708215,14.816652382329323,0121acc658c2edadf9df6329b311d248ff891108b40aab3473c9df42515743f4,False,NOT_APPLICABLE_STAGE_A,COMPLETE
legit_segment_c0cb36d388c308641330fa72,legit_pass_3377ddcba7d35d1d49a8bff4,47767,STARLINK-2185,2026-06,CONFIRMATORY,controlled_example_station,52.21,5.16,14.0,11325000000.0,10.0,2026-06-07T00:17:59Z,2026-06-07T00:24:11Z,372.0,38.97717151224011,RISING_25_PERCENT,0.25,2026-06-07T00:19:32Z,2026-06-07T00:19:02Z,2026-06-07T00:20:02Z,1.0,61,18.059310163620474,23.40310704502177,29.38768046616943,327630762,2026-06-06T16:08:59.222688Z,2026-06-06T22:36:27Z,8.175771475555555,1.7180555555555554,6-9 h,data/orbit_uncertainty_stage1/raw/spacetrack_gp/spacetrack_gp_history_20260529_20260701_20sat_omm.json,1F5A8BA23D1C8AE605C4142F44E424711D1D85014DB46C28BBC18C3ABC326A96,2026-06-07T00:23:41.999971Z,0.06944443638888889,data/orbit_uncertainty_stage1/june/sat000047767.csv,6E26A6FFCB0389E48C81BEEAD935A847B2444F9441CBE4C1AD8107642DE7DD5F,62,False,SELECTED_FROZEN,444.4236400791856,462.22400232198,663.8679084777832,690.7761859893799,426.3505172729492,444.42364007918553,444.42364007918553,7.15461492392199,7.15461492392199,16.438275497691127,16.438275497691127,13032712.727675535,16483.23098161754,0.0012647582530239219,0.998735241746976,FINITE_NONZERO,0.9832565429479404,0.05922062778423154,0.8998990233479951,0.9970030806799545,True,17.983830554086037,23.311287113992115,29.28156505874221,7dd949b23c74ce463514a0847c6fbe5dde532b8ade21d27fd9f2a03c194ba922,False,NOT_APPLICABLE_STAGE_A,COMPLETE
legit_segment_c115ed019b4fd15782077f28,legit_pass_137ddaf1058792b3888c7020,47749,STARLINK-2163,2026-06,CONFIRMATORY,controlled_example_station,52.21,5.16,14.0,11325000000.0,10.0,2026-06-01T20:13:33Z,2026-06-01T20:18:21Z,288.0,23.903299666787255,SETTING_75_PERCENT,0.75,2026-06-01T20:17:09Z,2026-06-01T20:16:39Z,2026-06-01T20:17:39Z,1.0,61,14.610578813165402,18.172810369295178,21.590276411963128,326577115,2026-06-01T14:00:01.999872Z,2026-06-01T18:19:01Z,6.285277813333333,1.968888888888889,6-9 h,data/orbit_uncertainty_stage1/raw/spacetrack_gp/spacetrack_gp_history_20260529_20260701_20sat_omm.json,1F5A8BA23D1C8AE605C4142F44E424711D1D85014DB46C28BBC18C3ABC326A96,2026-06-01T19:48:41.999990Z,0.4741666694444444,data/orbit_uncertainty_stage1/june/sat000047749.csv,0CE3EE486737D6898F4E0960379BB2CF5D672CBD2C80BC161C0E3F96D2261670,9,False,SELECTED_FROZEN,155.4309482574463,158.61618108164316,205.71373176574707,210.3807830810547,-104.31174850463867,155.43094825744626,155.43094825744626,-1.7942152677926368,1.7942152677926368,1.5357774219617513,1.5357774219617513,1534704.6669564017,143.87534967825644,9.374790653604215e-05,0.999906252093464,FINITE_NONZERO,0.997642126254526,0.0052641448806323154,0.47947021817669644,0.9025309538528804,True,14.62974640863333,18.193535900507854,21.610931481247384,7d566d15192129d031adea041d71b35046e8cc7a7ede15dd2231ed2c02cbc526,False,NOT_APPLICABLE_STAGE_A,COMPLETE
legit_segment_c12d054f9a91f62494e6ef7b,legit_pass_626553ba61e9a6da4cfd4dad,48309,STARLINK-2517,2026-06,CONFIRMATORY,controlled_example_station,52.21,5.16,14.0,11325000000.0,10.0,2026-06-06T17:18:50Z,2026-06-06T17:25:51Z,421.0,41.39457616129493,RISING_25_PERCENT,0.2494061757719715,2026-06-06T17:20:35Z,2026-06-06T17:20:05Z,2026-06-06T17:21:05Z,1.0,61,19.06134479318319,24.154435246966766,29.828063185605913,327518648,2026-06-05T22:04:39.792000Z,2026-06-06T16:36:28Z,19.265335555555556,0.7352777777777778,18-24 h,data/orbit_uncertainty_stage1/raw/spacetrack_gp/spacetrack_gp_history_20260529_20260701_20sat_omm.json,1F5A8BA23D1C8AE605C4142F44E424711D1D85014DB46C28BBC18C3ABC326A96,2026-06-06T18:00:41.999990Z,0.6686111083333333,data/orbit_uncertainty_stage1/june/sat000048309.csv,79D62147447BEB30EC557417B61811EF138EF8094DC33D3F68D9F90E474F7689,59,False,SELECTED_FROZEN,-259.87560816280177,272.08108370108613,399.12750244140625,416.40836334228516,-271.02044105529785,-259.87560816280165,259.87560816280165,-4.5384960181621095,4.5384960181621095,10.364414929971511,10.364414929971511,4515715.082585403,6552.6869072776,0.001451085107771228,0.9985489148922287,FINITE_NONZERO,0.9834553112518972,-0.03732378186740615,0.6392599334538903,0.9961957820713206,True,19.09560944960981,24.19783767565921,29.87983995819231,a88152ac385683392afe878b8f32fc07d7cd9831120e501084689ba9332e4e3b,False,NOT_APPLICABLE_STAGE_A,COMPLETE
legit_segment_c208442a0677117c15661ce6,legit_pass_629dba73ac6777d1a2f71d32,65693,STARLINK-35060,2026-06,CONFIRMATORY,controlled_example_station,52.21,5.16,14.0,11325000000.0,10.0,2026-06-15T03:03:09Z,2026-06-15T03:10:34Z,445.0,87.05943610341225,RISING_25_PERCENT,0.24943820224719102,2026-06-15T03:05:00Z,2026-06-15T03:04:30Z,2026-06-15T03:05:30Z,1.0,61,21.295273199952604,28.430995383382584,37.38882694573507,329545968,2026-06-14T22:03:59.710176Z,2026-06-15T02:25:05Z,5.016747173333333,0.6652777777777777,0-6 h,data/orbit_uncertainty_stage1/raw/spacetrack_gp/spacetrack_gp_history_20260529_20260701_20sat_omm.json,1F5A8BA23D1C8AE605C4142F44E424711D1D85014DB46C28BBC18C3ABC326A96,2026-06-15T02:30:42.000019Z,0.5716666613888889,data/orbit_uncertainty_stage1/june/sat000065693.csv,D31425DC1D7BF768E17AFC34A7D7E516943AB5AC5C7598CCE830821EDB62E3E7,146,False,SELECTED_FROZEN,105.88028582588571,118.67735466935792,204.37133407592773,219.1368522644043,182.96480751037598,105.88028582588571,105.88028582588571,2.984477184866549,2.984477184866549,10.60553270603329,10.60553270603329,859143.1851903108,6861.11676270325,0.00798599916867574,0.9920140008313243,FINITE_NONZERO,0.9608594762701388,0.037927445913668034,1.4054574154169013,0.9824381441816336,True,21.260321372571344,28.374974805117688,37.30221013084015,aee4a4588e431b210f4e4a6e982629fc0c9386d115bd8f4e3981c745142b5889,False,NOT_APPLICABLE_STAGE_A,COMPLETE
legit_segment_c287a94fec018f431231d0e6,legit_pass_8d2d61b0d92b71fd72a23590,47749,STARLINK-2163,2026-06,CONFIRMATORY,controlled_example_station,52.21,5.16,14.0,11325000000.0,10.0,2026-06-07T19:18:20Z,2026-06-07T19:24:03Z,343.0,79.56406526264752,SETTING_75_PERCENT,0.749271137026239,2026-06-07T19:22:37Z,2026-06-07T19:22:07Z,2026-06-07T19:23:07Z,1.0,61,18.65166639113869,27.0159004713691,38.444107538714974,327763626,2026-06-07T00:00:04.000320Z,2026-06-07T17:56:23Z,19.375833244444443,1.4372222222222222,18-24 h,data/orbit_uncertainty_stage1/raw/spacetrack_gp/spacetrack_gp_history_20260529_20260701_20sat_omm.json,1F5A8BA23D1C8AE605C4142F44E424711D1D85014DB46C28BBC18C3ABC326A96,2026-06-07T18:31:42.000010Z,0.8486111083333333,data/orbit_uncertainty_stage1/june/sat000047749.csv,0CE3EE486737D6898F4E0960379BB2CF5D672CBD2C80BC161C0E3F96D2261670,69,False,SELECTED_FROZEN,262.54728898845735,287.3479902843497,484.12108039855957,520.5881748199463,-402.0278835296631,262.5472889884573,262.5472889884573,-6.44350841750171,6.44350841750171,27.694048820593984,27.694048820593984,5036700.918747739,46784.58074472402,0.00928873512631676,0.9907112648736832,FINITE_NONZERO,0.9437621182930789,0.09853483805271157,4.596259022963825,0.9724554244825185,True,18.72022581632315,27.124094223545995,38.613290604389576,e262d8b5d988a7af42a1652b61525c1f25ec46bda1eebda469ae861c99ef8667,False,NOT_APPLICABLE_STAGE_A,COMPLETE
legit_segment_c2fa7233fd27809e208b7646,legit_pass_b4919c797d330207eea415d0,65409,STARLINK-35022,2026-06,CONFIRMATORY,controlled_example_station,52.21,5.16,14.0,11325000000.0,10.0,2026-06-02T00:54:55Z,2026-06-02T01:02:17Z,442.0,82.09176422696753,RISING_25_PERCENT,0.251131221719457,2026-06-02T00:56:46Z,2026-06-02T00:56:16Z,2026-06-02T00:57:16Z,1.0,61,21.24998641163894,28.411033835157944,37.404502836806415,326554235,2026-06-01T04:16:47.216928Z,2026-06-01T10:22:25Z,20.666328631111114,14.5725,18-24 h,data/orbit_uncertainty_stage1/raw/spacetrack_gp/spacetrack_gp_history_20260529_20260701_20sat_omm.json,1F5A8BA23D1C8AE605C4142F44E424711D1D85014DB46C28BBC18C3ABC326A96,2026-06-02T00:24:42.000019Z,0.5344444391666666,data/orbit_uncertainty_stage1/june/sat000065409.csv,C82A923C1B14CF8F30B1B5DDBB30C6CB9AE3A8DB51A9A3F182BEC8348A9F0DF5,11,False,SELECTED_FROZEN,483.2723905844767,515.8725390052747,811.1364822387695,858.7285194396973,614.6428909301758,483.2723905844766,483.2723905844766,10.075216067297509,10.075216067297509,33.229197547751255,33.229197547751255,16233593.066484671,67354.95374971617,0.0041491094099663575,0.9958508905900336,FINITE_NONZERO,0.9661006289085855,0.1189823402262924,4.084448037697717,0.9848913018942411,True,21.09692720979828,28.190771015070457,37.09001767134476,046d934e357b949ebe82cdea1fb6283a9fa77fa2d42e1c17f14021d64851d451,False,NOT_APPLICABLE_STAGE_A,COMPLETE
legit_segment_c392b5c7391aea4d39f94886,legit_pass_96adfd5b693bd860302288e4,48111,STARLINK-2448,2026-06,CONFIRMATORY,controlled_example_station,52.21,5.16,14.0,11325000000.0,10.0,2026-06-21T12:05:25Z,2026-06-21T12:12:23Z,418.0,78.51027540102822,SETTING_75_PERCENT,0.7511961722488039,2026-06-21T12:10:39Z,2026-06-21T12:10:09Z,2026-06-21T12:11:09Z,1.0,61,20.447974047174085,27.71070720121905,36.94440641699697,330888880,2026-06-20T07:48:59.080320Z,2026-06-20T16:06:57Z,28.3610888,20.061666666666667,24-36 h,data/orbit_uncertainty_stage1/raw/spacetrack_gp/spacetrack_gp_history_20260529_20260701_20sat_omm.json,1F5A8BA23D1C8AE605C4142F44E424711D1D85014DB46C28BBC18C3ABC326A96,2026-06-21T12:35:42.000029Z,0.4175000080555556,data/orbit_uncertainty_stage1/june/sat000048111.csv,63E98DFF9634CD904EDA2CF3528E739282097399B04E926A453B20B62792D5D5,214,False,SELECTED_FROZEN,-186.02812066625376,201.72807955329506,329.5601806640625,351.15625,266.42559242248535,-186.0281206662537,186.0281206662537,4.342625263542932,4.342625263542932,15.545230972175137,15.545230972175137,2482347.3028958933,14740.906564674662,0.005938293383636527,0.9940617066163635,FINITE_NONZERO,0.960304882450112,-0.05557795577520963,2.090545741963066,0.9819147302586869,True,20.38800392648481,27.6217498171832,36.813730447398946,e962dd19c0dece74a8750960ece396e9a4a8776e074eb7e07c0a359b4461e1ad,False,NOT_APPLICABLE_STAGE_A,COMPLETE
legit_segment_c3ae635884ef6b90e16063de,legit_pass_a3e09d599b42811e95b44ce5,58380,STARLINK-30915,2026-06,CONFIRMATORY,controlled_example_station,52.21,5.16,14.0,11325000000.0,10.0,2026-06-23T17:05:14Z,2026-06-23T17:09:32Z,258.0,15.096303953807027,SETTING_75_PERCENT,0.751937984496124,2026-06-23T17:08:28Z,2026-06-23T17:07:58Z,2026-06-23T17:08:58Z,1.0,61,12.014367045880075,13.456287282832289,14.613150164408205,330969834,2026-06-22T06:28:21.561600Z,2026-06-23T03:40:42Z,34.66845511111111,13.462777777777777,24-36 h,data/orbit_uncertainty_stage1/raw/spacetrack_gp/spacetrack_gp_history_20260529_20260701_20sat_omm.json,1F5A8BA23D1C8AE605C4142F44E424711D1D85014DB46C28BBC18C3ABC326A96,2026-06-23T16:11:42.000029Z,0.9461111030555556,data/orbit_uncertainty_stage1/june/sat000058380.csv,3EDD695EBC2FD369BB6D3F364CEB1C354CEB8FF41D75D9C0E85CB4203365E2E7,236,False,SELECTED_FROZEN,1446.9931406114922,1452.3354732145078,1624.959981918335,1637.2824459075928,-410.6751937866211,1446.9931406114918,1446.9931406114918,-7.055542542807079,7.055542542807079,7.560873147797271,7.560873147797271,128665977.9321897,3487.1749681819906,2.7102541201838314e-05,0.9999728974587981,FINITE_NONZERO,0.9963092422614546,-0.026520695163381625,1.771178144768051,0.9451242352343139,True,12.083972856717816,13.510895824048395,14.647737618050021,ee4731e2ecdbdddad75ab06f0bb1b7bb0cc7e01f618b3158dbbad2d65a3c362a,False,NOT_APPLICABLE_STAGE_A,COMPLETE
legit_segment_c3e22beb4edcdde283b710c6,legit_pass_38820fc065d4877268a7d6c5,47749,STARLINK-2163,2026-06,CONFIRMATORY,controlled_example_station,52.21,5.16,14.0,11325000000.0,10.0,2026-06-01T02:09:48Z,2026-06-01T02:14:26Z,278.0,21.822261901368428,SETTING_75_PERCENT,0.7517985611510791,2026-06-01T02:13:17Z,2026-06-01T02:12:47Z,2026-06-01T02:13:47Z,1.0,61,13.959505034413528,17.13204346866313,20.069719253253098,326401775,2026-05-31T20:00:01.999008Z,2026-05-31T23:56:49Z,6.220833608888889,2.2744444444444443,6-9 h,data/orbit_uncertainty_stage1/raw/spacetrack_gp/spacetrack_gp_history_20260529_20260701_20sat_omm.json,1F5A8BA23D1C8AE605C4142F44E424711D1D85014DB46C28BBC18C3ABC326A96,2026-06-01T02:57:42.000019Z,0.7402777830555556,data/orbit_uncertainty_stage1/june/sat000047749.csv,0CE3EE486737D6898F4E0960379BB2CF5D672CBD2C80BC161C0E3F96D2261670,2,False,SELECTED_FROZEN,588.0275489932201,600.2876595478888,777.9987621307373,795.1692981719971,-397.8968696594238,588.0275489932199,588.0275489932199,-6.850156578999991,6.850156578999991,4.7154885107427145,4.7154885107427145,21981061.7265344,1356.3857455917391,6.170701681595208e-05,0.999938292983184,FINITE_NONZERO,0.9984737441547561,0.015565037776759993,1.903970648813854,0.8369701548081719,True,13.997082192508634,17.16699531249584,20.09588511970428,ae9c6c0b1059d27eb59223444a6d8f6629b3dab25c4cc435a349672296d17fbe,False,NOT_APPLICABLE_STAGE_A,COMPLETE
legit_segment_c3efa84b5992001771b2b312,legit_pass_471730fa8d88240e8c97356e,65693,STARLINK-35060,2026-06,CONFIRMATORY,controlled_example_station,52.21,5.16,14.0,11325000000.0,10.0,2026-06-08T03:15:47Z,2026-06-08T03:20:25Z,278.0,16.00604817199949,RISING_25_PERCENT,0.2517985611510791,2026-06-08T03:16:57Z,2026-06-08T03:16:27Z,2026-06-08T03:17:27Z,1.0,61,12.561287687667342,14.118492911140425,15.394057669745107,327859381,2026-06-07T19:12:12.108960Z,2026-06-08T00:16:20Z,8.0791364,3.0102777777777776,6-9 h,data/orbit_uncertainty_stage1/raw/spacetrack_gp/spacetrack_gp_history_20260529_20260701_20sat_omm.json,1F5A8BA23D1C8AE605C4142F44E424711D1D85014DB46C28BBC18C3ABC326A96,2026-06-08T02:40:41.999981Z,0.6041666719444445,data/orbit_uncertainty_stage1/june/sat000065693.csv,D31425DC1D7BF768E17AFC34A7D7E516943AB5AC5C7598CCE830821EDB62E3E7,73,False,SELECTED_FROZEN,-222.3749756109519,223.2487067048913,250.8421802520752,252.8768310546875,-65.15600204467773,-222.37497561095188,222.37497561095188,-1.1191220859949202,1.1191220859949202,1.0491196276040897,1.0491196276040897,3040239.0877698013,67.13977157447277,2.208371435146696e-05,0.9999779162856486,FINITE_NONZERO,0.9971731421529888,0.0036507661774665134,0.27715427566467665,0.9302100091527054,True,12.575551785588951,14.13055433750069,15.403043949589952,0cc29620c26b1aa2db27f4451ca9de379e27c93f19082048f388ea1614981ec2,False,NOT_APPLICABLE_STAGE_A,COMPLETE
legit_segment_c46e99c536a641d97062145e,legit_pass_740dbf825d38dafd0c863393,65409,STARLINK-35022,2026-06,CONFIRMATORY,controlled_example_station,52.21,5.16,14.0,11325000000.0,10.0,2026-06-01T01:25:52Z,2026-06-01T01:33:14Z,442.0,87.05400545143078,SETTING_75_PERCENT,0.751131221719457,2026-06-01T01:31:24Z,2026-06-01T01:30:54Z,2026-06-01T01:31:54Z,1.0,61,21.121300077929206,28.221674540610294,37.144280100356305,326441202,2026-05-31T20:00:01.999008Z,2026-06-01T00:06:54Z,5.522778053333334,1.4083333333333334,0-6 h,data/orbit_uncertainty_stage1/raw/spacetrack_gp/spacetrack_gp_history_20260529_20260701_20sat_omm.json,1F5A8BA23D1C8AE605C4142F44E424711D1D85014DB46C28BBC18C3ABC326A96,2026-06-01T01:29:42.000029Z,0.02833332527777778,data/orbit_uncertainty_stage1/june/sat000065409.csv,C82A923C1B14CF8F30B1B5DDBB30C6CB9AE3A8DB51A9A3F182BEC8348A9F0DF5,2,False,SELECTED_FROZEN,-40.24645527073594,45.31689536750139,78.66191101074219,84.48197555541992,71.13445663452148,-40.246455270735936,40.246455270735936,1.1584632637512116,1.1584632637512116,4.22046591228699,4.22046591228699,125270.8813506932,1086.5522835233637,0.008673622088453129,0.9913263779115469,FINITE_NONZERO,0.9589429865891926,-0.015087687845248832,0.5706239603555928,0.9817198728001947,True,21.106287336862497,28.198361350477175,37.10882700424358,7cefc51ed5ded921aa81f68eb83e3be1b42787554fff2110f3ee31c98aad1595,False,NOT_APPLICABLE_STAGE_A,COMPLETE
legit_segment_c4c3239ea74ea8ff6a88db30,legit_pass_b466356a9a46a9f6e200a095,45230,STARLINK-1227,2026-06,CONFIRMATORY,controlled_example_station,52.21,5.16,14.0,11325000000.0,10.0,2026-06-01T14:30:21Z,2026-06-01T14:31:50Z,89.0,10.540980347237884,RISING_25_PERCENT,0.33707865168539325,2026-06-01T14:30:51Z,2026-06-01T14:30:21Z,2026-06-01T14:31:21Z,1.0,61,10.018439396303402,10.402040138827212,10.540980347237884,326541150,2026-05-31T19:20:28.439808Z,2026-06-01T10:22:25Z,19.172933386666667,4.140555555555555,18-24 h,data/orbit_uncertainty_stage1/raw/spacetrack_gp/spacetrack_gp_history_20260529_20260701_20sat_omm.json,1F5A8BA23D1C8AE605C4142F44E424711D1D85014DB46C28BBC18C3ABC326A96,2026-06-01T15:26:42.000029Z,0.9308333413888888,data/orbit_uncertainty_stage1/june/sat000045230.csv,A086445B48BCEA5D6D786487B3F9BAAB43C341130589A86BCBB60E49241950E8,7,False,SELECTED_FROZEN,-236.16901941768458,236.27931642312717,243.5813388824463,243.61178016662598,-22.894832611083984,-236.16901941768458,236.16901941768458,-0.3929956732698997,0.3929956732698997,2.057061232640849,2.057061232640849,3405502.8375321957,258.1215558048672,7.579543113577774e-05,0.9999242045688642,FINITE_NONZERO,0.9187961923115074,0.007412467796305888,0.1037331980284852,0.9974570308290623,True,10.024640863767692,10.405330346124904,10.542812516872162,ccafadfa61078a1b952117e6ed47e826c29cfe0c3d7985f7546ac76054fdc82f,False,NOT_APPLICABLE_STAGE_A,COMPLETE
legit_segment_c4ef7475803a1bd9a4a3ce32,legit_pass_395f2302bc27055b09ac56a0,65693,STARLINK-35060,2026-06,CONFIRMATORY,controlled_example_station,52.21,5.16,14.0,11325000000.0,10.0,2026-06-02T06:11:25Z,2026-06-02T06:17:55Z,390.0,29.329075980624914,PEAK,0.49743589743589745,2026-06-02T06:14:39Z,2026-06-02T06:14:09Z,2026-06-02T06:15:09Z,1.0,61,28.167486238107433,28.93235805882911,29.329075980624914,326589812,2026-06-01T11:09:02.009376Z,2026-06-01T18:19:01Z,19.093608506666666,11.927222222222222,18-24 h,data/orbit_uncertainty_stage1/raw/spacetrack_gp/spacetrack_gp_history_20260529_20260701_20sat_omm.json,1F5A8BA23D1C8AE605C4142F44E424711D1D85014DB46C28BBC18C3ABC326A96,2026-06-02T05:39:42.000019Z,0.5824999947222222,data/orbit_uncertainty_stage1/june/sat000065693.csv,D31425DC1D7BF768E17AFC34A7D7E516943AB5AC5C7598CCE830821EDB62E3E7,14,False,SELECTED_FROZEN,2521.9515293934305,2522.804033075003,2595.621118545532,2596.1592025756836,38.87252426147461,2521.95152939343,2521.95152939343,0.6817357368408707,0.6817357368408707,64.47166795595139,64.47166795595139,388236951.5472696,253552.3541103694,0.0006530866088348066,0.9993469133911652,FINITE_NONZERO,0.03350097322258838,-0.23250477698085592,1.9830076262708363,0.9990539568254518,True,28.100855167060573,28.95371486112745,29.35363062316994,29ce025e6ba79d46e258ab62483d65da2d3f1dc7109b1c062fdeeeaf525b02e5,False,NOT_APPLICABLE_STAGE_A,COMPLETE
legit_segment_c57e47731f067cd66c5fe6cd,legit_pass_3533c75a3748731b4edd8d62,45230,STARLINK-1227,2026-06,CONFIRMATORY,controlled_example_station,52.21,5.16,14.0,11325000000.0,10.0,2026-06-09T08:47:50Z,2026-06-09T08:54:47Z,417.0,84.87170305101232,SETTING_75_PERCENT,0.750599520383693,2026-06-09T08:53:03Z,2026-06-09T08:52:33Z,2026-06-09T08:53:33Z,1.0,61,20.5941218500036,28.032210886674363,37.555000032331144,328232870,2026-06-09T02:12:24.818688Z,2026-06-09T07:56:35Z,6.677272586666667,0.9411111111111111,6-9 h,data/orbit_uncertainty_stage1/raw/spacetrack_gp/spacetrack_gp_history_20260529_20260701_20sat_omm.json,1F5A8BA23D1C8AE605C4142F44E424711D1D85014DB46C28BBC18C3ABC326A96,2026-06-09T07:29:42.000029Z,1.389166658611111,data/orbit_uncertainty_stage1/june/sat000045230.csv,A086445B48BCEA5D6D786487B3F9BAAB43C341130589A86BCBB60E49241950E8,83,False,SELECTED_FROZEN,57.674096185652935,60.87548573870936,93.0484790802002,98.1778793334961,-66.36346435546875,57.674096185652914,57.674096185652914,-1.0877094364620157,1.0877094364620157,3.571936373960273,3.571936373960273,226055.31059935217,778.2824970368481,0.0034428852610157547,0.9965571147389842,FINITE_NONZERO,0.966382231788984,0.01278804091897312,0.4431426112540873,0.9846085478549733,True,20.609834132251898,28.054802358918952,37.58718544339862,df1c4bb8cd6ed622cfa07d200a9ceb34fc4f0f0775b25473c8d390924448ba7f,False,NOT_APPLICABLE_STAGE_A,COMPLETE
legit_segment_c65d58a295742cf85ae9eb53,legit_pass_cb39ef6a4bbad4e49764a86c,65421,STARLINK-35146,2026-06,CONFIRMATORY,controlled_example_station,52.21,5.16,14.0,11325000000.0,10.0,2026-06-01T03:24:44Z,2026-06-01T03:32:07Z,443.0,83.82823802444828,RISING_25_PERCENT,0.2505643340857788,2026-06-01T03:26:35Z,2026-06-01T03:26:05Z,2026-06-01T03:27:05Z,1.0,61,21.296931014497826,28.44386607382036,37.42036018726708,326441216,2026-05-31T12:57:20.022048Z,2026-06-01T00:06:54Z,14.487493875555556,3.3280555555555558,12-18 h,data/orbit_uncertainty_stage1/raw/spacetrack_gp/spacetrack_gp_history_20260529_20260701_20sat_omm.json,1F5A8BA23D1C8AE605C4142F44E424711D1D85014DB46C28BBC18C3ABC326A96,2026-06-01T03:29:42Z,0.051944444444444446,data/orbit_uncertainty_stage1/june/sat000065421.csv,47F2014ECBC8E7384C87E8BF3D80DB676A195CA775414C519EDF2550466E6CB3,3,False,SELECTED_FROZEN,957.1260104570232,1005.8399507520363,1514.7073020935059,1593.971549987793,1051.7519397735596,957.1260104570231,957.1260104570231,17.29168395955749,17.29168395955749,54.15794537040353,54.15794537040353,61714554.39826039,178918.06585136038,0.002899122704455656,0.9971008772955443,FINITE_NONZERO,0.9693268533229956,0.19406519544319778,6.325922621503016,0.986356575529741,True,20.998973195705727,28.031652890119485,36.85106980134103,7cf8503809f969cb8d2aee7bb967f20ca2754725523f1beca1740eefcc9335d8,False,NOT_APPLICABLE_STAGE_A,COMPLETE
legit_segment_c67299d995238a2150629f0c,legit_pass_458c5ffb1dececca2932e595,65411,STARLINK-34983,2026-06,CONFIRMATORY,controlled_example_station,52.21,5.16,14.0,11325000000.0,10.0,2026-06-21T15:59:44Z,2026-06-21T16:06:11Z,387.0,29.44732961546982,RISING_25_PERCENT,0.25064599483204136,2026-06-21T16:01:21Z,2026-06-21T16:00:51Z,2026-06-21T16:01:51Z,1.0,61,17.109726325440317,20.837085944607725,24.60526820644921,330924295,2026-06-20T05:18:51.780960Z,2026-06-20T16:06:57Z,34.7081164,23.906666666666666,24-36 h,data/orbit_uncertainty_stage1/raw/spacetrack_gp/spacetrack_gp_history_20260529_20260701_20sat_omm.json,1F5A8BA23D1C8AE605C4142F44E424711D1D85014DB46C28BBC18C3ABC326A96,2026-06-21T16:55:41.999981Z,0.9058333280555555,data/orbit_uncertainty_stage1/june/sat000065411.csv,26E105CAB95698D658010132E70DA6D62EE0D10BD67ED831612077EEE7C12C95,218,False,SELECTED_FROZEN,4424.82908302057,4520.338988227534,5936.672607421875,6095.918762207031,3082.1662578582764,4424.829083020569,4424.829083020569,52.366271800480476,52.366271800480476,65.2837164836411,65.2837164836411,1246441338.6778855,259979.78191290243,0.00020857763124951066,0.9997914223687505,FINITE_NONZERO,0.995011467326158,0.23438329273850655,6.4750486134315715,0.9901626906965356,True,16.646439887166203,20.349709474191872,24.131491296465907,5b86ed34ef4157f68e9f6db426f252682524ff9229659b3f4089a3deb43f4a69,False,NOT_APPLICABLE_STAGE_A,COMPLETE
legit_segment_c74021ef40c68d2ce22edc19,legit_pass_f77e489bd0187e5a7f3cfbdf,47749,STARLINK-2163,2026-06,CONFIRMATORY,controlled_example_station,52.21,5.16,14.0,11325000000.0,10.0,2026-06-23T14:57:12Z,2026-06-23T15:02:42Z,330.0,76.24168790434543,RISING_25_PERCENT,0.2515151515151515,2026-06-23T14:58:35Z,2026-06-23T14:58:05Z,2026-06-23T14:59:05Z,1.0,61,18.333457174593164,26.877000263551686,38.680282215064736,330964344,2026-06-22T20:00:01.999872Z,2026-06-23T03:40:42Z,18.97583336888889,11.298055555555555,18-24 h,data/orbit_uncertainty_stage1/raw/spacetrack_gp/spacetrack_gp_history_20260529_20260701_20sat_omm.json,1F5A8BA23D1C8AE605C4142F44E424711D1D85014DB46C28BBC18C3ABC326A96,2026-06-23T15:34:41.999981Z,0.6019444391666666,data/orbit_uncertainty_stage1/june/sat000047749.csv,0CE3EE486737D6898F4E0960379BB2CF5D672CBD2C80BC161C0E3F96D2261670,232,False,SELECTED_FROZEN,-930.6534374424668,1036.921155906256,1808.8871097564697,1958.4966011047363,-1578.9389915466309,-930.6534374424668,930.6534374424668,-25.12656189834297,25.12656189834297,115.64163594828526,115.64163594828526,65587534.49752392,815752.2658525403,0.012437611386098632,0.9875623886139013,FINITE_NONZERO,0.936041850292359,-0.4106737196144934,20.43059437965866,0.9687871410783465,True,18.570525805467238,27.265884310507737,39.30892212884553,f767232937f9d390a232cf3a3d424afafac2ffca430e85c076287077d36c43ae,False,NOT_APPLICABLE_STAGE_A,COMPLETE
legit_segment_c8366411bac8fc5a2a0418c8,legit_pass_4d12445535953f2bece2914f,65410,STARLINK-35024,2026-06,CONFIRMATORY,controlled_example_station,52.21,5.16,14.0,11325000000.0,10.0,2026-06-01T06:27:52Z,2026-06-01T06:30:44Z,172.0,11.92879649813667,RISING_25_PERCENT,0.25,2026-06-01T06:28:35Z,2026-06-01T06:28:05Z,2026-06-01T06:29:05Z,1.0,61,10.534977222871527,11.351249362187232,11.883652527058862,326441204,2026-05-31T20:00:01.999008Z,2026-06-01T00:06:54Z,10.47583360888889,6.3613888888888885,9-12 h,data/orbit_uncertainty_stage1/raw/spacetrack_gp/spacetrack_gp_history_20260529_20260701_20sat_omm.json,1F5A8BA23D1C8AE605C4142F44E424711D1D85014DB46C28BBC18C3ABC326A96,2026-06-01T05:44:42Z,0.7313888888888889,data/orbit_uncertainty_stage1/june/sat000065410.csv,480E0881CFF425F783D504E2B784746BB847F6C9A822B6001FD1AFCD7FF9CBC4,4,False,SELECTED_FROZEN,68.46643332184338,68.48827319810349,70.17329597473145,70.18177032470703,5.38255500793457,68.46643332184335,68.46643332184335,0.09321729608593272,0.09321729608593272,0.5452888352662915,0.5452888352662915,286129.25750514166,18.137734745830194,6.339000388837994e-05,0.9999366099961117,FINITE_NONZERO,0.9005909150324206,-0.0019634305430999005,0.034669199315242344,0.9959576453576918,False,10.529586552827805,11.346393880601035,11.87945670212951,d49f6ce6c63a5da07a2f70cd2d2f3f4e34f28eea040d469616481135297a40c7,False,NOT_APPLICABLE_STAGE_A,COMPLETE
legit_segment_c8e7b68a4d51d684258312d8,legit_pass_93e7dfe3b2ee49a0fa7330b2,47749,STARLINK-2163,2026-06,CONFIRMATORY,controlled_example_station,52.21,5.16,14.0,11325000000.0,10.0,2026-06-02T19:03:42Z,2026-06-02T19:05:21Z,99.0,10.893485942879686,PEAK,0.5050505050505051,2026-06-02T19:04:32Z,2026-06-02T19:04:02Z,2026-06-02T19:05:02Z,1.0,61,10.553758967226809,10.777535874905933,10.893485942879686,326679843,2026-06-02T14:00:04.999680Z,2026-06-02T18:52:58Z,5.074166755555555,0.19277777777777777,0-6 h,data/orbit_uncertainty_stage1/raw/spacetrack_gp/spacetrack_gp_history_20260529_20260701_20sat_omm.json,1F5A8BA23D1C8AE605C4142F44E424711D1D85014DB46C28BBC18C3ABC326A96,2026-06-02T19:27:42.000019Z,0.3861111163888889,data/orbit_uncertainty_stage1/june/sat000047749.csv,0CE3EE486737D6898F4E0960379BB2CF5D672CBD2C80BC161C0E3F96D2261670,20,False,SELECTED_FROZEN,96.49479431402487,96.5067619059817,98.08932113647461,98.10729598999023,2.3066864013671875,96.49479431402486,96.49479431402486,0.039176599693197485,0.039176599693197485,1.35424297051211,1.35424297051211,568126.8607082483,111.87241541406927,0.0001969144977137763,0.9998030855022862,FINITE_NONZERO,0.2059906878297929,-0.0048847300209732825,0.03242563790942202,0.9994266974447059,True,10.56210683492442,10.784834243975565,10.900824016504822,f1d9c796213c4ce8074f6ec3d74e40666c14c656b266028047bcbe55bc6a363e,False,NOT_APPLICABLE_STAGE_A,COMPLETE
legit_segment_c926324bbcbc9438b6faddb6,legit_pass_2701bacc92f55bfb47429552,48111,STARLINK-2448,2026-06,CONFIRMATORY,controlled_example_station,52.21,5.16,14.0,11325000000.0,10.0,2026-06-09T18:32:05Z,2026-06-09T18:39:06Z,421.0,78.37590504158935,RISING_25_PERCENT,0.2494061757719715,2026-06-09T18:33:50Z,2026-06-09T18:33:20Z,2026-06-09T18:34:20Z,1.0,61,20.569432184485297,27.83056506800524,37.0468855082327,328347435,2026-06-09T11:57:18.216000Z,2026-06-09T16:06:37Z,6.608828888888889,2.453611111111111,6-9 h,data/orbit_uncertainty_stage1/raw/spacetrack_gp/spacetrack_gp_history_20260529_20260701_20sat_omm.json,1F5A8BA23D1C8AE605C4142F44E424711D1D85014DB46C28BBC18C3ABC326A96,2026-06-09T18:08:42.000029Z,0.4188888808333333,data/orbit_uncertainty_stage1/june/sat000048111.csv,63E98DFF9634CD904EDA2CF3528E739282097399B04E926A453B20B62792D5D5,89,False,SELECTED_FROZEN,76.0250786640605,80.1031499532667,121.7554817199707,128.34701919555664,85.90648651123047,76.02507866406049,76.02507866406049,1.409417609220331,1.409417609220331,4.571659155387026,4.571659155387026,391407.3925785674,1274.9041134150752,0.0032572305418558573,0.9967427694581441,FINITE_NONZERO,0.967174493083557,0.016372368815948724,0.5555716651986086,0.9852316325695822,True,20.548429054318905,27.80083869905253,37.005131986359245,b367302acba97774930de270d6a6ae412b78e6123fa1a92777f9071de5d07884,False,NOT_APPLICABLE_STAGE_A,COMPLETE
legit_segment_c9763b84f1c6859eabc9a6fe,legit_pass_7ec31641e380388b3b01cb9d,65693,STARLINK-35060,2026-06,CONFIRMATORY,controlled_example_station,52.21,5.16,14.0,11325000000.0,10.0,2026-06-01T13:13:13Z,2026-06-01T13:16:28Z,195.0,12.506059788654824,RISING_25_PERCENT,0.2512820512820513,2026-06-01T13:14:02Z,2026-06-01T13:13:32Z,2026-06-01T13:14:32Z,1.0,61,10.814512591829827,11.749015440497192,12.40189719749483,326554871,2026-05-31T17:54:26.109792Z,2026-06-01T10:22:25Z,19.32663616888889,2.8602777777777777,18-24 h,data/orbit_uncertainty_stage1/raw/spacetrack_gp/spacetrack_gp_history_20260529_20260701_20sat_omm.json,1F5A8BA23D1C8AE605C4142F44E424711D1D85014DB46C28BBC18C3ABC326A96,2026-06-01T13:48:41.999990Z,0.5777777749999999,data/orbit_uncertainty_stage1/june/sat000065693.csv,D31425DC1D7BF768E17AFC34A7D7E516943AB5AC5C7598CCE830821EDB62E3E7,7,False,SELECTED_FROZEN,2749.6007088207807,2754.49692751713,2971.641637802124,2984.0797786712646,540.0589504241943,2749.6007088207803,2749.6007088207803,9.269924161498476,9.269924161498476,17.621084699652826,17.621084699652826,462822452.74578,18940.660185532677,4.092424659426893e-05,0.9999590757534057,FINITE_NONZERO,0.9884782528462325,-0.0630608098895209,2.2412311071651283,0.9838226267501887,True,10.715406167972507,11.681070831803366,12.370941902466829,9594f882a770f86010c0b4f88637d0d9eb2f3492ad8883bf714efdaa77e5c747,False,NOT_APPLICABLE_STAGE_A,COMPLETE
legit_segment_ca3b9922f13c103c7a913de9,legit_pass_4246283c4a057610b87e168e,47844,STARLINK-2446,2026-06,CONFIRMATORY,controlled_example_station,52.21,5.16,14.0,11325000000.0,10.0,2026-06-03T01:01:29Z,2026-06-03T01:08:47Z,438.0,66.26076857058538,RISING_25_PERCENT,0.2511415525114155,2026-06-03T01:03:19Z,2026-06-03T01:02:49Z,2026-06-03T01:03:49Z,1.0,61,20.987022669913745,27.816331726623755,36.21338112899113,326715966,2026-06-02T07:32:11.363424Z,2026-06-02T22:26:32Z,17.518787937777777,2.6130555555555555,12-18 h,data/orbit_uncertainty_stage1/raw/spacetrack_gp/spacetrack_gp_history_20260529_20260701_20sat_omm.json,1F5A8BA23D1C8AE605C4142F44E424711D1D85014DB46C28BBC18C3ABC326A96,2026-06-03T00:27:41.999990Z,0.593611113888889,data/orbit_uncertainty_stage1/june/sat000047844.csv,FE1F3D11E12AC1E3987E760842AEC279FE294DEAF66BE25CA508FB5254D084DD,23,False,SELECTED_FROZEN,2067.850502076696,2182.5988455805186,3321.254140853882,3496.4498901367188,2371.0015029907227,2067.8505020766956,2067.8505020766956,39.08675914625213,39.08675914625213,118.83539968317393,118.83539968317393,290588000.96449417,861432.9852894413,0.0029644478864586585,0.9970355521135413,FINITE_NONZERO,0.9710458785010355,0.4262111720725841,12.93848665036452,0.9881457167077596,True,20.414207301655978,27.031168779235124,35.1496611952586,425e1ace44f7f3bdfa281f3023825e61811ddebd89460d8b58526f781097d0a1,False,NOT_APPLICABLE_STAGE_A,COMPLETE
legit_segment_ca60c32532ed5c70b9b54e59,legit_pass_f77e489bd0187e5a7f3cfbdf,47749,STARLINK-2163,2026-06,CONFIRMATORY,controlled_example_station,52.21,5.16,14.0,11325000000.0,10.0,2026-06-23T14:57:12Z,2026-06-23T15:02:42Z,330.0,76.24168790434543,PEAK,0.5,2026-06-23T14:59:57Z,2026-06-23T14:59:27Z,2026-06-23T15:00:27Z,1.0,61,53.667852241649044,66.44362243916585,76.24168790434543,330964344,2026-06-22T20:00:01.999872Z,2026-06-23T03:40:42Z,18.998611146666665,11.320833333333333,18-24 h,data/orbit_uncertainty_stage1/raw/spacetrack_gp/spacetrack_gp_history_20260529_20260701_20sat_omm.json,1F5A8BA23D1C8AE605C4142F44E424711D1D85014DB46C28BBC18C3ABC326A96,2026-06-23T15:34:41.999981Z,0.5791666613888888,data/orbit_uncertainty_stage1/june/sat000047749.csv,0CE3EE486737D6898F4E0960379BB2CF5D672CBD2C80BC161C0E3F96D2261670,232,False,SELECTED_FROZEN,-5530.679508521908,5596.613229999165,6591.603410720825,6604.124118804932,77.4083480834961,-5530.679508521907,5530.679508521907,1.727447707863607,1.727447707863607,856.0016102710863,856.0016102710863,1910646858.418303,44697064.163988255,0.023393681551906444,0.9766063184480935,FINITE_NONZERO,0.0012608818989883197,3.0668745906582515,101.04541880031341,0.9860657341160637,True,53.188617452235384,66.43153335396069,76.23869786640272,3333b5bc0b992d667799e282db0874b7ff96e670fd99edd9cf0ded71a85bf1a9,False,NOT_APPLICABLE_STAGE_A,COMPLETE
legit_segment_ca98be696ae4aafcd51c6ad6,legit_pass_458c5ffb1dececca2932e595,65411,STARLINK-34983,2026-06,CONFIRMATORY,controlled_example_station,52.21,5.16,14.0,11325000000.0,10.0,2026-06-21T15:59:44Z,2026-06-21T16:06:11Z,387.0,29.44732961546982,SETTING_75_PERCENT,0.7493540051679587,2026-06-21T16:04:34Z,2026-06-21T16:04:04Z,2026-06-21T16:05:04Z,1.0,61,17.04206877351201,20.747715172596024,24.503189837953183,330924295,2026-06-20T05:18:51.780960Z,2026-06-20T16:06:57Z,34.76172751111111,23.960277777777776,24-36 h,data/orbit_uncertainty_stage1/raw/spacetrack_gp/spacetrack_gp_history_20260529_20260701_20sat_omm.json,1F5A8BA23D1C8AE605C4142F44E424711D1D85014DB46C28BBC18C3ABC326A96,2026-06-21T16:55:41.999981Z,0.8522222169444444,data/orbit_uncertainty_stage1/june/sat000065411.csv,26E105CAB95698D658010132E70DA6D62EE0D10BD67ED831612077EEE7C12C95,218,False,SELECTED_FROZEN,4671.810379434804,4765.864510199814,6205.070844650269,6363.819499969482,-3138.303735733032,4671.810379434804,4671.810379434804,-53.39465322781974,53.39465322781974,62.01387149991148,62.01387149991148,1385521336.3045084,234588.9357628595,0.00016931456024239945,0.9998306854397576,FINITE_NONZERO,0.9956675375899593,0.22217419663324733,7.340181018918909,0.9859900737000543,True,17.579288941090724,21.3129158924493,25.05517700023488,4d7a41da145e4da9e0d97c183485e782bcb2704844864dd75f0e2cf535f83cf7,False,NOT_APPLICABLE_STAGE_A,COMPLETE
legit_segment_ca9ea73fb3c08811ffcd68bd,legit_pass_ea3dc6417915507c3e5b73dc,65693,STARLINK-35060,2026-06,CONFIRMATORY,controlled_example_station,52.21,5.16,14.0,11325000000.0,10.0,2026-06-26T21:09:48Z,2026-06-26T21:16:35Z,407.0,34.74457508294117,RISING_25_PERCENT,0.25061425061425063,2026-06-26T21:11:30Z,2026-06-26T21:11:00Z,2026-06-26T21:12:00Z,1.0,61,18.20559048931407,22.609218818682518,27.27990604501155,331499297,2026-06-26T17:47:38.131584Z,2026-06-26T20:06:42Z,3.3977412266666667,1.08,0-6 h,data/orbit_uncertainty_stage1/raw/spacetrack_gp/spacetrack_gp_history_20260529_20260701_20sat_omm.json,1F5A8BA23D1C8AE605C4142F44E424711D1D85014DB46C28BBC18C3ABC326A96,2026-06-26T20:27:41.999962Z,0.7300000105555556,data/orbit_uncertainty_stage1/june/sat000065693.csv,D31425DC1D7BF768E17AFC34A7D7E516943AB5AC5C7598CCE830821EDB62E3E7,263,False,SELECTED_FROZEN,130.49986276470247,134.798116867053,187.3949089050293,193.93237686157227,113.04617309570312,130.49986276470244,130.49986276470244,1.908014286692846,1.908014286692846,3.4289048759131617,3.4289048759131617,1108402.4709651244,717.2007075317244,0.0006470580193738047,0.9993529419806262,FINITE_NONZERO,0.9896893784760712,0.012355876707232705,0.17251695210148257,0.997468647192564,True,18.188003815154403,22.588903209933715,27.25780192666421,2d321d0c16231c29b63c703aa2cbed24e483d470e41bd934dade541f95994807,False,NOT_APPLICABLE_STAGE_A,COMPLETE
legit_segment_cb7e888d22b42b335ad18d52,legit_pass_75d9a3f0035ab98629c3a32f,48309,STARLINK-2517,2026-06,CONFIRMATORY,controlled_example_station,52.21,5.16,14.0,11325000000.0,10.0,2026-06-06T15:40:51Z,2026-06-06T15:48:17Z,446.0,82.31522089725505,PEAK,0.5,2026-06-06T15:44:34Z,2026-06-06T15:44:04Z,2026-06-06T15:45:04Z,1.0,61,64.33274380482794,74.45494436432926,82.31522089725505,327472821,2026-06-05T20:30:36.931104Z,2026-06-06T10:37:48Z,19.23251913777778,5.112777777777778,18-24 h,data/orbit_uncertainty_stage1/raw/spacetrack_gp/spacetrack_gp_history_20260529_20260701_20sat_omm.json,1F5A8BA23D1C8AE605C4142F44E424711D1D85014DB46C28BBC18C3ABC326A96,2026-06-06T16:11:42.000029Z,0.4522222302777778,data/orbit_uncertainty_stage1/june/sat000048309.csv,79D62147447BEB30EC557417B61811EF138EF8094DC33D3F68D9F90E474F7689,58,False,SELECTED_FROZEN,-890.0087471008301,892.7987069277945,972.7764225006104,973.7821235656738,5.705413818359375,-890.0087471008299,890.0087471008299,0.10319023061719107,0.10319023061719107,70.50290934853035,70.50290934853035,48622461.39660846,303210.27382303233,0.006236012433631795,0.9937639875663682,FINITE_NONZERO,0.0006636459812666695,0.2538307028394498,4.61243017070136,0.9957199826361662,True,64.16860177610252,74.47910209510756,82.3564074057055,81dcafa3a39cdf84caaa7cc389b3847457b657868eb95bf37e88316039c4bf83,False,NOT_APPLICABLE_STAGE_A,COMPLETE
legit_segment_cbec0d3f474ac3b0903f416b,legit_pass_457570044d3ce1f9d652e76f,65686,STARLINK-35137,2026-06,CONFIRMATORY,controlled_example_station,52.21,5.16,14.0,11325000000.0,10.0,2026-06-01T08:39:10Z,2026-06-01T08:46:28Z,438.0,81.79969897862425,SETTING_75_PERCENT,0.7511415525114156,2026-06-01T08:44:39Z,2026-06-01T08:44:09Z,2026-06-01T08:45:09Z,1.0,61,20.987590165322686,28.080563502787278,36.99379399976925,326446506,2026-06-01T04:00:03.000096Z,2026-06-01T06:47:07Z,4.743333306666667,1.958888888888889,0-6 h,data/orbit_uncertainty_stage1/raw/spacetrack_gp/spacetrack_gp_history_20260529_20260701_20sat_omm.json,1F5A8BA23D1C8AE605C4142F44E424711D1D85014DB46C28BBC18C3ABC326A96,2026-06-01T09:37:42.000038Z,0.8841666772222223,data/orbit_uncertainty_stage1/june/sat000065686.csv,B6BC6FF15B3CA146A8A5647889EB05C3E5134E71663266D0DFF94290D3AA7A5B,6,False,SELECTED_FROZEN,3.218394889206183,3.3463866898456023,4.126274108886719,4.140928268432617,3.1521835327148438,3.218394889206182,3.218394889206182,0.04885025024414066,0.04885025024414066,0.3169710727237297,0.3169710727237297,683.0965365565244,6.128710317561549,0.00897195343495116,0.9910280465650488,FINITE_NONZERO,0.8804259802313349,-0.0011243189819557936,0.058013374025487674,0.966502145659126,False,20.9877574673716,28.080293074322878,36.9927404877634,2a54c968644a8518d326df1f8bd4d7f434ebec647b0ad5577ae4d344fc8f0728,False,NOT_APPLICABLE_STAGE_A,COMPLETE
legit_segment_cc25addf5fd724bbedf6a6da,legit_pass_c7a8053b7c4e4a8ee5c6dd74,45230,STARLINK-1227,2026-06,CONFIRMATORY,controlled_example_station,52.21,5.16,14.0,11325000000.0,10.0,2026-06-06T10:56:29Z,2026-06-06T11:03:07Z,398.0,44.47140462841955,RISING_25_PERCENT,0.25125628140703515,2026-06-06T10:58:09Z,2026-06-06T10:57:39Z,2026-06-06T10:58:39Z,1.0,61,19.006323808769455,24.688639453840498,31.223082335679777,327471152,2026-06-06T02:45:20.081664Z,2026-06-06T10:37:48Z,8.213588426666666,0.33916666666666667,6-9 h,data/orbit_uncertainty_stage1/raw/spacetrack_gp/spacetrack_gp_history_20260529_20260701_20sat_omm.json,1F5A8BA23D1C8AE605C4142F44E424711D1D85014DB46C28BBC18C3ABC326A96,2026-06-06T10:51:41.999962Z,0.10750001055555557,data/orbit_uncertainty_stage1/june/sat000045230.csv,A086445B48BCEA5D6D786487B3F9BAAB43C341130589A86BCBB60E49241950E8,55,False,SELECTED_FROZEN,560.1151768731289,588.0951671544905,874.6024322509766,915.2722110748291,604.1700286865234,560.1151768731288,560.1151768731288,10.071328407642644,10.071328407642644,26.136199791261706,26.136199791261706,21097211.463458553,41669.157311253664,0.0019751026045990378,0.998024897395401,FINITE_NONZERO,0.978737424520301,0.09403653986756133,1.9517397596902089,0.9944235355726732,True,18.902832744957212,24.556132149767766,31.060362240991502,e89d6f9709dcaf66710b7e5b13d526675f480bb25e7a7b541dcdc676059dcb52,False,NOT_APPLICABLE_STAGE_A,COMPLETE
legit_segment_cc9b25d83fcc50d010a13920,legit_pass_fde717e2e07796edff3ad093,45230,STARLINK-1227,2026-06,CONFIRMATORY,controlled_example_station,52.21,5.16,14.0,11325000000.0,10.0,2026-06-06T06:05:53Z,2026-06-06T06:12:08Z,375.0,31.971806066218853,RISING_25_PERCENT,0.25066666666666665,2026-06-06T06:07:27Z,2026-06-06T06:06:57Z,2026-06-06T06:07:57Z,1.0,61,17.344942632513803,21.62521425037162,26.092069193702297,327404691,2026-06-05T03:27:08.871552Z,2026-06-06T04:26:37Z,26.671702346666667,1.6805555555555556,24-36 h,data/orbit_uncertainty_stage1/raw/spacetrack_gp/spacetrack_gp_history_20260529_20260701_20sat_omm.json,1F5A8BA23D1C8AE605C4142F44E424711D1D85014DB46C28BBC18C3ABC326A96,2026-06-06T05:41:42.000029Z,0.4291666586111111,data/orbit_uncertainty_stage1/june/sat000045230.csv,A086445B48BCEA5D6D786487B3F9BAAB43C341130589A86BCBB60E49241950E8,53,False,SELECTED_FROZEN,41.98225781174957,44.964153759277146,69.77255821228027,73.16635704040527,53.96531295776367,41.98225781174956,41.98225781174956,0.9068479898050313,0.9068479898050313,2.0807298156050034,2.0807298156050034,123328.28252056293,264.09563049840557,0.0021414036188687866,0.9978585963811312,FINITE_NONZERO,0.9833011242472123,0.007498136442505077,0.10281595287274556,0.9975583150358981,True,17.336543949107654,21.61478656014948,26.079852850501094,0d08183542dcf54d219b67b423dfb9690601959598fa6261fb5dca56ed193c99,False,NOT_APPLICABLE_STAGE_A,COMPLETE
legit_segment_cccd14c0812f8df49f56020a,legit_pass_2c6fc2c746630f53c82a3996,47383,STARLINK-2103,2026-06,CONFIRMATORY,controlled_example_station,52.21,5.16,14.0,11325000000.0,10.0,2026-06-02T07:39:19Z,2026-06-02T07:41:34Z,135.0,11.156482448023738,RISING_25_PERCENT,0.2518518518518518,2026-06-02T07:39:53Z,2026-06-02T07:39:23Z,2026-06-02T07:40:23Z,1.0,61,10.132190122073565,10.784381172849203,11.152894768698633,326542126,2026-05-31T22:34:37.493472Z,2026-06-01T10:22:25Z,33.087640702222224,21.29111111111111,24-36 h,data/orbit_uncertainty_stage1/raw/spacetrack_gp/spacetrack_gp_history_20260529_20260701_20sat_omm.json,1F5A8BA23D1C8AE605C4142F44E424711D1D85014DB46C28BBC18C3ABC326A96,2026-06-02T08:39:42.000019Z,0.9969444497222223,data/orbit_uncertainty_stage1/june/sat000047383.csv,6A97ABED011A96AE20108B2FFAB622CC78ED39D918CC694CBFCE03E18290B2FA,16,False,SELECTED_FROZEN,-7619.30865991311,7623.076892022158,7881.9574909210205,7882.332410812378,-766.9758968353271,-7619.3086599131075,7619.3086599131075,-13.183406296159665,13.183406296159665,59.65034927576701,59.65034927576701,3544789379.402615,217048.01429198092,6.12301581451248e-05,0.9999387698418549,FINITE_NONZERO,0.9380508440849019,0.21482691852379965,3.600972061782537,0.9963557050279669,True,10.290287973159803,10.85177875783848,11.123649757000207,1f5da172a6b83f68c1bf7e9d9bca7785eb4c44a7be87a1982a68995483f3023f,False,NOT_APPLICABLE_STAGE_A,COMPLETE
legit_segment_cd135bc2c3b09f6300309f1e,legit_pass_e9bb91f71a956256aa6773bb,48111,STARLINK-2448,2026-06,CONFIRMATORY,controlled_example_station,52.21,5.16,14.0,11325000000.0,10.0,2026-06-10T16:15:03Z,2026-06-10T16:22:02Z,419.0,79.99652133529543,RISING_25_PERCENT,0.25059665871121717,2026-06-10T16:16:48Z,2026-06-10T16:16:18Z,2026-06-10T16:17:18Z,1.0,61,20.721929828351453,28.111493351760625,37.52487184970142,328602935,2026-06-10T11:18:14.996160Z,2026-06-10T15:57:07Z,4.9758344,0.32805555555555554,0-6 h,data/orbit_uncertainty_stage1/raw/spacetrack_gp/spacetrack_gp_history_20260529_20260701_20sat_omm.json,1F5A8BA23D1C8AE605C4142F44E424711D1D85014DB46C28BBC18C3ABC326A96,2026-06-10T15:11:42Z,1.085,data/orbit_uncertainty_stage1/june/sat000048111.csv,63E98DFF9634CD904EDA2CF3528E739282097399B04E926A453B20B62792D5D5,97,False,SELECTED_FROZEN,-44.42462755422123,48.010286239849314,77.89586448669434,82.91715431213379,-62.136491775512695,-44.42462755422123,44.42462755422123,-1.0133814989732477,1.0133814989732477,3.6177357750394283,3.6177357750394283,140604.24267476815,798.3687404180081,0.005678126955704429,0.9943218730442955,FINITE_NONZERO,0.9605116760067818,-0.012937291086052793,0.48032756055900916,0.9823720697230479,True,20.736504003814762,28.13252697413115,37.55517161404695,5a41a3900f8ec255a475e524d57954d458e19a7b2e00d0bc75b71bd0d42bc921,False,NOT_APPLICABLE_STAGE_A,COMPLETE
legit_segment_cda8cb5f45a6eb06fedbe9c9,legit_pass_3c2ffdcc5a07c751923922e2,58380,STARLINK-30915,2026-06,CONFIRMATORY,controlled_example_station,52.21,5.16,14.0,11325000000.0,10.0,2026-06-01T08:39:15Z,2026-06-01T08:44:14Z,299.0,17.30213646281323,PEAK,0.5016722408026756,2026-06-01T08:41:45Z,2026-06-01T08:41:15Z,2026-06-01T08:42:15Z,1.0,61,16.874579279281257,17.157754809894396,17.30213646281323,326422776,2026-05-31T13:21:55.128384Z,2026-06-01T00:06:54Z,19.330519893333335,8.580833333333333,18-24 h,data/orbit_uncertainty_stage1/raw/spacetrack_gp/spacetrack_gp_history_20260529_20260701_20sat_omm.json,1F5A8BA23D1C8AE605C4142F44E424711D1D85014DB46C28BBC18C3ABC326A96,2026-06-01T09:22:42.000010Z,0.6825000027777778,data/orbit_uncertainty_stage1/june/sat000058380.csv,3EDD695EBC2FD369BB6D3F364CEB1C354CEB8FF41D75D9C0E85CB4203365E2E7,6,False,SELECTED_FROZEN,33.87429843965124,34.089429767515654,38.98031997680664,39.25313758850098,12.556060791015625,33.87429843965123,33.87429843965123,0.21567506179930618,0.21567506179930618,0.44860905960794584,0.44860905960794584,70887.44253433732,12.276255390101857,0.0001731795498780385,0.999826820450122,FINITE_NONZERO,0.9862356652094348,-0.0016065642657022983,0.054581006457835535,0.9851970933767402,False,16.86811116710882,17.150583981270856,17.294891552870737,3b9be82998ae7b46f2a63949808c36ce3812f0080b97fd9e8f7d09415d6cd43a,False,NOT_APPLICABLE_STAGE_A,COMPLETE
legit_segment_ce1163ec812f92b9d09cb7c3,legit_pass_4246283c4a057610b87e168e,47844,STARLINK-2446,2026-06,CONFIRMATORY,controlled_example_station,52.21,5.16,14.0,11325000000.0,10.0,2026-06-03T01:01:29Z,2026-06-03T01:08:47Z,438.0,66.26076857058538,PEAK,0.4977168949771689,2026-06-03T01:05:07Z,2026-06-03T01:04:37Z,2026-06-03T01:05:37Z,1.0,61,56.92067732603206,62.80575819597001,66.26076857058538,326715966,2026-06-02T07:32:11.363424Z,2026-06-02T22:26:32Z,17.548787937777778,2.6430555555555557,12-18 h,data/orbit_uncertainty_stage1/raw/spacetrack_gp/spacetrack_gp_history_20260529_20260701_20sat_omm.json,1F5A8BA23D1C8AE605C4142F44E424711D1D85014DB46C28BBC18C3ABC326A96,2026-06-03T00:27:41.999990Z,0.6236111138888889,data/orbit_uncertainty_stage1/june/sat000047844.csv,FE1F3D11E12AC1E3987E760842AEC279FE294DEAF66BE25CA508FB5254D084DD,23,False,SELECTED_FROZEN,10681.575955062615,10709.733915615814,11573.815578460693,11586.28630065918,513.3768577575684,10681.575955062614,10681.575955062614,9.993200364559181,9.993200364559181,755.8953650649495,755.8953650649495,6996602433.14079,34854045.97852707,0.004981567312362068,0.9950184326876379,FINITE_NONZERO,0.051396353683941465,-2.72160273379267,48.76010770707694,0.9958389211281439,True,55.43197043452338,62.73827610272223,66.30361796171341,dc86ce0cd79c3867c9b44c6850992c3380d5bfe5e13aa5843d8a15b1d02ffeaf,False,NOT_APPLICABLE_STAGE_A,COMPLETE
legit_segment_ce3ca679aa65740b61975582,legit_pass_3533c75a3748731b4edd8d62,45230,STARLINK-1227,2026-06,CONFIRMATORY,controlled_example_station,52.21,5.16,14.0,11325000000.0,10.0,2026-06-09T08:47:50Z,2026-06-09T08:54:47Z,417.0,84.87170305101232,RISING_25_PERCENT,0.24940047961630696,2026-06-09T08:49:34Z,2026-06-09T08:49:04Z,2026-06-09T08:50:04Z,1.0,61,20.443088515299447,27.780565478111228,37.1592649166442,328232870,2026-06-09T02:12:24.818688Z,2026-06-09T07:56:35Z,6.619217031111111,0.8830555555555556,6-9 h,data/orbit_uncertainty_stage1/raw/spacetrack_gp/spacetrack_gp_history_20260529_20260701_20sat_omm.json,1F5A8BA23D1C8AE605C4142F44E424711D1D85014DB46C28BBC18C3ABC326A96,2026-06-09T07:29:42.000029Z,1.3311111030555556,data/orbit_uncertainty_stage1/june/sat000045230.csv,A086445B48BCEA5D6D786487B3F9BAAB43C341130589A86BCBB60E49241950E8,83,False,SELECTED_FROZEN,32.07522220298892,35.59382985748218,60.62667465209961,65.00142288208008,52.77846336364746,32.07522220298892,32.07522220298892,0.8575724507437256,0.8575724507437256,3.1807840208273,3.1807840208273,77282.16415932676,617.1606062161674,0.007985809053481141,0.9920141909465189,FINITE_NONZERO,0.9575079752187566,0.011361447109762501,0.4489198209451663,0.9800809234742731,True,20.433354722307918,27.76478878513574,37.13457408956049,a3ed2592c5f4d2efa0187b91b6b4156eb0d895345aab9786877569d51b155991,False,NOT_APPLICABLE_STAGE_A,COMPLETE
legit_segment_ce59af7cece9436494fdf50a,legit_pass_a695252acff255afe24efe91,47767,STARLINK-2185,2026-06,CONFIRMATORY,controlled_example_station,52.21,5.16,14.0,11325000000.0,10.0,2026-06-01T02:03:59Z,2026-06-01T02:10:32Z,393.0,58.45047224942401,PEAK,0.49872773536895676,2026-06-01T02:07:15Z,2026-06-01T02:06:45Z,2026-06-01T02:07:45Z,1.0,61,50.42011749918976,55.50948291835325,58.45047224942401,326327644,2026-05-31T10:12:02.566080Z,2026-05-31T16:16:51Z,15.920120533333334,9.84,12-18 h,data/orbit_uncertainty_stage1/raw/spacetrack_gp/spacetrack_gp_history_20260529_20260701_20sat_omm.json,1F5A8BA23D1C8AE605C4142F44E424711D1D85014DB46C28BBC18C3ABC326A96,2026-06-01T00:30:41.999962Z,1.6091666772222222,data/orbit_uncertainty_stage1/june/sat000047767.csv,6E26A6FFCB0389E48C81BEEAD935A847B2444F9441CBE4C1AD8107642DE7DD5F,2,False,SELECTED_FROZEN,1380.1796008250753,1384.6849678714507,1511.6015090942383,1512.810775756836,12.339069366455078,1380.1796008250747,1380.1796008250747,0.2623573351637667,0.2623573351637667,111.51408875289522,111.51408875289522,116958500.07519877,758558.9114137042,0.00648570998196785,0.9935142900180322,FINITE_NONZERO,0.0017129475869470667,-0.4014480311382369,7.4406339831930435,0.995547946207515,True,50.25076728647463,55.49604513531979,58.440973667860476,0b6296da30b72a78d3232519c10fdaf90044712f20c35c777b5d91bacf58055e,False,NOT_APPLICABLE_STAGE_A,COMPLETE
legit_segment_ced5be3ec43b57c026425c20,legit_pass_83df93c6ccea69a1dbc885ae,48309,STARLINK-2517,2026-06,CONFIRMATORY,controlled_example_station,52.21,5.16,14.0,11325000000.0,10.0,2026-06-16T14:01:58Z,2026-06-16T14:08:31Z,393.0,30.092692381209535,PEAK,0.5012722646310432,2026-06-16T14:05:15Z,2026-06-16T14:04:45Z,2026-06-16T14:05:45Z,1.0,61,28.87829963308543,29.67276049556672,30.092692381209535,329893571,2026-06-16T05:45:05.277888Z,2026-06-16T11:02:42Z,8.33603392,3.0425,6-9 h,data/orbit_uncertainty_stage1/raw/spacetrack_gp/spacetrack_gp_history_20260529_20260701_20sat_omm.json,1F5A8BA23D1C8AE605C4142F44E424711D1D85014DB46C28BBC18C3ABC326A96,2026-06-16T13:59:42Z,0.0925,data/orbit_uncertainty_stage1/june/sat000048309.csv,79D62147447BEB30EC557417B61811EF138EF8094DC33D3F68D9F90E474F7689,158,False,SELECTED_FROZEN,251.07083317490876,251.23873440370252,260.0147171020508,260.088809967041,20.509145736694336,251.0708331749087,251.0708331749087,0.35821302445208464,0.35821302445208464,6.675346931531725,6.675346931531725,3850375.0015512244,2718.175656034911,0.000705950889183475,0.9992940491108165,FINITE_NONZERO,0.4716492129183115,-0.02406582755460801,0.26463599735510374,0.9984283705626679,True,28.87380551726612,29.65905836846551,30.078661724594575,8ac0ca61993b2cec839ca0c0af1d2f54593dc4e457ea0ca0ae1391d748de1cdd,False,NOT_APPLICABLE_STAGE_A,COMPLETE
legit_segment_cf01d454e2a82ca3bbbf5603,legit_pass_d7015a7e02a6d227402effdb,65421,STARLINK-35146,2026-06,CONFIRMATORY,controlled_example_station,52.21,5.16,14.0,11325000000.0,10.0,2026-06-09T02:33:08Z,2026-06-09T02:39:25Z,377.0,27.042589668320844,RISING_25_PERCENT,0.2493368700265252,2026-06-09T02:34:42Z,2026-06-09T02:34:12Z,2026-06-09T02:35:12Z,1.0,61,16.380740559715928,19.73488666325566,23.053450859314417,328174083,2026-06-08T18:16:22.582272Z,2026-06-08T23:56:34Z,8.305393813333334,2.6355555555555554,6-9 h,data/orbit_uncertainty_stage1/raw/spacetrack_gp/spacetrack_gp_history_20260529_20260701_20sat_omm.json,1F5A8BA23D1C8AE605C4142F44E424711D1D85014DB46C28BBC18C3ABC326A96,2026-06-09T02:54:41.999962Z,0.33333332277777783,data/orbit_uncertainty_stage1/june/sat000065421.csv,47F2014ECBC8E7384C87E8BF3D80DB676A195CA775414C519EDF2550466E6CB3,82,False,SELECTED_FROZEN,481.6531856099113,491.00748537663475,635.9796314239502,651.730152130127,317.6888847351074,481.6531856099112,481.6531856099112,5.4079577859024255,5.4079577859024255,5.683061616657965,5.683061616657965,14706389.392449059,1970.1285496625937,0.00013396412247007066,0.99986603587753,FINITE_NONZERO,0.9964502964032543,0.020315657297787837,0.7696809321291654,0.9816575761107237,True,16.335681629225437,19.689156193162084,23.011078982860983,1497285fc6802abf3c32b9a1f4bdb8860c26c3ab78dcb67d5d1a42edd2a45e82,False,NOT_APPLICABLE_STAGE_A,COMPLETE
legit_segment_cf1894926523727b844e24e1,legit_pass_afff4c568c94550059908020,65686,STARLINK-35137,2026-06,CONFIRMATORY,controlled_example_station,52.21,5.16,14.0,11325000000.0,10.0,2026-06-01T10:16:58Z,2026-06-01T10:24:16Z,438.0,85.49954228427167,SETTING_75_PERCENT,0.7511415525114156,2026-06-01T10:22:27Z,2026-06-01T10:21:57Z,2026-06-01T10:22:57Z,1.0,61,21.059402552515902,28.223090447196956,37.2478795221507,326554368,2026-06-01T06:00:02.000160Z,2026-06-01T10:22:25Z,4.373611066666667,0.0005555555555555556,0-6 h,data/orbit_uncertainty_stage1/raw/spacetrack_gp/spacetrack_gp_history_20260529_20260701_20sat_omm.json,1F5A8BA23D1C8AE605C4142F44E424711D1D85014DB46C28BBC18C3ABC326A96,2026-06-01T09:37:42.000038Z,0.7458333227777777,data/orbit_uncertainty_stage1/june/sat000065686.csv,B6BC6FF15B3CA146A8A5647889EB05C3E5134E71663266D0DFF94290D3AA7A5B,6,False,SELECTED_FROZEN,12.475570303494813,14.086466212020682,24.5208740234375,26.338565826416016,-22.337993621826172,12.47557030349481,12.47557030349481,-0.3639734982309489,0.3639734982309489,1.311829503583271,1.311829503583271,12104.140350886417,104.97469543476339,0.008672627083928007,0.991327372916072,FINITE_NONZERO,0.9597814933865864,0.004689929000789628,0.17678064081506945,0.9818400512133815,True,21.06358293097938,28.229798276438807,37.25827557202514,ec9b0662286744b980bdfdfc249391e12322e17d7dc1c319978a8e4e72ece6a7,False,NOT_APPLICABLE_STAGE_A,COMPLETE
legit_segment_cf5357ba54157c600192caac,legit_pass_8f9e234ac95176a3908e7f29,47844,STARLINK-2446,2026-06,CONFIRMATORY,controlled_example_station,52.21,5.16,14.0,11325000000.0,10.0,2026-06-07T02:13:24Z,2026-06-07T02:20:47Z,443.0,87.72818314266205,SETTING_75_PERCENT,0.7494356659142212,2026-06-07T02:18:56Z,2026-06-07T02:18:26Z,2026-06-07T02:19:26Z,1.0,61,21.25517120139223,28.431910430780036,37.46137853753736,327630858,2026-06-06T19:35:25.892160Z,2026-06-06T22:36:27Z,6.725029955555556,3.7080555555555557,6-9 h,data/orbit_uncertainty_stage1/raw/spacetrack_gp/spacetrack_gp_history_20260529_20260701_20sat_omm.json,1F5A8BA23D1C8AE605C4142F44E424711D1D85014DB46C28BBC18C3ABC326A96,2026-06-07T01:12:41.999990Z,1.1038888916666667,data/orbit_uncertainty_stage1/june/sat000047844.csv,FE1F3D11E12AC1E3987E760842AEC279FE294DEAF66BE25CA508FB5254D084DD,64,False,SELECTED_FROZEN,203.5577043314449,216.8480076844365,339.360408782959,359.0808849334717,-254.58114051818848,203.55770433144488,203.55770433144488,-4.17278178521151,4.17278178521151,13.768297558292376,13.768297558292376,2868406.5646392754,11563.527076874469,0.004031341727991294,0.9959686582720088,FINITE_NONZERO,0.9660720995903468,0.049298073028057665,1.695650885329834,0.9848325561695733,True,21.321000638424856,28.526095719799756,37.59544679985854,e061f7ccbae2ff64008dbab870b1f7ef1d1e8f5601bc733fb45f19ce13f16699,False,NOT_APPLICABLE_STAGE_A,COMPLETE
legit_segment_d007e407fa52a659fc387c12,legit_pass_062055424ad8c075e0d1583a,65411,STARLINK-34983,2026-06,CONFIRMATORY,controlled_example_station,52.21,5.16,14.0,11325000000.0,10.0,2026-06-07T01:20:58Z,2026-06-07T01:28:21Z,443.0,88.3614086507848,SETTING_75_PERCENT,0.7494356659142212,2026-06-07T01:26:30Z,2026-06-07T01:26:00Z,2026-06-07T01:27:00Z,1.0,61,21.374838866850155,28.59098436167027,37.673147746411715,327674076,2026-06-06T18:42:57.515904Z,2026-06-06T22:56:32Z,6.725690026666666,2.4994444444444444,6-9 h,data/orbit_uncertainty_stage1/raw/spacetrack_gp/spacetrack_gp_history_20260529_20260701_20sat_omm.json,1F5A8BA23D1C8AE605C4142F44E424711D1D85014DB46C28BBC18C3ABC326A96,2026-06-07T00:18:41.999990Z,1.130000002777778,data/orbit_uncertainty_stage1/june/sat000065411.csv,26E105CAB95698D658010132E70DA6D62EE0D10BD67ED831612077EEE7C12C95,62,False,SELECTED_FROZEN,421.45230752913676,462.1118281817598,768.6489601135254,820.2246704101562,-646.443977355957,421.4523075291367,421.4523075291367,-10.560081866227534,10.560081866227534,36.817689053111906,36.817689053111906,13026387.846474783,82688.0758599098,0.0063477363667079015,0.9936522636332921,FINITE_NONZERO,0.9622677487687334,0.13172023348841044,4.767917170707654,0.98322956401477,True,21.520362612028805,28.809333299101073,37.996253670107585,ccc45f1089f68c67d039eeb06b4d444113bc539a175c5e596b4ea8a33b57658c,False,NOT_APPLICABLE_STAGE_A,COMPLETE
legit_segment_d13a342403f71dcc234e2abd,legit_pass_bc99dddd596326bfc1da4d8c,65410,STARLINK-35024,2026-06,CONFIRMATORY,controlled_example_station,52.21,5.16,14.0,11325000000.0,10.0,2026-06-01T01:32:51Z,2026-06-01T01:40:14Z,443.0,89.4057445466526,RISING_25_PERCENT,0.2505643340857788,2026-06-01T01:34:42Z,2026-06-01T01:34:12Z,2026-06-01T01:35:12Z,1.0,61,21.25189182826898,28.431577074542336,37.46674071617148,326441204,2026-05-31T20:00:01.999008Z,2026-06-01T00:06:54Z,5.577778053333334,1.4633333333333334,0-6 h,data/orbit_uncertainty_stage1/raw/spacetrack_gp/spacetrack_gp_history_20260529_20260701_20sat_omm.json,1F5A8BA23D1C8AE605C4142F44E424711D1D85014DB46C28BBC18C3ABC326A96,2026-06-01T00:19:42.000038Z,1.2499999894444445,data/orbit_uncertainty_stage1/june/sat000065410.csv,480E0881CFF425F783D504E2B784746BB847F6C9A822B6001FD1AFCD7FF9CBC4,2,False,SELECTED_FROZEN,-82.28883261758773,85.50737237193519,123.87310600280762,129.65096855163574,-78.90958213806152,-82.28883261758773,82.28883261758773,-1.3015243719898797,1.3015243719898797,3.863857167842074,3.863857167842074,446002.1545271199,910.692925022559,0.0020419025239645627,0.9979580974760355,FINITE_NONZERO,0.9723559852758412,-0.013857681338902195,0.4214523376990177,0.9881025248441437,True,21.278006253001323,28.46616481249528,37.512725255441744,300a04eca7c88ef4691ba6f024188d473c2643ecb12040ef55b2d0204723df27,False,NOT_APPLICABLE_STAGE_A,COMPLETE
legit_segment_d19c802dcf5dadb2d21308a4,legit_pass_457570044d3ce1f9d652e76f,65686,STARLINK-35137,2026-06,CONFIRMATORY,controlled_example_station,52.21,5.16,14.0,11325000000.0,10.0,2026-06-01T08:39:10Z,2026-06-01T08:46:28Z,438.0,81.79969897862425,PEAK,0.5,2026-06-01T08:42:49Z,2026-06-01T08:42:19Z,2026-06-01T08:43:19Z,1.0,61,63.627561075048206,73.94857138656783,81.79969897862425,326446506,2026-06-01T04:00:03.000096Z,2026-06-01T06:47:07Z,4.712777751111111,1.9283333333333332,0-6 h,data/orbit_uncertainty_stage1/raw/spacetrack_gp/spacetrack_gp_history_20260529_20260701_20sat_omm.json,1F5A8BA23D1C8AE605C4142F44E424711D1D85014DB46C28BBC18C3ABC326A96,2026-06-01T07:49:42.000038Z,0.8852777672222222,data/orbit_uncertainty_stage1/june/sat000065686.csv,B6BC6FF15B3CA146A8A5647889EB05C3E5134E71663266D0DFF94290D3AA7A5B,5,False,SELECTED_FROZEN,-215.08399356779506,216.19186508740802,238.27084159851074,238.45374298095703,39.26346015930176,-215.08399356779503,215.08399356779503,0.7282290621575453,0.7282290621575453,17.70310128592666,17.70310128592666,2851074.2743282937,19117.387503526472,0.006705327769137296,0.9932946722308627,FINITE_NONZERO,0.3440750335351638,0.0636398601933853,1.5114403428444492,0.9927107421721227,True,63.59085214396782,73.95327801808189,81.80375062301206,a6043a970ed1316e13981c25ad4e0ace544c88c89484f83c049fc798d207ec79,False,NOT_APPLICABLE_STAGE_A,COMPLETE
legit_segment_d1b4b2697e0710553f86d672,legit_pass_afff4c568c94550059908020,65686,STARLINK-35137,2026-06,CONFIRMATORY,controlled_example_station,52.21,5.16,14.0,11325000000.0,10.0,2026-06-01T10:16:58Z,2026-06-01T10:24:16Z,438.0,85.49954228427167,RISING_25_PERCENT,0.2511415525114155,2026-06-01T10:18:48Z,2026-06-01T10:18:18Z,2026-06-01T10:19:18Z,1.0,61,21.210070964617916,28.419041030208458,37.507613709445685,326446506,2026-06-01T04:00:03.000096Z,2026-06-01T06:47:07Z,6.312499973333334,3.5280555555555555,6-9 h,data/orbit_uncertainty_stage1/raw/spacetrack_gp/spacetrack_gp_history_20260529_20260701_20sat_omm.json,1F5A8BA23D1C8AE605C4142F44E424711D1D85014DB46C28BBC18C3ABC326A96,2026-06-01T09:37:42.000038Z,0.6849999894444444,data/orbit_uncertainty_stage1/june/sat000065686.csv,B6BC6FF15B3CA146A8A5647889EB05C3E5134E71663266D0DFF94290D3AA7A5B,6,False,SELECTED_FROZEN,4.730169014852555,5.546487815305778,10.074892044067383,10.88690185546875,9.898250579833984,4.730169014852553,4.730169014852553,0.16107943155096055,0.16107943155096055,0.5878667901338726,0.5878667901338726,1876.5751522054634,21.080829139480457,0.01123367167827252,0.9887663283217275,FINITE_NONZERO,0.9588048394067743,0.0021008234038387974,0.08095845520141173,0.9810344006424412,False,21.209029764337146,28.416903713803066,37.50385969636604,61742c4cb5abeaa82f7175ab58a61c5c108dcbec0c62f198ca0abddacdb84fe5,False,NOT_APPLICABLE_STAGE_A,COMPLETE
legit_segment_d23113e25c123190e5977b7d,legit_pass_975a4b7f27b4d75a786fd7ff,58380,STARLINK-30915,2026-06,CONFIRMATORY,controlled_example_station,52.21,5.16,14.0,11325000000.0,10.0,2026-06-08T01:55:10Z,2026-06-08T02:02:33Z,443.0,80.55506988355714,SETTING_75_PERCENT,0.7494356659142212,2026-06-08T02:00:42Z,2026-06-08T02:00:12Z,2026-06-08T02:01:12Z,1.0,61,21.27251195197449,28.36020027392748,37.2346715450623,327914222,2026-06-07T17:46:56.152416Z,2026-06-08T00:36:35Z,8.229402106666667,1.4019444444444444,6-9 h,data/orbit_uncertainty_stage1/raw/spacetrack_gp/spacetrack_gp_history_20260529_20260701_20sat_omm.json,1F5A8BA23D1C8AE605C4142F44E424711D1D85014DB46C28BBC18C3ABC326A96,2026-06-08T01:12:41.999990Z,0.8000000027777778,data/orbit_uncertainty_stage1/june/sat000058380.csv,3EDD695EBC2FD369BB6D3F364CEB1C354CEB8FF41D75D9C0E85CB4203365E2E7,72,False,SELECTED_FROZEN,10892.704350831078,11653.328087734428,18416.89874267578,19502.849544525146,-14084.348278045654,10892.704350831076,10892.704350831076,-231.13876103290747,231.13876103290747,766.3276855884301,766.3276855884301,8283803386.743189,35822745.4236585,0.004324432117858649,0.9956755678821414,FINITE_NONZERO,0.9657556419062613,2.7455339546442303,90.59450434754584,0.9860242644337923,True,24.383473388455656,32.90791601093638,43.78523921334241,f8155bd82476a55cac2fc274640d098bcb9d45908db1d09ec9832b91a283a3b7,False,NOT_APPLICABLE_STAGE_A,COMPLETE
legit_segment_d2c7fe7fb118d5e7719ccec2,legit_pass_fde717e2e07796edff3ad093,45230,STARLINK-1227,2026-06,CONFIRMATORY,controlled_example_station,52.21,5.16,14.0,11325000000.0,10.0,2026-06-06T06:05:53Z,2026-06-06T06:12:08Z,375.0,31.971806066218853,PEAK,0.49866666666666665,2026-06-06T06:09:00Z,2026-06-06T06:08:30Z,2026-06-06T06:09:30Z,1.0,61,30.377033514765078,31.41410991899223,31.971806066218853,327404691,2026-06-05T03:27:08.871552Z,2026-06-06T04:26:37Z,26.69753568,1.706388888888889,24-36 h,data/orbit_uncertainty_stage1/raw/spacetrack_gp/spacetrack_gp_history_20260529_20260701_20sat_omm.json,1F5A8BA23D1C8AE605C4142F44E424711D1D85014DB46C28BBC18C3ABC326A96,2026-06-06T05:41:42.000029Z,0.45499999194444446,data/orbit_uncertainty_stage1/june/sat000045230.csv,A086445B48BCEA5D6D786487B3F9BAAB43C341130589A86BCBB60E49241950E8,53,False,SELECTED_FROZEN,155.20685721225425,155.7613462281309,167.3751983642578,167.45347213745117,38.90107536315918,155.20685721225425,155.20685721225425,0.6835611763988961,0.6835611763988961,5.251583543259691,5.251583543259691,1479957.4157067793,1682.3269124219964,0.0011367400808749433,0.9988632599191251,FINITE_NONZERO,0.8400546474965636,-0.018888091501117588,0.41658131167100887,0.9937075610780038,True,30.365656512546387,31.4085397429755,31.96584648237537,69f3742008fec4d7368a152f3d2bc97a11e8ae50d8d0426b32eed4ccf2b21678,False,NOT_APPLICABLE_STAGE_A,COMPLETE
legit_segment_d3ea218fcaa5297cc1f8601b,legit_pass_b371d3116095f1e576079cc2,44714,STARLINK-1008,2026-06,CONFIRMATORY,controlled_example_station,52.21,5.16,14.0,11325000000.0,10.0,2026-06-21T12:16:04Z,2026-06-21T12:22:10Z,366.0,33.71656840106745,SETTING_75_PERCENT,0.7513661202185792,2026-06-21T12:20:39Z,2026-06-21T12:20:09Z,2026-06-21T12:21:09Z,1.0,61,17.288984958146244,21.911457944254302,26.860365260181986,330879528,2026-06-20T09:43:48.440064Z,2026-06-20T15:56:36Z,26.61404442666667,20.400833333333335,24-36 h,data/orbit_uncertainty_stage1/raw/spacetrack_gp/spacetrack_gp_history_20260529_20260701_20sat_omm.json,1F5A8BA23D1C8AE605C4142F44E424711D1D85014DB46C28BBC18C3ABC326A96,2026-06-21T12:47:42Z,0.4508333333333333,data/orbit_uncertainty_stage1/june/sat000044714.csv,F91F0DA10678FA8B4BBDEBC15B9D96435ECFD92205FFA13417B9E47754646E40,215,False,SELECTED_FROZEN,143.65724260298933,147.03932723384855,195.7060489654541,201.36503219604492,-104.53696060180664,143.65724260298933,143.65724260298933,-1.774086314846385,1.774086314846385,2.733478151706053,2.733478151706053,1318854.3889563507,455.78607115711463,0.0003455924133655057,0.9996544075866345,FINITE_NONZERO,0.992400118233423,0.009833805135553098,0.2081253908847143,0.994202791516911,True,17.308956155329632,21.93389161322536,26.884012225401868,73be69bcf94d163b2c754632e9d9398da13a9e74e56e6a498dc333c7e3a442ff,False,NOT_APPLICABLE_STAGE_A,COMPLETE
legit_segment_d44bbd060c1a556bf020e10e,legit_pass_abbf46e8ba59b3a68ba578c8,65411,STARLINK-34983,2026-06,CONFIRMATORY,controlled_example_station,52.21,5.16,14.0,11325000000.0,10.0,2026-06-18T19:09:42Z,2026-06-18T19:17:04Z,442.0,82.11867905081957,PEAK,0.5,2026-06-18T19:13:23Z,2026-06-18T19:12:53Z,2026-06-18T19:13:53Z,1.0,61,63.89249146621838,74.24503201007084,82.11867905081957,330402342,2026-06-18T14:09:51.291072Z,2026-06-18T17:45:15Z,5.058808035555556,1.468888888888889,0-6 h,data/orbit_uncertainty_stage1/raw/spacetrack_gp/spacetrack_gp_history_20260529_20260701_20sat_omm.json,1F5A8BA23D1C8AE605C4142F44E424711D1D85014DB46C28BBC18C3ABC326A96,2026-06-18T20:17:42Z,1.0719444444444444,data/orbit_uncertainty_stage1/june/sat000065411.csv,26E105CAB95698D658010132E70DA6D62EE0D10BD67ED831612077EEE7C12C95,186,False,SELECTED_FROZEN,905.1195088370902,908.0916216917776,991.4058322906494,992.1988697052002,19.2023868560791,905.1195088370899,905.1195088370899,0.348891791308891,0.348891791308891,73.15280725901064,73.15280725901064,50302453.99659495,326431.3258023116,0.00648937178739646,0.9935106282126035,FINITE_NONZERO,0.0070021195998756225,-0.2633521596297458,4.865180860306464,0.9955768060266145,True,64.07421757227351,74.25623187538591,82.13835391165044,040e0e0cf71e4633c2936d3b978daafeeb9eae1a8b09883cfacf28d6d83e87e9,False,NOT_APPLICABLE_STAGE_A,COMPLETE
legit_segment_d4a3bde729ca52c3fde7c868,legit_pass_62a1ebdef10a51b8b2425e51,48309,STARLINK-2517,2026-06,CONFIRMATORY,controlled_example_station,52.21,5.16,14.0,11325000000.0,10.0,2026-06-19T09:17:22Z,2026-06-19T09:24:48Z,446.0,84.14414233081143,RISING_25_PERCENT,0.25112107623318386,2026-06-19T09:19:14Z,2026-06-19T09:18:44Z,2026-06-19T09:19:44Z,1.0,61,21.33449918060917,28.460683825091035,37.39655149206648,330620351,2026-06-19T04:17:28.274208Z,2026-06-19T06:47:17Z,5.029368275555556,2.5325,0-6 h,data/orbit_uncertainty_stage1/raw/spacetrack_gp/spacetrack_gp_history_20260529_20260701_20sat_omm.json,1F5A8BA23D1C8AE605C4142F44E424711D1D85014DB46C28BBC18C3ABC326A96,2026-06-19T10:02:42.000029Z,0.7244444525,data/orbit_uncertainty_stage1/june/sat000048309.csv,79D62147447BEB30EC557417B61811EF138EF8094DC33D3F68D9F90E474F7689,189,False,SELECTED_FROZEN,-286.5489314970423,299.0080667216147,439.3674793243408,460.595703125,-290.0287570953369,-286.54893149704225,286.54893149704225,-4.783808422038193,4.783808422038193,14.185862211520712,14.185862211520712,5453755.261840452,12275.559887739331,0.002250845389713501,0.9977491546102865,FINITE_NONZERO,0.9724161806962516,-0.05087746849235586,1.5472566455519283,0.9881036635318493,True,21.424606822165853,28.58170569744154,37.55917681156496,4761ac3030338a9ee6d71afcc13825cefd89ba669fbf1b6513ab3de45819eb04,False,NOT_APPLICABLE_STAGE_A,COMPLETE
legit_segment_d4b12d9511ad54ac1e1a8e1e,legit_pass_9df09661b7b63237df20913f,47767,STARLINK-2185,2026-06,CONFIRMATORY,controlled_example_station,52.21,5.16,14.0,11325000000.0,10.0,2026-06-01T22:01:26Z,2026-06-01T22:07:56Z,390.0,57.365774386503475,SETTING_75_PERCENT,0.7512820512820513,2026-06-01T22:06:19Z,2026-06-01T22:05:49Z,2026-06-01T22:06:49Z,1.0,61,19.389156082193757,26.174700368932108,34.55764607260363,326542677,2026-05-31T10:12:02.566944Z,2026-06-01T10:22:25Z,35.904564737777775,11.731666666666667,24-36 h,data/orbit_uncertainty_stage1/raw/spacetrack_gp/spacetrack_gp_history_20260529_20260701_20sat_omm.json,1F5A8BA23D1C8AE605C4142F44E424711D1D85014DB46C28BBC18C3ABC326A96,2026-06-01T22:23:42Z,0.2897222222222222,data/orbit_uncertainty_stage1/june/sat000047767.csv,6E26A6FFCB0389E48C81BEEAD935A847B2444F9441CBE4C1AD8107642DE7DD5F,10,False,SELECTED_FROZEN,967.5421396161689,1030.0599023634572,1607.531717300415,1698.751314163208,-1200.3515014648438,967.5421396161688,967.5421396161688,-19.737952144810418,19.737952144810418,64.13826092142433,64.13826092142433,64722427.54987791,250936.70735550718,0.0038771213759268295,0.9961228786240731,FINITE_NONZERO,0.9670601240866354,0.22993192902751858,7.242191175318778,0.9872501343150283,True,19.615327676749047,26.489225823420732,34.984638288415574,9baadda66b2c93b701eeaffda6f0ee0c1d69d94d7fe78855c8674ce84a233be3,False,NOT_APPLICABLE_STAGE_A,COMPLETE
legit_segment_d4b88e18df467611fdb55d62,legit_pass_cf1fab6d94663d4c4f53ed27,48111,STARLINK-2448,2026-06,CONFIRMATORY,controlled_example_station,52.21,5.16,14.0,11325000000.0,10.0,2026-06-10T21:07:33Z,2026-06-10T21:11:44Z,251.0,15.140696411684791,SETTING_75_PERCENT,0.749003984063745,2026-06-10T21:10:41Z,2026-06-10T21:10:11Z,2026-06-10T21:11:11Z,1.0,61,12.054916495182695,13.537508678252617,14.710957383791264,328665097,2026-06-10T11:18:14.996160Z,2026-06-10T17:34:46Z,9.873889955555555,3.598611111111111,9-12 h,data/orbit_uncertainty_stage1/raw/spacetrack_gp/spacetrack_gp_history_20260529_20260701_20sat_omm.json,1F5A8BA23D1C8AE605C4142F44E424711D1D85014DB46C28BBC18C3ABC326A96,2026-06-10T19:31:42.000038Z,1.6497222116666665,data/orbit_uncertainty_stage1/june/sat000048111.csv,63E98DFF9634CD904EDA2CF3528E739282097399B04E926A453B20B62792D5D5,99,False,SELECTED_FROZEN,-101.09707153820601,101.24061180474155,108.0298080444336,108.29964256286621,17.48590660095215,-101.097071538206,101.097071538206,0.3029974248029771,0.3029974248029771,0.7637399895823697,0.7637399895823697,625229.3501945008,35.58122507292397,5.690907674416614e-05,0.9999430909232558,FINITE_NONZERO,0.9799164472956128,0.002726915697860599,0.10988542258434979,0.9792991059082587,False,12.041237664606038,13.524489916430248,14.699029122973094,8959f38783caa9cfff454dd4ec90777b90df22fd258b1a6c0f39da2254ae38f5,False,NOT_APPLICABLE_STAGE_A,COMPLETE
legit_segment_d5862728fd626f975264db6d,legit_pass_395f2302bc27055b09ac56a0,65693,STARLINK-35060,2026-06,CONFIRMATORY,controlled_example_station,52.21,5.16,14.0,11325000000.0,10.0,2026-06-02T06:11:25Z,2026-06-02T06:17:55Z,390.0,29.329075980624914,SETTING_75_PERCENT,0.7512820512820513,2026-06-02T06:16:18Z,2026-06-02T06:15:48Z,2026-06-02T06:16:48Z,1.0,61,16.93308990319645,20.590958265628633,24.29970737582054,326589812,2026-06-01T11:09:02.009376Z,2026-06-01T18:19:01Z,19.121108506666666,11.954722222222221,18-24 h,data/orbit_uncertainty_stage1/raw/spacetrack_gp/spacetrack_gp_history_20260529_20260701_20sat_omm.json,1F5A8BA23D1C8AE605C4142F44E424711D1D85014DB46C28BBC18C3ABC326A96,2026-06-02T05:39:42.000019Z,0.6099999947222222,data/orbit_uncertainty_stage1/june/sat000065693.csv,D31425DC1D7BF768E17AFC34A7D7E516943AB5AC5C7598CCE830821EDB62E3E7,14,False,SELECTED_FROZEN,1297.8073135751192,1323.282120432715,1719.0752429962158,1763.036325454712,-861.3913536071777,1297.807313575119,1297.807313575119,-14.643053991034327,14.643053991034327,17.373765587429723,17.373765587429723,106815609.78567103,18412.711571904398,0.00017237847173133308,0.9998276215282687,FINITE_NONZERO,0.9954794094231219,0.062315403285110094,1.8834394990001984,0.9882479012238359,True,17.092288985663693,20.759456705641686,24.466847608112115,38dbe0717749162b2c2cfb21712d560acba269f53d6fb8647b143667b65501ad,False,NOT_APPLICABLE_STAGE_A,COMPLETE
legit_segment_d5d376fa9320a28d5f50b72a,legit_pass_56891f31a34607c8b5c0b517,65410,STARLINK-35024,2026-06,CONFIRMATORY,controlled_example_station,52.21,5.16,14.0,11325000000.0,10.0,2026-06-01T03:10:46Z,2026-06-01T03:18:09Z,443.0,79.37347045984924,SETTING_75_PERCENT,0.7494356659142212,2026-06-01T03:16:18Z,2026-06-01T03:15:48Z,2026-06-01T03:16:48Z,1.0,61,21.171808581383562,28.254220268673585,37.12220778755101,326441204,2026-05-31T20:00:01.999008Z,2026-06-01T00:06:54Z,7.271111386666667,3.1566666666666667,6-9 h,data/orbit_uncertainty_stage1/raw/spacetrack_gp/spacetrack_gp_history_20260529_20260701_20sat_omm.json,1F5A8BA23D1C8AE605C4142F44E424711D1D85014DB46C28BBC18C3ABC326A96,2026-06-01T03:56:42Z,0.6733333333333333,data/orbit_uncertainty_stage1/june/sat000065410.csv,480E0881CFF425F783D504E2B784746BB847F6C9A822B6001FD1AFCD7FF9CBC4,3,False,SELECTED_FROZEN,47.7857524371538,50.98471070194342,79.97107696533203,84.6004409790039,-60.50436973571777,47.78575243715379,47.78575243715379,-0.9930596011205686,0.9930596011205686,3.2016721020139416,3.2016721020139416,158565.88424701273,625.2929591776767,0.0039434268105464606,0.9960565731894535,FINITE_NONZERO,0.9675572216664592,0.011467573244746232,0.38566179519137844,0.9854902632385049,True,21.185509434975913,28.27437830688851,37.151335109056625,48474c5229ab682440192d42447e36f2cbaff8babf68d841ce57e85f0c91004b,False,NOT_APPLICABLE_STAGE_A,COMPLETE
legit_segment_d61e6bc353f612b9fadf2a06,legit_pass_2f051a3a14c617cd8618cafd,65410,STARLINK-35024,2026-06,CONFIRMATORY,controlled_example_station,52.21,5.16,14.0,11325000000.0,10.0,2026-06-03T03:46:41Z,2026-06-03T03:53:54Z,433.0,56.999312383206075,RISING_25_PERCENT,0.24942263279445728,2026-06-03T03:48:29Z,2026-06-03T03:47:59Z,2026-06-03T03:48:59Z,1.0,61,20.415397331457793,26.7419376914287,34.32508620598987,326774524,2026-06-02T17:58:31.379520Z,2026-06-03T03:08:42Z,9.832672355555555,0.6630555555555555,9-12 h,data/orbit_uncertainty_stage1/raw/spacetrack_gp/spacetrack_gp_history_20260529_20260701_20sat_omm.json,1F5A8BA23D1C8AE605C4142F44E424711D1D85014DB46C28BBC18C3ABC326A96,2026-06-03T03:44:42.000029Z,0.0630555475,data/orbit_uncertainty_stage1/june/sat000065410.csv,480E0881CFF425F783D504E2B784746BB847F6C9A822B6001FD1AFCD7FF9CBC4,23,False,SELECTED_FROZEN,1964.8224815618796,2068.20835183171,3113.6041316986084,3269.7473888397217,2187.013635635376,1964.8224815618792,1964.8224815618792,36.19999804010096,36.19999804010096,103.54731538494501,103.54731538494501,260926632.98177275,654044.8379291855,0.0025066235303579545,0.9974933764696421,FINITE_NONZERO,0.9742850930494978,0.37181944605953987,10.098565882177786,0.9904886597298528,True,19.92787847085705,26.091786958239357,33.47446220616143,1b53afe82affeaddfa6b5a34e3c4b219f9d7bd7c196f3ea304c1da3c5137ae36,False,NOT_APPLICABLE_STAGE_A,COMPLETE
legit_segment_d62d1090416c6c9d89035a79,legit_pass_5eccca0afb50046c68cc7833,48111,STARLINK-2448,2026-06,CONFIRMATORY,controlled_example_station,52.21,5.16,14.0,11325000000.0,10.0,2026-06-01T18:54:17Z,2026-06-01T19:01:08Z,411.0,50.975962136064354,SETTING_75_PERCENT,0.7493917274939172,2026-06-01T18:59:25Z,2026-06-01T18:58:55Z,2026-06-01T18:59:55Z,1.0,61,19.621050350183726,25.755445228131652,33.02418340179203,326577200,2026-06-01T03:04:33.620160Z,2026-06-01T18:19:01Z,15.914272177777779,0.6733333333333333,12-18 h,data/orbit_uncertainty_stage1/raw/spacetrack_gp/spacetrack_gp_history_20260529_20260701_20sat_omm.json,1F5A8BA23D1C8AE605C4142F44E424711D1D85014DB46C28BBC18C3ABC326A96,2026-06-01T19:20:42.000029Z,0.3547222302777778,data/orbit_uncertainty_stage1/june/sat000048111.csv,63E98DFF9634CD904EDA2CF3528E739282097399B04E926A453B20B62792D5D5,9,False,SELECTED_FROZEN,-266.88481409041606,280.58352232284466,420.5239715576172,441.13064193725586,292.8078136444092,-266.88481409041606,266.88481409041606,4.856921979600574,4.856921979600574,13.667653825032039,13.667653825032039,4802353.89294475,11395.090425935687,0.002372813557675639,0.9976271864423244,FINITE_NONZERO,0.975091399977506,-0.04911252454990578,1.2315304149777233,0.9918810037054769,True,19.560388939598294,25.676267741395026,32.9234999252143,7dfa7f6c403f5c6ff287367dacaf0d6557c1c591dcae4bf33ff8f92b813999bf,False,NOT_APPLICABLE_STAGE_A,COMPLETE
legit_segment_d674d0bc75cfcc71616ccdfe,legit_pass_0e0c4f207e7ef155af769f01,58380,STARLINK-30915,2026-06,CONFIRMATORY,controlled_example_station,52.21,5.16,14.0,11325000000.0,10.0,2026-06-01T02:07:52Z,2026-06-01T02:13:58Z,366.0,24.482729020216482,PEAK,0.4972677595628415,2026-06-01T02:10:54Z,2026-06-01T02:10:24Z,2026-06-01T02:11:24Z,1.0,61,23.68594180300355,24.212071845841493,24.482729020216482,326422776,2026-05-31T13:21:55.128384Z,2026-06-01T00:06:54Z,12.816353226666665,2.066666666666667,12-18 h,data/orbit_uncertainty_stage1/raw/spacetrack_gp/spacetrack_gp_history_20260529_20260701_20sat_omm.json,1F5A8BA23D1C8AE605C4142F44E424711D1D85014DB46C28BBC18C3ABC326A96,2026-06-01T02:55:42.000010Z,0.7466666694444445,data/orbit_uncertainty_stage1/june/sat000058380.csv,3EDD695EBC2FD369BB6D3F364CEB1C354CEB8FF41D75D9C0E85CB4203365E2E7,3,False,SELECTED_FROZEN,-573.3072426905397,573.6476640366251,591.3684120178223,591.4999732971191,52.78763198852539,-573.3072426905396,573.3072426905396,0.9131056387672849,0.9131056387672849,11.48833068409798,11.48833068409798,20073370.189735282,8050.886256338416,0.00040107297281127797,0.9995989270271888,FINITE_NONZERO,0.6619735163930093,0.04141986558653099,0.4386076202819927,0.9985423995638373,True,23.696628919991888,24.206583463678022,24.476971177649528,cfc0ac3912751b8378c47193c0fdd44857bd6d20c57db6a187c236b8df218a1d,False,NOT_APPLICABLE_STAGE_A,COMPLETE
legit_segment_d6a2616245509bbfc24c67aa,legit_pass_f9e118fc607eea7d1dbcbc7f,58380,STARLINK-30915,2026-06,CONFIRMATORY,controlled_example_station,52.21,5.16,14.0,11325000000.0,10.0,2026-06-10T04:05:49Z,2026-06-10T04:12:48Z,419.0,45.03856516743013,RISING_25_PERCENT,0.25059665871121717,2026-06-10T04:07:34Z,2026-06-10T04:07:04Z,2026-06-10T04:08:04Z,1.0,61,19.44660584975006,24.972157210860484,31.276768064231124,328451363,2026-06-09T22:00:01.999584Z,2026-06-10T02:40:42Z,6.125555671111111,1.4477777777777778,6-9 h,data/orbit_uncertainty_stage1/raw/spacetrack_gp/spacetrack_gp_history_20260529_20260701_20sat_omm.json,1F5A8BA23D1C8AE605C4142F44E424711D1D85014DB46C28BBC18C3ABC326A96,2026-06-10T04:17:41.999971Z,0.1688888808333333,data/orbit_uncertainty_stage1/june/sat000058380.csv,3EDD695EBC2FD369BB6D3F364CEB1C354CEB8FF41D75D9C0E85CB4203365E2E7,92,False,SELECTED_FROZEN,29.96689246130771,30.353439276578246,37.910888671875,38.754777908325195,16.098493576049805,29.966892461307708,29.966892461307708,0.2734360586455864,0.2734360586455864,0.3725263713833734,0.3725263713833734,56201.2078309323,8.465329739939847,0.00015062540587038162,0.9998493745941296,FINITE_NONZERO,0.994048201446665,0.001338588209142011,0.03364508897809901,0.9918430214918613,False,19.4400137295856,24.964770270662925,31.268749701094045,8e9aecdcc5d4379c85501d0db0e872fc5256dff3d30e1a161637eaa98aaa1c8f,False,NOT_APPLICABLE_STAGE_A,COMPLETE
legit_segment_d6c2f399dbdd412e73d44ab6,legit_pass_545a0fe472bef8c6f60a4f46,65409,STARLINK-35022,2026-06,CONFIRMATORY,controlled_example_station,52.21,5.16,14.0,11325000000.0,10.0,2026-06-03T00:23:58Z,2026-06-03T00:31:19Z,441.0,76.6859669868966,RISING_25_PERCENT,0.2494331065759637,2026-06-03T00:25:48Z,2026-06-03T00:25:18Z,2026-06-03T00:26:18Z,1.0,61,21.011716257564306,28.030022527000792,36.7950289574011,326691403,2026-06-02T06:54:06.756480Z,2026-06-02T18:52:58Z,17.5281232,5.5472222222222225,12-18 h,data/orbit_uncertainty_stage1/raw/spacetrack_gp/spacetrack_gp_history_20260529_20260701_20sat_omm.json,1F5A8BA23D1C8AE605C4142F44E424711D1D85014DB46C28BBC18C3ABC326A96,2026-06-02T23:29:41.999971Z,0.9350000080555555,data/orbit_uncertainty_stage1/june/sat000065409.csv,C82A923C1B14CF8F30B1B5DDBB30C6CB9AE3A8DB51A9A3F182BEC8348A9F0DF5,22,False,SELECTED_FROZEN,1257.993838607288,1335.0159081464,2066.3521118164062,2182.2641429901123,1520.712324142456,1257.9938386072877,1257.9938386072877,24.97243364052695,24.97243364052695,79.97512132905472,79.97512132905472,108718315.97524141,390157.2219274184,0.003588698173141952,0.996411301826858,FINITE_NONZERO,0.9679749008997057,0.2864980612279595,9.524236934407545,0.9858175726882327,True,20.624442585123436,27.48267120450287,36.02718923739162,e980d3a5d43c7f4fea1e313968b3f32bfd0bed78aacf25a185c000e9e33f2db8,False,NOT_APPLICABLE_STAGE_A,COMPLETE
legit_segment_d776a586cb85e1205209fd1f,legit_pass_cddf06551b353af5f010a148,65410,STARLINK-35024,2026-06,CONFIRMATORY,controlled_example_station,52.21,5.16,14.0,11325000000.0,10.0,2026-06-06T03:52:23Z,2026-06-06T03:58:16Z,353.0,22.77598460608614,PEAK,0.5014164305949008,2026-06-06T03:55:20Z,2026-06-06T03:54:50Z,2026-06-06T03:55:50Z,1.0,61,22.080988048534632,22.538302770906437,22.77598460608614,327358358,2026-06-05T08:36:58.668768Z,2026-06-05T20:26:19Z,19.30592534222222,7.483611111111111,18-24 h,data/orbit_uncertainty_stage1/raw/spacetrack_gp/spacetrack_gp_history_20260529_20260701_20sat_omm.json,1F5A8BA23D1C8AE605C4142F44E424711D1D85014DB46C28BBC18C3ABC326A96,2026-06-06T05:06:41.999990Z,1.1894444416666667,data/orbit_uncertainty_stage1/june/sat000065410.csv,480E0881CFF425F783D504E2B784746BB847F6C9A822B6001FD1AFCD7FF9CBC4,54,False,SELECTED_FROZEN,-32198.692730575312,32208.9439061369,32987.87285614014,32993.7529335022,1827.6112632751465,-32198.69273057531,32198.69273057531,32.110561779653665,32.110561779653665,583.6237277137823,583.6237277137823,63282380120.46908,20777615.9885824,0.00032833177179854127,0.9996716682282014,FINITE_NONZERO,0.48411268941388375,2.104085289150902,23.020290472258075,0.9984441930105543,True,21.110792013419825,22.342934441458265,22.836235517795267,f3780230cebc22fd1eb511e1e9715582e586a9128b76e8e98bd0e24cc45d4894,False,NOT_APPLICABLE_STAGE_A,COMPLETE
legit_segment_d77d737046ddaa328be543f1,legit_pass_8d2d61b0d92b71fd72a23590,47749,STARLINK-2163,2026-06,CONFIRMATORY,controlled_example_station,52.21,5.16,14.0,11325000000.0,10.0,2026-06-07T19:18:20Z,2026-06-07T19:24:03Z,343.0,79.56406526264752,RISING_25_PERCENT,0.25072886297376096,2026-06-07T19:19:46Z,2026-06-07T19:19:16Z,2026-06-07T19:20:16Z,1.0,61,18.68868826386477,27.104541338996963,38.61353313993235,327763626,2026-06-07T00:00:04.000320Z,2026-06-07T17:56:23Z,19.328333244444444,1.3897222222222223,18-24 h,data/orbit_uncertainty_stage1/raw/spacetrack_gp/spacetrack_gp_history_20260529_20260701_20sat_omm.json,1F5A8BA23D1C8AE605C4142F44E424711D1D85014DB46C28BBC18C3ABC326A96,2026-06-07T18:31:42.000010Z,0.8011111083333333,data/orbit_uncertainty_stage1/june/sat000047749.csv,0CE3EE486737D6898F4E0960379BB2CF5D672CBD2C80BC161C0E3F96D2261670,69,False,SELECTED_FROZEN,203.10076651025992,228.91649788408404,405.7089500427246,440.18556785583496,364.6452293395996,203.1007665102599,203.1007665102599,5.80543340363243,5.80543340363243,26.549839457429496,26.549839457429496,3196568.5432143454,42998.532488132085,0.013451465816182508,0.9865485341838175,FINITE_NONZERO,0.9367969170942997,0.09429552841814459,4.674982414659257,0.9689946838165293,True,18.63413470502423,27.01251675664845,38.461774923258396,6fc89d5bfa8b6ac0bedeb8c3235fd14988b6a1111ce800765945ceab2e3705fe,False,NOT_APPLICABLE_STAGE_A,COMPLETE
legit_segment_d93203069e770e839085c884,legit_pass_ca68ef8c42db1b299741ad2f,58380,STARLINK-30915,2026-06,CONFIRMATORY,controlled_example_station,52.21,5.16,14.0,11325000000.0,10.0,2026-06-08T23:45:41Z,2026-06-08T23:52:30Z,409.0,38.5420438893302,SETTING_75_PERCENT,0.7506112469437652,2026-06-08T23:50:48Z,2026-06-08T23:50:18Z,2026-06-08T23:51:18Z,1.0,61,18.52897561290858,23.38742586012415,28.718217793633563,328153995,2026-06-08T20:00:03.000384Z,2026-06-08T23:46:52Z,3.8458332266666666,0.06555555555555556,0-6 h,data/orbit_uncertainty_stage1/raw/spacetrack_gp/spacetrack_gp_history_20260529_20260701_20sat_omm.json,1F5A8BA23D1C8AE605C4142F44E424711D1D85014DB46C28BBC18C3ABC326A96,2026-06-08T22:22:42.000038Z,1.4683333227777777,data/orbit_uncertainty_stage1/june/sat000058380.csv,3EDD695EBC2FD369BB6D3F364CEB1C354CEB8FF41D75D9C0E85CB4203365E2E7,80,False,SELECTED_FROZEN,33.859684021746524,34.37822540766751,43.68503952026367,44.747026443481445,-19.857250213623047,33.85968402174652,33.85968402174652,-0.3367459959355946,0.3367459959355946,0.4804599218414379,0.4804599218414379,72093.60531300414,14.081345926248716,0.0001953203181490598,0.9998046796818509,FINITE_NONZERO,0.9934761315463121,0.0017284309054863556,0.03674241739007324,0.9941518147621002,False,18.537020225055407,23.396656947004868,28.728522153934094,e33abad603f690084dd00021007d98263d3edd4fe4225fc1dfa92aedc06fa855,False,NOT_APPLICABLE_STAGE_A,COMPLETE
legit_segment_d940d008cff4cd458a42b15a,legit_pass_ef95fe1c88ef183d7c634b66,65405,STARLINK-34830,2026-06,CONFIRMATORY,controlled_example_station,52.21,5.16,14.0,11325000000.0,10.0,2026-06-03T02:29:22Z,2026-06-03T02:36:44Z,442.0,80.0785929384643,PEAK,0.5,2026-06-03T02:33:03Z,2026-06-03T02:32:33Z,2026-06-03T02:33:33Z,1.0,61,63.51008108541869,73.06621450647428,80.0785929384643,326744105,2026-06-02T20:00:03.000384Z,2026-06-02T22:46:37Z,6.549999893333333,3.773888888888889,6-9 h,data/orbit_uncertainty_stage1/raw/spacetrack_gp/spacetrack_gp_history_20260529_20260701_20sat_omm.json,1F5A8BA23D1C8AE605C4142F44E424711D1D85014DB46C28BBC18C3ABC326A96,2026-06-03T02:53:42Z,0.3441666666666667,data/orbit_uncertainty_stage1/june/sat000065405.csv,10707AFA6592FB845A94CB76E13C89BAD9EFA77F9A31B0B3C5036D80E7E87A62,24,False,SELECTED_FROZEN,-44.47656500144083,44.69610870025223,49.11910629272461,49.1592903137207,-8.251420974731445,-44.47656500144083,44.47656500144083,-0.15194281785340613,0.15194281785340613,3.5242653772424317,3.5242653772424317,121862.27010963057,757.6472334030141,0.006217242077645643,0.9937827579223544,FINITE_NONZERO,0.36556893308005467,0.012671495821186596,0.2933010728174902,0.9930738786510186,True,63.499504498486786,73.06543211457867,80.07794843870751,6a7d88584f2169689cc1fcc0b2c3005db53396f27a006e8a66ea5f35fa98cdb9,False,NOT_APPLICABLE_STAGE_A,COMPLETE
legit_segment_d94462a5c40d88559614a0e8,legit_pass_a788ccfedc5f65dbc29a1d9c,47749,STARLINK-2163,2026-06,CONFIRMATORY,controlled_example_station,52.21,5.16,14.0,11325000000.0,10.0,2026-06-04T18:14:44Z,2026-06-04T18:15:48Z,64.0,10.36994742735458,PEAK,0.5,2026-06-04T18:15:16Z,2026-06-04T18:14:46Z,2026-06-04T18:15:46Z,1.0,61,10.045063573412321,10.260239625104012,10.36994742735458,327088644,2026-06-04T05:49:40.553472Z,2026-06-04T12:20:25Z,12.426512924444445,5.914166666666667,12-18 h,data/orbit_uncertainty_stage1/raw/spacetrack_gp/spacetrack_gp_history_20260529_20260701_20sat_omm.json,1F5A8BA23D1C8AE605C4142F44E424711D1D85014DB46C28BBC18C3ABC326A96,2026-06-04T18:38:42Z,0.39055555555555554,data/orbit_uncertainty_stage1/june/sat000047749.csv,0CE3EE486737D6898F4E0960379BB2CF5D672CBD2C80BC161C0E3F96D2261670,39,False,SELECTED_FROZEN,62.403659445340516,62.4562745644722,64.87979125976562,64.88970565795898,8.028682708740234,62.403659445340494,62.403659445340494,0.13737382560984163,0.13737382560984163,0.8481357404735944,0.8481357404735944,237947.96018083696,43.87938829039023,0.00018440749925757944,0.9998155925007424,FINITE_NONZERO,0.8905042984686413,-0.003057641161490876,0.033907723818417904,0.9984016696553932,False,10.053418172954007,10.26801005225077,10.377749084712672,5f6bafc436bf2a83e39fbc82bdb8058940f796d0aa74715017a567aceaab12d0,False,NOT_APPLICABLE_STAGE_A,COMPLETE
legit_segment_da8dc75695948d8f81f46460,legit_pass_b9550bc99e4dcf9460ec7f9a,48672,STARLINK-2705,2026-06,CONFIRMATORY,controlled_example_station,52.21,5.16,14.0,11325000000.0,10.0,2026-06-14T11:42:47Z,2026-06-14T11:50:09Z,442.0,82.80338688694093,SETTING_75_PERCENT,0.751131221719457,2026-06-14T11:48:19Z,2026-06-14T11:47:49Z,2026-06-14T11:48:49Z,1.0,61,21.079761950372543,28.14620776044964,37.01049525624613,329316422,2026-06-14T06:44:11.935680Z,2026-06-14T10:48:45Z,5.068628977777778,0.9927777777777778,0-6 h,data/orbit_uncertainty_stage1/raw/spacetrack_gp/spacetrack_gp_history_20260529_20260701_20sat_omm.json,1F5A8BA23D1C8AE605C4142F44E424711D1D85014DB46C28BBC18C3ABC326A96,2026-06-14T10:46:41.999981Z,1.0269444497222222,data/orbit_uncertainty_stage1/june/sat000048672.csv,9CCC0F6B332261080A38A7EF3636C88202FADE4135B08985F943785C7A1E9415,135,False,SELECTED_FROZEN,18.069485711269692,18.493335093587156,24.976802825927734,25.88011360168457,-13.306209564208984,18.06948571126969,18.06948571126969,-0.22124824493666426,0.22124824493666426,0.567789916061349,0.567789916061349,20862.21001590584,19.66550871563818,0.0009426378461651346,0.9990573621538349,FINITE_NONZERO,0.9791970894420947,0.002040936827383294,0.049050122546120865,0.9925371477569531,False,21.085296088725688,28.152826397546054,37.01841995164625,11a786ac6318231110adc6ecb3bd5fc66f59ff01cd488d37629ff666b488c61e,False,NOT_APPLICABLE_STAGE_A,COMPLETE
legit_segment_db4bd6cb6c3cd712f5f18708,legit_pass_58a38fc5f067f19c3e353e6c,65410,STARLINK-35024,2026-06,CONFIRMATORY,controlled_example_station,52.21,5.16,14.0,11325000000.0,10.0,2026-06-02T02:39:48Z,2026-06-02T02:47:09Z,441.0,77.27028064793518,RISING_25_PERCENT,0.2494331065759637,2026-06-02T02:41:38Z,2026-06-02T02:41:08Z,2026-06-02T02:42:08Z,1.0,61,21.082977146649377,28.097787644658638,36.85971983167542,326554735,2026-06-01T00:00:02.000160Z,2026-06-01T10:22:25Z,26.69333328888889,16.32027777777778,24-36 h,data/orbit_uncertainty_stage1/raw/spacetrack_gp/spacetrack_gp_history_20260529_20260701_20sat_omm.json,1F5A8BA23D1C8AE605C4142F44E424711D1D85014DB46C28BBC18C3ABC326A96,2026-06-02T04:39:41.999990Z,1.967777775,data/orbit_uncertainty_stage1/june/sat000065410.csv,480E0881CFF425F783D504E2B784746BB847F6C9A822B6001FD1AFCD7FF9CBC4,12,False,SELECTED_FROZEN,1403.8352962869112,1489.099383150942,2302.0917415618896,2430.8753337860107,1690.0242538452148,1403.835296286911,1403.835296286911,27.753320445338623,27.753320445338623,88.80837302667018,88.80837302667018,135262435.34693146,481102.5542982962,0.0035568083116670752,0.996443191688333,FINITE_NONZERO,0.9680255520724921,0.318141751235661,10.576233289062083,0.9858174535040319,True,20.64420265274533,27.47987077746536,35.994931148236745,c2ab36d881f6ebae97245998430755c4a52aa610c3ad1b949a13db9cf47d8c77,False,NOT_APPLICABLE_STAGE_A,COMPLETE
legit_segment_dbc5f1b3534f52fdb74b3c3a,legit_pass_97f2749f616f7d78a64803e7,44714,STARLINK-1008,2026-06,CONFIRMATORY,controlled_example_station,52.21,5.16,14.0,11325000000.0,10.0,2026-06-05T23:26:18Z,2026-06-05T23:32:23Z,365.0,31.823749437680725,RISING_25_PERCENT,0.2493150684931507,2026-06-05T23:27:49Z,2026-06-05T23:27:19Z,2026-06-05T23:28:19Z,1.0,61,16.9951469667724,21.329040222400376,25.88122026871175,327305531,2026-06-05T15:15:33.356736Z,2026-06-05T20:06:26Z,8.20434535111111,3.356388888888889,6-9 h,data/orbit_uncertainty_stage1/raw/spacetrack_gp/spacetrack_gp_history_20260529_20260701_20sat_omm.json,1F5A8BA23D1C8AE605C4142F44E424711D1D85014DB46C28BBC18C3ABC326A96,2026-06-05T23:21:42.000019Z,0.10194443916666666,data/orbit_uncertainty_stage1/june/sat000044714.csv,F91F0DA10678FA8B4BBDEBC15B9D96435ECFD92205FFA13417B9E47754646E40,53,False,SELECTED_FROZEN,288.9703543616123,296.15358880849305,396.6116428375244,408.34171867370605,216.17755889892578,288.97035436161224,288.97035436161224,3.6680975425312727,3.6680975425312727,5.661377394396541,5.661377394396541,5350123.838013149,1955.1228341088342,0.0003654350615620328,0.9996345649384379,FINITE_NONZERO,0.9923743599431569,0.020369124800171168,0.4234502967008375,0.9944055078333105,True,16.95592578629161,21.286162157030752,25.837414467963963,5fc55066dadd43d1efc90218e11810efece778d450ef3c70566ef56586cf29a7,False,NOT_APPLICABLE_STAGE_A,COMPLETE
legit_segment_dc2c53efb863884c35c69d4e,legit_pass_60e01676aefb215212aa9be3,60265,STARLINK-32120,2026-06,CONFIRMATORY,controlled_example_station,52.21,5.16,14.0,11325000000.0,10.0,2026-06-01T11:55:03Z,2026-06-01T12:01:56Z,413.0,36.775897112756944,SETTING_75_PERCENT,0.7506053268765133,2026-06-01T12:00:13Z,2026-06-01T11:59:43Z,2026-06-01T12:00:43Z,1.0,61,18.470370278909634,23.064953001768018,28.021990708492485,326549442,2026-05-31T23:08:04.244928Z,2026-06-01T10:22:25Z,12.869098631111111,1.63,12-18 h,data/orbit_uncertainty_stage1/raw/spacetrack_gp/spacetrack_gp_history_20260529_20260701_20sat_omm.json,1F5A8BA23D1C8AE605C4142F44E424711D1D85014DB46C28BBC18C3ABC326A96,2026-06-01T14:29:41.999971Z,2.491388880833333,data/orbit_uncertainty_stage1/june/sat000060265.csv,310CEC01430FB37300D0520AC911958B04898B003A2B2906A630DA9E075D20EF,7,False,SELECTED_FROZEN,-81.34399257722448,84.54460380847915,120.70365333557129,125.41523551940918,77.3056526184082,-81.34399257722448,81.34399257722448,1.299837446490147,1.299837446490147,2.678789776516417,2.678789776516417,436015.19202109514,437.73079467290137,0.001003934731365331,0.9989960652686347,FINITE_NONZERO,0.9864846340875435,-0.009652550674566163,0.13655901296573292,0.9974012561620145,True,18.454929940902367,23.047151810799463,28.002302545754993,3aa3f33348a83665fc3241c6ee651772b1dba894e8d283237e18bff9373130b8,False,NOT_APPLICABLE_STAGE_A,COMPLETE
legit_segment_dca84832b30eaf1405e85a9e,legit_pass_dce97124144127bb9b3924ff,65405,STARLINK-34830,2026-06,CONFIRMATORY,controlled_example_station,52.21,5.16,14.0,11325000000.0,10.0,2026-06-06T04:12:49Z,2026-06-06T04:17:46Z,297.0,17.277685368357936,SETTING_75_PERCENT,0.7508417508417509,2026-06-06T04:16:32Z,2026-06-06T04:16:02Z,2026-06-06T04:17:02Z,1.0,61,13.049706410473581,14.847419459896612,16.375655147604547,327358348,2026-06-05T08:56:39.298848Z,2026-06-05T20:26:19Z,19.331305875555554,7.836944444444445,18-24 h,data/orbit_uncertainty_stage1/raw/spacetrack_gp/spacetrack_gp_history_20260529_20260701_20sat_omm.json,1F5A8BA23D1C8AE605C4142F44E424711D1D85014DB46C28BBC18C3ABC326A96,2026-06-06T04:27:42.000019Z,0.1861111163888889,data/orbit_uncertainty_stage1/june/sat000065405.csv,10707AFA6592FB845A94CB76E13C89BAD9EFA77F9A31B0B3C5036D80E7E87A62,54,False,SELECTED_FROZEN,1698.198284336778,1708.2002671220196,1971.4971313476562,1992.8332920074463,-610.6034317016602,1698.1982843367778,1698.1982843367778,-10.478594397288168,10.478594397288168,5.696323645131296,5.696323645131296,177994837.30834007,1979.3342872749956,1.1120178074862919e-05,0.9999888798219252,FINITE_NONZERO,0.9990476255172894,-0.018509118696833582,2.476129726134318,0.8110453974026243,True,13.140012859674195,14.921512607555425,16.425854643671602,30454b791e2cd7580fb09460392994424ae053f8aebd1595848c38f8b7c72d56,False,NOT_APPLICABLE_STAGE_A,COMPLETE
legit_segment_de0af9f693dc8a997a415347,legit_pass_93e0885567573530ea1aca37,65409,STARLINK-35022,2026-06,CONFIRMATORY,controlled_example_station,52.21,5.16,14.0,11325000000.0,10.0,2026-06-02T22:47:12Z,2026-06-02T22:53:13Z,361.0,23.98487057177306,RISING_25_PERCENT,0.24930747922437674,2026-06-02T22:48:42Z,2026-06-02T22:48:12Z,2026-06-02T22:49:12Z,1.0,61,15.539616503873962,18.439251351060772,21.197995656864514,326691403,2026-06-02T06:54:06.756480Z,2026-06-02T18:52:58Z,15.909789866666667,3.928888888888889,12-18 h,data/orbit_uncertainty_stage1/raw/spacetrack_gp/spacetrack_gp_history_20260529_20260701_20sat_omm.json,1F5A8BA23D1C8AE605C4142F44E424711D1D85014DB46C28BBC18C3ABC326A96,2026-06-02T23:29:41.999971Z,0.6833333252777778,data/orbit_uncertainty_stage1/june/sat000065409.csv,C82A923C1B14CF8F30B1B5DDBB30C6CB9AE3A8DB51A9A3F182BEC8348A9F0DF5,22,False,SELECTED_FROZEN,1952.0848158852,1979.3533154125034,2469.22509765625,2518.371162414551,1087.8515701293945,1952.0848158851995,1952.0848158851995,18.584074315111963,18.584074315111963,11.848847983553465,11.848847983553465,238988212.38130262,8564.107110778901,3.5834851541192244e-05,0.9999641651484588,FINITE_NONZERO,0.9986903972795501,0.04098417091610429,3.3710280171355462,0.9190582725712738,True,15.386534444291149,18.292501314677843,21.0721152649185,6556e95255bb6787f94a93e948657c25bad5e86d8bd57f330a5fad7c08b8f33a,False,NOT_APPLICABLE_STAGE_A,COMPLETE
legit_segment_deaa1f137cc375d38a729590,legit_pass_d31b12338932d874b8a690aa,47844,STARLINK-2446,2026-06,CONFIRMATORY,controlled_example_station,52.21,5.16,14.0,11325000000.0,10.0,2026-06-01T23:55:51Z,2026-06-02T00:01:35Z,344.0,21.800315776908715,RISING_25_PERCENT,0.25,2026-06-01T23:57:17Z,2026-06-01T23:56:47Z,2026-06-01T23:57:47Z,1.0,61,14.877056452453964,17.4217947392649,19.764819124130717,326542204,2026-06-01T04:54:53.155296Z,2026-06-01T10:22:25Z,19.039956862222223,13.581111111111111,18-24 h,data/orbit_uncertainty_stage1/raw/spacetrack_gp/spacetrack_gp_history_20260529_20260701_20sat_omm.json,1F5A8BA23D1C8AE605C4142F44E424711D1D85014DB46C28BBC18C3ABC326A96,2026-06-01T23:24:41.999990Z,0.5430555583333333,data/orbit_uncertainty_stage1/june/sat000047844.csv,FE1F3D11E12AC1E3987E760842AEC279FE294DEAF66BE25CA508FB5254D084DD,11,False,SELECTED_FROZEN,-567.0598384044209,572.4004001328966,687.0457248687744,697.5490684509277,-258.51133155822754,-567.0598384044208,567.0598384044208,-4.430082353746244,4.430082353746244,1.1885058477668606,1.1885058477668606,19986175.302410305,86.16531516073746,4.311245841536577e-06,0.9999956887541585,FINITE_NONZERO,0.9997678778782968,-0.002481257363412759,0.9693325148482468,0.33481428254578594,True,14.924684891441654,17.46597373761538,19.801762825031,353b81e8b5b01c501b848639072c935dc368670627aac91a40ae825930a76450,False,NOT_APPLICABLE_STAGE_A,COMPLETE
legit_segment_dec090f66bb9e080d77d0e41,legit_pass_93e0885567573530ea1aca37,65409,STARLINK-35022,2026-06,CONFIRMATORY,controlled_example_station,52.21,5.16,14.0,11325000000.0,10.0,2026-06-02T22:47:12Z,2026-06-02T22:53:13Z,361.0,23.98487057177306,SETTING_75_PERCENT,0.7506925207756233,2026-06-02T22:51:43Z,2026-06-02T22:51:13Z,2026-06-02T22:52:13Z,1.0,61,15.509009910429306,18.39664975028153,21.150596934578246,326691403,2026-06-02T06:54:06.756480Z,2026-06-02T18:52:58Z,15.960067644444445,3.9791666666666665,12-18 h,data/orbit_uncertainty_stage1/raw/spacetrack_gp/spacetrack_gp_history_20260529_20260701_20sat_omm.json,1F5A8BA23D1C8AE605C4142F44E424711D1D85014DB46C28BBC18C3ABC326A96,2026-06-02T23:29:41.999971Z,0.6330555475,data/orbit_uncertainty_stage1/june/sat000065409.csv,C82A923C1B14CF8F30B1B5DDBB30C6CB9AE3A8DB51A9A3F182BEC8348A9F0DF5,22,False,SELECTED_FROZEN,1987.7659491554637,2014.2694312257538,2501.1363677978516,2549.6045989990234,-1081.7502174377441,1987.7659491554632,1987.7659491554632,-18.486449633799555,18.486449633799555,11.213328188741958,11.213328188741958,247494161.8358018,7670.062473174534,3.099088243650442e-05,0.9999690091175635,FINITE_NONZERO,0.9988145446347418,0.038517521797970744,3.4309741757371164,0.9063806045934492,True,15.689820336365965,18.573407996240277,21.30852092914495,5743f975e101c0ac42d1fded234c75a53a09a0cee1bd6a3eed7870eda20019d2,False,NOT_APPLICABLE_STAGE_A,COMPLETE
legit_segment_dfaa3974e9027c523f11e475,legit_pass_803aa2a47b000f01668b4751,65411,STARLINK-34983,2026-06,CONFIRMATORY,controlled_example_station,52.21,5.16,14.0,11325000000.0,10.0,2026-06-07T02:58:54Z,2026-06-07T03:05:37Z,403.0,34.10684348958414,RISING_25_PERCENT,0.2506203473945409,2026-06-07T03:00:35Z,2026-06-07T03:00:05Z,2026-06-07T03:01:05Z,1.0,61,17.99033604241521,22.306403067573804,26.871720573639493,327674076,2026-06-06T18:42:57.515904Z,2026-06-06T22:56:32Z,8.293745582222222,4.0675,6-9 h,data/orbit_uncertainty_stage1/raw/spacetrack_gp/spacetrack_gp_history_20260529_20260701_20sat_omm.json,1F5A8BA23D1C8AE605C4142F44E424711D1D85014DB46C28BBC18C3ABC326A96,2026-06-07T03:45:41.999990Z,0.7519444416666666,data/orbit_uncertainty_stage1/june/sat000065411.csv,26E105CAB95698D658010132E70DA6D62EE0D10BD67ED831612077EEE7C12C95,63,False,SELECTED_FROZEN,1442.9400748893863,1477.4407504725716,1972.0345649719238,2030.9698677062988,1061.2156772613525,1442.940074889386,1442.940074889386,17.9549362624404,17.9549362624404,28.590089485621107,28.590089485621107,133152701.44057429,49860.98622454517,0.00037446469868880584,0.9996255353013112,FINITE_NONZERO,0.9918873275494139,0.10297084354449382,1.700698696517789,0.9964614631037979,True,17.76989901611702,22.060790542778726,26.61147849684954,b94ed5e9cac5fbd5a900c11ac828773d25a0502e90432d3a54f9ac0dbe61cb32,False,NOT_APPLICABLE_STAGE_A,COMPLETE
legit_segment_dfd143780b3c57d7edb9c46a,legit_pass_a21f60cc589d2ecc0bfee271,65407,STARLINK-35035,2026-06,CONFIRMATORY,controlled_example_station,52.21,5.16,14.0,11325000000.0,10.0,2026-06-01T02:38:58Z,2026-06-01T02:46:23Z,445.0,74.6944684719625,SETTING_75_PERCENT,0.750561797752809,2026-06-01T02:44:32Z,2026-06-01T02:44:02Z,2026-06-01T02:45:02Z,1.0,61,21.137390014727718,28.074365385456364,36.69399691159697,326441198,2026-05-31T13:46:41.763072Z,2026-06-01T00:06:54Z,12.963954702222221,2.627222222222222,12-18 h,data/orbit_uncertainty_stage1/raw/spacetrack_gp/spacetrack_gp_history_20260529_20260701_20sat_omm.json,1F5A8BA23D1C8AE605C4142F44E424711D1D85014DB46C28BBC18C3ABC326A96,2026-06-01T04:11:42.000029Z,1.4527777858333333,data/orbit_uncertainty_stage1/june/sat000065407.csv,1D5D20428BDA125132468A3B81A5A0011425555B1C761A0A7A4BD8F31D76DA01,3,False,SELECTED_FROZEN,761.3663613366299,807.2048032569752,1245.0389289855957,1313.7535781860352,-911.6552085876465,761.3663613366298,761.3663613366298,-14.992261154017466,14.992261154017466,47.1466958330216,47.1466958330216,39746355.25846905,135591.46660625882,0.00341141887663693,0.996588581123363,FINITE_NONZERO,0.9690850570798478,0.16897063866889894,5.4382272441653905,0.9866950827049549,True,21.36636542420412,28.396350223171165,37.14262789355201,4f8d0241fe809fefba6a50466d7c67c3d825797e0051d631fbf116d1ee5dd739,False,NOT_APPLICABLE_STAGE_A,COMPLETE
legit_segment_dfdaf688716eea1ca901a9a6,legit_pass_93e0885567573530ea1aca37,65409,STARLINK-35022,2026-06,CONFIRMATORY,controlled_example_station,52.21,5.16,14.0,11325000000.0,10.0,2026-06-02T22:47:12Z,2026-06-02T22:53:13Z,361.0,23.98487057177306,PEAK,0.4986149584487535,2026-06-02T22:50:12Z,2026-06-02T22:49:42Z,2026-06-02T22:50:42Z,1.0,61,23.21936629006953,23.72095343402818,23.98487057177306,326691403,2026-06-02T06:54:06.756480Z,2026-06-02T18:52:58Z,15.934789866666668,3.953888888888889,12-18 h,data/orbit_uncertainty_stage1/raw/spacetrack_gp/spacetrack_gp_history_20260529_20260701_20sat_omm.json,1F5A8BA23D1C8AE605C4142F44E424711D1D85014DB46C28BBC18C3ABC326A96,2026-06-02T23:29:41.999971Z,0.6583333252777779,data/orbit_uncertainty_stage1/june/sat000065409.csv,C82A923C1B14CF8F30B1B5DDBB30C6CB9AE3A8DB51A9A3F182BEC8348A9F0DF5,22,False,SELECTED_FROZEN,3193.10020656273,3193.7458185965866,3264.9643936157227,3265.7573528289795,31.0931396484375,3193.1002065627295,3193.1002065627295,0.5417987544091505,0.5417987544091505,63.50138129401577,63.50138129401577,622200753.581994,245977.95100112655,0.0003953353472895005,0.9996046646527105,FINITE_NONZERO,0.022068846568415235,-0.22902911293470596,1.7286853740242736,0.9992589191847384,True,23.150534369984573,23.736343544308006,24.003320972219008,ecbe69641f2c570e683c4d918b35dd140dbdc84b3c3d6e0bf75a39e0b6d3506d,False,NOT_APPLICABLE_STAGE_A,COMPLETE
legit_segment_dfe641da84fe5b71a371233b,legit_pass_29a86345945c3ff203081f6a,48309,STARLINK-2517,2026-06,CONFIRMATORY,controlled_example_station,52.21,5.16,14.0,11325000000.0,10.0,2026-06-02T14:22:58Z,2026-06-02T14:30:12Z,434.0,53.81335105387985,SETTING_75_PERCENT,0.7511520737327189,2026-06-02T14:28:24Z,2026-06-02T14:27:54Z,2026-06-02T14:28:54Z,1.0,61,20.22847245854078,26.315336192071573,33.51542910675751,326542819,2026-06-01T03:38:45.544992Z,2026-06-01T10:22:25Z,34.827348613333335,28.099722222222223,24-36 h,data/orbit_uncertainty_stage1/raw/spacetrack_gp/spacetrack_gp_history_20260529_20260701_20sat_omm.json,1F5A8BA23D1C8AE605C4142F44E424711D1D85014DB46C28BBC18C3ABC326A96,2026-06-02T14:43:42.000038Z,0.25500001055555555,data/orbit_uncertainty_stage1/june/sat000048309.csv,79D62147447BEB30EC557417B61811EF138EF8094DC33D3F68D9F90E474F7689,18,False,SELECTED_FROZEN,2625.128370472642,2750.9823777881948,4076.471071243286,4268.517288208008,-2779.767328262329,2625.1283704726416,2625.1283704726416,-46.180666937139684,46.180666937139684,124.42805883538567,124.42805883538567,461642146.6169726,944422.851358074,0.0020457899225169046,0.9979542100774831,FINITE_NONZERO,0.9771176092964416,0.44725397928656463,10.76879782955154,0.9925097244331322,True,20.831493506693015,27.101918299832708,34.51636392665858,86acdbeff038ca1ee148485878b920de0cd75462c1335ff352f8e8cd3868171d,False,NOT_APPLICABLE_STAGE_A,COMPLETE
legit_segment_e01ad8fbf7175f11613087f0,legit_pass_54b3d839942ee026125bec16,65410,STARLINK-35024,2026-06,CONFIRMATORY,controlled_example_station,52.21,5.16,14.0,11325000000.0,10.0,2026-05-31T23:59:00Z,2026-06-01T00:05:51Z,411.0,35.15051722303114,RISING_25_PERCENT,0.25060827250608275,2026-06-01T00:00:43Z,2026-06-01T00:00:13Z,2026-06-01T00:01:13Z,1.0,61,18.246592587027386,22.630302736204168,27.298542213945918,326367572,2026-05-31T11:10:16.254624Z,2026-05-31T16:26:43Z,12.840762604444445,7.566666666666666,12-18 h,data/orbit_uncertainty_stage1/raw/spacetrack_gp/spacetrack_gp_history_20260529_20260701_20sat_omm.json,1F5A8BA23D1C8AE605C4142F44E424711D1D85014DB46C28BBC18C3ABC326A96,2026-06-01T00:19:42.000038Z,0.3163888994444444,data/orbit_uncertainty_stage1/june/sat000065410.csv,480E0881CFF425F783D504E2B784746BB847F6C9A822B6001FD1AFCD7FF9CBC4,2,False,SELECTED_FROZEN,-361003.3574040835,361020.0127736746,364825.08817481995,364869.5458583832,1714.1156940460205,-361003.35740408336,361003.35740408336,28.453104915649135,28.453104915649135,3431.4131984012497,3431.4131984012497,7950462427009.356,718250388.8278999,9.03407060182884e-05,0.9999096592939817,FINITE_NONZERO,0.02086966583092109,12.378662676059577,60.624500060487186,0.9996878593677777,True,17.00577649733267,21.110507053942086,25.46416715573274,e0eacc41de6ced7bd63116895edf547efb9d20ac9ff0aee292c63ffb649a06eb,False,NOT_APPLICABLE_STAGE_A,COMPLETE
legit_segment_e07292b68cd2db27a7eb0b54,legit_pass_975a4b7f27b4d75a786fd7ff,58380,STARLINK-30915,2026-06,CONFIRMATORY,controlled_example_station,52.21,5.16,14.0,11325000000.0,10.0,2026-06-08T01:55:10Z,2026-06-08T02:02:33Z,443.0,80.55506988355714,RISING_25_PERCENT,0.2505643340857788,2026-06-08T01:57:01Z,2026-06-08T01:56:31Z,2026-06-08T01:57:31Z,1.0,61,21.3093825441294,28.429094880275457,37.347832159352244,327914222,2026-06-07T17:46:56.152416Z,2026-06-08T00:36:35Z,8.168013217777778,1.3405555555555555,6-9 h,data/orbit_uncertainty_stage1/raw/spacetrack_gp/spacetrack_gp_history_20260529_20260701_20sat_omm.json,1F5A8BA23D1C8AE605C4142F44E424711D1D85014DB46C28BBC18C3ABC326A96,2026-06-08T01:12:41.999990Z,0.7386111138888889,data/orbit_uncertainty_stage1/june/sat000058380.csv,3EDD695EBC2FD369BB6D3F364CEB1C354CEB8FF41D75D9C0E85CB4203365E2E7,72,False,SELECTED_FROZEN,9236.96669472241,9718.021722470092,14675.695457458496,15448.684162139893,10274.78593635559,9236.966694722409,9236.966694722409,168.90544619164356,168.90544619164356,523.819678418166,523.819678418166,5760836718.102435,16737610.385384759,0.002905413085705017,0.997094586914295,FINITE_NONZERO,0.9699083960105523,1.8767053500315285,61.905532259706085,0.9860332517603627,True,18.191997447460476,24.153157830190903,31.482260338207514,a9480282fd02d4d566efca6f8a1dbaa9ff0f81c8a94ab42eed61d1ebc24151de,False,NOT_APPLICABLE_STAGE_A,COMPLETE
legit_segment_e1336df002040bd1849c2076,legit_pass_a0874666c24a8b1f6c0f38e0,65410,STARLINK-35024,2026-06,CONFIRMATORY,controlled_example_station,52.21,5.16,14.0,11325000000.0,10.0,2026-06-04T03:15:48Z,2026-06-04T03:23:04Z,436.0,62.70669736010653,PEAK,0.5022935779816514,2026-06-04T03:19:27Z,2026-06-04T03:18:57Z,2026-06-04T03:19:57Z,1.0,61,54.873446724447774,59.8046240096293,62.70669736010653,326989611,2026-06-03T14:20:01.542048Z,2026-06-03T23:06:29Z,12.990404986666666,4.216111111111111,12-18 h,data/orbit_uncertainty_stage1/raw/spacetrack_gp/spacetrack_gp_history_20260529_20260701_20sat_omm.json,1F5A8BA23D1C8AE605C4142F44E424711D1D85014DB46C28BBC18C3ABC326A96,2026-06-04T02:39:42.000019Z,0.6624999947222222,data/orbit_uncertainty_stage1/june/sat000065410.csv,480E0881CFF425F783D504E2B784746BB847F6C9A822B6001FD1AFCD7FF9CBC4,33,False,SELECTED_FROZEN,544.4089799161817,546.6095145447065,594.0835552215576,594.473066329956,101.74307060241699,544.4089799161816,544.4089799161816,1.8472389624649614,1.8472389624649614,36.6471489238001,36.6471489238001,18225699.644838784,81923.82497883416,0.004494961871163812,0.9955050381288362,FINITE_NONZERO,0.4406030859100446,-0.13184007830969446,2.7888943741309045,0.9942085975385527,True,54.965870087135464,59.82925798626125,62.73150950893482,3be892bad994eb10e7e1e8ced4b2ec3db535f72260cf85bfb18f4cc12755e8de,False,NOT_APPLICABLE_STAGE_A,COMPLETE
legit_segment_e287211739a0cefb6c93a371,legit_pass_76fb3033fd4efc512fe1bd3d,65410,STARLINK-35024,2026-06,CONFIRMATORY,controlled_example_station,52.21,5.16,14.0,11325000000.0,10.0,2026-06-02T22:54:01Z,2026-06-02T23:00:15Z,374.0,26.269741713518826,PEAK,0.5,2026-06-02T22:57:08Z,2026-06-02T22:56:38Z,2026-06-02T22:57:38Z,1.0,61,25.331873373088936,25.95200221472224,26.269741713518826,326744111,2026-06-02T17:58:31.378656Z,2026-06-02T22:46:37Z,4.976839262222222,0.17527777777777778,0-6 h,data/orbit_uncertainty_stage1/raw/spacetrack_gp/spacetrack_gp_history_20260529_20260701_20sat_omm.json,1F5A8BA23D1C8AE605C4142F44E424711D1D85014DB46C28BBC18C3ABC326A96,2026-06-02T23:34:42.000038Z,0.6261111216666667,data/orbit_uncertainty_stage1/june/sat000065410.csv,480E0881CFF425F783D504E2B784746BB847F6C9A822B6001FD1AFCD7FF9CBC4,21,False,SELECTED_FROZEN,1504.3379133881115,1504.7171773946632,1542.451795578003,1542.7922801971436,-9.140851974487305,1504.3379133881115,1504.3379133881115,-0.16005518513341507,0.16005518513341507,33.66429583929743,33.66429583929743,138114600.82074028,69130.37367570003,0.0005005290770483037,0.9994994709229517,FINITE_NONZERO,0.0069587209664080385,-0.1214119058895319,0.9602762909321909,0.9991863205583932,True,25.355082750686645,25.964883402515532,26.282810306791177,1cc6c113078a6065434d57bed6e87f6944cec79641badca2545723ae1a36d5b7,False,NOT_APPLICABLE_STAGE_A,COMPLETE
legit_segment_e30989a4cce7bc0b5da5abd0,legit_pass_f171d14e7b7ce9f7176e4b34,65686,STARLINK-35137,2026-06,CONFIRMATORY,controlled_example_station,52.21,5.16,14.0,11325000000.0,10.0,2026-06-03T12:28:15Z,2026-06-03T12:31:24Z,189.0,12.404010934387081,PEAK,0.5026455026455027,2026-06-03T12:29:50Z,2026-06-03T12:29:20Z,2026-06-03T12:30:20Z,1.0,61,12.132565800353294,12.31121346684346,12.404010934387081,326854037,2026-06-03T00:00:02.000160Z,2026-06-03T11:16:57Z,12.496666622222222,1.2147222222222223,12-18 h,data/orbit_uncertainty_stage1/raw/spacetrack_gp/spacetrack_gp_history_20260529_20260701_20sat_omm.json,1F5A8BA23D1C8AE605C4142F44E424711D1D85014DB46C28BBC18C3ABC326A96,2026-06-03T12:41:41.999971Z,0.19777776972222222,data/orbit_uncertainty_stage1/june/sat000065686.csv,B6BC6FF15B3CA146A8A5647889EB05C3E5134E71663266D0DFF94290D3AA7A5B,28,False,SELECTED_FROZEN,198.21311087686507,198.36505780414848,206.80378532409668,206.86405754089355,-25.03430938720703,198.21311087686504,198.21311087686504,-0.42731606096643954,0.42731606096643954,1.911318710002625,1.911318710002625,2400270.465616233,222.84149188357202,9.284015908863872e-05,0.9999071598409114,FINITE_NONZERO,0.9393758730615167,-0.006889430141589881,0.08384887144680028,0.9980754543321713,True,12.119426327416647,12.295416147270567,12.388186378568065,ce50a228f076fbfda752187d11964aded4f4f5dbf36efa8eb1e6ce665a423eb1,False,NOT_APPLICABLE_STAGE_A,COMPLETE
legit_segment_e3c65cb82fd58d677ab10d68,legit_pass_8d5ab5d6e54215a809c3d0ab,65407,STARLINK-35035,2026-06,CONFIRMATORY,controlled_example_station,52.21,5.16,14.0,11325000000.0,10.0,2026-06-02T00:31:34Z,2026-06-02T00:38:55Z,441.0,65.80701523743932,RISING_25_PERCENT,0.2494331065759637,2026-06-02T00:33:24Z,2026-06-02T00:32:54Z,2026-06-02T00:33:54Z,1.0,61,20.888649073396916,27.608520685507393,35.84084201038152,326554234,2026-06-01T03:53:10.688064Z,2026-06-01T10:22:25Z,20.670364426666666,14.183055555555555,18-24 h,data/orbit_uncertainty_stage1/raw/spacetrack_gp/spacetrack_gp_history_20260529_20260701_20sat_omm.json,1F5A8BA23D1C8AE605C4142F44E424711D1D85014DB46C28BBC18C3ABC326A96,2026-06-02T01:04:42.000038Z,0.5216666772222222,data/orbit_uncertainty_stage1/june/sat000065407.csv,1D5D20428BDA125132468A3B81A5A0011425555B1C761A0A7A4BD8F31D76DA01,11,False,SELECTED_FROZEN,685.2936268165463,721.1589178452048,1087.5428943634033,1143.4202365875244,762.1445999145508,685.2936268165462,685.2936268165462,12.5753465646414,12.5753465646414,37.67803144845913,37.67803144845913,31724281.272047672,86597.67728369558,0.00272969705888962,0.9972703029411104,FINITE_NONZERO,0.9718565738966076,0.13516810722070005,4.017106498711155,0.9886328842433448,True,20.69524789360383,27.346448973182778,35.4892874908815,73b17263201e72eb80210bdd046d9f59109f595d76a79353f9e584d8ecd6e6cc,False,NOT_APPLICABLE_STAGE_A,COMPLETE
legit_segment_e3cea3372fb9bc3cf69d67bd,legit_pass_d31b12338932d874b8a690aa,47844,STARLINK-2446,2026-06,CONFIRMATORY,controlled_example_station,52.21,5.16,14.0,11325000000.0,10.0,2026-06-01T23:55:51Z,2026-06-02T00:01:35Z,344.0,21.800315776908715,SETTING_75_PERCENT,0.75,2026-06-02T00:00:09Z,2026-06-01T23:59:39Z,2026-06-02T00:00:39Z,1.0,61,14.843878793430527,17.380940138936193,19.72356537970107,326542204,2026-06-01T04:54:53.155296Z,2026-06-01T10:22:25Z,19.08773464,13.62888888888889,18-24 h,data/orbit_uncertainty_stage1/raw/spacetrack_gp/spacetrack_gp_history_20260529_20260701_20sat_omm.json,1F5A8BA23D1C8AE605C4142F44E424711D1D85014DB46C28BBC18C3ABC326A96,2026-06-01T23:24:41.999990Z,0.5908333361111112,data/orbit_uncertainty_stage1/june/sat000047844.csv,FE1F3D11E12AC1E3987E760842AEC279FE294DEAF66BE25CA508FB5254D084DD,11,False,SELECTED_FROZEN,-518.650884690832,524.9251452870748,644.9176578521729,656.5092658996582,268.6319122314453,-518.6508846908317,518.6508846908317,4.594367366389332,4.594367366389332,2.030369399285682,2.030369399285682,16808330.897434052,251.4663937508978,1.4960818851399843e-05,0.9999850391811486,FINITE_NONZERO,0.9993704018102056,-0.006576257953985198,0.8945607268925525,0.805880333304632,True,14.806366357798003,17.346662561807438,19.696079520837593,60e96b4d6029f31729ec29b88f5ff7e163e025e2effd8e58f8150a287d8c5e38,False,NOT_APPLICABLE_STAGE_A,COMPLETE
legit_segment_e401192f5d67c103a5ecd58b,legit_pass_b8ee228a05c57c38a4d1c786,48672,STARLINK-2705,2026-06,CONFIRMATORY,controlled_example_station,52.21,5.16,14.0,11325000000.0,10.0,2026-06-23T11:57:58Z,2026-06-23T12:04:59Z,421.0,43.55778000210687,RISING_25_PERCENT,0.2494061757719715,2026-06-23T11:59:43Z,2026-06-23T11:59:13Z,2026-06-23T12:00:13Z,1.0,61,19.308910255098215,24.64841174431777,30.680068532810548,330964105,2026-06-22T10:29:15.332928Z,2026-06-23T03:40:42Z,25.507685297777776,8.316944444444445,24-36 h,data/orbit_uncertainty_stage1/raw/spacetrack_gp/spacetrack_gp_history_20260529_20260701_20sat_omm.json,1F5A8BA23D1C8AE605C4142F44E424711D1D85014DB46C28BBC18C3ABC326A96,2026-06-23T13:38:42.000029Z,1.6497222302777776,data/orbit_uncertainty_stage1/june/sat000048672.csv,9CCC0F6B332261080A38A7EF3636C88202FADE4135B08985F943785C7A1E9415,234,False,SELECTED_FROZEN,645.4057609057817,669.2690419883891,951.1512203216553,988.9901161193848,595.7897148132324,645.4057609057817,645.4057609057817,9.978187211942954,9.978187211942954,22.528784750729933,22.528784750729933,27323184.084407426,30960.31468302802,0.0011331151811364549,0.9988668848188635,FINITE_NONZERO,0.9838219178957829,0.08112843256924407,1.3941650098541625,0.9961704051857782,True,19.18573110483243,24.49785909893294,30.502530804244994,e7b79ec5eb7b6877097a4f5e9edee3a11ca2cd4cfbd2aab19cd00262ab69cf86,False,NOT_APPLICABLE_STAGE_A,COMPLETE
legit_segment_e45954508ea83dbe6a69f5bd,legit_pass_87d580dc27f9533db49e427b,65410,STARLINK-35024,2026-06,CONFIRMATORY,controlled_example_station,52.21,5.16,14.0,11325000000.0,10.0,2026-06-01T04:48:39Z,2026-06-01T04:55:43Z,424.0,46.295575122118215,PEAK,0.5,2026-06-01T04:52:11Z,2026-06-01T04:51:41Z,2026-06-01T04:52:41Z,1.0,61,42.823317862147455,45.073098756151616,46.295575122118215,326441204,2026-05-31T20:00:01.999008Z,2026-06-01T00:06:54Z,8.869166942222222,4.754722222222222,6-9 h,data/orbit_uncertainty_stage1/raw/spacetrack_gp/spacetrack_gp_history_20260529_20260701_20sat_omm.json,1F5A8BA23D1C8AE605C4142F44E424711D1D85014DB46C28BBC18C3ABC326A96,2026-06-01T05:44:42Z,0.8752777777777778,data/orbit_uncertainty_stage1/june/sat000065410.csv,480E0881CFF425F783D504E2B784746BB847F6C9A822B6001FD1AFCD7FF9CBC4,4,False,SELECTED_FROZEN,441.7979528395856,442.3411396651972,466.54186630249023,466.827579498291,-16.693187713623047,441.79795283958555,441.79795283958555,-0.2941880789463767,0.2941880789463767,21.293737414098462,21.293737414098462,11935606.714258635,27658.818436695172,0.0023173366129476364,0.9976826633870524,FINITE_NONZERO,0.05586528425964321,-0.07674975723580252,0.9617096757228697,0.9979602159921529,True,42.785600196376414,45.06685020126103,46.28924884190025,74018553223f9d648f275b6d483f81738d9d2371177424c859062e87d512e2e8,False,NOT_APPLICABLE_STAGE_A,COMPLETE
legit_segment_e48be2fe2c8476a2583040aa,legit_pass_cb39ef6a4bbad4e49764a86c,65421,STARLINK-35146,2026-06,CONFIRMATORY,controlled_example_station,52.21,5.16,14.0,11325000000.0,10.0,2026-06-01T03:24:44Z,2026-06-01T03:32:07Z,443.0,83.82823802444828,SETTING_75_PERCENT,0.7494356659142212,2026-06-01T03:30:16Z,2026-06-01T03:29:46Z,2026-06-01T03:30:46Z,1.0,61,21.186844998503837,28.306931989861493,37.24595203678479,326441216,2026-05-31T12:57:20.022048Z,2026-06-01T00:06:54Z,14.548882764444445,3.3894444444444445,12-18 h,data/orbit_uncertainty_stage1/raw/spacetrack_gp/spacetrack_gp_history_20260529_20260701_20sat_omm.json,1F5A8BA23D1C8AE605C4142F44E424711D1D85014DB46C28BBC18C3ABC326A96,2026-06-01T03:29:42Z,0.009444444444444445,data/orbit_uncertainty_stage1/june/sat000065421.csv,47F2014ECBC8E7384C87E8BF3D80DB676A195CA775414C519EDF2550466E6CB3,3,False,SELECTED_FROZEN,725.5211933323594,780.1242769585232,1247.6825408935547,1323.9958972930908,-976.9018630981445,725.5211933323593,725.5211933323593,-15.997474021548515,15.997474021548515,53.646446796696154,53.646446796696154,37124227.13750358,175554.41648855578,0.0047288369354686844,0.9952711630645313,FINITE_NONZERO,0.9649940366949786,0.1920429429294277,6.697434203423325,0.9844139886982642,True,21.424866942673074,28.653129625985446,37.745054397510245,c83dee60d8ce1185d9ce3d1e9d144c8dd61ed3f91a8214b3d67cf4c585d49aa1,False,NOT_APPLICABLE_STAGE_A,COMPLETE
legit_segment_e536a3c78b34cceada21fcbe,legit_pass_2f051a3a14c617cd8618cafd,65410,STARLINK-35024,2026-06,CONFIRMATORY,controlled_example_station,52.21,5.16,14.0,11325000000.0,10.0,2026-06-03T03:46:41Z,2026-06-03T03:53:54Z,433.0,56.999312383206075,PEAK,0.49884526558891457,2026-06-03T03:50:17Z,2026-06-03T03:49:47Z,2026-06-03T03:50:47Z,1.0,61,50.91042726093829,54.8217207282635,56.999312383206075,326774524,2026-06-02T17:58:31.379520Z,2026-06-03T03:08:42Z,9.862672355555555,0.6930555555555555,9-12 h,data/orbit_uncertainty_stage1/raw/spacetrack_gp/spacetrack_gp_history_20260529_20260701_20sat_omm.json,1F5A8BA23D1C8AE605C4142F44E424711D1D85014DB46C28BBC18C3ABC326A96,2026-06-03T03:44:42.000029Z,0.0930555475,data/orbit_uncertainty_stage1/june/sat000065410.csv,480E0881CFF425F783D504E2B784746BB847F6C9A822B6001FD1AFCD7FF9CBC4,23,False,SELECTED_FROZEN,9196.936616928851,9216.08065029355,9867.611576080322,9874.306232452393,568.8105163574219,9196.93661692885,9196.93661692885,10.686061662041523,10.686061662041523,563.1162611899332,563.1162611899332,5181104695.715626,19343095.340608273,0.003733392100067679,0.9962666078999323,FINITE_NONZERO,0.10042426056304121,-2.0281191882803906,33.57000546432627,0.9964460878639703,True,49.91996286614189,54.76281560318799,56.9992888410027,c634079c86e49a45a0ecc763125c401df989c4e504eab44e9d79fe2b85c93339,False,NOT_APPLICABLE_STAGE_A,COMPLETE
legit_segment_e551d6e6210bf6ea03257246,legit_pass_2c6fc2c746630f53c82a3996,47383,STARLINK-2103,2026-06,CONFIRMATORY,controlled_example_station,52.21,5.16,14.0,11325000000.0,10.0,2026-06-02T07:39:19Z,2026-06-02T07:41:34Z,135.0,11.156482448023738,SETTING_75_PERCENT,0.7481481481481481,2026-06-02T07:41:00Z,2026-06-02T07:40:30Z,2026-06-02T07:41:30Z,1.0,61,10.146148654840093,10.79144284573775,11.153596398947652,326542126,2026-05-31T22:34:37.493472Z,2026-06-01T10:22:25Z,33.10625181333333,21.309722222222224,24-36 h,data/orbit_uncertainty_stage1/raw/spacetrack_gp/spacetrack_gp_history_20260529_20260701_20sat_omm.json,1F5A8BA23D1C8AE605C4142F44E424711D1D85014DB46C28BBC18C3ABC326A96,2026-06-02T08:39:42.000019Z,0.9783333386111112,data/orbit_uncertainty_stage1/june/sat000047383.csv,6A97ABED011A96AE20108B2FFAB622CC78ED39D918CC694CBFCE03E18290B2FA,16,False,SELECTED_FROZEN,-7458.37598331639,7464.987174413556,7847.796463012695,7860.968000411987,1023.5436248779297,-7458.3759833163895,7458.3759833163895,17.574680487533413,17.574680487533413,53.96010965618139,53.96010965618139,3399288044.3636923,177613.29948053433,5.225014684325803e-05,0.9999477498531567,FINITE_NONZERO,0.970487960136119,0.19403726472002703,4.411393220186598,0.9933164700942921,True,9.912683438201757,10.641765349767931,11.098462935476762,88cd0896ed84c95d4ed025e90e455fabbbdbc3c5aaa6b54f7c28ce749bdee9b4,False,NOT_APPLICABLE_STAGE_A,COMPLETE
legit_segment_e5bad8fb5cc40047a8abe53d,legit_pass_ae49b9ecd351bb759604e758,48111,STARLINK-2448,2026-06,CONFIRMATORY,controlled_example_station,52.21,5.16,14.0,11325000000.0,10.0,2026-06-09T20:09:21Z,2026-06-09T20:16:04Z,403.0,45.65969699081174,PEAK,0.5012406947890818,2026-06-09T20:12:43Z,2026-06-09T20:12:13Z,2026-06-09T20:13:13Z,1.0,61,41.9585950628239,44.336176895382145,45.65969699081174,328411309,2026-06-09T11:57:18.216864Z,2026-06-09T19:23:37Z,8.256884204444445,0.8183333333333334,6-9 h,data/orbit_uncertainty_stage1/raw/spacetrack_gp/spacetrack_gp_history_20260529_20260701_20sat_omm.json,1F5A8BA23D1C8AE605C4142F44E424711D1D85014DB46C28BBC18C3ABC326A96,2026-06-09T20:48:42.000019Z,0.5997222275,data/orbit_uncertainty_stage1/june/sat000048111.csv,63E98DFF9634CD904EDA2CF3528E739282097399B04E926A453B20B62792D5D5,90,False,SELECTED_FROZEN,751.4315830293249,752.552745609632,798.3376445770264,798.7085037231445,-26.545751571655273,751.4315830293248,751.4315830293248,-0.4724521880046456,0.4724521880046456,40.21213148980918,40.21213148980918,34546473.730400324,98637.94665617587,0.0028552247452502256,0.9971447752547498,FINITE_NONZERO,0.04103604691834206,-0.14491388048825488,1.9583162505194842,0.9976283452495681,True,41.93300899623792,44.32203551861677,45.64525358634419,1d7b3238f234cf685eacc65bc51c5d4a99df7aeb839be5c8091402e3aacc8a70,False,NOT_APPLICABLE_STAGE_A,COMPLETE
legit_segment_e5c8bfe20b237f6ae8fb68eb,legit_pass_3bae9af48601ebb8a03bd82e,47767,STARLINK-2185,2026-06,CONFIRMATORY,controlled_example_station,52.21,5.16,14.0,11325000000.0,10.0,2026-06-03T02:01:30Z,2026-06-03T02:07:33Z,363.0,33.03570096261693,SETTING_75_PERCENT,0.7493112947658402,2026-06-03T02:06:02Z,2026-06-03T02:05:32Z,2026-06-03T02:06:32Z,1.0,61,17.26291517593985,21.844241276311568,26.709365632400406,326719990,2026-06-02T07:02:28.533120Z,2026-06-02T22:36:30Z,19.059296355555556,3.4922222222222223,18-24 h,data/orbit_uncertainty_stage1/raw/spacetrack_gp/spacetrack_gp_history_20260529_20260701_20sat_omm.json,1F5A8BA23D1C8AE605C4142F44E424711D1D85014DB46C28BBC18C3ABC326A96,2026-06-03T01:55:41.999981Z,0.1722222275,data/orbit_uncertainty_stage1/june/sat000047767.csv,6E26A6FFCB0389E48C81BEEAD935A847B2444F9441CBE4C1AD8107642DE7DD5F,23,False,SELECTED_FROZEN,978.8278661634101,1012.3802984071807,1414.0030097961426,1463.3198509216309,-863.1683235168457,978.8278661634098,978.8278661634098,-14.603513643213335,14.603513643213335,26.4285394879655,26.4285394879655,62519745.98478375,42606.529667484065,0.0006814891678839158,0.9993185108321161,FINITE_NONZERO,0.9895454425218353,0.09521037646398334,1.4530370904593908,0.9969772162866486,True,17.375771411875398,21.97146643311683,26.841033040509004,558da4b00292aa63b9ace38e30f36b5ccdb020fdb717b39fb2f74ee801c97320,False,NOT_APPLICABLE_STAGE_A,COMPLETE
legit_segment_e6448077e0f220040cb4fd06,legit_pass_7ec31641e380388b3b01cb9d,65693,STARLINK-35060,2026-06,CONFIRMATORY,controlled_example_station,52.21,5.16,14.0,11325000000.0,10.0,2026-06-01T13:13:13Z,2026-06-01T13:16:28Z,195.0,12.506059788654824,PEAK,0.5025641025641026,2026-06-01T13:14:51Z,2026-06-01T13:14:21Z,2026-06-01T13:15:21Z,1.0,61,12.237967786127667,12.4146730223246,12.506059788654824,326554871,2026-05-31T17:54:26.109792Z,2026-06-01T10:22:25Z,19.34024728,2.8738888888888887,18-24 h,data/orbit_uncertainty_stage1/raw/spacetrack_gp/spacetrack_gp_history_20260529_20260701_20sat_omm.json,1F5A8BA23D1C8AE605C4142F44E424711D1D85014DB46C28BBC18C3ABC326A96,2026-06-01T13:48:41.999990Z,0.5641666638888889,data/orbit_uncertainty_stage1/june/sat000065693.csv,D31425DC1D7BF768E17AFC34A7D7E516943AB5AC5C7598CCE830821EDB62E3E7,7,False,SELECTED_FROZEN,3006.79240267394,3006.953728610445,3039.6170082092285,3039.957654953003,45.21143341064453,3006.7924026739393,3006.7924026739393,0.7753405684456548,0.7753405684456548,27.996710475300358,27.996710475300358,551548014.2862598,47812.76364370536,8.668830710156448e-05,0.9999133116928984,FINITE_NONZERO,0.19208675728998215,-0.100987222434888,0.6274068770500816,0.9994977909469847,True,12.200216760041501,12.410983756814645,12.503710619973354,b4d20f9da236035513fdb56df1ccf95171ae3807637a695c48dfced4a7a6d5cb,False,NOT_APPLICABLE_STAGE_A,COMPLETE
legit_segment_e650e7deff1a156548fdc053,legit_pass_df05a122635f6d197a50fd34,65409,STARLINK-35022,2026-06,CONFIRMATORY,controlled_example_station,52.21,5.16,14.0,11325000000.0,10.0,2026-06-04T21:45:49Z,2026-06-04T21:51:05Z,316.0,18.820226467103407,PEAK,0.5,2026-06-04T21:48:27Z,2026-06-04T21:47:57Z,2026-06-04T21:48:57Z,1.0,61,18.334597699383416,18.651652944870392,18.820226467103407,326989609,2026-06-03T14:13:19.504704Z,2026-06-03T23:06:29Z,31.58541536,22.699444444444445,24-36 h,data/orbit_uncertainty_stage1/raw/spacetrack_gp/spacetrack_gp_history_20260529_20260701_20sat_omm.json,1F5A8BA23D1C8AE605C4142F44E424711D1D85014DB46C28BBC18C3ABC326A96,2026-06-04T21:46:42.000038Z,0.02916665611111111,data/orbit_uncertainty_stage1/june/sat000065409.csv,C82A923C1B14CF8F30B1B5DDBB30C6CB9AE3A8DB51A9A3F182BEC8348A9F0DF5,42,False,SELECTED_FROZEN,5399.98959144217,5400.591803389767,5489.916961669922,5490.622110366821,46.59845161437988,5399.98959144217,5399.98959144217,0.8072489994155918,0.8072489994155918,79.38656916229509,79.38656916229509,1779149901.4372847,384435.8691649516,0.0002160784028677884,0.9997839215971323,FINITE_NONZERO,0.031058481816745198,-0.28634262924359155,1.9385881450847022,0.9994036832091917,True,18.263963393099033,18.687442127764527,18.862213920294042,eafc011230010311b50b7b4ff80c180b09769b8f683d13b0dea445789de87809,False,NOT_APPLICABLE_STAGE_A,COMPLETE
legit_segment_e69904973f4ed18be2d743e0,legit_pass_458c5ffb1dececca2932e595,65411,STARLINK-34983,2026-06,CONFIRMATORY,controlled_example_station,52.21,5.16,14.0,11325000000.0,10.0,2026-06-21T15:59:44Z,2026-06-21T16:06:11Z,387.0,29.44732961546982,PEAK,0.49870801033591733,2026-06-21T16:02:57Z,2026-06-21T16:02:27Z,2026-06-21T16:03:27Z,1.0,61,28.281934103956324,29.039846689900607,29.44732961546982,330924295,2026-06-20T05:18:51.780960Z,2026-06-20T16:06:57Z,34.734783066666665,23.933333333333334,24-36 h,data/orbit_uncertainty_stage1/raw/spacetrack_gp/spacetrack_gp_history_20260529_20260701_20sat_omm.json,1F5A8BA23D1C8AE605C4142F44E424711D1D85014DB46C28BBC18C3ABC326A96,2026-06-21T16:55:41.999981Z,0.8791666613888889,data/orbit_uncertainty_stage1/june/sat000065411.csv,26E105CAB95698D658010132E70DA6D62EE0D10BD67ED831612077EEE7C12C95,218,False,SELECTED_FROZEN,8914.817475959902,8918.149721385696,9184.661266326904,9186.848239898682,226.13319396972656,8914.8174759599,8914.8174759599,3.999991439524823,3.999991439524823,233.37490139606598,233.37490139606598,4851537061.636157,3322294.5206990344,0.0006847921552471057,0.9993152078447529,FINITE_NONZERO,0.08346784990628986,-0.8415765623569182,7.576992143784869,0.9989458913455906,True,27.998575757808513,29.067044231129476,29.49732050764124,ea05b69bf29ba29646560943ea25f4a13a1b5e9e9c9d085a7ac13c6fa7e5e2a9,False,NOT_APPLICABLE_STAGE_A,COMPLETE
legit_segment_e69c55dda8f90975f9053790,legit_pass_76f34f0837c3b68a1c3c03cf,47749,STARLINK-2163,2026-06,CONFIRMATORY,controlled_example_station,52.21,5.16,14.0,11325000000.0,10.0,2026-06-01T23:22:54Z,2026-06-01T23:28:40Z,346.0,73.06065412087908,PEAK,0.5,2026-06-01T23:25:47Z,2026-06-01T23:25:17Z,2026-06-01T23:26:17Z,1.0,61,54.413405157911974,65.22887000099213,73.06065412087908,326577115,2026-06-01T14:00:01.999872Z,2026-06-01T18:19:01Z,9.429166702222222,5.112777777777778,9-12 h,data/orbit_uncertainty_stage1/raw/spacetrack_gp/spacetrack_gp_history_20260529_20260701_20sat_omm.json,1F5A8BA23D1C8AE605C4142F44E424711D1D85014DB46C28BBC18C3ABC326A96,2026-06-01T22:14:42Z,1.1847222222222222,data/orbit_uncertainty_stage1/june/sat000047749.csv,0CE3EE486737D6898F4E0960379BB2CF5D672CBD2C80BC161C0E3F96D2261670,10,False,SELECTED_FROZEN,687.9376879832784,694.3948078539692,802.5729579925537,804.3090343475342,-34.2804012298584,687.9376879832782,687.9376879832782,-0.6689553268368075,0.6689553268368075,93.73985942857037,93.73985942857037,29413233.09964759,536016.835986976,0.018223662600130766,0.9817763373998692,FINITE_NONZERO,0.015541916101414976,-0.33632328634219005,9.900489879276904,0.9888451233442697,True,54.346536428349985,65.22521752774055,73.05760677936412,73e6b17ce90884cae7dc8590b4b2aa1435456b52eebd7aa27a1accc01bdf5905,False,NOT_APPLICABLE_STAGE_A,COMPLETE
legit_segment_e7ae307d5cb93bdcc8f275c4,legit_pass_062055424ad8c075e0d1583a,65411,STARLINK-34983,2026-06,CONFIRMATORY,controlled_example_station,52.21,5.16,14.0,11325000000.0,10.0,2026-06-07T01:20:58Z,2026-06-07T01:28:21Z,443.0,88.3614086507848,PEAK,0.5011286681715575,2026-06-07T01:24:40Z,2026-06-07T01:24:10Z,2026-06-07T01:25:10Z,1.0,61,64.95094932254767,76.78577295559356,88.3614086507848,327674076,2026-06-06T18:42:57.515904Z,2026-06-06T22:56:32Z,6.695134471111111,2.468888888888889,6-9 h,data/orbit_uncertainty_stage1/raw/spacetrack_gp/spacetrack_gp_history_20260529_20260701_20sat_omm.json,1F5A8BA23D1C8AE605C4142F44E424711D1D85014DB46C28BBC18C3ABC326A96,2026-06-07T00:18:41.999990Z,1.0994444472222222,data/orbit_uncertainty_stage1/june/sat000065411.csv,26E105CAB95698D658010132E70DA6D62EE0D10BD67ED831612077EEE7C12C95,62,False,SELECTED_FROZEN,3491.4531679935144,3504.67335376637,3837.640048980713,3840.722589492798,-319.7973117828369,3491.4531679935135,3491.4531679935135,-5.815327193080154,5.815327193080154,286.3677755887874,286.3677755887874,749246854.312601,5002396.676635877,0.006676566805509438,0.9933234331944906,FINITE_NONZERO,0.11334824250666653,-1.0306688117608847,20.11010103575135,0.995068486651813,True,64.20050854056049,76.7520298987501,88.3742117619469,b401abb70bde275fe38ce03bfef476b1033d5b85c276aba1caeb445c75c4ca99,False,NOT_APPLICABLE_STAGE_A,COMPLETE
legit_segment_e7fcaf758a08ce8a7ab13856,legit_pass_2c6fc2c746630f53c82a3996,47383,STARLINK-2103,2026-06,CONFIRMATORY,controlled_example_station,52.21,5.16,14.0,11325000000.0,10.0,2026-06-02T07:39:19Z,2026-06-02T07:41:34Z,135.0,11.156482448023738,PEAK,0.5037037037037037,2026-06-02T07:40:27Z,2026-06-02T07:39:57Z,2026-06-02T07:40:57Z,1.0,61,10.915556107574908,11.07475026692663,11.156482448023738,326542126,2026-05-31T22:34:37.493472Z,2026-06-01T10:22:25Z,33.097085146666664,21.300555555555555,24-36 h,data/orbit_uncertainty_stage1/raw/spacetrack_gp/spacetrack_gp_history_20260529_20260701_20sat_omm.json,1F5A8BA23D1C8AE605C4142F44E424711D1D85014DB46C28BBC18C3ABC326A96,2026-06-02T08:39:42.000019Z,0.9875000052777778,data/orbit_uncertainty_stage1/june/sat000047383.csv,6A97ABED011A96AE20108B2FFAB622CC78ED39D918CC694CBFCE03E18290B2FA,16,False,SELECTED_FROZEN,-7797.940269032462,7798.387522941719,7881.57702255249,7882.332410812378,163.30564498901367,-7797.940269032461,7797.940269032461,2.804581992856936,2.804581992856936,67.35842729059522,67.35842729059522,3709705725.436358,276766.62135080656,7.460608518166265e-05,0.9999253939148184,FINITE_NONZERO,0.34955979569470264,0.24296307800018058,1.5842883557445069,0.999446796927694,True,10.772158966458754,11.030353072313664,11.123649757000207,90d7964390091701824c13f797340d8863883a03e89c55470ddca45c6f1840fc,False,NOT_APPLICABLE_STAGE_A,COMPLETE
legit_segment_e85bf72314f2d120fe7fb447,legit_pass_cd0d7c5acdd409c94988452b,47767,STARLINK-2185,2026-06,CONFIRMATORY,controlled_example_station,52.21,5.16,14.0,11325000000.0,10.0,2026-06-01T20:26:44Z,2026-06-01T20:30:38Z,234.0,14.838477657330296,RISING_25_PERCENT,0.25213675213675213,2026-06-01T20:27:43Z,2026-06-01T20:27:13Z,2026-06-01T20:28:13Z,1.0,61,11.821898126466435,13.327077865110514,14.492175019777365,326542677,2026-05-31T10:12:02.566944Z,2026-06-01T10:22:25Z,34.261231404444445,10.088333333333333,24-36 h,data/orbit_uncertainty_stage1/raw/spacetrack_gp/spacetrack_gp_history_20260529_20260701_20sat_omm.json,1F5A8BA23D1C8AE605C4142F44E424711D1D85014DB46C28BBC18C3ABC326A96,2026-06-01T20:51:41.999990Z,0.39972221944444447,data/orbit_uncertainty_stage1/june/sat000047767.csv,6E26A6FFCB0389E48C81BEEAD935A847B2444F9441CBE4C1AD8107642DE7DD5F,9,False,SELECTED_FROZEN,1391.581757060817,1397.6959352578351,1575.8916492462158,1587.805009841919,429.16149139404297,1391.5817570608167,1391.5817570608167,7.398547718425333,7.398547718425333,9.230561512746533,9.230561512746533,119166789.57361273,5197.399216276451,4.361449389442407e-05,0.9999563855061055,FINITE_NONZERO,0.9950039543720793,-0.03236003412234201,2.1821140811135136,0.9441145616190094,True,11.765736118519268,13.286218361689693,14.472028766229167,122c98d0e179c8b486953438be4802927e960c40e32d5832a76aef88cb515ce4,False,NOT_APPLICABLE_STAGE_A,COMPLETE
legit_segment_e8edcbc7ff5b242ebb2f0a0e,legit_pass_975a4b7f27b4d75a786fd7ff,58380,STARLINK-30915,2026-06,CONFIRMATORY,controlled_example_station,52.21,5.16,14.0,11325000000.0,10.0,2026-06-08T01:55:10Z,2026-06-08T02:02:33Z,443.0,80.55506988355714,PEAK,0.49887133182844245,2026-06-08T01:58:51Z,2026-06-08T01:58:21Z,2026-06-08T01:59:21Z,1.0,61,63.5603295804849,73.40339802742731,80.55506988355714,327914222,2026-06-07T17:46:56.152416Z,2026-06-08T00:36:35Z,8.198568773333333,1.3711111111111112,6-9 h,data/orbit_uncertainty_stage1/raw/spacetrack_gp/spacetrack_gp_history_20260529_20260701_20sat_omm.json,1F5A8BA23D1C8AE605C4142F44E424711D1D85014DB46C28BBC18C3ABC326A96,2026-06-08T01:12:41.999990Z,0.7691666694444445,data/orbit_uncertainty_stage1/june/sat000058380.csv,3EDD695EBC2FD369BB6D3F364CEB1C354CEB8FF41D75D9C0E85CB4203365E2E7,72,False,SELECTED_FROZEN,57926.99044358926,58217.48759898815,64008.0576171875,64050.256103515625,11284.51205253601,57926.99044358924,57926.99044358924,223.20977643818424,223.20977643818424,4277.222598182923,4277.222598182923,206745827602.63867,1115972622.4188073,0.005397799971875052,0.9946022000281249,FINITE_NONZERO,0.4577703588264006,-15.312590893175866,531.6942872600945,0.9845474455421411,True,52.851702301973035,70.09783214126503,80.3987403840981,b3460b1585712ed97ea7d50a86846d0ad461599146e2bcf1dffbd91ef29aacc5,False,NOT_APPLICABLE_STAGE_A,COMPLETE
legit_segment_e9362193cf69e711ba630053,legit_pass_b7c08c6a9c69fb707d8c83a3,45230,STARLINK-1227,2026-06,CONFIRMATORY,controlled_example_station,52.21,5.16,14.0,11325000000.0,10.0,2026-06-06T07:42:19Z,2026-06-06T07:49:17Z,418.0,88.77856179404864,PEAK,0.5,2026-06-06T07:45:48Z,2026-06-06T07:45:18Z,2026-06-06T07:46:18Z,1.0,61,62.981293270646155,75.88562732651437,88.77856179404864,327404691,2026-06-05T03:27:08.871552Z,2026-06-06T04:26:37Z,28.310869013333335,3.319722222222222,24-36 h,data/orbit_uncertainty_stage1/raw/spacetrack_gp/spacetrack_gp_history_20260529_20260701_20sat_omm.json,1F5A8BA23D1C8AE605C4142F44E424711D1D85014DB46C28BBC18C3ABC326A96,2026-06-06T07:42:41.999962Z,0.05166667722222222,data/orbit_uncertainty_stage1/june/sat000045230.csv,A086445B48BCEA5D6D786487B3F9BAAB43C341130589A86BCBB60E49241950E8,54,False,SELECTED_FROZEN,487.48023830476353,489.7693549675471,542.8810386657715,543.4351844787598,32.07034111022949,487.4802383047634,487.4802383047634,0.5939255777456858,0.5939255777456858,46.126853070299006,46.126853070299006,14632315.284984957,129788.88102430613,0.008870016705933736,0.9911299832940663,FINITE_NONZERO,0.04888237815918228,-0.165925261853494,3.577069621802028,0.9939862255867189,True,63.08406145640034,75.89350097374742,88.83853859294061,25fcd9a0ae646dedbca82216746f6058f09a00f9b8265ba0229f87ad8449465e,False,NOT_APPLICABLE_STAGE_A,COMPLETE
legit_segment_e9432432d91d484b3fa9da31,legit_pass_67aa12202676c8418c11d82e,44714,STARLINK-1008,2026-06,CONFIRMATORY,controlled_example_station,52.21,5.16,14.0,11325000000.0,10.0,2026-06-06T17:49:29Z,2026-06-06T17:55:31Z,362.0,30.6499900947955,SETTING_75_PERCENT,0.7513812154696132,2026-06-06T17:54:01Z,2026-06-06T17:53:31Z,2026-06-06T17:54:31Z,1.0,61,16.80611640187498,20.980881413563626,25.310881989385543,327589860,2026-06-06T14:29:29.480352Z,2026-06-06T17:50:36Z,3.4087554577777777,0.05694444444444444,0-6 h,data/orbit_uncertainty_stage1/raw/spacetrack_gp/spacetrack_gp_history_20260529_20260701_20sat_omm.json,1F5A8BA23D1C8AE605C4142F44E424711D1D85014DB46C28BBC18C3ABC326A96,2026-06-06T18:23:41.999971Z,0.4947222141666667,data/orbit_uncertainty_stage1/june/sat000044714.csv,F91F0DA10678FA8B4BBDEBC15B9D96435ECFD92205FFA13417B9E47754646E40,60,False,SELECTED_FROZEN,-94.20472723538758,100.72671766445063,155.4782428741455,162.85959815979004,119.40007019042969,-94.20472723538755,94.20472723538755,2.009344539107753,2.009344539107753,4.441477247393845,4.441477247393845,618898.1707386911,1203.3299284861498,0.0019443100422318349,0.9980556899577682,FINITE_NONZERO,0.9844835336385449,-0.016007022376373747,0.20987166046772654,0.9977671851399088,True,16.792541738207245,20.96418753885723,25.291847617589593,e8f2252fd1d56a98e52acdba6e9f1db8397a70fa7967c61df05065f2e3a67aee,False,NOT_APPLICABLE_STAGE_A,COMPLETE
legit_segment_e95f4d2f70e983bc36a58a4d,legit_pass_57a1b1baf55008368f59fc72,45230,STARLINK-1227,2026-06,CONFIRMATORY,controlled_example_station,52.21,5.16,14.0,11325000000.0,10.0,2026-06-07T11:51:29Z,2026-06-07T11:55:40Z,251.0,15.284961139293339,SETTING_75_PERCENT,0.749003984063745,2026-06-07T11:54:37Z,2026-06-07T11:54:07Z,2026-06-07T11:55:07Z,1.0,61,12.115756625426528,13.637328488075667,14.843845798325681,327724481,2026-06-07T02:03:24.804864Z,2026-06-07T10:44:38Z,9.853387537777778,1.166388888888889,9-12 h,data/orbit_uncertainty_stage1/raw/spacetrack_gp/spacetrack_gp_history_20260529_20260701_20sat_omm.json,1F5A8BA23D1C8AE605C4142F44E424711D1D85014DB46C28BBC18C3ABC326A96,2026-06-07T12:28:42.000038Z,0.5680555661111111,data/orbit_uncertainty_stage1/june/sat000045230.csv,A086445B48BCEA5D6D786487B3F9BAAB43C341130589A86BCBB60E49241950E8,66,False,SELECTED_FROZEN,-74.21291823465316,74.71101054698778,86.91592979431152,87.89393043518066,28.46982192993164,-74.21291823465315,74.21291823465315,0.4888824606118288,0.4888824606118288,0.29323259999916984,0.29323259999916984,340485.8409140793,5.245106819838661,1.540477220949182e-05,0.9999845952277905,FINITE_NONZERO,0.9988408218704478,0.0009661461227161161,0.11950101269271489,0.8339194902923933,False,12.10886224927325,13.631097530713433,14.838654936882754,eba6c35f72e545900e0ad9d026b0300a9ce50e1ea318a781c73acba5b3a12d92,False,NOT_APPLICABLE_STAGE_A,COMPLETE
legit_segment_e9f0c7a90683c7b6c08777ab,legit_pass_a01e5be85ac50df0f3de5883,48458,STARLINK-2698,2026-06,CONFIRMATORY,controlled_example_station,52.21,5.16,14.0,11325000000.0,10.0,2026-06-23T10:45:24Z,2026-06-23T10:48:27Z,183.0,12.212626023035838,PEAK,0.4972677595628415,2026-06-23T10:46:55Z,2026-06-23T10:46:25Z,2026-06-23T10:47:25Z,1.0,61,11.948549820236908,12.122913030193175,12.212626023035838,330964544,2026-06-22T09:28:26.857056Z,2026-06-23T03:40:42Z,25.307817484444445,7.103611111111111,24-36 h,data/orbit_uncertainty_stage1/raw/spacetrack_gp/spacetrack_gp_history_20260529_20260701_20sat_omm.json,1F5A8BA23D1C8AE605C4142F44E424711D1D85014DB46C28BBC18C3ABC326A96,2026-06-23T10:40:42.000038Z,0.10361110055555556,data/orbit_uncertainty_stage1/june/sat000048458.csv,091BB60895838155D6E08F3AB53CB4B529B9EB7F826CA2A0FB9BFADE0198C1C6,233,False,SELECTED_FROZEN,4225.043840314521,4225.228870471033,4268.945581436157,4269.450389862061,-19.345722198486328,4225.043840314521,4225.043840314521,-0.32769279954044334,0.32769279954044334,39.11862325375014,39.11862325375014,1089006099.4795768,93346.2678013993,8.571693753231353e-05,0.9999142830624677,FINITE_NONZERO,0.021290322988924193,-0.1411080550388432,0.8404576453505558,0.9995384013385196,True,11.888538398713917,12.120889671062006,12.214506086044537,89d84f75df76b0e439f9d164df833c4e82b3f5724c9a3939866855891248bc68,False,NOT_APPLICABLE_STAGE_A,COMPLETE
legit_segment_e9fdc9fce96fc0f681e7104c,legit_pass_5f26005a758e294129057e05,65686,STARLINK-35137,2026-06,CONFIRMATORY,controlled_example_station,52.21,5.16,14.0,11325000000.0,10.0,2026-06-04T10:16:33Z,2026-06-04T10:23:40Z,427.0,54.21063939098734,SETTING_75_PERCENT,0.7494145199063232,2026-06-04T10:21:53Z,2026-06-04T10:21:23Z,2026-06-04T10:22:23Z,1.0,61,20.274380153735603,26.54830289827431,34.01294536799813,327025019,2026-06-03T15:05:49.254720Z,2026-06-04T06:26:29Z,19.267707022222222,3.9233333333333333,18-24 h,data/orbit_uncertainty_stage1/raw/spacetrack_gp/spacetrack_gp_history_20260529_20260701_20sat_omm.json,1F5A8BA23D1C8AE605C4142F44E424711D1D85014DB46C28BBC18C3ABC326A96,2026-06-04T09:56:42Z,0.4197222222222222,data/orbit_uncertainty_stage1/june/sat000065686.csv,B6BC6FF15B3CA146A8A5647889EB05C3E5134E71663266D0DFF94290D3AA7A5B,37,False,SELECTED_FROZEN,2007.1147021309275,2103.692600645688,3120.876359939575,3268.814453125,-2129.4325103759766,2007.1147021309273,2007.1147021309273,-35.36258102015554,35.36258102015554,96.71798289411961,96.71798289411961,269956876.0386965,570616.4611215402,0.0021137319022751845,0.9978862680977248,FINITE_NONZERO,0.9764381389519895,0.34762839185737704,8.441486026872537,0.9923823090236279,True,20.727622676582588,27.138537085080785,34.76241275578039,02e64e88595073c10676e1914692e7b4d80b7ef7b36d5ae998ddc1c58485fa86,False,NOT_APPLICABLE_STAGE_A,COMPLETE
legit_segment_eb08e4dd6e707b012c99477d,legit_pass_09b88633f7f81d2ed75c2186,65686,STARLINK-35137,2026-06,CONFIRMATORY,controlled_example_station,52.21,5.16,14.0,11325000000.0,10.0,2026-06-13T02:02:21Z,2026-06-13T02:08:33Z,372.0,26.95566987499069,SETTING_75_PERCENT,0.75,2026-06-13T02:07:00Z,2026-06-13T02:06:30Z,2026-06-13T02:07:30Z,1.0,61,16.355047474864556,19.73476860875294,23.07410655032967,328918670,2026-06-11T23:14:09.376512Z,2026-06-12T12:00:27Z,26.880728746666666,14.109166666666667,24-36 h,data/orbit_uncertainty_stage1/raw/spacetrack_gp/spacetrack_gp_history_20260529_20260701_20sat_omm.json,1F5A8BA23D1C8AE605C4142F44E424711D1D85014DB46C28BBC18C3ABC326A96,2026-06-13T01:17:41.999971Z,0.8216666747222222,data/orbit_uncertainty_stage1/june/sat000065686.csv,B6BC6FF15B3CA146A8A5647889EB05C3E5134E71663266D0DFF94290D3AA7A5B,121,False,SELECTED_FROZEN,2984.100266722382,3037.819069336581,3899.2647285461426,3990.8602256774902,-1891.9441032409668,2984.100266722381,2984.100266722381,-32.25538521357658,32.25538521357658,31.036024822000034,31.036024822000034,562929026.5795231,58757.325041859935,0.00010437785629723517,0.9998956221437028,FINITE_NONZERO,0.9970223686826187,0.11043858800680795,5.129341118776627,0.9726856428890227,True,16.656479495636837,20.04164686599701,23.36077047655801,f99dc471ff12ddaf80292f7846941e4c2ae4766549b8d54e1f1e9f6d21883ae5,False,NOT_APPLICABLE_STAGE_A,COMPLETE
legit_segment_ec6d76ae293dc806279f7a30,legit_pass_0d86785ee31b91854fc289df,65410,STARLINK-35024,2026-06,CONFIRMATORY,controlled_example_station,52.21,5.16,14.0,11325000000.0,10.0,2026-06-01T23:24:49Z,2026-06-01T23:31:16Z,387.0,29.497737928099532,PEAK,0.49870801033591733,2026-06-01T23:28:02Z,2026-06-01T23:27:32Z,2026-06-01T23:28:32Z,1.0,61,28.32553861044559,29.089332764594097,29.497737928099532,326554735,2026-06-01T00:00:02.000160Z,2026-06-01T10:22:25Z,23.466666622222224,13.09361111111111,18-24 h,data/orbit_uncertainty_stage1/raw/spacetrack_gp/spacetrack_gp_history_20260529_20260701_20sat_omm.json,1F5A8BA23D1C8AE605C4142F44E424711D1D85014DB46C28BBC18C3ABC326A96,2026-06-02T00:29:42Z,1.0277777777777777,data/orbit_uncertainty_stage1/june/sat000065410.csv,480E0881CFF425F783D504E2B784746BB847F6C9A822B6001FD1AFCD7FF9CBC4,11,False,SELECTED_FROZEN,2927.485719712054,2928.52898735063,3015.3177547454834,3015.940418243408,47.04058647155762,2927.485719712054,2927.485719712054,0.824083774068373,0.824083774068373,76.80407068788564,76.80407068788564,523153203.8149273,359830.7817280139,0.0006878114844830598,0.999312188515517,FINITE_NONZERO,0.03445930588706936,-0.2769759925028613,2.3913592661859977,0.9990305594594682,True,28.239295983721522,29.10631017421116,29.517251703284632,45f627a00b9916bb450d123f78c39e93172306d32dd9f1383c9ebc7ec81ee3d8,False,NOT_APPLICABLE_STAGE_A,COMPLETE
legit_segment_ed98b11e91dd98c3d17a19ae,legit_pass_20babad8d66448dd46730760,48458,STARLINK-2698,2026-06,CONFIRMATORY,controlled_example_station,52.21,5.16,14.0,11325000000.0,10.0,2026-06-23T12:20:30Z,2026-06-23T12:27:35Z,425.0,47.09980869907898,RISING_25_PERCENT,0.24941176470588236,2026-06-23T12:22:16Z,2026-06-23T12:21:46Z,2026-06-23T12:22:46Z,1.0,61,19.70979012029141,25.394118228396156,31.935364271355848,330964544,2026-06-22T09:28:26.857056Z,2026-06-23T03:40:42Z,26.896984151111113,8.692777777777778,24-36 h,data/orbit_uncertainty_stage1/raw/spacetrack_gp/spacetrack_gp_history_20260529_20260701_20sat_omm.json,1F5A8BA23D1C8AE605C4142F44E424711D1D85014DB46C28BBC18C3ABC326A96,2026-06-23T10:40:42.000038Z,1.6927777672222222,data/orbit_uncertainty_stage1/june/sat000048458.csv,091BB60895838155D6E08F3AB53CB4B529B9EB7F826CA2A0FB9BFADE0198C1C6,233,False,SELECTED_FROZEN,2956.3546895199133,3076.371048161119,4438.077367782593,4626.553861618042,2867.804807662964,2956.354689519913,2956.354689519913,47.87448592324665,47.87448592324665,116.25915434434634,116.25915434434634,577307588.3838004,824487.6491006152,0.0014281600756518842,0.9985718399243482,FINITE_NONZERO,0.9813318925621576,0.41837653353972115,8.36964271102788,0.9948172588511335,True,19.127051297202975,24.665550903166498,31.052842171441522,a42a03c38a7df1aacd168b90ed17f8cb4fa8fd4f79e397dff90b1c834ae39c77,False,NOT_APPLICABLE_STAGE_A,COMPLETE
legit_segment_eda93957f94034573562db8b,legit_pass_66c06cfe8baba401eb57451b,65409,STARLINK-35022,2026-06,CONFIRMATORY,controlled_example_station,52.21,5.16,14.0,11325000000.0,10.0,2026-06-03T23:53:05Z,2026-06-04T00:00:25Z,440.0,71.0008460794132,PEAK,0.5,2026-06-03T23:56:45Z,2026-06-03T23:56:15Z,2026-06-03T23:57:15Z,1.0,61,59.60579877190622,66.62480187165616,71.0008460794132,326989609,2026-06-03T14:13:19.504704Z,2026-06-03T23:06:29Z,9.723748693333334,0.8377777777777777,9-12 h,data/orbit_uncertainty_stage1/raw/spacetrack_gp/spacetrack_gp_history_20260529_20260701_20sat_omm.json,1F5A8BA23D1C8AE605C4142F44E424711D1D85014DB46C28BBC18C3ABC326A96,2026-06-03T23:50:42.000029Z,0.10083332527777779,data/orbit_uncertainty_stage1/june/sat000065409.csv,C82A923C1B14CF8F30B1B5DDBB30C6CB9AE3A8DB51A9A3F182BEC8348A9F0DF5,33,False,SELECTED_FROZEN,1933.7838679767046,1939.3030562630477,2104.245761871338,2106.3233489990234,49.78367233276367,1933.783867976704,1933.783867976704,0.9077264629426545,0.9077264629426545,145.3301968328669,145.3301968328669,229414676.98590305,1288372.83280027,0.005615912851466941,0.9943840871485331,FINITE_NONZERO,0.011949211077604271,-0.5233218971248625,9.112764220566168,0.9960682260234349,True,59.6559223108592,66.63703737436427,71.01387757281704,0429062553d3600df2bd8427909d0d39c048dfa7cb67e2beab99d3f9c8087194,False,NOT_APPLICABLE_STAGE_A,COMPLETE
legit_segment_edd94343207a32dd2d4984f9,legit_pass_76fb3033fd4efc512fe1bd3d,65410,STARLINK-35024,2026-06,CONFIRMATORY,controlled_example_station,52.21,5.16,14.0,11325000000.0,10.0,2026-06-02T22:54:01Z,2026-06-02T23:00:15Z,374.0,26.269741713518826,RISING_25_PERCENT,0.25133689839572193,2026-06-02T22:55:35Z,2026-06-02T22:55:05Z,2026-06-02T22:56:05Z,1.0,61,16.312384005677963,19.564211376750205,22.738013394199722,326744111,2026-06-02T17:58:31.378656Z,2026-06-02T22:46:37Z,4.951005928888889,0.14944444444444444,0-6 h,data/orbit_uncertainty_stage1/raw/spacetrack_gp/spacetrack_gp_history_20260529_20260701_20sat_omm.json,1F5A8BA23D1C8AE605C4142F44E424711D1D85014DB46C28BBC18C3ABC326A96,2026-06-02T23:34:42.000038Z,0.6519444550000001,data/orbit_uncertainty_stage1/june/sat000065410.csv,480E0881CFF425F783D504E2B784746BB847F6C9A822B6001FD1AFCD7FF9CBC4,21,False,SELECTED_FROZEN,869.2448141379434,883.2817040274891,1120.0931224822998,1144.7921504974365,521.5627861022949,869.2448141379432,869.2448141379432,8.897689023918103,8.897689023918103,7.594213219791437,7.594213219791437,47591380.688852,3517.996540086957,7.392087577974024e-05,0.9999260791242203,FINITE_NONZERO,0.9976556088047019,0.026877797486211108,1.475643017664299,0.9622430381221517,True,16.235860447561205,19.489207849662023,22.67181461179017,94f6826e97c1874942204a312f5004d11861421707dd192bb235ef55f6672194,False,NOT_APPLICABLE_STAGE_A,COMPLETE
legit_segment_eddf8342d687c778af0e9505,legit_pass_3e044755f6f62b0f987dc82c,48672,STARLINK-2705,2026-06,CONFIRMATORY,controlled_example_station,52.21,5.16,14.0,11325000000.0,10.0,2026-06-21T12:59:53Z,2026-06-21T13:06:37Z,404.0,34.86261914635035,PEAK,0.5,2026-06-21T13:03:15Z,2026-06-21T13:02:45Z,2026-06-21T13:03:45Z,1.0,61,33.14279214233781,34.263059811064004,34.86261914635035,330889072,2026-06-20T11:30:26.051616Z,2026-06-20T16:06:57Z,25.546930106666668,20.938333333333333,24-36 h,data/orbit_uncertainty_stage1/raw/spacetrack_gp/spacetrack_gp_history_20260529_20260701_20sat_omm.json,1F5A8BA23D1C8AE605C4142F44E424711D1D85014DB46C28BBC18C3ABC326A96,2026-06-21T12:52:41.999981Z,0.17583333861111108,data/orbit_uncertainty_stage1/june/sat000048672.csv,9CCC0F6B332261080A38A7EF3636C88202FADE4135B08985F943785C7A1E9415,214,False,SELECTED_FROZEN,2832.81624972234,2834.393403109736,2939.6480388641357,2940.728561401367,46.769874572753906,2832.8162497223393,2832.8162497223393,0.83843627447555,0.83843627447555,93.3816712812349,93.3816712812349,490060943.7791114,531928.3284078732,0.0010854330163630281,0.998914566983637,FINITE_NONZERO,0.024381397816137462,-0.3367102222256044,3.3151137621161197,0.9987397010108323,True,33.00446162371031,34.251832372356084,34.854202348336756,8367473f77fbcec00804dd9efe60e7ab287ba0bb2baed7b2d3cadb892aeacae6,False,NOT_APPLICABLE_STAGE_A,COMPLETE
legit_segment_ee4e51c9ece6eb6c3257812f,legit_pass_4038eb4c687aaa84a83b4f94,48458,STARLINK-2698,2026-06,CONFIRMATORY,controlled_example_station,52.21,5.16,14.0,11325000000.0,10.0,2026-06-01T01:49:54Z,2026-06-01T01:56:25Z,391.0,30.498251746642026,SETTING_75_PERCENT,0.7493606138107417,2026-06-01T01:54:47Z,2026-06-01T01:54:17Z,2026-06-01T01:55:17Z,1.0,61,17.334709960678456,21.20644149152947,25.16308964373494,326329302,2026-05-31T06:35:49.627680Z,2026-05-31T16:16:51Z,19.315936755555555,9.632222222222222,18-24 h,data/orbit_uncertainty_stage1/raw/spacetrack_gp/spacetrack_gp_history_20260529_20260701_20sat_omm.json,1F5A8BA23D1C8AE605C4142F44E424711D1D85014DB46C28BBC18C3ABC326A96,2026-06-01T02:58:41.999981Z,1.0652777725,data/orbit_uncertainty_stage1/june/sat000048458.csv,091BB60895838155D6E08F3AB53CB4B529B9EB7F826CA2A0FB9BFADE0198C1C6,2,False,SELECTED_FROZEN,664.3978201131351,680.108360172735,903.1395835876465,928.569164276123,-484.733585357666,664.397820113135,664.397820113135,-8.231211193474056,8.231211193474056,10.933367055633264,10.933367055633264,28215390.276187647,7291.849425565613,0.0002584351786095818,0.9997415648213904,FINITE_NONZERO,0.9943408143700236,0.03928865238627566,0.9810138426050896,0.9919491374140934,True,17.403564067122545,21.27907756240029,25.23345069712543,d3755b34be77659055526782ed4eadebba1936d72b2d72b57831274a85c3b86a,False,NOT_APPLICABLE_STAGE_A,COMPLETE
legit_segment_eeea41069484cbd214137427,legit_pass_746e29a7adfe14901f629854,48309,STARLINK-2517,2026-06,CONFIRMATORY,controlled_example_station,52.21,5.16,14.0,11325000000.0,10.0,2026-06-19T07:39:52Z,2026-06-19T07:46:48Z,416.0,38.90072873924975,PEAK,0.5,2026-06-19T07:43:20Z,2026-06-19T07:42:50Z,2026-06-19T07:43:50Z,1.0,61,36.671747306537576,38.13129905366642,38.90072873924975,330620351,2026-06-19T04:17:28.274208Z,2026-06-19T06:47:17Z,3.431034942222222,0.9341666666666667,0-6 h,data/orbit_uncertainty_stage1/raw/spacetrack_gp/spacetrack_gp_history_20260529_20260701_20sat_omm.json,1F5A8BA23D1C8AE605C4142F44E424711D1D85014DB46C28BBC18C3ABC326A96,2026-06-19T08:16:42.000038Z,0.5561111216666667,data/orbit_uncertainty_stage1/june/sat000048309.csv,79D62147447BEB30EC557417B61811EF138EF8094DC33D3F68D9F90E474F7689,188,False,SELECTED_FROZEN,-921.8361084422127,922.9922967014082,967.6305294036865,968.0670738220215,98.46475982666016,-921.8361084422125,921.8361084422125,1.7397088541548342,1.7397088541548342,34.564823218376716,34.564823218376716,51966801.565978564,72878.3472511757,0.001402402015422235,0.9985975979845778,FINITE_NONZERO,0.439876042989511,0.12456167992547984,1.6878131916343702,0.9976155947257935,True,36.643059916191795,38.15160186365963,38.92211751595526,af72a75132b8f19c8657222db8825e0747ae6e8dae052fdeadfd80cd9f69aa34,False,NOT_APPLICABLE_STAGE_A,COMPLETE
legit_segment_ef26629126545bb4b40ecdf6,legit_pass_cda505bf941350b0d806409d,65686,STARLINK-35137,2026-06,CONFIRMATORY,controlled_example_station,52.21,5.16,14.0,11325000000.0,10.0,2026-06-02T09:44:16Z,2026-06-02T09:51:34Z,438.0,81.51923865312811,SETTING_75_PERCENT,0.7511415525114156,2026-06-02T09:49:45Z,2026-06-02T09:49:15Z,2026-06-02T09:50:15Z,1.0,61,20.98109293892016,28.086454426836582,37.01602326973602,326623630,2026-06-01T22:00:03.000096Z,2026-06-02T07:37:26Z,11.828333306666666,2.205277777777778,9-12 h,data/orbit_uncertainty_stage1/raw/spacetrack_gp/spacetrack_gp_history_20260529_20260701_20sat_omm.json,1F5A8BA23D1C8AE605C4142F44E424711D1D85014DB46C28BBC18C3ABC326A96,2026-06-02T09:34:41.999981Z,0.2508333386111111,data/orbit_uncertainty_stage1/june/sat000065686.csv,B6BC6FF15B3CA146A8A5647889EB05C3E5134E71663266D0DFF94290D3AA7A5B,16,False,SELECTED_FROZEN,52.732280387253056,56.1173653081018,87.46674728393555,92.45705795288086,-65.34354019165039,52.73228038725305,52.73228038725305,-1.0725723293834997,1.0725723293834997,3.4406045599195614,3.4406045599195614,192098.6800364998,722.1033440020959,0.003759022934800449,0.9962409770651995,FINITE_NONZERO,0.9678727958333984,0.012323000242693727,0.41528279176444716,0.9854313822077446,True,20.996375386239315,28.1087617288568,37.048092009772425,880108eb6c56136d12c647b96c0e04b217b7da697de329b6c7d1e8ebdecff4da,False,NOT_APPLICABLE_STAGE_A,COMPLETE
legit_segment_f16d594e988bb46f60b2a122,legit_pass_dc02e5cd629eb0e8a5127751,47383,STARLINK-2103,2026-06,CONFIRMATORY,controlled_example_station,52.21,5.16,14.0,11325000000.0,10.0,2026-06-05T14:06:26Z,2026-06-05T14:10:15Z,229.0,13.783266570919029,RISING_25_PERCENT,0.24890829694323144,2026-06-05T14:07:23Z,2026-06-05T14:06:53Z,2026-06-05T14:07:53Z,1.0,61,11.419550172639694,12.613964355789628,13.519817220870191,327259377,2026-06-04T17:17:09.580992Z,2026-06-05T11:08:39Z,20.837060835555555,2.9788888888888887,18-24 h,data/orbit_uncertainty_stage1/raw/spacetrack_gp/spacetrack_gp_history_20260529_20260701_20sat_omm.json,1F5A8BA23D1C8AE605C4142F44E424711D1D85014DB46C28BBC18C3ABC326A96,2026-06-05T15:23:41.999971Z,1.271944436388889,data/orbit_uncertainty_stage1/june/sat000047383.csv,6A97ABED011A96AE20108B2FFAB622CC78ED39D918CC694CBFCE03E18290B2FA,50,False,SELECTED_FROZEN,187.41628062138793,188.25197964600707,213.07664489746094,214.95757293701172,58.62457275390625,187.4162806213879,187.4162806213879,1.0050597640208505,1.0050597640208505,0.8947673536817959,0.8947673536817959,2161767.2782790805,48.83712565009817,2.2591296547413732e-05,0.9999774087034526,FINITE_NONZERO,0.9974498492077417,-0.0031240717688680864,0.22556246395777502,0.9364503153567021,False,11.409914202842325,12.606466451580358,13.51508924722592,8e2b3f9ac8e2c8afebdcfa7dfc332720518b14aff561262582e6c5db143df971,False,NOT_APPLICABLE_STAGE_A,COMPLETE
legit_segment_f1b69f6eccd2a12e0bc4321e,legit_pass_e7b9591751e39e1b9298200b,65405,STARLINK-34830,2026-06,CONFIRMATORY,controlled_example_station,52.21,5.16,14.0,11325000000.0,10.0,2026-06-01T01:53:19Z,2026-06-01T02:00:41Z,442.0,81.30581884010205,SETTING_75_PERCENT,0.751131221719457,2026-06-01T01:58:51Z,2026-06-01T01:58:21Z,2026-06-01T01:59:21Z,1.0,61,21.017023476969563,28.040604129475057,36.83772154153875,326369629,2026-05-31T13:03:34.478784Z,2026-05-31T16:46:17Z,12.921255893333333,9.209444444444445,12-18 h,data/orbit_uncertainty_stage1/raw/spacetrack_gp/spacetrack_gp_history_20260529_20260701_20sat_omm.json,1F5A8BA23D1C8AE605C4142F44E424711D1D85014DB46C28BBC18C3ABC326A96,2026-06-01T00:26:42.000029Z,1.5358333252777778,data/orbit_uncertainty_stage1/june/sat000065405.csv,10707AFA6592FB845A94CB76E13C89BAD9EFA77F9A31B0B3C5036D80E7E87A62,2,False,SELECTED_FROZEN,463.6264910776107,489.5527367990906,747.4036617279053,787.8774547576904,-534.7913208007812,463.62649107761064,463.62649107761064,-8.78830276188682,8.78830276188682,27.744127195133533,27.744127195133533,14619374.808556262,46953.93222300463,0.0032117606147920885,0.9967882393852079,FINITE_NONZERO,0.9688521602651164,0.09940382824151683,3.2693478762615484,0.9861139049100232,True,21.160396144401687,28.241680423784548,37.11829866998255,2ef505332129f0a89fa712aa494548abcc36021b5a327ce1cac36bf40bd62a3b,False,NOT_APPLICABLE_STAGE_A,COMPLETE
legit_segment_f20470807ddc8fb656ba6067,legit_pass_a32d3145f76436d54cef6479,48672,STARLINK-2705,2026-06,CONFIRMATORY,controlled_example_station,52.21,5.16,14.0,11325000000.0,10.0,2026-06-10T17:02:22Z,2026-06-10T17:09:09Z,407.0,35.72040428632227,RISING_25_PERCENT,0.25061425061425063,2026-06-10T17:04:04Z,2026-06-10T17:03:34Z,2026-06-10T17:04:34Z,1.0,61,18.292126918357333,22.81541560533364,27.661493427586375,328608266,2026-06-10T08:46:33.686688Z,2026-06-10T16:06:49Z,8.291753697777777,0.9541666666666667,6-9 h,data/orbit_uncertainty_stage1/raw/spacetrack_gp/spacetrack_gp_history_20260529_20260701_20sat_omm.json,1F5A8BA23D1C8AE605C4142F44E424711D1D85014DB46C28BBC18C3ABC326A96,2026-06-10T16:56:42.000029Z,0.12277776972222222,data/orbit_uncertainty_stage1/june/sat000048672.csv,9CCC0F6B332261080A38A7EF3636C88202FADE4135B08985F943785C7A1E9415,96,False,SELECTED_FROZEN,-12.882672763261638,13.91131795873693,21.944599151611328,23.061227798461914,-17.635143280029297,-12.882672763261635,12.882672763261635,-0.29572282535950395,0.29572282535950395,0.6718579446765607,0.6718579446765607,11805.010808293675,27.534978967325756,0.0023324823174224376,0.9976675176825776,FINITE_NONZERO,0.983622337792419,-0.0024202222649626903,0.037861866205072044,0.9968242294367414,False,18.29146930078696,22.815063996355523,27.661367862018846,33b43ab953a66c065be0415f6287523fe636b39ceaf45f6fbca09a6e838697c2,False,NOT_APPLICABLE_STAGE_A,COMPLETE
legit_segment_f22460f2931c204f08e04705,legit_pass_615ccfd2646906e7a0324d5f,44714,STARLINK-1008,2026-06,CONFIRMATORY,controlled_example_station,52.21,5.16,14.0,11325000000.0,10.0,2026-06-07T00:17:35Z,2026-06-07T00:19:15Z,100.0,10.711294559667401,PEAK,0.5,2026-06-07T00:18:25Z,2026-06-07T00:17:55Z,2026-06-07T00:18:55Z,1.0,61,10.448786933486067,10.62235360231858,10.711294559667401,327633473,2026-06-06T14:29:29.480352Z,2026-06-06T22:46:42Z,9.815422124444444,1.5286111111111111,9-12 h,data/orbit_uncertainty_stage1/raw/spacetrack_gp/spacetrack_gp_history_20260529_20260701_20sat_omm.json,1F5A8BA23D1C8AE605C4142F44E424711D1D85014DB46C28BBC18C3ABC326A96,2026-06-07T00:56:42Z,0.6380555555555556,data/orbit_uncertainty_stage1/june/sat000044714.csv,F91F0DA10678FA8B4BBDEBC15B9D96435ECFD92205FFA13417B9E47754646E40,63,False,SELECTED_FROZEN,285.2585982963687,285.3200859782048,290.5686092376709,290.60419273376465,17.258514404296875,285.2585982963687,285.2585982963687,0.2953403998404691,0.2953403998404691,2.8361092274399313,2.8361092274399313,4965860.639219221,490.6544485481653,9.880552117654889e-05,0.9999011944788234,FINITE_NONZERO,0.770732633400061,-0.0102280483995561,0.08576775820548302,0.9990854610397786,True,10.447647249900303,10.617514157005575,10.706407652595207,b93eda497648b0c86073cb21f77e5fc2acddf78fb3775b70af6c17714fbda35b,False,NOT_APPLICABLE_STAGE_A,COMPLETE
legit_segment_f23c2deceb2ebf67abda7795,legit_pass_3377ddcba7d35d1d49a8bff4,47767,STARLINK-2185,2026-06,CONFIRMATORY,controlled_example_station,52.21,5.16,14.0,11325000000.0,10.0,2026-06-07T00:17:59Z,2026-06-07T00:24:11Z,372.0,38.97717151224011,PEAK,0.5,2026-06-07T00:21:05Z,2026-06-07T00:20:35Z,2026-06-07T00:21:35Z,1.0,61,36.14079571765086,37.967728002458074,38.97717151224011,327630762,2026-06-06T16:08:59.222688Z,2026-06-06T22:36:27Z,8.201604808888888,1.7438888888888888,6-9 h,data/orbit_uncertainty_stage1/raw/spacetrack_gp/spacetrack_gp_history_20260529_20260701_20sat_omm.json,1F5A8BA23D1C8AE605C4142F44E424711D1D85014DB46C28BBC18C3ABC326A96,2026-06-07T00:23:41.999971Z,0.04361110305555555,data/orbit_uncertainty_stage1/june/sat000047767.csv,6E26A6FFCB0389E48C81BEEAD935A847B2444F9441CBE4C1AD8107642DE7DD5F,62,False,SELECTED_FROZEN,1203.771288324575,1205.2934986239281,1273.5270175933838,1274.0626983642578,-15.071300506591797,1203.771288324575,1203.771288324575,-0.259629061964694,0.259629061964694,60.3838304768684,60.3838304768684,88616677.48733167,222418.62596661004,0.0025098957924529074,0.9974901042075471,FINITE_NONZERO,0.005698298119713452,-0.21763743575189512,2.7643244843092214,0.9979042632823493,True,36.049598395579245,37.94593142005726,38.95468187098131,65262d01e8d810e117a0add8c9174f151ce633a0ce4f4332035402952c320b49,False,NOT_APPLICABLE_STAGE_A,COMPLETE
legit_segment_f242b05708ce3b4755a2d332,legit_pass_2e8b6dcbc010ec88d9fba15a,48672,STARLINK-2705,2026-06,CONFIRMATORY,controlled_example_station,52.21,5.16,14.0,11325000000.0,10.0,2026-06-09T17:33:20Z,2026-06-09T17:39:56Z,396.0,31.913423526940424,PEAK,0.5025252525252525,2026-06-09T17:36:39Z,2026-06-09T17:36:09Z,2026-06-09T17:37:09Z,1.0,61,30.49421728945098,31.4260757807559,31.913423526940424,328348482,2026-06-09T09:17:08.786400Z,2026-06-09T16:06:37Z,8.325059333333334,1.5005555555555556,6-9 h,data/orbit_uncertainty_stage1/raw/spacetrack_gp/spacetrack_gp_history_20260529_20260701_20sat_omm.json,1F5A8BA23D1C8AE605C4142F44E424711D1D85014DB46C28BBC18C3ABC326A96,2026-06-09T17:07:42.000038Z,0.48249998944444444,data/orbit_uncertainty_stage1/june/sat000048672.csv,9CCC0F6B332261080A38A7EF3636C88202FADE4135B08985F943785C7A1E9415,87,False,SELECTED_FROZEN,1941.6544731327745,1942.4835812459112,2006.0912837982178,2006.6582717895508,7.709753036499023,1941.654473132774,1941.654473132774,0.140050069444837,0.140050069444837,56.69470898261923,56.69470898261923,230167790.26800638,196071.69162405707,0.0008518641613396559,0.9991481358386604,FINITE_NONZERO,0.0018880892878454514,-0.20444715832567306,1.8444666032273653,0.9989415836709687,True,30.457078609507846,31.401224284860167,31.888139145344724,78c8f4e73ebed8aeb006b8d71e462f628de9d839f999496bfe0dcc3000df9bcc,False,NOT_APPLICABLE_STAGE_A,COMPLETE
legit_segment_f25fecef00a4e913752f46b2,legit_pass_4038eb4c687aaa84a83b4f94,48458,STARLINK-2698,2026-06,CONFIRMATORY,controlled_example_station,52.21,5.16,14.0,11325000000.0,10.0,2026-06-01T01:49:54Z,2026-06-01T01:56:25Z,391.0,30.498251746642026,RISING_25_PERCENT,0.2506393861892583,2026-06-01T01:51:32Z,2026-06-01T01:51:02Z,2026-06-01T01:52:02Z,1.0,61,17.317814712383033,21.169457687023677,25.110642119975658,326329302,2026-05-31T06:35:49.627680Z,2026-05-31T16:16:51Z,19.261770088888888,9.578055555555556,18-24 h,data/orbit_uncertainty_stage1/raw/spacetrack_gp/spacetrack_gp_history_20260529_20260701_20sat_omm.json,1F5A8BA23D1C8AE605C4142F44E424711D1D85014DB46C28BBC18C3ABC326A96,2026-06-01T02:58:41.999981Z,1.1194444391666667,data/orbit_uncertainty_stage1/june/sat000048458.csv,091BB60895838155D6E08F3AB53CB4B529B9EB7F826CA2A0FB9BFADE0198C1C6,2,False,SELECTED_FROZEN,695.618326531082,710.034640757054,928.9178562164307,953.6165256500244,474.74036407470703,695.6183265310817,695.6183265310817,8.063687632564266,8.063687632564266,10.353106590259289,10.353106590259289,30753100.65557493,6538.395780225491,0.00021260931876279632,0.9997873906812372,FINITE_NONZERO,0.9947105682588805,0.037186903634450985,0.9786883556766943,0.9910639112844051,True,17.22780385510895,21.0731510558179,25.013859646425367,b4265797ff635e5eb17f4419ec72ec62c00df1aea214d9637d4a04375b953d5b,False,NOT_APPLICABLE_STAGE_A,COMPLETE
legit_segment_f33895a6cda54025039d7792,legit_pass_a6531ee4ce3ea41c8deb63c9,65411,STARLINK-34983,2026-06,CONFIRMATORY,controlled_example_station,52.21,5.16,14.0,11325000000.0,10.0,2026-06-23T14:58:20Z,2026-06-23T15:04:16Z,356.0,23.368694293254148,PEAK,0.5,2026-06-23T15:01:18Z,2026-06-23T15:00:48Z,2026-06-23T15:01:48Z,1.0,61,22.629335970335898,23.118032852361917,23.368694293254148,330975889,2026-06-22T12:07:29.976384Z,2026-06-23T03:40:42Z,26.896673226666667,11.343333333333334,24-36 h,data/orbit_uncertainty_stage1/raw/spacetrack_gp/spacetrack_gp_history_20260529_20260701_20sat_omm.json,1F5A8BA23D1C8AE605C4142F44E424711D1D85014DB46C28BBC18C3ABC326A96,2026-06-23T13:52:42.000010Z,1.1433333305555555,data/orbit_uncertainty_stage1/june/sat000065411.csv,26E105CAB95698D658010132E70DA6D62EE0D10BD67ED831612077EEE7C12C95,236,False,SELECTED_FROZEN,310.66533104318086,310.81403966232983,319.5676078796387,319.6203842163086,24.700239181518555,310.66533104318086,310.66533104318086,0.4258469059629958,0.4258469059629958,6.016826985922426,6.016826985922426,5892927.402324197,2208.3346256899854,0.00037474322606095714,0.9996252567739391,FINITE_NONZERO,0.6082832083440717,-0.021696366654369414,0.20369378928317858,0.9988539052379555,True,22.639575631179884,23.120766850414327,23.37136855239557,d4a5c92ecfaeb293de45dad675b7fcd156edd09c76879baf91beec4080dcf9b9,False,NOT_APPLICABLE_STAGE_A,COMPLETE
legit_segment_f33af72df40f1f8ed7797bef,legit_pass_7c21a3de23e1bc1f4502547c,65407,STARLINK-35035,2026-06,CONFIRMATORY,controlled_example_station,52.21,5.16,14.0,11325000000.0,10.0,2026-06-05T22:33:47Z,2026-06-05T22:40:55Z,428.0,47.215409122448825,SETTING_75_PERCENT,0.75,2026-06-05T22:39:08Z,2026-06-05T22:38:38Z,2026-06-05T22:39:38Z,1.0,61,19.787752412555804,25.427106573919225,31.9110186325642,327358352,2026-06-05T17:36:53.745696Z,2026-06-05T20:26:19Z,5.0372928622222215,2.213611111111111,0-6 h,data/orbit_uncertainty_stage1/raw/spacetrack_gp/spacetrack_gp_history_20260529_20260701_20sat_omm.json,1F5A8BA23D1C8AE605C4142F44E424711D1D85014DB46C28BBC18C3ABC326A96,2026-06-05T21:16:41.999981Z,1.3738888941666667,data/orbit_uncertainty_stage1/june/sat000065407.csv,1D5D20428BDA125132468A3B81A5A0011425555B1C761A0A7A4BD8F31D76DA01,51,False,SELECTED_FROZEN,776.8776356118624,806.1081932176133,1150.1972732543945,1197.185052871704,-724.4628658294678,776.8776356118622,776.8776356118622,-12.108868299874603,12.108868299874603,28.599022580115776,28.599022580115776,39638435.56952647,49892.14964481629,0.0012586810989879918,0.998741318901012,FINITE_NONZERO,0.9823238265625261,0.10294536716353164,1.9509584858319657,0.9953463504484629,True,19.949207068015905,25.628556830557287,32.15470580908534,27a938bb48ff811a7e587d46ab75cc98dce94804c2624f8e6b3ac58a027419e1,False,NOT_APPLICABLE_STAGE_A,COMPLETE
legit_segment_f38d93a06766ea41e785db07,legit_pass_cc79f6121be0feb737d4e52e,48111,STARLINK-2448,2026-06,CONFIRMATORY,controlled_example_station,52.21,5.16,14.0,11325000000.0,10.0,2026-06-21T10:29:16Z,2026-06-21T10:34:58Z,342.0,23.930456547111596,PEAK,0.5,2026-06-21T10:32:07Z,2026-06-21T10:31:37Z,2026-06-21T10:32:37Z,1.0,61,23.066739987377645,23.635795057927044,23.930456547111596,330888880,2026-06-20T07:48:59.080320Z,2026-06-20T16:06:57Z,26.718866577777778,18.419444444444444,24-36 h,data/orbit_uncertainty_stage1/raw/spacetrack_gp/spacetrack_gp_history_20260529_20260701_20sat_omm.json,1F5A8BA23D1C8AE605C4142F44E424711D1D85014DB46C28BBC18C3ABC326A96,2026-06-21T10:29:42.000029Z,0.04027776972222222,data/orbit_uncertainty_stage1/june/sat000048111.csv,63E98DFF9634CD904EDA2CF3528E739282097399B04E926A453B20B62792D5D5,213,False,SELECTED_FROZEN,-727.8230147439925,728.1406296741801,749.1025104522705,749.2412662506104,45.46992111206055,-727.8230147439922,727.8230147439922,0.7896192794751382,0.7896192794751382,16.40582894146581,16.40582894146581,32341515.371521004,16418.224618654865,0.000507651680202724,0.9994923483197973,FINITE_NONZERO,0.41797060622598403,0.05915802840646345,0.5598165765697026,0.9988356188925681,True,23.05076194465467,23.63967166707507,23.934670983900762,a7ddaeb07d9b907c4048d737716ad22e79421841b87614a8befcee5202fc15aa,False,NOT_APPLICABLE_STAGE_A,COMPLETE
legit_segment_f399297ced3c5c01ba18e5a1,legit_pass_ae5363473d74b915173f7aaa,48309,STARLINK-2517,2026-06,CONFIRMATORY,controlled_example_station,52.21,5.16,14.0,11325000000.0,10.0,2026-06-16T12:23:53Z,2026-06-16T12:31:18Z,445.0,86.60937313631744,SETTING_75_PERCENT,0.750561797752809,2026-06-16T12:29:27Z,2026-06-16T12:28:57Z,2026-06-16T12:29:57Z,1.0,61,21.32728485004717,28.47251604811781,37.442548531111505,329893571,2026-06-16T05:45:05.277888Z,2026-06-16T11:02:42Z,6.7393672533333335,1.4458333333333333,6-9 h,data/orbit_uncertainty_stage1/raw/spacetrack_gp/spacetrack_gp_history_20260529_20260701_20sat_omm.json,1F5A8BA23D1C8AE605C4142F44E424711D1D85014DB46C28BBC18C3ABC326A96,2026-06-16T12:10:42.000038Z,0.31249998944444446,data/orbit_uncertainty_stage1/june/sat000048309.csv,79D62147447BEB30EC557417B61811EF138EF8094DC33D3F68D9F90E474F7689,157,False,SELECTED_FROZEN,56.77580126778024,59.82167753530131,90.67737007141113,95.4669075012207,-64.07835578918457,56.77580126778024,56.77580126778024,-1.0543268564830444,1.0543268564830444,3.247138162391378,3.247138162391378,218296.619291392,643.1782809851658,0.0029463501682846626,0.9970536498317153,FINITE_NONZERO,0.9703106890141586,0.011637414689416481,0.3748186360120566,0.9866758100244123,True,21.342589474032888,28.494498558655238,37.473681832576304,60df8d92e83181893a435ce91959844584e0d2ef3a24bba4eb89b11e927b6b1d,False,NOT_APPLICABLE_STAGE_A,COMPLETE
legit_segment_f3d542f029ff67edb6739f84,legit_pass_fa16816d61d9b87e22f1b15f,48111,STARLINK-2448,2026-06,CONFIRMATORY,controlled_example_station,52.21,5.16,14.0,11325000000.0,10.0,2026-06-01T22:08:46Z,2026-06-01T22:15:50Z,424.0,85.42662149123208,PEAK,0.5,2026-06-01T22:12:18Z,2026-06-01T22:11:48Z,2026-06-01T22:12:48Z,1.0,61,63.34748128912953,75.1650317849855,85.42662149123208,326577200,2026-06-01T03:04:33.620160Z,2026-06-01T18:19:01Z,19.1289944,3.8880555555555554,18-24 h,data/orbit_uncertainty_stage1/raw/spacetrack_gp/spacetrack_gp_history_20260529_20260701_20sat_omm.json,1F5A8BA23D1C8AE605C4142F44E424711D1D85014DB46C28BBC18C3ABC326A96,2026-06-01T22:00:42.000019Z,0.19333332805555556,data/orbit_uncertainty_stage1/june/sat000048111.csv,63E98DFF9634CD904EDA2CF3528E739282097399B04E926A453B20B62792D5D5,10,False,SELECTED_FROZEN,-1029.264018668503,1033.9123128325134,1142.263807296753,1143.4653587341309,-89.13350677490234,-1029.264018668503,1029.264018668503,-1.6497954833072557,1.6497954833072557,93.52264275912451,93.52264275912451,65207454.9082273,533535.5672277003,0.008182125310343671,0.9918178746896563,FINITE_NONZERO,0.08798162178330693,0.33644189876800734,7.156340977609707,0.9941447086579637,True,63.13187592015491,75.15707168674463,85.41098364684605,b8e5077030b32c0867e2536e7159b484495cfec8c7f3488f0334cb27cb6d09f2,False,NOT_APPLICABLE_STAGE_A,COMPLETE
legit_segment_f44a0141e02ac4548380cacf,legit_pass_c7a8053b7c4e4a8ee5c6dd74,45230,STARLINK-1227,2026-06,CONFIRMATORY,controlled_example_station,52.21,5.16,14.0,11325000000.0,10.0,2026-06-06T10:56:29Z,2026-06-06T11:03:07Z,398.0,44.47140462841955,PEAK,0.5025125628140703,2026-06-06T10:59:49Z,2026-06-06T10:59:19Z,2026-06-06T11:00:19Z,1.0,61,40.9063556183299,43.2085337621737,44.47140462841955,327471152,2026-06-06T02:45:20.081664Z,2026-06-06T10:37:48Z,8.241366204444445,0.36694444444444446,6-9 h,data/orbit_uncertainty_stage1/raw/spacetrack_gp/spacetrack_gp_history_20260529_20260701_20sat_omm.json,1F5A8BA23D1C8AE605C4142F44E424711D1D85014DB46C28BBC18C3ABC326A96,2026-06-06T10:51:41.999962Z,0.13527778833333334,data/orbit_uncertainty_stage1/june/sat000045230.csv,A086445B48BCEA5D6D786487B3F9BAAB43C341130589A86BCBB60E49241950E8,55,False,SELECTED_FROZEN,1987.2560634613037,1990.193433446431,2109.859085083008,2111.3112030029297,78.75135231018066,1987.2560634613035,1987.2560634613035,1.4206940881415437,1.4206940881415437,105.15486458092222,105.15486458092222,241613064.05453092,674510.2782469575,0.0027916962225797677,0.9972083037774202,FINITE_NONZERO,0.05355493710051806,-0.3789429823925299,5.162458818504035,0.9975897923328271,True,40.85963031085812,43.20025156447611,44.46162496708988,867d4d41765e8a2affb685784bb6bfce8d25c478d4ca901dbde0477dcec7d820,False,NOT_APPLICABLE_STAGE_A,COMPLETE
legit_segment_f49a0813d2d07a94af9e21ba,legit_pass_86600b51c7fb2337d9c96587,60265,STARLINK-32120,2026-06,CONFIRMATORY,controlled_example_station,52.21,5.16,14.0,11325000000.0,10.0,2026-06-05T11:37:50Z,2026-06-05T11:45:17Z,447.0,80.36963726329927,PEAK,0.4988814317673378,2026-06-05T11:41:33Z,2026-06-05T11:41:03Z,2026-06-05T11:42:03Z,1.0,61,63.752737209304776,73.37915406221177,80.36963726329927,327266690,2026-06-05T06:38:59.086464Z,2026-06-05T11:08:39Z,5.04275376,0.5483333333333333,0-6 h,data/orbit_uncertainty_stage1/raw/spacetrack_gp/spacetrack_gp_history_20260529_20260701_20sat_omm.json,1F5A8BA23D1C8AE605C4142F44E424711D1D85014DB46C28BBC18C3ABC326A96,2026-06-05T12:15:42.000019Z,0.5691666719444445,data/orbit_uncertainty_stage1/june/sat000060265.csv,310CEC01430FB37300D0520AC911958B04898B003A2B2906A630DA9E075D20EF,49,False,SELECTED_FROZEN,6037.469263952286,6055.900095384761,6590.7824993133545,6596.8596839904785,108.33247184753418,6037.4692639522855,6037.4692639522855,2.21235815196488,2.21235815196488,470.5035050335976,470.5035050335976,2237109483.8821507,13503786.443182938,0.0060362653417164215,0.9939637346582836,FINITE_NONZERO,0.006807385091465501,-1.6939456535941133,30.789510163940935,0.995717672939544,True,62.603006313850045,73.33513801869209,80.37035194209184,a9f679b69158b3da25000fa5aa1958c14bc523ce391454fcf05a58acb14944bb,False,NOT_APPLICABLE_STAGE_A,COMPLETE
legit_segment_f4d25c53686b8889d6a532a5,legit_pass_dabb898a8d588b14d1c86f0e,65409,STARLINK-35022,2026-06,CONFIRMATORY,controlled_example_station,52.21,5.16,14.0,11325000000.0,10.0,2026-06-01T06:20:33Z,2026-06-01T06:24:12Z,219.0,13.340204726042698,SETTING_75_PERCENT,0.7488584474885844,2026-06-01T06:23:17Z,2026-06-01T06:22:47Z,2026-06-01T06:23:47Z,1.0,61,11.250751767736928,12.345202699584313,13.150106970020218,326441202,2026-05-31T20:00:01.999008Z,2026-06-01T00:06:54Z,10.387500275555556,6.273055555555556,9-12 h,data/orbit_uncertainty_stage1/raw/spacetrack_gp/spacetrack_gp_history_20260529_20260701_20sat_omm.json,1F5A8BA23D1C8AE605C4142F44E424711D1D85014DB46C28BBC18C3ABC326A96,2026-06-01T07:05:42Z,0.7069444444444445,data/orbit_uncertainty_stage1/june/sat000065409.csv,C82A923C1B14CF8F30B1B5DDBB30C6CB9AE3A8DB51A9A3F182BEC8348A9F0DF5,5,False,SELECTED_FROZEN,117.70896054877609,118.0085907264307,129.35755348205566,130.0802345275879,-27.69892692565918,117.70896054877608,117.70896054877608,-0.47548939711451266,0.47548939711451266,0.7349422199879645,0.7349422199879645,849487.6765995318,32.94854406997109,3.87863708651583e-05,0.9999612136291348,FINITE_NONZERO,0.9923523338487071,-0.0026189884496884974,0.11505513696666334,0.9754921262872,False,11.25312420897602,12.34625840661149,13.149570861782514,237cdfef6ea3d9e9618682517007916c79451aa05afe841c807058c303cdef3c,False,NOT_APPLICABLE_STAGE_A,COMPLETE
legit_segment_f56e1cf1db19d4024d77d9f1,legit_pass_5d2b848a2d538aa5c8be9f50,65410,STARLINK-35024,2026-06,CONFIRMATORY,controlled_example_station,52.21,5.16,14.0,11325000000.0,10.0,2026-06-02T01:01:53Z,2026-06-02T01:09:15Z,442.0,85.9881941889636,RISING_25_PERCENT,0.251131221719457,2026-06-02T01:03:44Z,2026-06-02T01:03:14Z,2026-06-02T01:04:14Z,1.0,61,21.22670052905012,28.39607229835825,37.41373917059125,326554735,2026-06-01T00:00:02.000160Z,2026-06-01T10:22:25Z,25.061666622222223,14.688611111111111,24-36 h,data/orbit_uncertainty_stage1/raw/spacetrack_gp/spacetrack_gp_history_20260529_20260701_20sat_omm.json,1F5A8BA23D1C8AE605C4142F44E424711D1D85014DB46C28BBC18C3ABC326A96,2026-06-02T00:29:42Z,0.5672222222222222,data/orbit_uncertainty_stage1/june/sat000065410.csv,480E0881CFF425F783D504E2B784746BB847F6C9A822B6001FD1AFCD7FF9CBC4,11,False,SELECTED_FROZEN,1011.9407208239446,1077.8632232850648,1685.9549160003662,1783.7554473876953,1264.1890239715576,1011.9407208239443,1011.9407208239443,20.722721415559565,20.722721415559565,68.12810697538265,68.12810697538265,70869136.81473865,283127.77656300005,0.003995078665952059,0.9960049213340479,FINITE_NONZERO,0.9663090378496719,0.24393410400271875,8.394786111553211,0.9848166841220336,True,20.900082831617574,27.928568976575555,36.7483552248887,a639fc19a9e817aabc816437c06ed0545279004aaa4a3f9b84c5e4089125ae8e,False,NOT_APPLICABLE_STAGE_A,COMPLETE
legit_segment_f5bb47a6d2f772676db83477,legit_pass_b08cf818976f97a8a1919b36,65421,STARLINK-35146,2026-06,CONFIRMATORY,controlled_example_station,52.21,5.16,14.0,11325000000.0,10.0,2026-06-08T01:26:02Z,2026-06-08T01:33:23Z,441.0,76.85408662189558,PEAK,0.5011337868480725,2026-06-08T01:29:43Z,2026-06-08T01:29:13Z,2026-06-08T01:30:13Z,1.0,61,62.38060780647203,70.94169067757026,76.85408662189558,327936140,2026-06-07T14:05:05.186112Z,2026-06-08T00:36:35Z,11.410503857777776,0.8855555555555555,9-12 h,data/orbit_uncertainty_stage1/raw/spacetrack_gp/spacetrack_gp_history_20260529_20260701_20sat_omm.json,1F5A8BA23D1C8AE605C4142F44E424711D1D85014DB46C28BBC18C3ABC326A96,2026-06-08T00:52:41.999981Z,0.6169444497222223,data/orbit_uncertainty_stage1/june/sat000065421.csv,47F2014ECBC8E7384C87E8BF3D80DB676A195CA775414C519EDF2550466E6CB3,72,False,SELECTED_FROZEN,1062.428120222248,1065.7274356627606,1160.9587230682373,1161.81174659729,13.021835327148438,1062.4281202222478,1062.4281202222478,0.24873824500331412,0.24873824500331412,83.67960661858213,83.67960661858213,69282272.99458374,427138.87039427983,0.006165197126654204,0.9938348028733458,FINITE_NONZERO,0.0027316158041434946,-0.3012758537753695,5.45219204458585,0.9957547523551769,True,62.19085386821615,70.94002298796187,76.84984254394897,a7d4226c172538813d65fb9a159a44e6d00f7074c7c10d4f361e8b77d4fe0d34,False,NOT_APPLICABLE_STAGE_A,COMPLETE
legit_segment_f5cbe1f42a7db65ff881222e,legit_pass_5eccca0afb50046c68cc7833,48111,STARLINK-2448,2026-06,CONFIRMATORY,controlled_example_station,52.21,5.16,14.0,11325000000.0,10.0,2026-06-01T18:54:17Z,2026-06-01T19:01:08Z,411.0,50.975962136064354,RISING_25_PERCENT,0.25060827250608275,2026-06-01T18:56:00Z,2026-06-01T18:55:30Z,2026-06-01T18:56:30Z,1.0,61,19.691348532768227,25.897472604687724,33.25101188020083,326577200,2026-06-01T03:04:33.620160Z,2026-06-01T18:19:01Z,15.857327733333333,0.6163888888888889,12-18 h,data/orbit_uncertainty_stage1/raw/spacetrack_gp/spacetrack_gp_history_20260529_20260701_20sat_omm.json,1F5A8BA23D1C8AE605C4142F44E424711D1D85014DB46C28BBC18C3ABC326A96,2026-06-01T19:20:42.000029Z,0.41166667472222224,data/orbit_uncertainty_stage1/june/sat000048111.csv,63E98DFF9634CD904EDA2CF3528E739282097399B04E926A453B20B62792D5D5,9,False,SELECTED_FROZEN,-286.25994244559865,300.5029832366281,447.90882873535156,469.3544616699219,-308.8279209136963,-286.2599424455986,286.2599424455986,-5.1301343520440374,5.1301343520440374,14.09333031787881,14.09333031787881,5508424.618980905,12115.939526379363,0.002199528969613256,0.9978004710303867,FINITE_NONZERO,0.9762336833824872,-0.05066145964679336,1.20919338478376,0.9926385348031903,True,19.749701570095063,25.97309049400801,33.34597498369559,d9499847a1d7e11013346edf3259ca52accd020553cb3e68e0e70ddbbacf480a,False,NOT_APPLICABLE_STAGE_A,COMPLETE
legit_segment_f5cc51201af4294622d05984,legit_pass_18a14dc09c462de9ff3aca63,60265,STARLINK-32120,2026-06,CONFIRMATORY,controlled_example_station,52.21,5.16,14.0,11325000000.0,10.0,2026-06-04T12:06:23Z,2026-06-04T12:13:50Z,447.0,84.13855318718342,RISING_25_PERCENT,0.2505592841163311,2026-06-04T12:08:15Z,2026-06-04T12:07:45Z,2026-06-04T12:08:45Z,1.0,61,21.363771929156194,28.482548414266976,37.401834083003315,327051091,2026-06-04T02:24:59.435424Z,2026-06-04T06:26:29Z,9.72099016,5.696111111111111,9-12 h,data/orbit_uncertainty_stage1/raw/spacetrack_gp/spacetrack_gp_history_20260529_20260701_20sat_omm.json,1F5A8BA23D1C8AE605C4142F44E424711D1D85014DB46C28BBC18C3ABC326A96,2026-06-04T12:31:42.000010Z,0.3908333361111111,data/orbit_uncertainty_stage1/june/sat000060265.csv,310CEC01430FB37300D0520AC911958B04898B003A2B2906A630DA9E075D20EF,38,False,SELECTED_FROZEN,4732.058231103616,5012.110572259498,7717.513511657715,8145.432582855225,5622.85556602478,4732.058231103614,4732.058231103614,92.33054748486745,92.33054748486745,293.51147567818805,293.51147567818805,1532396395.7018814,5255088.167642042,0.0034293268911240564,0.9965706731088759,FINITE_NONZERO,0.968430611813598,1.0513389063211065,35.22803178329168,0.9855945580344528,True,19.793286717822525,26.27837596192122,34.31815253095473,f832d2df2960679e3d4eef6bff5e5b3deb6fef03a1dddf593a1e5471e047661c,False,NOT_APPLICABLE_STAGE_A,COMPLETE
legit_segment_f5f8a4df3a18d3d70319e038,legit_pass_202880fd00351c4afaee58f3,48458,STARLINK-2698,2026-06,CONFIRMATORY,controlled_example_station,52.21,5.16,14.0,11325000000.0,10.0,2026-06-01T18:50:42Z,2026-06-01T18:53:11Z,149.0,11.428843519999424,SETTING_75_PERCENT,0.7516778523489933,2026-06-01T18:52:34Z,2026-06-01T18:52:04Z,2026-06-01T18:53:04Z,1.0,61,10.267745009303992,10.981090537511596,11.413496407677574,326577316,2026-06-01T09:13:09.424704Z,2026-06-01T18:19:01Z,9.656826471111112,0.5591666666666667,9-12 h,data/orbit_uncertainty_stage1/raw/spacetrack_gp/spacetrack_gp_history_20260529_20260701_20sat_omm.json,1F5A8BA23D1C8AE605C4142F44E424711D1D85014DB46C28BBC18C3ABC326A96,2026-06-01T18:15:42.000019Z,0.6144444391666667,data/orbit_uncertainty_stage1/june/sat000048458.csv,091BB60895838155D6E08F3AB53CB4B529B9EB7F826CA2A0FB9BFADE0198C1C6,8,False,SELECTED_FROZEN,-296.79342219868647,297.27276104097575,319.2273979187012,320.4034080505371,55.504133224487305,-296.7934221986864,296.7934221986864,0.9513224266370985,0.9513224266370985,2.0504987433011905,2.0504987433011905,5390636.7618724285,256.4772508730655,4.757828475609968e-05,0.9999524217152439,FINITE_NONZERO,0.9852347242836835,0.007357819831487311,0.21403188499321707,0.9891047314882453,True,10.266147745519978,10.982845507863477,11.419015319760183,0df8641a3b0dc854104d9e1d45ad777af974ad4f56ffdbb356ad4839995293bd,False,NOT_APPLICABLE_STAGE_A,COMPLETE
legit_segment_f632a032e5f9ad21c9d4fb48,legit_pass_a4579b77ae7e2dda6755e04c,65405,STARLINK-34830,2026-06,CONFIRMATORY,controlled_example_station,52.21,5.16,14.0,11325000000.0,10.0,2026-06-01T00:15:49Z,2026-06-01T00:22:48Z,419.0,42.68874520727525,SETTING_75_PERCENT,0.7494033412887828,2026-06-01T00:21:03Z,2026-06-01T00:20:33Z,2026-06-01T00:21:33Z,1.0,61,19.236256976844658,24.502222721332476,30.420380530412338,326369629,2026-05-31T13:03:34.478784Z,2026-05-31T16:46:17Z,11.291255893333334,7.579444444444444,9-12 h,data/orbit_uncertainty_stage1/raw/spacetrack_gp/spacetrack_gp_history_20260529_20260701_20sat_omm.json,1F5A8BA23D1C8AE605C4142F44E424711D1D85014DB46C28BBC18C3ABC326A96,2026-06-01T00:26:42.000029Z,0.09416667472222222,data/orbit_uncertainty_stage1/june/sat000065405.csv,10707AFA6592FB845A94CB76E13C89BAD9EFA77F9A31B0B3C5036D80E7E87A62,2,False,SELECTED_FROZEN,476.72770675283965,492.81405133439085,691.060188293457,717.119291305542,-419.60909843444824,476.72770675283954,476.72770675283954,-7.0409468036048475,7.0409468036048475,15.10476482849925,15.10476482849925,14814807.040749554,13917.38915198035,0.0009394242607209956,0.999060575739279,FINITE_NONZERO,0.9853713567209392,0.054410677891241654,0.8558922965817373,0.9967892218478445,True,19.325165470291495,24.609875091101113,30.545876464415436,fd5bad4a7bde4f00261e59cae89aac69de4e50953e16a95148342e24fe3840d0,False,NOT_APPLICABLE_STAGE_A,COMPLETE
legit_segment_f674a6f258e4bfc484ae3074,legit_pass_f464f5ad4ec38edd583a0ece,47767,STARLINK-2185,2026-06,CONFIRMATORY,controlled_example_station,52.21,5.16,14.0,11325000000.0,10.0,2026-06-14T15:55:40Z,2026-06-14T16:00:48Z,308.0,21.57960477699093,PEAK,0.5,2026-06-14T15:58:14Z,2026-06-14T15:57:44Z,2026-06-14T15:58:44Z,1.0,61,20.789740048383763,21.305153431486872,21.57960477699093,329360502,2026-06-14T12:36:33.980256Z,2026-06-14T15:06:49Z,3.3611165955555555,0.8569444444444444,0-6 h,data/orbit_uncertainty_stage1/raw/spacetrack_gp/spacetrack_gp_history_20260529_20260701_20sat_omm.json,1F5A8BA23D1C8AE605C4142F44E424711D1D85014DB46C28BBC18C3ABC326A96,2026-06-14T16:23:42Z,0.42444444444444446,data/orbit_uncertainty_stage1/june/sat000047767.csv,6E26A6FFCB0389E48C81BEEAD935A847B2444F9441CBE4C1AD8107642DE7DD5F,136,False,SELECTED_FROZEN,-19.86588746993268,20.546245699778986,27.16984748840332,27.613727569580078,17.110692977905273,-19.865887469932677,19.865887469932677,0.296862562997577,0.296862562997577,0.4186157924830231,0.4186157924830231,25751.040953696876,10.689590084687557,0.00041511293092611607,0.9995848870690739,FINITE_NONZERO,0.9936264441088858,0.0014544812982094646,0.1128250211325063,0.9273593652464854,False,20.787832939189133,21.304363754586817,21.57874113102158,d81a02defa5c5d03f62825f31280f49f8bcc821848ecf4dab748ec21607ff744,False,NOT_APPLICABLE_STAGE_A,COMPLETE
legit_segment_f69b77913f02a69cbb8a8258,legit_pass_26b315bf394fcf28c6681377,65686,STARLINK-35137,2026-06,CONFIRMATORY,controlled_example_station,52.21,5.16,14.0,11325000000.0,10.0,2026-06-02T08:06:28Z,2026-06-02T08:13:46Z,438.0,85.86730547881662,PEAK,0.5,2026-06-02T08:10:07Z,2026-06-02T08:09:37Z,2026-06-02T08:10:37Z,1.0,61,64.39011325261487,75.87103648453021,85.86730547881662,326623630,2026-06-01T22:00:03.000096Z,2026-06-02T07:37:26Z,10.16777775111111,0.5447222222222222,9-12 h,data/orbit_uncertainty_stage1/raw/spacetrack_gp/spacetrack_gp_history_20260529_20260701_20sat_omm.json,1F5A8BA23D1C8AE605C4142F44E424711D1D85014DB46C28BBC18C3ABC326A96,2026-06-02T07:35:41.999971Z,0.5736111191666666,data/orbit_uncertainty_stage1/june/sat000065686.csv,B6BC6FF15B3CA146A8A5647889EB05C3E5134E71663266D0DFF94290D3AA7A5B,15,False,SELECTED_FROZEN,-240.83866829168602,242.5390530236589,269.6831531524658,269.87751388549805,62.59403991699219,-240.83866829168596,240.83866829168596,1.1620541698147169,1.1620541698147169,20.08266491503317,20.08266491503317,3588336.726738407,24602.119235459755,0.006856134501574961,0.993143865498425,FINITE_NONZERO,0.5093081359400189,0.0720882089732322,2.0279475012477723,0.9898030396188284,True,64.34644716177141,75.87448878962061,85.86538100201248,41460d1020cf785e621920dbfb5ec4251f2087e0cb286cfe9743598c9acc7d40,False,NOT_APPLICABLE_STAGE_A,COMPLETE
legit_segment_f6d37939e46d758bd33b2a22,legit_pass_411dc6e1d344be3b7f6f235d,60265,STARLINK-32120,2026-06,CONFIRMATORY,controlled_example_station,52.21,5.16,14.0,11325000000.0,10.0,2026-06-04T10:29:12Z,2026-06-04T10:35:40Z,388.0,28.480537686290738,SETTING_75_PERCENT,0.75,2026-06-04T10:34:03Z,2026-06-04T10:33:33Z,2026-06-04T10:34:33Z,1.0,61,16.871340171454253,20.401612408537886,23.939852881346393,327051091,2026-06-04T02:24:59.435424Z,2026-06-04T06:26:29Z,8.150990160000001,4.126111111111111,6-9 h,data/orbit_uncertainty_stage1/raw/spacetrack_gp/spacetrack_gp_history_20260529_20260701_20sat_omm.json,1F5A8BA23D1C8AE605C4142F44E424711D1D85014DB46C28BBC18C3ABC326A96,2026-06-04T09:27:41.999990Z,1.1058333361111112,data/orbit_uncertainty_stage1/june/sat000060265.csv,310CEC01430FB37300D0520AC911958B04898B003A2B2906A630DA9E075D20EF,37,False,SELECTED_FROZEN,9322.554865758928,9495.87578714284,12237.151361465454,12531.540813446045,-6009.824909210205,9322.554865758924,9322.554865758924,-102.40423920730767,102.40423920730767,103.79304117187324,103.79304117187324,5500471074.855585,657152.7191380766,0.00011947207979006239,0.99988052792021,FINITE_NONZERO,0.9966970493706624,0.3701922882681572,15.674108180105826,0.9771950457400566,True,17.872819759890966,21.432783015660263,24.917582046265565,3880313f1ba613bd3556a3d90127a3e962bf9b8db1c09a73aa8123dc0d5b34e7,False,NOT_APPLICABLE_STAGE_A,COMPLETE
legit_segment_f6f966890942e77bd50f2544,legit_pass_494f460adad84f6567ef42ba,65421,STARLINK-35146,2026-06,CONFIRMATORY,controlled_example_station,52.21,5.16,14.0,11325000000.0,10.0,2026-06-02T01:15:52Z,2026-06-02T01:23:14Z,442.0,87.1364657241297,SETTING_75_PERCENT,0.751131221719457,2026-06-02T01:21:24Z,2026-06-02T01:20:54Z,2026-06-02T01:21:54Z,1.0,61,21.01526974601382,28.077992549531935,36.949247769888785,326554740,2026-06-01T03:02:59.084736Z,2026-06-01T10:22:25Z,22.306920906666665,14.983055555555556,18-24 h,data/orbit_uncertainty_stage1/raw/spacetrack_gp/spacetrack_gp_history_20260529_20260701_20sat_omm.json,1F5A8BA23D1C8AE605C4142F44E424711D1D85014DB46C28BBC18C3ABC326A96,2026-06-02T01:13:42.000038Z,0.1283333227777778,data/orbit_uncertainty_stage1/june/sat000065421.csv,47F2014ECBC8E7384C87E8BF3D80DB676A195CA775414C519EDF2550466E6CB3,12,False,SELECTED_FROZEN,1334.192747522573,1406.182748385527,2136.557689666748,2251.2258319854736,-1511.2202777862549,1334.1927475225727,1334.1927475225727,-24.826860723389593,24.826860723389593,78.76547573576342,78.76547573576342,120618345.23328154,378444.0102407492,0.0031375327650932433,0.9968624672349068,FINITE_NONZERO,0.9685522522919549,0.28218529650891355,9.332462798087484,0.9859614991101084,True,21.43734461324719,28.666088580176833,37.76717412677483,977348fcd81e9fff13a8616fc1588dfa52fe099895be307c76b97dac9cd8b3b8,False,NOT_APPLICABLE_STAGE_A,COMPLETE
legit_segment_f6fbdff2ebe2c965fc924d06,legit_pass_67427c197c30a031a6736472,65421,STARLINK-35146,2026-06,CONFIRMATORY,controlled_example_station,52.21,5.16,14.0,11325000000.0,10.0,2026-06-01T01:46:49Z,2026-06-01T01:54:11Z,442.0,83.5367745302046,RISING_25_PERCENT,0.251131221719457,2026-06-01T01:48:40Z,2026-06-01T01:48:10Z,2026-06-01T01:49:10Z,1.0,61,21.362156867648707,28.55280572090133,37.58900240464154,326441216,2026-05-31T12:57:20.022048Z,2026-06-01T00:06:54Z,12.855549431111111,1.6961111111111111,12-18 h,data/orbit_uncertainty_stage1/raw/spacetrack_gp/spacetrack_gp_history_20260529_20260701_20sat_omm.json,1F5A8BA23D1C8AE605C4142F44E424711D1D85014DB46C28BBC18C3ABC326A96,2026-06-01T01:42:41.999962Z,0.099444455,data/orbit_uncertainty_stage1/june/sat000065421.csv,47F2014ECBC8E7384C87E8BF3D80DB676A195CA775414C519EDF2550466E6CB3,2,False,SELECTED_FROZEN,815.3294799992295,856.622218128921,1288.96067237854,1356.205165863037,893.5497856140137,815.3294799992293,815.3294799992293,14.693598413593495,14.693598413593495,45.93359327237734,45.93359327237734,44761899.100118876,128703.59444564351,0.002875293431089069,0.997124706568911,FINITE_NONZERO,0.9694392905190117,0.16460576011322559,5.339190850971421,0.986488920507474,True,21.111879312558607,28.20592863744884,37.10946911914425,f762806d0e9b289110bf752f15fc84cbfc8dbe77d93e30ca00174daa8b069927,False,NOT_APPLICABLE_STAGE_A,COMPLETE
legit_segment_f7dac50d4a2b74f39c765c85,legit_pass_2dd243d244c2fcfae2076afe,65407,STARLINK-35035,2026-06,CONFIRMATORY,controlled_example_station,52.21,5.16,14.0,11325000000.0,10.0,2026-06-03T21:56:46Z,2026-06-03T22:01:16Z,270.0,15.521301728387042,RISING_25_PERCENT,0.2518518518518518,2026-06-03T21:57:54Z,2026-06-03T21:57:24Z,2026-06-03T21:58:24Z,1.0,61,12.356165583366058,13.824808811004958,15.008003431118674,326909558,2026-06-03T10:45:04.315104Z,2026-06-03T15:47:14Z,11.21380136,6.177777777777778,9-12 h,data/orbit_uncertainty_stage1/raw/spacetrack_gp/spacetrack_gp_history_20260529_20260701_20sat_omm.json,1F5A8BA23D1C8AE605C4142F44E424711D1D85014DB46C28BBC18C3ABC326A96,2026-06-03T21:19:42.000038Z,0.6366666561111111,data/orbit_uncertainty_stage1/june/sat000065407.csv,1D5D20428BDA125132468A3B81A5A0011425555B1C761A0A7A4BD8F31D76DA01,31,False,SELECTED_FROZEN,161.65419913119956,162.26310688027144,181.8032741546631,183.2181625366211,46.36911201477051,161.65419913119956,161.65419913119956,0.7963044280037561,0.7963044280037561,0.8151856541724738,0.8151856541724738,1606088.267120742,40.53618669688484,2.523907778092088e-05,0.999974760922219,FINITE_NONZERO,0.9966307952545964,-0.0028552254804083965,0.19566120148275126,0.9423901989309329,False,12.349224928796767,13.819548804690234,15.004983655439435,2491dabca68bfc1f3be677328d57977b82e1831b771a400e342c5905a4d76e4c,False,NOT_APPLICABLE_STAGE_A,COMPLETE
legit_segment_f7fc5c14f795d4b116b3ddcc,legit_pass_5f26005a758e294129057e05,65686,STARLINK-35137,2026-06,CONFIRMATORY,controlled_example_station,52.21,5.16,14.0,11325000000.0,10.0,2026-06-04T10:16:33Z,2026-06-04T10:23:40Z,427.0,54.21063939098734,PEAK,0.5011709601873536,2026-06-04T10:20:07Z,2026-06-04T10:19:37Z,2026-06-04T10:20:37Z,1.0,61,48.91642458878646,52.28620980849952,54.21063939098734,327025019,2026-06-03T15:05:49.254720Z,2026-06-04T06:26:29Z,19.23826257777778,3.8938888888888887,18-24 h,data/orbit_uncertainty_stage1/raw/spacetrack_gp/spacetrack_gp_history_20260529_20260701_20sat_omm.json,1F5A8BA23D1C8AE605C4142F44E424711D1D85014DB46C28BBC18C3ABC326A96,2026-06-04T09:56:42Z,0.3902777777777778,data/orbit_uncertainty_stage1/june/sat000065686.csv,B6BC6FF15B3CA146A8A5647889EB05C3E5134E71663266D0DFF94290D3AA7A5B,37,False,SELECTED_FROZEN,7754.771059567811,7769.063536052541,8293.96611404419,8299.786354064941,302.13990783691406,7754.771059567808,7754.771059567808,5.658631237621103,5.658631237621103,460.37789650559284,460.37789650559284,3681859241.8604946,12928816.263045777,0.0035114911825126337,0.9964885088174874,FINITE_NONZERO,0.0447381463784694,-1.658571592413022,25.144881586104738,0.9970168831790911,True,48.17308050741472,52.24357956769737,54.19379533260197,7b0d9be1d7754dd167ca1a159d2baba8311bd3ed79b616e90b002b5798f85365,False,NOT_APPLICABLE_STAGE_A,COMPLETE
legit_segment_f8334b3bf983fa6fb97e7d68,legit_pass_1871fd1399b657e473591c05,48458,STARLINK-2698,2026-06,CONFIRMATORY,controlled_example_station,52.21,5.16,14.0,11325000000.0,10.0,2026-06-01T00:11:55Z,2026-06-01T00:19:17Z,442.0,87.34596802503475,SETTING_75_PERCENT,0.751131221719457,2026-06-01T00:17:27Z,2026-06-01T00:16:57Z,2026-06-01T00:17:57Z,1.0,61,21.182082674955225,28.332542597976804,37.32524446364986,326329302,2026-05-31T06:35:49.627680Z,2026-05-31T16:16:51Z,17.693714533333335,8.01,12-18 h,data/orbit_uncertainty_stage1/raw/spacetrack_gp/spacetrack_gp_history_20260529_20260701_20sat_omm.json,1F5A8BA23D1C8AE605C4142F44E424711D1D85014DB46C28BBC18C3ABC326A96,2026-06-01T02:58:41.999981Z,2.6874999947222227,data/orbit_uncertainty_stage1/june/sat000048458.csv,091BB60895838155D6E08F3AB53CB4B529B9EB7F826CA2A0FB9BFADE0198C1C6,2,False,SELECTED_FROZEN,430.12323801634744,460.5216183623692,729.6237087249756,773.3503246307373,-560.6109657287598,430.12323801634733,430.12323801634733,-9.181504687728363,9.181504687728363,30.678205861605772,30.678205861605772,12936889.819724834,57410.29120811083,0.0044377197307947655,0.9955622802692052,FINITE_NONZERO,0.965237987928776,0.1098221387105287,3.8285680684861383,0.9844255459789305,True,21.32214457754841,28.53514857610527,37.61626922380169,27869947b4438ea3846741d2bb7742fbea232e0a2c2b9ff8790f9b468c6700b2,False,NOT_APPLICABLE_STAGE_A,COMPLETE
legit_segment_f8709f2d5148ec3158c58ea9,legit_pass_1e073aac0005f9ce687c1c9a,58380,STARLINK-30915,2026-06,CONFIRMATORY,controlled_example_station,52.21,5.16,14.0,11325000000.0,10.0,2026-06-08T03:33:08Z,2026-06-08T03:40:32Z,444.0,87.520854331077,PEAK,0.5,2026-06-08T03:36:50Z,2026-06-08T03:36:20Z,2026-06-08T03:37:20Z,1.0,61,64.96969690365938,76.61930041285453,87.520854331077,327914222,2026-06-07T17:46:56.152416Z,2026-06-08T00:36:35Z,9.83162432888889,3.004166666666667,9-12 h,data/orbit_uncertainty_stage1/raw/spacetrack_gp/spacetrack_gp_history_20260529_20260701_20sat_omm.json,1F5A8BA23D1C8AE605C4142F44E424711D1D85014DB46C28BBC18C3ABC326A96,2026-06-08T04:58:42.000038Z,1.3644444550000001,data/orbit_uncertainty_stage1/june/sat000058380.csv,3EDD695EBC2FD369BB6D3F364CEB1C354CEB8FF41D75D9C0E85CB4203365E2E7,73,False,SELECTED_FROZEN,41541.269196119465,41697.763420152485,45625.86650466919,45679.63514328003,3966.7407627105713,41541.269196119465,41541.269196119465,82.13055834596204,82.13055834596204,3306.8633095631358,3306.8633095631358,106060911928.82341,667056041.8362262,0.00628936739940424,0.9937106326005958,FINITE_NONZERO,0.1605261933307166,-11.880455789006476,304.71411002902204,0.9915091211762262,True,56.67237696966023,74.8333084359155,87.56428895446552,35447270489490bd78169ea7b01f1bc0a95ee8c1f3602397e5fbd416e856e6c8,False,NOT_APPLICABLE_STAGE_A,COMPLETE
legit_segment_f880c108d27fb0c992456d2a,legit_pass_6f35fb027889b712e8a99bdf,44714,STARLINK-1008,2026-06,CONFIRMATORY,controlled_example_station,52.21,5.16,14.0,11325000000.0,10.0,2026-06-03T01:48:22Z,2026-06-03T01:50:06Z,104.0,10.763219921737054,PEAK,0.5,2026-06-03T01:49:14Z,2026-06-03T01:48:44Z,2026-06-03T01:49:44Z,1.0,61,10.500287686872172,10.67430493898471,10.763219921737054,326678218,2026-06-02T06:42:19.995840Z,2026-06-02T18:52:58Z,19.115001155555554,6.937777777777778,18-24 h,data/orbit_uncertainty_stage1/raw/spacetrack_gp/spacetrack_gp_history_20260529_20260701_20sat_omm.json,1F5A8BA23D1C8AE605C4142F44E424711D1D85014DB46C28BBC18C3ABC326A96,2026-06-03T02:07:42.000038Z,0.3077777883333333,data/orbit_uncertainty_stage1/june/sat000044714.csv,F91F0DA10678FA8B4BBDEBC15B9D96435ECFD92205FFA13417B9E47754646E40,23,False,SELECTED_FROZEN,-246.08681953930463,246.13133053845002,250.28944396972656,250.31194496154785,-13.252853393554688,-246.0868195393046,246.0868195393046,-0.22661285430650005,0.22661285430650005,2.4473602266521963,2.4473602266521963,3695418.5442302916,365.3638968189445,9.886942235254846e-05,0.9999011305776474,FINITE_NONZERO,0.726617425716729,0.00882663157943614,0.0687449368729355,0.9992109843101757,True,10.493359747312763,10.670406462126037,10.759345541386418,1d2e0c47e07e02ec6f5a3ea13224870529463ceae8ba49396f4306c5659a30ca,False,NOT_APPLICABLE_STAGE_A,COMPLETE
legit_segment_fa90c1eb70ed4863f320a496,legit_pass_21caa62fb471e178f0bd8255,47844,STARLINK-2446,2026-06,CONFIRMATORY,controlled_example_station,52.21,5.16,14.0,11325000000.0,10.0,2026-06-01T00:26:32Z,2026-06-01T00:32:36Z,364.0,24.541073655885278,PEAK,0.5,2026-06-01T00:29:34Z,2026-06-01T00:29:04Z,2026-06-01T00:30:04Z,1.0,61,23.733685459314525,24.264842459984063,24.541073655885278,326255106,2026-05-31T00:00:02.000160Z,2026-05-31T06:56:47Z,24.49222217777778,17.546388888888888,24-36 h,data/orbit_uncertainty_stage1/raw/spacetrack_gp/spacetrack_gp_history_20260529_20260701_20sat_omm.json,1F5A8BA23D1C8AE605C4142F44E424711D1D85014DB46C28BBC18C3ABC326A96,2026-06-01T00:17:42.000029Z,0.19777776972222222,data/orbit_uncertainty_stage1/june/sat000047844.csv,FE1F3D11E12AC1E3987E760842AEC279FE294DEAF66BE25CA508FB5254D084DD,2,False,SELECTED_FROZEN,1527.8241661884745,1528.1568756686124,1563.463140487671,1563.7140369415283,20.481971740722656,1527.8241661884745,1527.8241661884745,0.3526388381159134,0.3526388381159134,31.276254206694222,31.276254206694222,142451069.63584855,59670.44870930724,0.00041888382349001933,0.99958111617651,FINITE_NONZERO,0.03791457098939688,-0.11280258008734217,0.8598966760456297,0.9992441022167997,True,23.7380387819572,24.280309383126344,24.556634990785025,9a1a5b2e1c61c89b33abc2ab867d0ff5a3db205af2a9bff5f6266a4257057f96,False,NOT_APPLICABLE_STAGE_A,COMPLETE
legit_segment_fad7e0e181dff41411806eca,legit_pass_9d27820f35bb3a5db5f00699,65407,STARLINK-35035,2026-06,CONFIRMATORY,controlled_example_station,52.21,5.16,14.0,11325000000.0,10.0,2026-06-06T00:11:28Z,2026-06-06T00:18:54Z,446.0,79.11600584214395,PEAK,0.5,2026-06-06T00:15:11Z,2026-06-06T00:14:41Z,2026-06-06T00:15:41Z,1.0,61,63.23226949715739,72.55646950422522,79.11600584214395,327358352,2026-06-05T17:36:53.745696Z,2026-06-05T20:26:19Z,6.6381261955555555,3.8144444444444443,6-9 h,data/orbit_uncertainty_stage1/raw/spacetrack_gp/spacetrack_gp_history_20260529_20260701_20sat_omm.json,1F5A8BA23D1C8AE605C4142F44E424711D1D85014DB46C28BBC18C3ABC326A96,2026-06-06T00:35:42.000029Z,0.3419444525,data/orbit_uncertainty_stage1/june/sat000065407.csv,1D5D20428BDA125132468A3B81A5A0011425555B1C761A0A7A4BD8F31D76DA01,52,False,SELECTED_FROZEN,3873.9284596990365,3885.9453729189836,4229.552852630615,4234.442628860474,128.7878475189209,3873.9284596990356,3873.9284596990356,2.401102390521301,2.401102390521301,302.42766029329863,302.42766029329863,921134857.919938,5579211.87233921,0.006056889308193064,0.993943110691807,FINITE_NONZERO,0.019166175873239988,-1.088831904003933,19.76188848327687,0.995730137702771,True,62.91896611772646,72.55132398904078,79.11107323552135,6a95283e2c9cd70a0d6071e0ebdef2109f4c0131c348e862e73e81a3f3987ca9,False,NOT_APPLICABLE_STAGE_A,COMPLETE
legit_segment_fb8d252c852d71c9b4b55ef9,legit_pass_a91a337192f94d8bf88a4f79,65421,STARLINK-35146,2026-06,CONFIRMATORY,controlled_example_station,52.21,5.16,14.0,11325000000.0,10.0,2026-06-02T04:31:39Z,2026-06-02T04:38:39Z,420.0,43.562762630591635,PEAK,0.5023809523809524,2026-06-02T04:35:10Z,2026-06-02T04:34:40Z,2026-06-02T04:35:40Z,1.0,61,40.578618979454134,42.517265367348706,43.562762630591635,326554740,2026-06-01T03:02:59.084736Z,2026-06-01T10:22:25Z,25.536365351111108,18.2125,24-36 h,data/orbit_uncertainty_stage1/raw/spacetrack_gp/spacetrack_gp_history_20260529_20260701_20sat_omm.json,1F5A8BA23D1C8AE605C4142F44E424711D1D85014DB46C28BBC18C3ABC326A96,2026-06-02T05:22:41.999981Z,0.7922222169444444,data/orbit_uncertainty_stage1/june/sat000065421.csv,47F2014ECBC8E7384C87E8BF3D80DB676A195CA775414C519EDF2550466E6CB3,14,False,SELECTED_FROZEN,7639.68998305524,7648.1181298710735,8039.432165145874,8043.184482574463,364.42794609069824,7639.689983055237,7639.689983055237,6.576551998588301,6.576551998588301,339.7647274940533,339.7647274940533,3568116366.636219,7041844.272995608,0.001973546697871344,0.9980264533021287,FINITE_NONZERO,0.10405929881342735,-1.2246064514487642,15.463322812148714,0.9979286711079524,True,40.18777006120157,42.508952074996216,43.57015643583417,fd10c41f4fd1aa7cd7d3827a1687e715f5d71e48c689f6f9762f4cda135e3b1d,False,NOT_APPLICABLE_STAGE_A,COMPLETE
legit_segment_fc483972d6ceb65fb17ed4bb,legit_pass_e31d240adc555f298473c6c5,65405,STARLINK-34830,2026-06,CONFIRMATORY,controlled_example_station,52.21,5.16,14.0,11325000000.0,10.0,2026-06-03T22:43:21Z,2026-06-03T22:49:52Z,391.0,30.452910950251145,PEAK,0.49872122762148335,2026-06-03T22:46:36Z,2026-06-03T22:46:06Z,2026-06-03T22:47:06Z,1.0,61,29.1876358386967,30.014312017807494,30.452910950251145,326853902,2026-06-03T00:00:02.000160Z,2026-06-03T11:16:57Z,22.77611106666667,11.494166666666667,18-24 h,data/orbit_uncertainty_stage1/raw/spacetrack_gp/spacetrack_gp_history_20260529_20260701_20sat_omm.json,1F5A8BA23D1C8AE605C4142F44E424711D1D85014DB46C28BBC18C3ABC326A96,2026-06-04T00:19:42.000038Z,1.5516666772222223,data/orbit_uncertainty_stage1/june/sat000065405.csv,10707AFA6592FB845A94CB76E13C89BAD9EFA77F9A31B0B3C5036D80E7E87A62,32,False,SELECTED_FROZEN,4259.227905210902,4260.8541345702015,4391.5860233306885,4393.386835098267,48.14031791687012,4259.227905210901,4259.227905210901,0.8479452560844412,0.8479452560844412,116.75921418871611,116.75921418871611,1107447555.3211226,831595.5599759556,0.0007509119108893792,0.9992490880891106,FINITE_NONZERO,0.016086877306196512,-0.4210582445395651,3.694238556894672,0.9989989228544532,True,29.084246622335804,30.03867081610222,30.481792238871233,93e45080e3581cafd54eca2aab78feaf74714caacb3fd706c27f0c786160ef3e,False,NOT_APPLICABLE_STAGE_A,COMPLETE
legit_segment_fc8521fc69b77aff62ae2732,legit_pass_61b6ca81ce28205dc84238bc,48111,STARLINK-2448,2026-06,CONFIRMATORY,controlled_example_station,52.21,5.16,14.0,11325000000.0,10.0,2026-06-09T16:54:47Z,2026-06-09T17:01:48Z,421.0,89.80380151818925,SETTING_75_PERCENT,0.7505938242280285,2026-06-09T17:00:03Z,2026-06-09T16:59:33Z,2026-06-09T17:00:33Z,1.0,61,20.541951645646055,27.847636312801754,37.16838131010161,328347435,2026-06-09T11:57:18.216000Z,2026-06-09T16:06:37Z,5.045773333333333,0.8905555555555555,0-6 h,data/orbit_uncertainty_stage1/raw/spacetrack_gp/spacetrack_gp_history_20260529_20260701_20sat_omm.json,1F5A8BA23D1C8AE605C4142F44E424711D1D85014DB46C28BBC18C3ABC326A96,2026-06-09T16:26:41.999971Z,0.5558333413888888,data/orbit_uncertainty_stage1/june/sat000048111.csv,63E98DFF9634CD904EDA2CF3528E739282097399B04E926A453B20B62792D5D5,88,False,SELECTED_FROZEN,0.9053482305808146,1.0415165984143677,1.7586402893066406,1.852121353149414,-1.7236328125,0.9053482305808144,0.9053482305808144,-0.02914311768578703,0.02914311768578703,0.04256525035821492,0.04256525035821492,66.17016631113074,0.11051983282150843,0.0016702365882208378,0.9983297634117791,FINITE_NONZERO,0.9931656321091494,0.00015325739352285359,0.0027408968112898834,0.9958535638044388,False,20.541570429785555,27.847366283943522,37.16822283065071,485c6536f1eec306bcc42202d820282de8c19bb4baddcf95d89f82ec29176b29,False,NOT_APPLICABLE_STAGE_A,COMPLETE
legit_segment_fccc401d1ac8e1b775e9baa2,legit_pass_8947393d22b91563fb34e440,45230,STARLINK-1227,2026-06,CONFIRMATORY,controlled_example_station,52.21,5.16,14.0,11325000000.0,10.0,2026-06-02T10:32:11Z,2026-06-02T10:39:08Z,417.0,74.91074643949632,PEAK,0.5011990407673861,2026-06-02T10:35:40Z,2026-06-02T10:35:10Z,2026-06-02T10:36:10Z,1.0,61,60.12511137810353,68.95346180235819,74.91074643949632,326609912,2026-06-01T15:32:42.453312Z,2026-06-02T07:37:26Z,19.049318524444445,2.9705555555555554,18-24 h,data/orbit_uncertainty_stage1/raw/spacetrack_gp/spacetrack_gp_history_20260529_20260701_20sat_omm.json,1F5A8BA23D1C8AE605C4142F44E424711D1D85014DB46C28BBC18C3ABC326A96,2026-06-02T10:14:42Z,0.34944444444444445,data/orbit_uncertainty_stage1/june/sat000045230.csv,A086445B48BCEA5D6D786487B3F9BAAB43C341130589A86BCBB60E49241950E8,15,False,SELECTED_FROZEN,-1592.410168694668,1598.6897951927704,1760.1176528930664,1761.4217052459717,25.39474105834961,-1592.4101686946678,1592.4101686946678,0.49937885371167495,0.49937885371167495,141.28555597464694,141.28555597464694,155904352.73646364,1217658.1079509705,0.007810289363820815,0.9921897106361792,FINITE_NONZERO,0.0038578715872122915,0.5084315922564256,10.195545459405068,0.994792546496674,True,59.856285964049285,68.95780361236068,74.91885671020187,adb403097677e5c8499c38f88f9de3e48e58d71fc9977c96659f84462bd2e9a3,False,NOT_APPLICABLE_STAGE_A,COMPLETE
legit_segment_fd77f756e47bce7f67b60f1a,legit_pass_c5ef53d7f995dc3b01f2ac99,47383,STARLINK-2103,2026-06,CONFIRMATORY,controlled_example_station,52.21,5.16,14.0,11325000000.0,10.0,2026-06-02T09:13:55Z,2026-06-02T09:20:54Z,419.0,44.218530524861784,RISING_25_PERCENT,0.25059665871121717,2026-06-02T09:15:40Z,2026-06-02T09:15:10Z,2026-06-02T09:16:10Z,1.0,61,19.439482452330605,24.92298230020939,31.144147079407844,326542126,2026-05-31T22:34:37.493472Z,2026-06-01T10:22:25Z,34.68402959111111,22.8875,24-36 h,data/orbit_uncertainty_stage1/raw/spacetrack_gp/spacetrack_gp_history_20260529_20260701_20sat_omm.json,1F5A8BA23D1C8AE605C4142F44E424711D1D85014DB46C28BBC18C3ABC326A96,2026-06-02T08:39:42.000019Z,0.5994444391666667,data/orbit_uncertainty_stage1/june/sat000047383.csv,6A97ABED011A96AE20108B2FFAB622CC78ED39D918CC694CBFCE03E18290B2FA,16,False,SELECTED_FROZEN,-6209.362592071783,6455.459013437281,9255.584915161133,9630.50810623169,-5932.427675247192,-6209.362592071781,6209.362592071781,-99.45420113810155,99.45420113810155,224.7542122022213,224.7542122022213,2542050015.5242863,3081381.8100611083,0.0012121641160650362,0.9987878358839349,FINITE_NONZERO,0.9837926763674696,-0.8095418217892956,13.083120315386543,0.9966115038927316,True,20.49026835421411,26.210992639268575,32.64935745618667,faf4d6c943a0360ebbee542110dc4eaa41819e2404e320be2ba2282855f1b8b7,False,NOT_APPLICABLE_STAGE_A,COMPLETE
legit_segment_fe0a4b0f27292f0c0a926755,legit_pass_e7b9591751e39e1b9298200b,65405,STARLINK-34830,2026-06,CONFIRMATORY,controlled_example_station,52.21,5.16,14.0,11325000000.0,10.0,2026-06-01T01:53:19Z,2026-06-01T02:00:41Z,442.0,81.30581884010205,PEAK,0.5,2026-06-01T01:57:00Z,2026-06-01T01:56:30Z,2026-06-01T01:57:30Z,1.0,61,63.57210178318954,73.79252022790097,81.30581884010205,326369629,2026-05-31T13:03:34.478784Z,2026-05-31T16:46:17Z,12.890422560000001,9.178611111111111,12-18 h,data/orbit_uncertainty_stage1/raw/spacetrack_gp/spacetrack_gp_history_20260529_20260701_20sat_omm.json,1F5A8BA23D1C8AE605C4142F44E424711D1D85014DB46C28BBC18C3ABC326A96,2026-06-01T00:26:42.000029Z,1.5049999919444446,data/orbit_uncertainty_stage1/june/sat000065405.csv,10707AFA6592FB845A94CB76E13C89BAD9EFA77F9A31B0B3C5036D80E7E87A62,2,False,SELECTED_FROZEN,2613.1001883022122,2621.648698858682,2860.6731605529785,2863.715187072754,71.87049865722656,2613.1001883022113,2613.1001883022113,1.317056394745472,1.317056394745472,210.2654714469616,210.2654714469616,419255555.9138727,2696905.677451595,0.006432605696954957,0.9935673943030451,FINITE_NONZERO,0.012016669891617093,-0.756963077059208,13.978001453570657,0.995580692308802,True,63.69722097148247,73.80030857683023,81.31534621459629,1d6d888dd3660bf7505a470925844507a28443f71761255e1f34598aa981c38c,False,NOT_APPLICABLE_STAGE_A,COMPLETE
legit_segment_fe1fa0cffda5c00109249515,legit_pass_56891f31a34607c8b5c0b517,65410,STARLINK-35024,2026-06,CONFIRMATORY,controlled_example_station,52.21,5.16,14.0,11325000000.0,10.0,2026-06-01T03:10:46Z,2026-06-01T03:18:09Z,443.0,79.37347045984924,PEAK,0.5011286681715575,2026-06-01T03:14:28Z,2026-06-01T03:13:58Z,2026-06-01T03:14:58Z,1.0,61,63.08201808798504,72.62955440846862,79.37347045984924,326441204,2026-05-31T20:00:01.999008Z,2026-06-01T00:06:54Z,7.240555831111111,3.1261111111111113,6-9 h,data/orbit_uncertainty_stage1/raw/spacetrack_gp/spacetrack_gp_history_20260529_20260701_20sat_omm.json,1F5A8BA23D1C8AE605C4142F44E424711D1D85014DB46C28BBC18C3ABC326A96,2026-06-01T03:56:42Z,0.7038888888888889,data/orbit_uncertainty_stage1/june/sat000065410.csv,480E0881CFF425F783D504E2B784746BB847F6C9A822B6001FD1AFCD7FF9CBC4,3,False,SELECTED_FROZEN,299.5692594246786,300.53241925493376,327.6632080078125,328.0374336242676,-8.177894592285156,299.56925942467853,299.56925942467853,-0.15411579438708337,0.15411579438708337,23.887879997359263,23.887879997359263,5509503.836416621,34808.47945686245,0.0063178973080635645,0.9936821026919365,FINITE_NONZERO,0.01273892524470488,-0.08599870434696648,1.5817716993720874,0.9956153757180303,True,63.13633631588116,72.63005764512299,79.37561730729671,2a51e160a9a8eeb97d6a6a8c70bf7e09d039bbd19ccffe68acb90f5920679fab,False,NOT_APPLICABLE_STAGE_A,COMPLETE
legit_segment_ff3df1e91a21181c27677f8f,legit_pass_2ae7e39cf8f6e70690e58fe8,48309,STARLINK-2517,2026-06,CONFIRMATORY,controlled_example_station,52.21,5.16,14.0,11325000000.0,10.0,2026-06-01T18:08:17Z,2026-06-01T18:15:41Z,444.0,79.78124367184824,RISING_25_PERCENT,0.25,2026-06-01T18:10:08Z,2026-06-01T18:09:38Z,2026-06-01T18:10:38Z,1.0,61,21.202041897624973,28.232842427221247,37.02033490548547,326542819,2026-06-01T03:38:45.544992Z,2026-06-01T10:22:25Z,14.522904168888887,7.795277777777778,12-18 h,data/orbit_uncertainty_stage1/raw/spacetrack_gp/spacetrack_gp_history_20260529_20260701_20sat_omm.json,1F5A8BA23D1C8AE605C4142F44E424711D1D85014DB46C28BBC18C3ABC326A96,2026-06-01T17:41:42.000029Z,0.4738888808333333,data/orbit_uncertainty_stage1/june/sat000048309.csv,79D62147447BEB30EC557417B61811EF138EF8094DC33D3F68D9F90E474F7689,8,False,SELECTED_FROZEN,760.4537376341273,807.2018417628205,1250.425012588501,1320.819694519043,921.3090934753418,760.453737634127,760.453737634127,15.125158318610882,15.125158318610882,48.64255208181547,48.64255208181547,39746063.61406267,144331.97025495992,0.0036313525700666723,0.9963686474299334,FINITE_NONZERO,0.9677137169447063,0.1742413506518954,5.822343556488033,0.98567274630684,True,20.957622151412327,27.888495447541857,36.537541464694804,3fbc3bccfa81fae9caa4101f9118f7fd1ca0f29d2255c8df8ffa97ba31075047,False,NOT_APPLICABLE_STAGE_A,COMPLETE
