NORAD_CAT_ID,OBJECT_NAME,EPOCH,MEAN_MOTION,ECCENTRICITY,INCLINATION,RA_OF_ASC_NODE,ARG_OF_PERICENTER,MEAN_ANOMALY,TLE_LINE1,TLE_LINE2
47749,STARLINK-2163,2026-03-01T12:01:04.767168,15.31042734,0.00013280,53.1608,232.3388,84.7009,275.4143,1 47749U 21017AD  26060.50074962  .00002923  00000-0  10802-3 0  9999,2 47749  53.1608 232.3388 0001328  84.7009 275.4143 15.31042734276727
47749,STARLINK-2163,2026-03-01T18:17:04.640064,15.31050588,0.00013440,53.1608,231.1242,86.9014,273.2141,1 47749U 21017AD  26060.76185926  .00003768  00000-0  13577-3 0  9990,2 47749  53.1608 231.1242 0001344  86.9014 273.2141 15.31050588276765
47749,STARLINK-2163,2026-03-01T21:25:05.019744,15.31054237,0.00013300,53.1583,230.5166,86.1139,274.0014,1 47749U 21017AD  26060.89241921  .00006217  00000-0  21615-3 0  9996,2 47749  53.1583 230.5166 0001330  86.1139 274.0014 15.31054237276785
47749,STARLINK-2163,2026-03-01T21:25:05.019744,15.31054237,0.00013304,53.1583,230.5166,86.1139,274.0014,1 47749U 21017AD  26060.89241921  .00006217  00000-0  21615-3 0  9996,2 47749  53.1583 230.5166 0001330  86.1139 274.0014 15.31054237276785
47749,STARLINK-2163,2026-03-02T11:31:07.176288,15.31022248,0.00006560,53.1589,227.7848,42.7899,317.3153,1 47749U 21017AD  26061.47994417 -.00002120  00000-0 -57883-4 0  9994,2 47749  53.1589 227.7848 0000656  42.7899 317.3153 15.31022248276879
47749,STARLINK-2163,2026-03-02T14:39:07.110144,15.31033194,0.00012262,53.1585,227.1770,93.9700,266.1441,1 47749U 21017AD  26061.61049896  .00000967  00000-0  43747-4 0  9991,2 47749  53.1585 227.1770 0001226  93.9700 266.1441 15.31033194276891
47749,STARLINK-2163,2026-03-02T16:13:07.063680,15.31035858,0.00010830,53.1587,226.8736,90.2041,269.9085,1 47749U 21017AD  26061.67577620  .00001166  00000-0  50267-4 0  9995,2 47749  53.1587 226.8736 0001083  90.2041 269.9085 15.31035858276906
47749,STARLINK-2163,2026-03-02T16:13:07.064544,15.31035858,0.00010833,53.1587,226.8736,90.2041,269.9085,1 47749U 21017AD  26061.67577621  .00001166  00000-0  50267-4 0  9996,2 47749  53.1587 226.8736 0001083  90.2041 269.9085 15.31035858276906
47749,STARLINK-2163,2026-03-03T17:17:08.032704,15.31060084,0.00008260,53.1598,222.0156,89.2742,270.8354,1 47749U 21017AD  26062.72023186  .00017487  00000-0  58542-3 0  9991,2 47749  53.1598 222.0156 0000826  89.2742 270.8354 15.31060084277069
47749,STARLINK-2163,2026-03-03T17:17:08.033568,15.31060084,0.00008260,53.1598,222.0156,89.2742,270.8354,1 47749U 21017AD  26062.72023187  .00017487  00000-0  58542-3 0  9992,2 47749  53.1598 222.0156 0000826  89.2742 270.8354 15.31060084277069
47749,STARLINK-2163,2026-03-05T00:37:10.986240,15.31038960,0.00010390,53.1617,215.9400,80.9220,279.1899,1 47749U 21017AD  26064.02582160  .00015211  00000-0  51127-3 0  9993,2 47749  53.1617 215.9400 0001039  80.9220 279.1899 15.31038960277266
47749,STARLINK-2163,2026-03-05T00:37:10.986240,15.31038960,0.00010391,53.1617,215.9400,80.9220,279.1899,1 47749U 21017AD  26064.02582160  .00015211  00000-0  51127-3 0  9993,2 47749  53.1617 215.9400 0001039  80.9220 279.1899 15.31038960277266
47749,STARLINK-2163,2026-03-05T13:09:00.029664,15.31373712,0.00021160,53.1611,213.5145,221.7238,138.3602,1 47749U 21017AD  26064.54791701  .00109900  00000-0  35371-2 0  9994,2 47749  53.1611 213.5145 0002116 221.7238 138.3602 15.31373712277345
47749,STARLINK-2163,2026-03-05T13:09:00.030528,15.31373712,0.00021163,53.1611,213.5145,221.7238,138.3602,1 47749U 21017AD  26064.54791702  .00109900  00000-0  35371-2 0  9995,2 47749  53.1611 213.5145 0002116 221.7238 138.3602 15.31373712277345
47749,STARLINK-2163,2026-03-05T16:17:09.504672,15.30730440,0.00020920,53.1611,212.7929,140.2461,219.8694,1 47749U 21017AD  26064.67858223 -.00354156  00000-0 -12315-1 0  9990,2 47749  53.1611 212.7929 0002092 140.2461 219.8694 15.30730440277364
47749,STARLINK-2163,2026-03-06T18:55:15.321792,15.30976106,0.00013880,53.1617,207.7465,137.0377,223.0733,1 47749U 21017AD  26065.78837178  .00072602  00000-0  23817-2 0  9990,2 47749  53.1617 207.7465 0001388 137.0377 223.0733 15.30976106277537
47749,STARLINK-2163,2026-03-07T02:45:15.414336,15.31017340,0.00012460,53.1617,206.2298,94.6468,265.4676,1 47749U 21017AD  26066.11476174  .00032253  00000-0  10690-2 0  9996,2 47749  53.1617 206.2298 0001246  94.6468 265.4676 15.31017340277585
47749,STARLINK-2163,2026-03-07T02:45:15.415200,15.31017340,0.00012457,53.1617,206.2298,94.6468,265.4676,1 47749U 21017AD  26066.11476175  .00032253  00000-0  10690-2 0  9997,2 47749  53.1617 206.2298 0001246  94.6468 265.4676 15.31017340277585
47749,STARLINK-2163,2026-03-07T09:01:15.367584,15.31045252,0.00012410,53.1618,205.0151,74.0957,286.0181,1 47749U 21017AD  26066.37587231  .00022359  00000-0  74508-3 0  9996,2 47749  53.1618 205.0151 0001241  74.0957 286.0181 15.31045252277629
47749,STARLINK-2163,2026-03-07T09:01:15.368448,15.31045252,0.00012415,53.1618,205.0151,74.0957,286.0181,1 47749U 21017AD  26066.37587232  .00022359  00000-0  74508-3 0  9997,2 47749  53.1618 205.0151 0001241  74.0957 286.0181 15.31045252277629
47749,STARLINK-2163,2026-03-08T13:13:16.825152,15.31023895,0.00013440,53.1617,199.5505,50.2853,309.8267,1 47749U 21017AD  26067.55088918 -.00000434  00000-0 -23409-5 0  9993,2 47749  53.1617 199.5505 0001344  50.2853 309.8267 15.31023895277801
47749,STARLINK-2163,2026-03-08T14:47:16.944576,15.31022816,0.00012549,53.1617,199.2469,61.9554,298.1574,1 47749U 21017AD  26067.61616834  .00002539  00000-0  95474-4 0  9990,2 47749  53.1617 199.2469 0001255  61.9554 298.1574 15.31022816277819
47749,STARLINK-2163,2026-03-08T16:21:17.207424,15.31022313,0.00013600,53.1617,198.9436,54.8778,305.2351,1 47749U 21017AD  26067.68144916  .00005707  00000-0  19961-3 0  9990,2 47749  53.1617 198.9436 0001360  54.8778 305.2351 15.31022313277821
47749,STARLINK-2163,2026-03-09T12:43:18.994944,15.31034927,0.00015520,53.1614,194.9971,53.2577,306.8566,1 47749U 21017AD  26068.53008096  .00010847  00000-0  36825-3 0  9992,2 47749  53.1614 194.9971 0001552  53.2577 306.8566 15.31034927277954
47749,STARLINK-2163,2026-03-09T14:17:19.085856,15.31037251,0.00016914,53.1606,194.6933,50.3296,309.7854,1 47749U 21017AD  26068.59535979  .00011218  00000-0  38040-3 0  9997,2 47749  53.1606 194.6933 0001691  50.3296 309.7854 15.31037251277966
47749,STARLINK-2163,2026-03-09T15:51:19.111104,15.31039674,0.00015950,53.1608,194.3896,55.6848,304.4304,1 47749U 21017AD  26068.66063786  .00011681  00000-0  39557-3 0  9995,2 47749  53.1608 194.3896 0001595  55.6848 304.4304 15.31039674277971
47749,STARLINK-2163,2026-03-09T15:51:19.111968,15.31039674,0.00015945,53.1608,194.3896,55.6848,304.4304,1 47749U 21017AD  26068.66063787  .00011681  00000-0  39557-3 0  9996,2 47749  53.1608 194.3896 0001595  55.6848 304.4304 15.31039674277971
47749,STARLINK-2163,2026-03-10T07:31:20.361504,15.31034188,0.00015580,53.1609,191.3556,66.8993,293.2172,1 47749U 21017AD  26069.31343011  .00003391  00000-0  12343-3 0  9993,2 47749  53.1609 191.3556 0001558  66.8993 293.2172 15.31034188278071
47749,STARLINK-2163,2026-03-10T12:13:20.755200,15.31028949,0.00012920,53.1605,190.4422,77.2179,282.8966,1 47749U 21017AD  26069.50926800  .00003234  00000-0  11828-3 0  9990,2 47749  53.1605 190.4422 0001292  77.2179 282.8966 15.31028949278103
47749,STARLINK-2163,2026-03-10T16:55:21.091008,15.31030061,0.00012510,53.1600,189.5313,81.7055,278.4087,1 47749U 21017AD  26069.70510522  .00002326  00000-0  88450-4 0  9999,2 47749  53.1600 189.5313 0001251  81.7055 278.4087 15.31030061278130
47749,STARLINK-2163,2026-03-10T16:55:21.091008,15.31030061,0.00012507,53.1600,189.5313,81.7055,278.4087,1 47749U 21017AD  26069.70510522  .00002326  00000-0  88450-4 0  9999,2 47749  53.1600 189.5313 0001251  81.7055 278.4087 15.31030061278130
47749,STARLINK-2163,2026-03-11T07:01:21.802944,15.31038874,0.00010989,53.1596,186.7985,91.1066,269.0061,1 47749U 21017AD  26070.29261346  .00005894  00000-0  20565-3 0  9997,2 47749  53.1596 186.7985 0001099  91.1066 269.0061 15.31038874278223
47749,STARLINK-2163,2026-03-11T11:43:21.855360,15.31048814,0.00011920,53.1594,185.8889,87.5825,272.5312,1 47749U 21017AD  26070.48844740  .00010295  00000-0  35001-3 0  9995,2 47749  53.1594 185.8889 0001192  87.5825 272.5312 15.31048814278256
47749,STARLINK-2163,2026-03-11T13:17:13.794432,15.31399241,0.00027390,53.1589,185.5846,340.8353,19.2545,1 47749U 21017AD  26070.55363188  .00178586  00000-0  56831-2 0  9996,2 47749  53.1589 185.5846 0002739 340.8353  19.2545 15.31399241278267
47749,STARLINK-2163,2026-03-11T13:17:13.794432,15.31399241,0.00027391,53.1589,185.5846,340.8353,19.2545,1 47749U 21017AD  26070.55363188  .00178587  00000-0  56831-2 0  9997,2 47749  53.1589 185.5846 0002739 340.8353  19.2545 15.31399241278267
47749,STARLINK-2163,2026-03-12T06:31:23.511360,15.30999040,0.00026492,53.1583,182.2457,330.6623,29.4229,1 47749U 21017AD  26071.27179990 -.00014672  00000-0 -47217-3 0  9998,2 47749  53.1583 182.2457 0002649 330.6623  29.4229 15.30999040278376
47749,STARLINK-2163,2026-03-12T12:47:23.475840,15.31030163,0.00016055,53.1591,181.0321,109.3973,250.7202,1 47749U 21017AD  26071.53291060 -.00002718  00000-0 -77518-4 0  9996,2 47749  53.1591 181.0321 0001605 109.3973 250.7202 15.31030163278410
47749,STARLINK-2163,2026-03-12T14:21:23.851008,15.31027899,0.00013210,53.1590,180.7284,95.3012,264.8140,1 47749U 21017AD  26071.59819272 -.00001268  00000-0 -29793-4 0  9994,2 47749  53.1590 180.7284 0001321  95.3012 264.8140 15.31027899278426
47749,STARLINK-2163,2026-03-12T17:29:24.268704,15.31026616,0.00013480,53.1598,180.1216,95.1114,265.0041,1 47749U 21017AD  26071.72875311 -.00000340  00000-0  75142-6 0  9995,2 47749  53.1598 180.1216 0001348  95.1114 265.0041 15.31026616278444
47749,STARLINK-2163,2026-03-12T17:29:24.269568,15.31026616,0.00013477,53.1598,180.1216,95.1114,265.0041,1 47749U 21017AD  26071.72875312 -.00000340  00000-0  75142-6 0  9996,2 47749  53.1598 180.1216 0001348  95.1114 265.0041 15.31026616278444
47749,STARLINK-2163,2026-03-13T07:35:25.267488,15.31033448,0.00012822,53.1609,177.3891,92.5919,267.5229,1 47749U 21017AD  26072.31626467 -.00000091  00000-0  89254-5 0  9998,2 47749  53.1609 177.3891 0001282  92.5919 267.5229 15.31033448278531
47749,STARLINK-2163,2026-03-14T13:21:26.534304,15.31039064,0.00011123,53.1594,171.6216,79.3897,280.7230,1 47749U 21017AD  26073.55655711  .00003312  00000-0  12081-3 0  9999,2 47749  53.1594 171.6216 0001112  79.3897 280.7230 15.31039064278722
47749,STARLINK-2163,2026-03-15T12:51:28.092384,15.31039209,0.00015132,53.1624,167.0695,88.7208,271.3967,1 47749U 21017AD  26074.53574181  .00000484  00000-0  27858-4 0  9995,2 47749  53.1624 167.0695 0001513  88.7208 271.3967 15.31039209278871
47749,STARLINK-2163,2026-03-15T15:59:28.079808,15.31041025,0.00012987,53.1618,166.4556,80.3799,279.7349,1 47749U 21017AD  26074.66629722  .00000766  00000-0  37124-4 0  9991,2 47749  53.1618 166.4556 0001299  80.3799 279.7349 15.31041025278894
47749,STARLINK-2163,2026-03-16T12:21:30.360672,15.31029959,0.00012610,53.1622,162.5054,95.4544,264.6601,1 47749U 21017AD  26075.51493473 -.00001678  00000-0 -43291-4 0  9995,2 47749  53.1622 162.5054 0001261  95.4544 264.6601 15.31029959279025
47749,STARLINK-2163,2026-03-17T14:59:31.545888,15.31039847,0.00012595,53.1615,157.3488,87.8767,272.2379,1 47749U 21017AD  26076.62467067  .00000888  00000-0  41135-4 0  9993,2 47749  53.1615 157.3488 0001260  87.8767 272.2379 15.31039847279193
47749,STARLINK-2163,2026-03-17T22:49:20.960256,15.31167224,0.00008369,53.1617,155.8313,225.5197,134.5736,1 47749U 21017AD  26076.95093704  .00017248  00000-0  57571-3 0  9990,2 47749  53.1617 155.8313 0000837 225.5197 134.5736 15.31167224279246
47749,STARLINK-2163,2026-03-18T12:54:26.707968,15.31798311,0.00010870,53.1618,153.0949,69.2086,290.9032,1 47749U 21017AD  26077.53780912  .00100436  00000-0  31952-2 0  9995,2 47749  53.1618 153.0949 0001087  69.2086 290.9032 15.31798311279333
47749,STARLINK-2163,2026-03-18T14:28:16.938048,15.31905620,0.00009050,53.1600,152.7902,96.8974,263.2131,1 47749U 21017AD  26077.60297382  .00115433  00000-0  36509-2 0  9993,2 47749  53.1600 152.7902 0000905  96.8974 263.2131 15.31905620279346
47749,STARLINK-2163,2026-03-18T14:28:16.938048,15.31905620,0.00009048,53.1600,152.7902,96.8974,263.2131,1 47749U 21017AD  26077.60297382  .00115433  00000-0  36509-2 0  9993,2 47749  53.1600 152.7902 0000905  96.8974 263.2131 15.31905620279346
47749,STARLINK-2163,2026-03-18T22:17:44.734272,15.32148175,0.00023207,53.1595,151.2689,235.6836,124.3947,1 47749U 21017AD  26077.92898998  .00138724  00000-0  43384-2 0  9995,2 47749  53.1595 151.2689 0002321 235.6836 124.3947 15.32148175279391
47749,STARLINK-2163,2026-03-19T08:00:01.999872,15.33897980,0.00013576,53.1589,149.3881,87.2546,344.3151,1 47749U 21017AD  26078.33335648  .00874503  00000-0  24169-1 0  9990,2 47749  53.1589 149.3881 0001358  87.2546 344.3151 15.33897980  5826
47749,STARLINK-2163,2026-03-19T20:00:01.999008,15.34488254,0.00013520,53.1582,147.0515,56.7026,258.1999,1 47749U 21017AD  26078.83335647  .01833030  00000-0  48511-1 0  9992,2 47749  53.1582 147.0515 0001352  56.7026 258.1999 15.34488254  5896
47749,STARLINK-2163,2026-03-19T22:00:00.999936,15.34741896,0.00016005,53.1594,146.6609,87.9021,327.6382,1 47749U 21017AD  26078.91667824  .01566689  00000-0  41800-1 0  9993,2 47749  53.1594 146.6609 0001600  87.9021 327.6382 15.34741896  5910
48458,STARLINK-2698,2026-03-01T09:54:26.501472,15.31038511,0.00012030,53.1608,217.2845,82.6389,277.4749,1 48458U 21040AG  26060.41280673  .00000858  00000-0  40154-4 0  9990,2 48458  53.1608 217.2845 0001203  82.6389 277.4749 15.31038511266120
48458,STARLINK-2698,2026-03-01T19:18:26.470656,15.31052308,0.00014086,53.1599,215.4634,82.1886,277.9275,1 48458U 21040AG  26060.80447304  .00006287  00000-0  21849-3 0  9990,2 48458  53.1599 215.4634 0001409  82.1886 277.9275 15.31052308266185
48458,STARLINK-2698,2026-03-01T19:18:26.470656,15.31052308,0.00014090,53.1599,215.4634,82.1886,277.9275,1 48458U 21040AG  26060.80447304  .00006287  00000-0  21849-3 0  9990,2 48458  53.1599 215.4634 0001409  82.1886 277.9275 15.31052308266185
48458,STARLINK-2698,2026-03-02T03:08:27.599136,15.31034919,0.00016870,53.1594,213.9435,82.8275,277.2918,1 48458U 21040AG  26061.13087499  .00002623  00000-0  98194-4 0  9990,2 48458  53.1594 213.9435 0001687  82.8275 277.2918 15.31034919266230
48458,STARLINK-2698,2026-03-02T14:06:28.759104,15.31029223,0.00020788,53.1592,211.8202,84.8087,275.3151,1 48458U 21040AG  26061.58783286 -.00000540  00000-0 -58288-5 0  9995,2 48458  53.1592 211.8202 0002079  84.8087 275.3151 15.31029223266304
48458,STARLINK-2698,2026-03-02T18:48:29.254752,15.31018098,0.00013800,53.1607,210.9078,83.3284,276.7874,1 48458U 21040AG  26061.78367193 -.00003213  00000-0 -93862-4 0  9998,2 48458  53.1607 210.9078 0001380  83.3284 276.7874 15.31018098266337
48458,STARLINK-2698,2026-03-02T18:48:29.255616,15.31018098,0.00013802,53.1607,210.9078,83.3284,276.7874,1 48458U 21040AG  26061.78367194 -.00003213  00000-0 -93862-4 0  9999,2 48458  53.1607 210.9078 0001380  83.3284 276.7874 15.31018098266337
48458,STARLINK-2698,2026-03-03T08:54:30.015072,15.31031279,0.00013550,53.1617,208.1748,99.6827,260.4327,1 48458U 21040AG  26062.37118073 -.00001660  00000-0 -42689-4 0  9990,2 48458  53.1617 208.1748 0001355  99.6827 260.4327 15.31031279266425
48458,STARLINK-2698,2026-03-03T15:10:30.155808,15.31037474,0.00012787,53.1606,206.9632,84.7509,275.3638,1 48458U 21040AG  26062.63229347  .00000652  00000-0  33362-4 0  9992,2 48458  53.1606 206.9632 0001279  84.7509 275.3638 15.31037474266465
48458,STARLINK-2698,2026-03-03T16:44:30.157728,15.31039729,0.00013140,53.1607,206.6592,90.4747,269.6404,1 48458U 21040AG  26062.69757127  .00001558  00000-0  63160-4 0  9995,2 48458  53.1607 206.6592 0001314  90.4747 269.6404 15.31039729266479
48458,STARLINK-2698,2026-03-03T16:44:30.158592,15.31039729,0.00013137,53.1607,206.6592,90.4748,269.6404,1 48458U 21040AG  26062.69757128  .00001558  00000-0  63160-4 0  9996,2 48458  53.1607 206.6592 0001314  90.4748 269.6404 15.31039729266470
48458,STARLINK-2698,2026-03-04T09:58:31.341792,15.31039199,0.00011400,53.1601,203.3200,93.6137,266.4995,1 48458U 21040AG  26063.41564053  .00005604  00000-0  19613-3 0  9999,2 48458  53.1601 203.3200 0001140  93.6137 266.4995 15.31039199266581
48458,STARLINK-2698,2026-03-04T09:58:31.341792,15.31039199,0.00011400,53.1601,203.3200,93.6137,266.4995,1 48458U 21040AG  26063.41564053  .00005604  00000-0  19613-3 0  9999,2 48458  53.1601 203.3200 0001140  93.6137 266.4995 15.31039199266581
48458,STARLINK-2698,2026-03-05T01:38:32.928288,15.31023309,0.00009670,53.1588,200.2843,91.2560,268.8552,1 48458U 21040AG  26064.06843667 -.00001539  00000-0 -38745-4 0  9995,2 48458  53.1588 200.2843 0000967  91.2560 268.8552 15.31023309266686
48458,STARLINK-2698,2026-03-05T01:38:32.929152,15.31023310,0.00009668,53.1588,200.2843,91.2560,268.8552,1 48458U 21040AG  26064.06843668 -.00001539  00000-0 -38745-4 0  9996,2 48458  53.1588 200.2843 0000967  91.2560 268.8552 15.31023310266688
48458,STARLINK-2698,2026-03-05T14:10:33.471552,15.31036433,0.00011877,53.1607,197.8555,82.4590,277.6546,1 48458U 21040AG  26064.59066518  .00001215  00000-0  51895-4 0  9995,2 48458  53.1607 197.8555 0001188  82.4590 277.6546 15.31036433266762
48458,STARLINK-2698,2026-03-05T14:10:33.471552,15.31036433,0.00011880,53.1607,197.8555,82.4590,277.6546,1 48458U 21040AG  26064.59066518  .00001215  00000-0  51895-4 0  9995,2 48458  53.1607 197.8555 0001188  82.4590 277.6546 15.31036433266762
48458,STARLINK-2698,2026-03-06T15:14:35.359872,15.31031779,0.00016073,53.1631,192.9982,90.9254,269.1931,1 48458U 21040AG  26065.63513148  .00002994  00000-0  11041-3 0  9990,2 48458  53.1631 192.9982 0001607  90.9254 269.1931 15.31031779266926
48458,STARLINK-2698,2026-03-07T11:36:36.793152,15.31030419,0.00014100,53.1621,189.0499,85.5163,274.5999,1 48458U 21040AG  26066.48375918  .00005961  00000-0  20790-3 0  9993,2 48458  53.1621 189.0499 0001410  85.5163 274.5999 15.31030419267055
48458,STARLINK-2698,2026-03-07T14:44:35.580480,15.31053087,0.00013219,53.1625,188.4427,86.6207,273.4945,1 48458U 21040AG  26066.61430070  .00002616  00000-0  97915-4 0  9997,2 48458  53.1625 188.4427 0001322  86.6207 273.4945 15.31053087267073
48458,STARLINK-2698,2026-03-07T14:44:35.580480,15.31053087,0.00013220,53.1625,188.4427,86.6207,273.4945,1 48458U 21040AG  26066.61430070  .00002616  00000-0  97915-4 0  9997,2 48458  53.1625 188.4427 0001322  86.6207 273.4945 15.31053087267073
48458,STARLINK-2698,2026-03-08T12:40:38.068032,15.31033308,0.00013790,53.1625,184.1937,94.5145,265.6014,1 48458U 21040AG  26067.52821838  .00001019  00000-0  45459-4 0  9996,2 48458  53.1625 184.1937 0001379  94.5145 265.6014 15.31033308267213
48458,STARLINK-2698,2026-03-08T14:14:38.265216,15.31032094,0.00013257,53.1618,183.8899,89.0383,271.0770,1 48458U 21040AG  26067.59349844  .00000867  00000-0  40447-4 0  9997,2 48458  53.1618 183.8899 0001326  89.0383 271.0770 15.31032094267225
48458,STARLINK-2698,2026-03-08T22:04:53.253120,15.30848394,0.00008258,53.1624,182.3732,77.5057,282.6037,1 48458U 21040AG  26067.92006080 -.00023023  00000-0 -75224-3 0  9997,2 48458  53.1624 182.3732 0000826  77.5057 282.6037 15.30848394267272
48458,STARLINK-2698,2026-03-09T12:11:15.074304,15.30524403,0.00015980,53.1629,179.6450,55.7745,304.3407,1 48458U 21040AG  26068.50781336 -.00089841  00000-0 -30271-2 0  9998,2 48458  53.1629 179.6450 0001598  55.7745 304.3407 15.30524403267367
48458,STARLINK-2698,2026-03-09T13:45:18.039744,15.30496165,0.00013885,53.1606,179.3378,68.9532,291.1617,1 48458U 21040AG  26068.57312546 -.00093133  00000-0 -31426-2 0  9990,2 48458  53.1606 179.3378 0001389  68.9532 291.1617 15.30496165267376
48458,STARLINK-2698,2026-03-09T13:45:18.039744,15.30496165,0.00013890,53.1606,179.3378,68.9532,291.1617,1 48458U 21040AG  26068.57312546 -.00093133  00000-0 -31426-2 0  9990,2 48458  53.1606 179.3378 0001389  68.9532 291.1617 15.30496165267376
48458,STARLINK-2698,2026-03-10T06:59:52.543968,15.30457524,0.00013391,53.1617,176.0020,100.8967,259.2185,1 48458U 21040AG  26069.29158037 -.00054754  00000-0 -18354-2 0  9994,2 48458  53.1617 176.0020 0001339 100.8967 259.2185 15.30457524267482
48458,STARLINK-2698,2026-03-10T13:16:02.527392,15.30436414,0.00011460,53.1601,174.7887,71.6258,288.4867,1 48458U 21040AG  26069.55280703 -.00053151  00000-0 -17821-2 0  9997,2 48458  53.1601 174.7887 0001146  71.6258 288.4867 15.30436414267526
48458,STARLINK-2698,2026-03-10T21:06:14.785920,15.30416780,0.00011220,53.1607,173.2707,88.7854,271.3275,1 48458U 21040AG  26069.87933780 -.00049523  00000-0 -16598-2 0  9990,2 48458  53.1607 173.2707 0001122  88.7854 271.3275 15.30416780267575
48458,STARLINK-2698,2026-03-10T22:40:17.676192,15.30414808,0.00012383,53.1613,172.9679,72.4895,287.6242,1 48458U 21040AG  26069.94464903 -.00048287  00000-0 -16179-2 0  9995,2 48458  53.1613 172.9679 0001238  72.4895 287.6242 15.30414808267583
48458,STARLINK-2698,2026-03-10T22:40:17.676192,15.30414808,0.00012380,53.1613,172.9679,72.4895,287.6242,1 48458U 21040AG  26069.94464903 -.00048287  00000-0 -16179-2 0  9995,2 48458  53.1613 172.9679 0001238  72.4895 287.6242 15.30414808267583
48458,STARLINK-2698,2026-03-11T06:30:34.659936,15.30286351,0.00009584,53.1604,171.4494,102.5216,257.5892,1 48458U 21040AG  26070.27123449 -.00019024  00000-0 -63014-3 0  9998,2 48458  53.1604 171.4494 0000958 102.5216 257.5892 15.30286351267635
48458,STARLINK-2698,2026-03-11T11:12:46.391904,15.30199335,0.00011480,53.1602,170.5406,89.3882,270.7250,1 48458U 21040AG  26070.46720361  .00003552  00000-0  13199-3 0  9991,2 48458  53.1602 170.5406 0001148  89.3882 270.7250 15.30199335267662
48458,STARLINK-2698,2026-03-11T20:00:01.999008,15.30195498,0.00014760,53.1591,168.8400,79.6189,138.6255,1 48458U 21040AG  26070.83335647  .00013538  00000-0  46844-3 0  9999,2 48458  53.1591 168.8400 0001476  79.6189 138.6255 15.30195498  5897
48458,STARLINK-2698,2026-03-12T00:00:01.999296,15.30187335,0.00013760,53.1593,168.0649,98.2532,318.6352,1 48458U 21040AG  26071.00002314  .00016746  00000-0  57645-3 0  9996,2 48458  53.1593 168.0649 0001376  98.2532 318.6352 15.30187335  5927
48458,STARLINK-2698,2026-03-12T00:00:02.000160,15.30187336,0.00013761,53.1593,168.0649,98.2532,318.6352,1 48458U 21040AG  26071.00002315  .00016746  00000-0  57645-3 0  9997,2 48458  53.1593 168.0649 0001376  98.2532 318.6352 15.30187336  5928
48458,STARLINK-2698,2026-03-12T06:01:25.181760,15.30197540,0.00010964,53.1601,166.8994,87.5657,272.5469,1 48458U 21040AG  26071.25098590  .00001586  00000-0  65672-4 0  9990,2 48458  53.1601 166.8994 0001096  87.5657 272.5469 15.30197540267784
48458,STARLINK-2698,2026-03-12T13:51:40.521312,15.30208238,0.00012930,53.1606,165.3823,107.6156,252.4986,1 48458U 21040AG  26071.57755233  .00002653  00000-0  10165-3 0  9991,2 48458  53.1606 165.3823 0001293 107.6156 252.4986 15.30208238267835
48458,STARLINK-2698,2026-03-12T13:51:40.522176,15.30208238,0.00012926,53.1606,165.3823,107.6156,252.4986,1 48458U 21040AG  26071.57755234  .00002653  00000-0  10165-3 0  9992,2 48458  53.1606 165.3823 0001293 107.6156 252.4986 15.30208238267835
48458,STARLINK-2698,2026-03-13T07:06:16.204896,15.30195443,0.00022122,53.1599,162.0493,56.9422,303.1791,1 48458U 21040AG  26072.29602089 -.00001839  00000-0 -49962-4 0  9996,2 48458  53.1599 162.0493 0002212  56.9422 303.1791 15.30195443267940
48458,STARLINK-2698,2026-03-14T12:52:55.594848,15.30655811,0.00027031,53.1591,156.2788,69.2785,290.8506,1 48458U 21040AG  26073.53675457  .00107038  00000-0  35242-2 0  9993,2 48458  53.1591 156.2788 0002703  69.2785 290.8506 15.30655811268136
48458,STARLINK-2698,2026-03-15T15:32:11.504832,15.30165300,0.00028839,53.1587,151.1242,115.1036,245.0265,1 48458U 21040AG  26074.64735538 -.00005424  00000-0 -17125-3 0  9992,2 48458  53.1587 151.1242 0002884 115.1036 245.0265 15.30165300268302
48458,STARLINK-2698,2026-03-15T21:48:20.072160,15.30321998,0.00018833,53.1584,149.9102,135.2380,224.8773,1 48458U 21040AG  26074.90856565 -.00091513  00000-0 -31037-2 0  9996,2 48458  53.1584 149.9102 0001883 135.2380 224.8773 15.30321998268342
48458,STARLINK-2698,2026-03-16T13:28:57.143136,15.30184074,0.00010821,53.1581,146.8767,112.4914,247.6202,1 48458U 21040AG  26075.56177249 -.00004604  00000-0 -14349-3 0  9997,2 48458  53.1581 146.8767 0001082 112.4914 247.6202 15.30184074268446
48458,STARLINK-2698,2026-03-16T13:28:57.143136,15.30184074,0.00010820,53.1581,146.8767,112.4914,247.6202,1 48458U 21040AG  26075.56177249 -.00004604  00000-0 -14349-3 0  9997,2 48458  53.1581 146.8767 0001082 112.4914 247.6202 15.30184074268446
48458,STARLINK-2698,2026-03-17T09:51:39.640608,15.30191335,0.00010921,53.1578,142.9330,99.1910,260.9215,1 48458U 21040AG  26076.41087547  .00007315  00000-0  25891-3 0  9997,2 48458  53.1578 142.9330 0001092  99.1910 260.9215 15.30191335268577
48458,STARLINK-2698,2026-03-17T20:50:01.766400,15.30202246,0.00010854,53.1575,140.8093,99.1089,261.0035,1 48458U 21040AG  26076.86807600  .00007999  00000-0  28189-3 0  9997,2 48458  53.1575 140.8093 0001085  99.1089 261.0035 15.30202246268640
48458,STARLINK-2698,2026-03-17T20:50:01.766400,15.30202246,0.00010850,53.1575,140.8093,99.1089,261.0035,1 48458U 21040AG  26076.86807600  .00007999  00000-0  28189-3 0  9997,2 48458  53.1575 140.8093 0001085  99.1089 261.0035 15.30202246268640
48458,STARLINK-2698,2026-03-18T10:56:29.247648,15.30237579,0.00009260,53.1565,138.0769,81.7956,278.3150,1 48458U 21040AG  26077.45589407  .00019218  00000-0  65855-3 0  9993,2 48458  53.1565 138.0769 0000926  81.7956 278.3150 15.30237579268737
48458,STARLINK-2698,2026-03-18T14:04:35.283072,15.30243024,0.00009340,53.1566,137.4703,83.2801,276.8306,1 48458U 21040AG  26077.58651948  .00019452  00000-0  66628-3 0  9996,2 48458  53.1566 137.4703 0000934  83.2801 276.8306 15.30243024268754
48458,STARLINK-2698,2026-03-18T14:04:35.283936,15.30243024,0.00009344,53.1566,137.4704,83.2801,276.8306,1 48458U 21040AG  26077.58651949  .00019452  00000-0  66628-3 0  9997,2 48458  53.1566 137.4704 0000934  83.2801 276.8306 15.30243024268755
48458,STARLINK-2698,2026-03-19T07:19:09.950592,15.30219799,0.00016816,53.1558,134.1282,106.4955,253.6231,1 48458U 21040AG  26078.30497628  .00003539  00000-0  13148-3 0  9998,2 48458  53.1558 134.1282 0001682 106.4955 253.6231 15.30219799268864
48458,STARLINK-2698,2026-03-19T13:35:22.876800,15.30208402,0.00009760,53.1585,132.9205,93.5148,266.5965,1 48458U 21040AG  26078.56623700  .00000088  00000-0  15089-4 0  9991,2 48458  53.1585 132.9205 0000976  93.5148 266.5965 15.30208402268901
48458,STARLINK-2698,2026-03-19T13:35:22.877664,15.30208402,0.00009764,53.1585,132.9205,93.5148,266.5965,1 48458U 21040AG  26078.56623701  .00000088  00000-0  15089-4 0  9992,2 48458  53.1585 132.9205 0000976  93.5148 266.5965 15.30208402268901
58380,STARLINK-30915,2026-03-01T02:47:05.194176,15.30305262,0.00009459,53.1572,311.1631,87.0238,273.0871,1 58380U 23178G   26060.11603234  .00007476  00000-0  26344-3 0  9995,2 58380  53.1572 311.1631 0000946  87.0238 273.0871 15.30305262129807
58380,STARLINK-30915,2026-03-01T02:47:05.194176,15.30305262,0.00009460,53.1572,311.1631,87.0238,273.0871,1 58380U 23178G   26060.11603234  .00007476  00000-0  26344-3 0  9995,2 58380  53.1572 311.1631 0000946  87.0238 273.0871 15.30305262129807
58380,STARLINK-30915,2026-03-01T20:01:34.808160,15.30328606,0.00009200,53.1568,307.8255,90.2403,269.8703,1 58380U 23178G   26060.83443065  .00008977  00000-0  31360-3 0  9999,2 58380  53.1568 307.8255 0000920  90.2403 269.8703 15.30328606129914
58380,STARLINK-30915,2026-03-01T23:09:40.053888,15.30338424,0.00008880,53.1567,307.2186,88.1848,271.9254,1 58380U 23178G   26060.96504692  .00011422  00000-0  39549-3 0  9993,2 58380  53.1567 307.2186 0000888  88.1848 271.9254 15.30338424129938
58380,STARLINK-30915,2026-03-01T23:09:40.054752,15.30338424,0.00008880,53.1567,307.2186,88.1848,271.9254,1 58380U 23178G   26060.96504693  .00011422  00000-0  39549-3 0  9994,2 58380  53.1567 307.2186 0000888  88.1848 271.9254 15.30338424129938
58380,STARLINK-30915,2026-03-02T19:32:13.617600,15.30367808,0.00008830,53.1567,303.2738,88.0793,272.0309,1 58380U 23178G   26061.81404650  .00013529  00000-0  46567-3 0  9999,2 58380  53.1567 303.2738 0000883  88.0793 272.0309 15.30367808130067
58380,STARLINK-30915,2026-03-02T22:40:18.643008,15.30374179,0.00008406,53.1565,302.6671,86.9022,273.2075,1 58380U 23178G   26061.94466022  .00014797  00000-0  50801-3 0  9998,2 58380  53.1565 302.6671 0000841  86.9022 273.2075 15.30374179130084
58380,STARLINK-30915,2026-03-02T22:40:18.643008,15.30374179,0.00008410,53.1565,302.6671,86.9022,273.2075,1 58380U 23178G   26061.94466022  .00014797  00000-0  50801-3 0  9998,2 58380  53.1565 302.6671 0000841  86.9022 273.2075 15.30374179130084
58380,STARLINK-30915,2026-03-03T15:54:45.929376,15.30397301,0.00008522,53.1566,299.3281,81.5527,278.5570,1 58380U 23178G   26062.66303159  .00016112  00000-0  55158-3 0  9992,2 58380  53.1566 299.3281 0000852  81.5527 278.5570 15.30397301130199
58380,STARLINK-30915,2026-03-03T15:54:45.929376,15.30397300,0.00008520,53.1566,299.3281,81.5527,278.5570,1 58380U 23178G   26062.66303159  .00016112  00000-0  55158-3 0  9992,2 58380  53.1566 299.3281 0000852  81.5527 278.5570 15.30397300130198
58380,STARLINK-30915,2026-03-03T19:02:50.745696,15.30403879,0.00008543,53.1567,298.7224,85.4306,274.6792,1 58380U 23178G   26062.79364289  .00017555  00000-0  59967-3 0  9991,2 58380  53.1567 298.7224 0000854  85.4306 274.6792 15.30403879130214
58380,STARLINK-30915,2026-03-04T01:19:00.310944,15.30414770,0.00008480,53.1567,297.5083,83.7354,276.3744,1 58380U 23178G   26063.05486471  .00019142  00000-0  65241-3 0  9995,2 58380  53.1567 297.5083 0000848  83.7354 276.3744 15.30414770130253
58380,STARLINK-30915,2026-03-04T01:19:00.311808,15.30414770,0.00008483,53.1567,297.5083,83.7354,276.3744,1 58380U 23178G   26063.05486472  .00019142  00000-0  65241-3 0  9996,2 58380  53.1567 297.5083 0000848  83.7354 276.3744 15.30414770130253
58380,STARLINK-30915,2026-03-05T00:49:34.650048,15.30454158,0.00008518,53.1568,292.9565,79.6204,280.4893,1 58380U 23178G   26064.03442882  .00018096  00000-0  61675-3 0  9996,2 58380  53.1568 292.9565 0000852  79.6204 280.4893 15.30454158130403
58380,STARLINK-30915,2026-03-05T00:49:34.650048,15.30454158,0.00008520,53.1568,292.9565,79.6204,280.4893,1 58380U 23178G   26064.03442882  .00018096  00000-0  61675-3 0  9996,2 58380  53.1568 292.9565 0000852  79.6204 280.4893 15.30454158130403
58380,STARLINK-30915,2026-03-05T08:39:45.507168,15.30469592,0.00007917,53.1568,291.4382,98.1498,261.9593,1 58380U 23178G   26064.36094337  .00019211  00000-0  65363-3 0  9998,2 58380  53.1568 291.4382 0000792  98.1498 261.9593 15.30469592130452
58380,STARLINK-30915,2026-03-05T08:39:45.507168,15.30469592,0.00007920,53.1568,291.4382,98.1498,261.9593,1 58380U 23178G   26064.36094337  .00019211  00000-0  65363-3 0  9998,2 58380  53.1568 291.4382 0000792  98.1498 261.9593 15.30469592130452
58380,STARLINK-30915,2026-03-05T21:12:02.429280,15.30491650,0.00007641,53.1572,289.0105,86.7470,273.3618,1 58380U 23178G   26064.88336145  .00018329  00000-0  62383-3 0  9999,2 58380  53.1572 289.0105 0000764  86.7470 273.3618 15.30491650130539
58380,STARLINK-30915,2026-03-06T00:20:06.544896,15.30497139,0.00007268,53.1569,288.4031,91.0084,269.1001,1 58380U 23178G   26065.01396464  .00018188  00000-0  61902-3 0  9994,2 58380  53.1569 288.4031 0000727  91.0084 269.1001 15.30497139130554
58380,STARLINK-30915,2026-03-06T23:50:36.554496,15.30530868,0.00006673,53.1587,283.8500,83.0080,277.0997,1 58380U 23178G   26065.99347864  .00016544  00000-0  56368-3 0  9995,2 58380  53.1587 283.8500 0000667  83.0080 277.0997 15.30530868130700
58380,STARLINK-30915,2026-03-06T23:50:36.554496,15.30530868,0.00006670,53.1587,283.8500,83.0080,277.0997,1 58380U 23178G   26065.99347864  .00016544  00000-0  56368-3 0  9995,2 58380  53.1587 283.8500 0000667  83.0080 277.0997 15.30530868130700
58380,STARLINK-30915,2026-03-07T23:21:04.455072,15.30575283,0.00006965,53.1589,279.2973,76.8855,283.2224,1 58380U 23178G   26066.97296823  .00021947  00000-0  74230-3 0  9993,2 58380  53.1589 279.2973 0000697  76.8855 283.2224 15.30575283130856
58380,STARLINK-30915,2026-03-07T23:21:04.455072,15.30575283,0.00006970,53.1589,279.2973,76.8855,283.2224,1 58380U 23178G   26066.97296823  .00021947  00000-0  74230-3 0  9993,2 58380  53.1589 279.2973 0000697  76.8855 283.2224 15.30575283130856
58380,STARLINK-30915,2026-03-08T13:27:20.190240,15.30597860,0.00009270,53.1571,276.5686,60.8661,299.2432,1 58380U 23178G   26067.56065035  .00020003  00000-0  67733-3 0  9990,2 58380  53.1571 276.5686 0000927  60.8661 299.2432 15.30597860130945
58380,STARLINK-30915,2026-03-08T15:01:21.902016,15.30599455,0.00009134,53.1574,276.2645,62.6421,297.4673,1 58380U 23178G   26067.62594794  .00019366  00000-0  65616-3 0  9994,2 58380  53.1574 276.2645 0000913  62.6421 297.4673 15.30599455130959
58380,STARLINK-30915,2026-03-08T21:17:28.554720,15.30609791,0.00009438,53.1572,275.0504,63.1482,296.9616,1 58380U 23178G   26067.88713605  .00018878  00000-0  63977-3 0  9991,2 58380  53.1572 275.0504 0000944  63.1482 296.9616 15.30609791130995
58380,STARLINK-30915,2026-03-09T17:39:49.313088,15.30637131,0.00009560,53.1565,271.1045,62.3176,297.7922,1 58380U 23178G   26068.73598742  .00015191  00000-0  51696-3 0  9999,2 58380  53.1565 271.1045 0000956  62.3176 297.7922 15.30637131131122
58380,STARLINK-30915,2026-03-09T22:21:53.881632,15.30645879,0.00009681,53.1565,270.1940,62.1565,297.9534,1 58380U 23178G   26068.93187363  .00016525  00000-0  56105-3 0  9996,2 58380  53.1565 270.1940 0000968  62.1565 297.9534 15.30645879131150
58380,STARLINK-30915,2026-03-09T22:21:53.881632,15.30645879,0.00009680,53.1565,270.1940,62.1565,297.9534,1 58380U 23178G   26068.93187363  .00016525  00000-0  56105-3 0  9996,2 58380  53.1565 270.1940 0000968  62.1565 297.9534 15.30645879131150
58380,STARLINK-30915,2026-03-10T18:44:10.160160,15.30718791,0.00005890,53.1558,266.2480,239.8977,120.1965,1 58380U 23178G   26069.78067315  .00021580  00000-0  72690-3 0  9998,2 58380  53.1558 266.2480 0000589 239.8977 120.1965 15.30718791131289
58380,STARLINK-30915,2026-03-10T21:52:13.468800,15.30487829,0.00011969,53.1557,265.6407,164.6219,195.4818,1 58380U 23178G   26069.91126700 -.00121147  00000-0 -41080-2 0  9997,2 58380  53.1557 265.6407 0001197 164.6219 195.4818 15.30487829131300
58380,STARLINK-30915,2026-03-10T21:52:13.468800,15.30487829,0.00011970,53.1557,265.6407,164.6219,195.4818,1 58380U 23178G   26069.91126700 -.00121147  00000-0 -41080-2 0  9997,2 58380  53.1557 265.6407 0001197 164.6219 195.4818 15.30487829131300
58380,STARLINK-30915,2026-03-11T13:32:29.048640,15.30700121,0.00008640,53.1547,262.6050,41.4647,318.6420,1 58380U 23178G   26070.56422510  .00021547  00000-0  72624-3 0  9998,2 58380  53.1547 262.6050 0000864  41.4647 318.6420 15.30700121131409
58380,STARLINK-30915,2026-03-11T19:48:34.432128,15.30708582,0.00009550,53.1542,261.3909,64.5831,295.5269,1 58380U 23178G   26070.82539852  .00019423  00000-0  65583-3 0  9991,2 58380  53.1542 261.3909 0000955  64.5831 295.5269 15.30708582131442
58380,STARLINK-30915,2026-03-11T21:22:35.714496,15.30711983,0.00009135,53.1543,261.0876,64.3020,295.8075,1 58380U 23178G   26070.89069114  .00017397  00000-0  58878-3 0  9994,2 58380  53.1543 261.0876 0000914  64.3020 295.8075 15.30711983131454
58380,STARLINK-30915,2026-03-11T21:22:35.714496,15.30711983,0.00009140,53.1543,261.0876,64.3020,295.8075,1 58380U 23178G   26070.89069114  .00017397  00000-0  58878-3 0  9994,2 58380  53.1543 261.0876 0000914  64.3020 295.8075 15.30711983131454
58380,STARLINK-30915,2026-03-12T13:02:48.164064,15.30730356,0.00009020,53.1535,258.0518,71.6761,288.4338,1 58380U 23178G   26071.54361301  .00016113  00000-0  54598-3 0  9990,2 58380  53.1535 258.0518 0000902  71.6761 288.4338 15.30730356131550
58380,STARLINK-30915,2026-03-12T13:02:48.164928,15.30730356,0.00009021,53.1535,258.0518,71.6761,288.4338,1 58380U 23178G   26071.54361302  .00016113  00000-0  54598-3 0  9991,2 58380  53.1535 258.0518 0000902  71.6761 288.4338 15.30730356131550
58380,STARLINK-30915,2026-03-12T17:44:51.744192,15.30736121,0.00008970,53.1537,257.1410,70.9711,289.1387,1 58380U 23178G   26071.73948778  .00015370  00000-0  52132-3 0  9996,2 58380  53.1537 257.1410 0000897  70.9711 289.1387 15.30736121131584
58380,STARLINK-30915,2026-03-12T17:44:51.745056,15.30736121,0.00008971,53.1537,257.1410,70.9711,289.1387,1 58380U 23178G   26071.73948779  .00015370  00000-0  52132-3 0  9997,2 58380  53.1537 257.1410 0000897  70.9711 289.1387 15.30736121131584
58380,STARLINK-30915,2026-03-13T12:33:05.458176,15.30761078,0.00008603,53.1533,253.4980,67.7032,292.4060,1 58380U 23178G   26072.52297984  .00016714  00000-0  56533-3 0  9992,2 58380  53.1533 253.4980 0000860  67.7032 292.4060 15.30761078131709
58380,STARLINK-30915,2026-03-13T21:57:11.839968,15.30775037,0.00008454,53.1533,251.6765,67.3485,292.7605,1 58380U 23178G   26072.91472037  .00017245  00000-0  58262-3 0  9990,2 58380  53.1533 251.6765 0000845  67.3485 292.7605 15.30775037131765
58380,STARLINK-30915,2026-03-16T18:57:11.758752,15.29361572,0.00010030,53.1576,238.3343,92.0124,268.0991,1 58380U 23178G   26075.78971943  .00002913  00000-0  11322-3 0  9990,2 58380  53.1576 238.3343 0001003  92.0124 268.0991 15.29361572132205
58380,STARLINK-30915,2026-03-17T04:00:01.999584,15.29365791,0.00009920,53.1588,236.5851,88.5155,188.2230,1 58380U 23178G   26076.16668981 -.00011878  00000-0 -39982-3 0  9992,2 58380  53.1588 236.5851 0000992  88.5155 188.2230 15.29365791  5847
58380,STARLINK-30915,2026-03-17T06:00:02.000160,15.29336248,0.00009421,53.1588,236.1981,100.8010,275.0063,1 58380U 23178G   26076.25002315  .00039710  00000-0  13819-2 0  9998,2 58380  53.1588 236.1981 0000942 100.8010 275.0063 15.29336248  5866
58380,STARLINK-30915,2026-03-17T14:00:01.999872,15.29374823,0.00009670,53.1590,234.6523,91.7592,320.2862,1 58380U 23178G   26076.58335648 -.00022897  00000-0 -78313-3 0  9993,2 58380  53.1590 234.6523 0000967  91.7592 320.2862 15.29374823  5764
58380,STARLINK-30915,2026-03-17T20:00:01.999008,15.29339595,0.00010280,53.1593,233.4936,78.0622,271.1854,1 58380U 23178G   26076.83335647  .00046116  00000-0  16014-2 0  9997,2 58380  53.1593 233.4936 0001028  78.0622 271.1854 15.29339595  5798
58380,STARLINK-30915,2026-03-17T22:00:03.000096,15.29341083,0.00009563,53.1590,233.1068,77.4610,10.9141,1 58380U 23178G   26076.91670139  .00048397  00000-0  16794-2 0  9992,2 58380  53.1590 233.1068 0000956  77.4610  10.9141 15.29341083  5813
58380,STARLINK-30915,2026-03-18T06:00:02.000160,15.29333307,0.00010473,53.1595,231.5589,87.5520,37.0171,1 58380U 23178G   26077.25002315  .00043429  00000-0  15096-2 0  9990,2 58380  53.1595 231.5589 0001047  87.5520  37.0171 15.29333307  5860
58380,STARLINK-30915,2026-03-18T12:00:02.998944,15.29363656,0.00009620,53.1598,230.3993,89.7866,332.0191,1 58380U 23178G   26077.50003471 -.00007320  00000-0 -24154-3 0  9990,2 58380  53.1598 230.3993 0000962  89.7866 332.0191 15.29363656  5805
58380,STARLINK-30915,2026-03-18T14:00:01.000224,15.29364071,0.00011406,53.1598,230.0134,82.1757,78.5674,1 58380U 23178G   26077.58334491 -.00018411  00000-0 -62712-3 0  9992,2 58380  53.1598 230.0134 0001141  82.1757  78.5674 15.29364071  5816
58380,STARLINK-30915,2026-03-18T20:00:01.999008,15.29329911,0.00011290,53.1600,228.8546,78.0331,19.9720,1 58380U 23178G   26077.83335647  .00052522  00000-0  18210-2 0  9996,2 58380  53.1600 228.8546 0001129  78.0331  19.9720 15.29329911  5859
58380,STARLINK-30915,2026-03-18T20:00:01.999872,15.29329911,0.00011291,53.1600,228.8546,78.0331,19.9720,1 58380U 23178G   26077.83335648  .00052522  00000-0  18210-2 0  9997,2 58380  53.1600 228.8546 0001129  78.0331  19.9720 15.29329911  5859
58380,STARLINK-30915,2026-03-19T06:00:02.000160,15.29338465,0.00010413,53.1601,226.9193,87.6793,145.6391,1 58380U 23178G   26078.25002315  .00052407  00000-0  18166-2 0  9998,2 58380  53.1601 226.9193 0001041  87.6793 145.6391 15.29338465  5864
58380,STARLINK-30915,2026-03-19T20:00:01.999008,15.29317774,0.00010750,53.1605,224.2157,74.0131,132.7778,1 58380U 23178G   26078.83335647  .00072851  00000-0  25152-2 0  9997,2 58380  53.1605 224.2157 0001075  74.0131 132.7778 15.29317774  5790
58380,STARLINK-30915,2026-03-19T22:00:00.999936,15.29262073,0.00012604,53.1603,223.8287,78.1116,227.6853,1 58380U 23178G   26078.91667824  .00245285  00000-0  82590-2 0  9993,2 58380  53.1603 223.8287 0001260  78.1116 227.6853 15.29262073  5802
65409,STARLINK-35022,2026-03-01T20:37:55.505280,15.39635002,0.00011310,53.1572,268.8481,87.4979,272.6155,1 65409U 25192F   26060.85967020  .00056745  00000-0  14174-2 0  9990,2 65409  53.1572 268.8481 0001131  87.4979 272.6155 15.39635002 28187
65409,STARLINK-35022,2026-03-01T20:37:55.505280,15.39635002,0.00011313,53.1572,268.8481,87.4979,272.6155,1 65409U 25192F   26060.85967020  .00056745  00000-0  14174-2 0  9990,2 65409  53.1572 268.8481 0001131  87.4979 272.6155 15.39635002 28187
65409,STARLINK-35022,2026-03-02T13:46:10.494912,15.39640353,0.00008796,53.1569,265.4826,83.9437,276.1668,1 65409U 25192F   26061.57373258  .00042662  00000-0  10699-2 0  9995,2 65409  53.1569 265.4826 0000880  83.9437 276.1668 15.39640353 28294
65409,STARLINK-35022,2026-03-02T18:27:03.449088,15.36946590,0.00262360,53.1578,264.5674,138.3568,221.9440,1 65409U 25192F   26061.76878992 -.02442984  00000-0 -73892-1 0  9999,2 65409  53.1578 264.5674 0026236 138.3568 221.9440 15.36946590 28327
65409,STARLINK-35022,2026-03-02T18:27:03.449088,15.36946590,0.00262359,53.1578,264.5674,138.3568,221.9440,1 65409U 25192F   26061.76878992 -.02442984  00000-0 -73892-1 0  9999,2 65409  53.1578 264.5674 0026236 138.3568 221.9440 15.36946590 28327
65409,STARLINK-35022,2026-03-03T04:00:01.999584,15.38169498,0.00007330,53.1582,262.6920,44.7904,2.4141,1 65409U 25192F   26062.16668981 -.01719428  00000-0 -49790-1 0  9998,2 65409  53.1582 262.6920 0000733  44.7904   2.4141 15.38169498  5885
65409,STARLINK-35022,2026-03-03T12:00:00.998784,15.36903230,0.00012430,53.1588,261.1248,36.1241,57.0905,1 65409U 25192F   26062.50001156 -.01556915  00000-0 -47304-1 0  9990,2 65409  53.1588 261.1248 0001243  36.1241  57.0905 15.36903230  5785
65409,STARLINK-35022,2026-03-03T14:00:03.000384,15.36653333,0.00013572,53.1592,260.7344,58.3736,136.2484,1 65409U 25192F   26062.58336806 -.01698482  00000-0 -51609-1 0  9990,2 65409  53.1592 260.7344 0001357  58.3736 136.2484 15.36653333  5792
65409,STARLINK-35022,2026-03-03T18:00:01.999296,15.36048310,0.00011120,53.1592,259.9540,51.2956,345.5834,1 65409U 25192F   26062.75002314 -.01715394  00000-0 -53213-1 0  9998,2 65409  53.1592 259.9540 0001112  51.2956 345.5834 15.36048310  5826
65409,STARLINK-35022,2026-03-03T18:00:02.000160,15.36048310,0.00011116,53.1592,259.9540,51.2956,345.5834,1 65409U 25192F   26062.75002315 -.01715394  00000-0 -53213-1 0  9999,2 65409  53.1592 259.9540 0001112  51.2956 345.5834 15.36048310  5826
65409,STARLINK-35022,2026-03-04T04:00:03.000096,15.34510237,0.00012510,53.1595,258.0036,58.0894,123.0539,1 65409U 25192F   26063.16670139 -.01537769  00000-0 -50410-1 0  9994,2 65409  53.1595 258.0036 0001251  58.0894 123.0539 15.34510237  5886
65409,STARLINK-35022,2026-03-04T12:00:00.998784,15.33779532,0.00014130,53.1598,256.4450,132.7795,89.8773,1 65409U 25192F   26063.50001156 -.02104836  00000-0 -70543-1 0  9994,2 65409  53.1598 256.4450 0001413 132.7795  89.8773 15.33779532  5772
65409,STARLINK-35022,2026-03-04T14:00:01.999872,15.33093298,0.00011646,53.1598,256.0563,102.0220,221.0277,1 65409U 25192F   26063.58335648 -.01686798  00000-0 -57427-1 0  9995,2 65409  53.1598 256.0563 0001165 102.0220 221.0277 15.33093298  5788
65409,STARLINK-35022,2026-03-04T20:00:03.000384,15.32130357,0.00011040,53.1599,254.8923,76.2014,187.0829,1 65409U 25192F   26063.83336806 -.01495042  00000-0 -52706-1 0  9995,2 65409  53.1599 254.8923 0001104  76.2014 187.0829 15.32130357  5827
65409,STARLINK-35022,2026-03-05T04:00:01.999584,15.31021440,0.00011430,53.1595,253.3397,77.9590,224.1471,1 65409U 25192F   26064.16668981 -.00004302  00000-0 -12975-3 0  9994,2 65409  53.1595 253.3397 0001143  77.9590 224.1471 15.31021440  5874
65409,STARLINK-35022,2026-03-05T06:00:02.999808,15.31013220,0.00010794,53.1595,252.9518,83.7660,317.9700,1 65409U 25192F   26064.25003472  .00014791  00000-0  49791-3 0  9999,2 65409  53.1595 252.9518 0001079  83.7660 317.9700 15.31013220  5890
65409,STARLINK-35022,2026-03-05T14:00:01.999872,15.31036460,0.00011023,53.1598,251.4013,87.4597,352.4661,1 65409U 25192F   26064.58335648  .00006048  00000-0  21072-3 0  9996,2 65409  53.1598 251.4013 0001102  87.4597 352.4661 15.31036460  5895
65409,STARLINK-35022,2026-03-05T18:00:00.998784,15.31017783,0.00012420,53.1594,250.6274,76.7293,202.2871,1 65409U 25192F   26064.75001156  .00005145  00000-0  18118-3 0  9993,2 65409  53.1594 250.6274 0001242  76.7293 202.2871 15.31017783  5915
65409,STARLINK-35022,2026-03-05T20:00:00.999360,15.31004886,0.00013080,53.1596,250.2402,74.2793,304.3093,1 65409U 25192F   26064.83334490  .00023193  00000-0  77330-3 0  9996,2 65409  53.1596 250.2402 0001308  74.2793 304.3093 15.31004886  5838
65409,STARLINK-35022,2026-03-05T22:00:01.999584,15.30992257,0.00012036,53.1596,249.8526,70.2069,48.0101,1 65409U 25192F   26064.91668981  .00059848  00000-0  19677-2 0  9995,2 65409  53.1596 249.8526 0001204  70.2069  48.0101 15.30992257  5846
65409,STARLINK-35022,2026-03-06T06:00:02.000160,15.31027687,0.00010166,53.1596,248.3009,81.0872,75.3845,1 65409U 25192F   26065.25002315  .00019622  00000-0  65593-3 0  9991,2 65409  53.1596 248.3009 0001017  81.0872  75.3845 15.31027687  5890
65409,STARLINK-35022,2026-03-06T14:00:01.000224,15.31024305,0.00012596,53.1596,246.7507,86.4647,108.2193,1 65409U 25192F   26065.58334491  .00011267  00000-0  38217-3 0  9990,2 65409  53.1596 246.7507 0001260  86.4647 108.2193 15.31024305  5890
65409,STARLINK-35022,2026-03-06T18:00:00.998784,15.31014760,0.00013040,53.1593,245.9765,78.6930,315.1350,1 65409U 25192F   26065.75001156  .00002147  00000-0  82587-4 0  9995,2 65409  53.1593 245.9765 0001304  78.6930 315.1350 15.31014760  5923
65409,STARLINK-35022,2026-03-06T20:00:00.999360,15.30991137,0.00013100,53.1594,245.5893,78.5167,54.8805,1 65409U 25192F   26065.83334490  .00031645  00000-0  10500-2 0  9993,2 65409  53.1594 245.5893 0001310  78.5167  54.8805 15.30991137  5888
65409,STARLINK-35022,2026-03-07T04:00:03.000096,15.31036418,0.00012220,53.1590,244.0376,78.6816,93.0800,1 65409U 25192F   26066.16670139 -.00008666  00000-0 -27349-3 0  9992,2 65409  53.1590 244.0376 0001222  78.6816  93.0800 15.31036418  5825
65409,STARLINK-35022,2026-03-07T06:00:00.999648,15.31011953,0.00013246,53.1593,243.6500,80.5115,190.6948,1 65409U 25192F   26066.25001157  .00041077  00000-0  13569-2 0  9999,2 65409  53.1593 243.6500 0001325  80.5115 190.6948 15.31011953  5846
65409,STARLINK-35022,2026-03-07T12:00:01.999296,15.31007007,0.00011880,53.1593,242.4871,92.1580,117.8232,1 65409U 25192F   26066.50002314  .00044692  00000-0  14748-2 0  9999,2 65409  53.1593 242.4871 0001188  92.1580 117.8232 15.31007007  5871
65409,STARLINK-35022,2026-03-07T14:00:01.000224,15.31020708,0.00012896,53.1592,242.1001,90.6468,218.8378,1 65409U 25192F   26066.58334491  .00008020  00000-0  27561-3 0  9994,2 65409  53.1592 242.1001 0001290  90.6468 218.8378 15.31020708  5892
65409,STARLINK-35022,2026-03-07T22:00:01.999584,15.30974065,0.00012499,53.1588,240.5513,72.4293,275.3900,1 65409U 25192F   26066.91668981  .00069881  00000-0  22938-2 0  9999,2 65409  53.1588 240.5513 0001250  72.4293 275.3900 15.30974065  5899
65409,STARLINK-35022,2026-03-08T00:00:01.999296,15.30981758,0.00013880,53.1585,240.1634,83.8107,3.5694,1 65409U 25192F   26067.00002314  .00051985  00000-0  17131-2 0  9997,2 65409  53.1585 240.1634 0001388  83.8107   3.5694 15.30981758  5908
65409,STARLINK-35022,2026-03-08T12:09:16.063488,15.31036985,0.00010080,53.1584,237.8073,98.7103,261.4012,1 65409U 25192F   26067.50643592  .00039966  00000-0  13197-2 0  9994,2 65409  53.1584 237.8073 0001008  98.7103 261.4012 15.31036985 29209
65409,STARLINK-35022,2026-03-08T12:09:16.063488,15.31036985,0.00010083,53.1584,237.8074,98.7103,261.4012,1 65409U 25192F   26067.50643592  .00039966  00000-0  13197-2 0  9994,2 65409  53.1584 237.8074 0001008  98.7103 261.4012 15.31036985 29200
65409,STARLINK-35022,2026-03-08T16:51:16.223904,15.31042816,0.00005840,53.1606,236.8962,45.7475,314.3574,1 65409U 25192F   26067.70227111  .00033898  00000-0  11218-2 0  9991,2 65409  53.1606 236.8962 0000584  45.7475 314.3574 15.31042816 29236
65409,STARLINK-35022,2026-03-09T10:05:16.547424,15.31072552,0.00006350,53.1609,233.5553,89.8720,270.2354,1 65409U 25192F   26068.42033041  .00028604  00000-0  94827-3 0  9995,2 65409  53.1609 233.5553 0000635  89.8720 270.2354 15.31072552 29346
65409,STARLINK-35022,2026-03-09T14:47:16.671552,15.31064896,0.00006094,53.1594,232.6395,50.6700,309.4355,1 65409U 25192F   26068.61616518  .00024613  00000-0  81825-3 0  9992,2 65409  53.1594 232.6395 0000609  50.6700 309.4355 15.31064896 29379
65409,STARLINK-35022,2026-03-09T17:55:17.143680,15.31027796,0.00008080,53.1589,232.0428,37.8679,322.2379,1 65409U 25192F   26068.74672620  .00033635  00000-0  11138-2 0  9995,2 65409  53.1589 232.0428 0000808  37.8679 322.2379 15.31027796 29396
65409,STARLINK-35022,2026-03-09T17:55:17.144544,15.31027796,0.00008084,53.1589,232.0428,37.8679,322.2379,1 65409U 25192F   26068.74672621  .00033635  00000-0  11138-2 0  9996,2 65409  53.1589 232.0428 0000808  37.8679 322.2379 15.31027796 29396
65409,STARLINK-35022,2026-03-10T11:09:18.510048,15.31049426,0.00009720,53.1595,228.7000,81.3953,278.7158,1 65409U 25192F   26069.46479757  .00033585  00000-0  11114-2 0  9999,2 65409  53.1595 228.7000 0000972  81.3953 278.7158 15.31049426 29509
65409,STARLINK-35022,2026-03-10T20:33:19.547136,15.31025043,0.00008770,53.1603,226.8775,46.3621,313.7452,1 65409U 25192F   26069.85647624  .00032493  00000-0  10766-2 0  9991,2 65409  53.1603 226.8775 0000877  46.3621 313.7452 15.31025043 29566
65409,STARLINK-35022,2026-03-10T20:33:19.547136,15.31025043,0.00008774,53.1603,226.8775,46.3621,313.7453,1 65409U 25192F   26069.85647624  .00032493  00000-0  10766-2 0  9991,2 65409  53.1603 226.8775 0000877  46.3621 313.7453 15.31025043 29567
65409,STARLINK-35022,2026-03-11T10:39:20.282400,15.31066784,0.00011450,53.1592,224.1406,99.1344,260.9787,1 65409U 25192F   26070.44398475  .00046343  00000-0  15256-2 0  9993,2 65409  53.1592 224.1406 0001145  99.1344 260.9787 15.31066784 29653
65409,STARLINK-35022,2026-03-11T20:03:20.806272,15.31048020,0.00006810,53.1593,222.3243,76.9713,283.1364,1 65409U 25192F   26070.83565748  .00034702  00000-0  11478-2 0  9993,2 65409  53.1593 222.3243 0000681  76.9713 283.1364 15.31048020 29718
65409,STARLINK-35022,2026-03-11T20:03:20.806272,15.31048021,0.00006807,53.1593,222.3243,76.9713,283.1364,1 65409U 25192F   26070.83565748  .00034702  00000-0  11478-2 0  9993,2 65409  53.1593 222.3243 0000681  76.9713 283.1364 15.31048021 29719
65409,STARLINK-35022,2026-03-12T13:17:23.170560,15.30980194,0.00023872,53.1592,218.9837,349.4843,10.6108,1 65409U 25192F   26071.55374040 -.00010715  00000-0 -34165-3 0  9995,2 65409  53.1592 218.9837 0002387 349.4843  10.6108 15.30980194 29821
65409,STARLINK-35022,2026-03-12T14:51:23.225184,15.30981168,0.00008880,53.1593,218.6821,49.1911,310.9167,1 65409U 25192F   26071.61901881 -.00008584  00000-0 -27126-3 0  9991,2 65409  53.1593 218.6821 0000888  49.1911 310.9167 15.30981168 29830
65409,STARLINK-35022,2026-03-12T19:33:24.585696,15.30972592,0.00008190,53.1593,217.7718,43.0931,317.0134,1 65409U 25192F   26071.81486789  .00029416  00000-0  97777-3 0  9992,2 65409  53.1593 217.7718 0000819  43.0931 317.0134 15.30972592 29860
65409,STARLINK-35022,2026-03-12T19:33:24.586560,15.30972592,0.00008187,53.1593,217.7718,43.0931,317.0134,1 65409U 25192F   26071.81486790  .00029416  00000-0  97777-3 0  9994,2 65409  53.1593 217.7718 0000819  43.0931 317.0134 15.30972592 29860
65409,STARLINK-35022,2026-03-13T09:39:26.291232,15.31034976,0.00011334,53.1595,215.0401,30.4006,329.7061,1 65409U 25192F   26072.40238763  .00047852  00000-0  15761-2 0  9991,2 65409  53.1595 215.0401 0001133  30.4006 329.7061 15.31034976 29950
65409,STARLINK-35022,2026-03-14T13:51:26.386272,15.31116742,0.00015363,53.1597,209.5744,8.8489,351.2539,1 65409U 25192F   26073.57738873  .00053484  00000-0  17545-2 0  9997,2 65409  53.1597 209.5744 0001536   8.8489 351.2539 15.31116742 30135
65409,STARLINK-35022,2026-03-14T18:33:26.300448,15.31074383,0.00012015,53.1600,208.6648,34.7575,325.3504,1 65409U 25192F   26073.77322107  .00065699  00000-0  21518-2 0  9994,2 65409  53.1600 208.6648 0001202  34.7575 325.3504 15.31074383 30168
65409,STARLINK-35022,2026-03-15T02:23:26.825856,15.31050764,0.00012530,53.1600,207.1451,72.7690,287.3448,1 65409U 25192F   26074.09961604  .00064204  00000-0  21050-2 0  9993,2 65409  53.1600 207.1451 0001253  72.7690 287.3448 15.31050764 30217
65409,STARLINK-35022,2026-03-15T14:55:27.697440,15.31054201,0.00025168,53.1598,204.7125,96.1658,263.9630,1 65409U 25192F   26074.62184835  .00021781  00000-0  72596-3 0  9990,2 65409  53.1598 204.7125 0002517  96.1658 263.9630 15.31054201 30293
65409,STARLINK-35022,2026-03-15T19:37:28.001280,15.31041037,0.00009197,53.1607,203.8042,72.8172,287.2930,1 65409U 25192F   26074.81768520  .00023766  00000-0  79118-3 0  9992,2 65409  53.1607 203.8042 0000920  72.8172 287.2930 15.31041037 30329
65409,STARLINK-35022,2026-03-16T17:33:29.101248,15.31063713,0.00007110,53.1606,199.5519,119.3913,240.7159,1 65409U 25192F   26075.73158682  .00034198  00000-0  11309-2 0  9994,2 65409  53.1606 199.5519 0000711 119.3913 240.7159 15.31063713 30463
65409,STARLINK-35022,2026-03-17T01:23:29.943744,15.31037578,0.00015940,53.1603,198.0343,84.2008,275.9175,1 65409U 25192F   26076.05798546  .00027741  00000-0  92113-3 0  9998,2 65409  53.1603 198.0343 0001594  84.2008 275.9175 15.31037578 30518
65409,STARLINK-35022,2026-03-17T01:23:29.944608,15.31037578,0.00015937,53.1603,198.0343,84.2008,275.9175,1 65409U 25192F   26076.05798547  .00027741  00000-0  92113-3 0  9999,2 65409  53.1603 198.0343 0001594  84.2008 275.9175 15.31037578 30518
65409,STARLINK-35022,2026-03-18T16:33:32.513760,15.31057460,0.00011710,53.1606,190.4444,87.3069,272.8067,1 65409U 25192F   26077.68995965  .00019138  00000-0  63948-3 0  9997,2 65409  53.1606 190.4444 0001171  87.3069 272.8067 15.31057460 30766
65409,STARLINK-35022,2026-03-18T16:33:32.514624,15.31057460,0.00011715,53.1606,190.4444,87.3069,272.8067,1 65409U 25192F   26077.68995966  .00019138  00000-0  63948-3 0  9998,2 65409  53.1606 190.4444 0001171  87.3069 272.8067 15.31057460 30766
65409,STARLINK-35022,2026-03-19T00:23:33.366624,15.31036574,0.00020568,53.1566,188.9275,80.4696,279.6537,1 65409U 25192F   26078.01635841  .00022245  00000-0  74153-3 0  9992,2 65409  53.1566 188.9275 0002057  80.4696 279.6537 15.31036574 30815
65409,STARLINK-35022,2026-03-19T16:03:34.200576,15.31045327,0.00013790,53.1602,185.8913,82.7768,277.3390,1 65409U 25192F   26078.66914584  .00028632  00000-0  94997-3 0  9991,2 65409  53.1602 185.8913 0001379  82.7768 277.3390 15.31045327 30911
65409,STARLINK-35022,2026-03-19T16:03:34.200576,15.31045327,0.00013789,53.1602,185.8913,82.7768,277.3390,1 65409U 25192F   26078.66914584  .00028632  00000-0  94997-3 0  9991,2 65409  53.1602 185.8913 0001379  82.7768 277.3390 15.31045327 30911
65410,STARLINK-35024,2026-03-01T00:29:24.350208,15.39611748,0.00014060,53.1579,272.8531,84.6000,275.5166,1 65410U 25192G   26060.02042072  .00023387  00000-0  59301-3 0  9990,2 65410  53.1579 272.8531 0001406  84.6000 275.5166 15.39611748 28057
65410,STARLINK-35024,2026-03-01T00:29:24.350208,15.39611749,0.00014064,53.1579,272.8531,84.6000,275.5166,1 65410U 25192G   26060.02042072  .00023387  00000-0  59301-3 0  9990,2 65410  53.1579 272.8531 0001406  84.6000 275.5166 15.39611749 28058
65410,STARLINK-35024,2026-03-01T20:44:36.803904,15.39625757,0.00014960,53.1572,268.8768,94.4673,265.6502,1 65410U 25192G   26060.86431486  .00070965  00000-0  17673-2 0  9992,2 65410  53.1572 268.8768 0001496  94.4673 265.6502 15.39625757 28184
65410,STARLINK-35024,2026-03-01T20:44:36.803904,15.39625757,0.00014960,53.1572,268.8768,94.4673,265.6502,1 65410U 25192G   26060.86431486  .00070965  00000-0  17673-2 0  9992,2 65410  53.1572 268.8768 0001496  94.4673 265.6502 15.39625757 28184
65410,STARLINK-35024,2026-03-01T23:51:34.075296,15.39628758,0.00011560,53.1574,268.2657,92.7592,267.3545,1 65410U 25192G   26060.99414439  .00051012  00000-0  12764-2 0  9993,2 65410  53.1574 268.2657 0001156  92.7592 267.3545 15.39628758 28204
65410,STARLINK-35024,2026-03-01T23:51:34.075296,15.39628758,0.00011558,53.1574,268.2657,92.7592,267.3545,1 65410U 25192G   26060.99414439  .00051012  00000-0  12764-2 0  9993,2 65410  53.1574 268.2657 0001156  92.7592 267.3545 15.39628758 28204
65410,STARLINK-35024,2026-03-02T18:33:17.347680,15.39615101,0.00010530,53.1575,264.5935,63.0559,297.0553,1 65410U 25192G   26061.77311745  .00009732  00000-0  25301-3 0  9990,2 65410  53.1575 264.5935 0001053  63.0559 297.0553 15.39615101 28323
65410,STARLINK-35024,2026-03-02T20:06:45.917280,15.39621787,0.00010300,53.1577,264.2893,95.0847,265.0276,1 65410U 25192G   26061.83803145  .00019559  00000-0  49767-3 0  9997,2 65410  53.1577 264.2893 0001030  95.0847 265.0276 15.39621787 28330
65410,STARLINK-35024,2026-03-02T20:06:45.918144,15.39621787,0.00010304,53.1577,264.2893,95.0847,265.0276,1 65410U 25192G   26061.83803146  .00019559  00000-0  49767-3 0  9998,2 65410  53.1577 264.2893 0001030  95.0847 265.0276 15.39621787 28330
65410,STARLINK-35024,2026-03-03T19:28:57.369504,15.39201866,0.00058816,53.1585,259.7000,14.6830,345.4344,1 65410U 25192G   26062.81177511 -.00136993  00000-0 -35221-2 0  9990,2 65410  53.1585 259.7000 0005882  14.6830 345.4344 15.39201866 28483
65410,STARLINK-35024,2026-03-04T04:00:03.000096,15.37790287,0.00014530,53.1588,258.0314,70.7585,96.1016,1 65410U 25192G   26063.16670139 -.01623452  00000-0 -48142-1 0  9990,2 65410  53.1588 258.0314 0001453  70.7585  96.1016 15.37790287  5889
65410,STARLINK-35024,2026-03-04T12:00:00.998784,15.36605271,0.00014210,53.1590,256.4651,89.2250,123.1675,1 65410U 25192G   26063.50001156 -.01637654  00000-0 -49656-1 0  9995,2 65410  53.1590 256.4651 0001421  89.2250 123.1675 15.36605271  5864
65410,STARLINK-35024,2026-03-04T14:00:01.999872,15.36305135,0.00012677,53.1594,256.0753,99.3590,214.2894,1 65410U 25192G   26063.58335648 -.01561928  00000-0 -48405-1 0  9990,2 65410  53.1594 256.0753 0001268  99.3590 214.2894 15.36305135  5877
65410,STARLINK-35024,2026-03-04T20:00:03.000384,15.35432927,0.00013050,53.1594,254.9047,83.3034,173.4709,1 65410U 25192G   26063.83336806 -.01679191  00000-0 -53018-1 0  9993,2 65410  53.1594 254.9047 0001305  83.3034 173.4709 15.35432927  5913
65410,STARLINK-35024,2026-03-05T04:00:01.999584,15.34248996,0.00011920,53.1590,253.3448,86.0538,213.4791,1 65410U 25192G   26064.16668981 -.01623966  00000-0 -53086-1 0  9996,2 65410  53.1590 253.3448 0001192  86.0538 213.4791 15.34248996  5871
65410,STARLINK-35024,2026-03-05T06:00:02.999808,15.33939706,0.00007732,53.1596,252.9555,95.8402,304.2488,1 65410U 25192G   26064.25003472 -.01603990  00000-0 -52896-1 0  9997,2 65410  53.1596 252.9555 0000773  95.8402 304.2488 15.33939706  5892
65410,STARLINK-35024,2026-03-05T14:00:01.999872,15.32788085,0.00011689,53.1596,251.3988,71.5070,9.5639,1 65410U 25192G   26064.58335648 -.01676963  00000-0 -57613-1 0  9998,2 65410  53.1596 251.3988 0001169  71.5070   9.5639 15.32788085  5846
65410,STARLINK-35024,2026-03-05T18:00:00.998784,15.32107875,0.00016250,53.1592,250.6237,81.0962,199.9407,1 65410U 25192G   26064.75001156 -.01444481  00000-0 -50769-1 0  9994,2 65410  53.1592 250.6237 0001625  81.0962 199.9407 15.32107875  5865
65410,STARLINK-35024,2026-03-05T20:00:00.999360,15.31547545,0.00014430,53.1593,250.2350,74.3173,306.6659,1 65410U 25192G   26064.83334490 -.00794036  00000-0 -27722-1 0  9999,2 65410  53.1593 250.2350 0001443  74.3173 306.6659 15.31547545  5884
65410,STARLINK-35024,2026-03-05T22:00:01.999584,15.30983849,0.00011042,53.1594,249.8476,62.7386,58.1435,1 65410U 25192G   26064.91668981  .00061260  00000-0  20140-2 0  9995,2 65410  53.1594 249.8476 0001104  62.7386  58.1435 15.30983849  5891
65410,STARLINK-35024,2026-03-06T06:00:02.000160,15.31030299,0.00011517,53.1593,248.2953,66.3768,92.7545,1 65410U 25192G   26065.25002315 -.00004706  00000-0 -14302-3 0  9994,2 65410  53.1593 248.2953 0001152  66.3768  92.7545 15.31030299  5844
65410,STARLINK-35024,2026-03-06T14:00:01.000224,15.31039480,0.00012897,53.1594,246.7452,71.6425,125.6791,1 65410U 25192G   26065.58334491 -.00007002  00000-0 -21863-3 0  9995,2 65410  53.1594 246.7452 0001290  71.6425 125.6791 15.31039480  5899
65410,STARLINK-35024,2026-03-06T18:00:00.998784,15.31025154,0.00012950,53.1591,245.9712,67.1690,329.2845,1 65410U 25192G   26065.75001156  .00002636  00000-0  98634-4 0  9990,2 65410  53.1591 245.9712 0001295  67.1690 329.2845 15.31025154  5924
65410,STARLINK-35024,2026-03-06T20:00:00.999360,15.31007709,0.00012830,53.1592,245.5841,61.6710,74.3571,1 65410U 25192G   26065.83334490  .00036298  00000-0  12013-2 0  9995,2 65410  53.1592 245.5841 0001283  61.6710  74.3571 15.31007709  5888
65410,STARLINK-35024,2026-03-07T04:00:03.000096,15.31037062,0.00012320,53.1588,244.0324,59.6246,114.7872,1 65410U 25192G   26066.16670139 -.00011321  00000-0 -36108-3 0  9999,2 65410  53.1588 244.0324 0001232  59.6246 114.7872 15.31037062  5886
65410,STARLINK-35024,2026-03-07T06:00:00.999648,15.31006311,0.00010970,53.1590,243.6444,67.2886,206.5783,1 65410U 25192G   26066.25001157  .00034593  00000-0  11458-2 0  9991,2 65410  53.1590 243.6444 0001097  67.2886 206.5783 15.31006311  5896
65410,STARLINK-35024,2026-03-07T12:00:01.999296,15.31008265,0.00011650,53.1590,242.4816,83.0879,129.5451,1 65410U 25192G   26066.50002314  .00041860  00000-0  13825-2 0  9990,2 65410  53.1590 242.4816 0001165  83.0879 129.5451 15.31008265  5874
65410,STARLINK-35024,2026-03-07T14:00:01.000224,15.31024416,0.00011426,53.1590,242.0946,71.5632,240.5681,1 65410U 25192G   26066.58334491  .00006490  00000-0  22534-3 0  9990,2 65410  53.1590 242.0946 0001143  71.5632 240.5681 15.31024416  5896
65410,STARLINK-35024,2026-03-07T22:00:01.999584,15.30982124,0.00012231,53.1587,240.5459,63.8338,286.6455,1 65410U 25192G   26066.91668981  .00071513  00000-0  23460-2 0  9997,2 65410  53.1587 240.5459 0001223  63.8338 286.6455 15.30982124  5898
65410,STARLINK-35024,2026-03-08T00:00:01.999296,15.30994354,0.00013080,53.1583,240.1579,69.1101,20.9303,1 65410U 25192G   26067.00002314  .00047501  00000-0  15667-2 0  9990,2 65410  53.1583 240.1579 0001308  69.1101  20.9303 15.30994354  5905
65410,STARLINK-35024,2026-03-08T04:00:01.999584,15.31016600,0.00011830,53.1583,239.3818,80.5841,208.5753,1 65410U 25192G   26067.16668981 -.00000702  00000-0 -11179-4 0  9995,2 65410  53.1583 239.3818 0001183  80.5841 208.5753 15.31016600  5824
65410,STARLINK-35024,2026-03-08T12:00:01.999296,15.31011604,0.00011780,53.1586,237.8311,93.4743,233.9389,1 65410U 25192G   26067.50002314  .00032034  00000-0  10621-2 0  9995,2 65410  53.1586 237.8311 0001178  93.4743 233.9389 15.31011604  5877
65410,STARLINK-35024,2026-03-08T14:00:01.999872,15.31024659,0.00010695,53.1585,237.4441,90.2823,336.6924,1 65410U 25192G   26067.58335648 -.00002348  00000-0 -65370-4 0  9992,2 65410  53.1585 237.4441 0001070  90.2823 336.6924 15.31024659  5882
65410,STARLINK-35024,2026-03-08T22:00:01.999584,15.31010408,0.00010545,53.1578,235.8951,72.5538,32.6908,1 65410U 25192G   26067.91668981  .00097132  00000-0  31685-2 0  9991,2 65410  53.1578 235.8951 0001055  72.5538  32.6908 15.31010408  5939
65410,STARLINK-35024,2026-03-09T11:38:35.060064,15.31070218,0.00010190,53.1587,233.2490,86.8686,273.2431,1 65410U 25192G   26068.48512801  .00029241  00000-0  96912-3 0  9994,2 65410  53.1587 233.2490 0001019  86.8686 273.2431 15.31070218 29352
65410,STARLINK-35024,2026-03-09T14:46:35.194368,15.31059197,0.00020776,53.1587,232.6450,322.3211,37.7644,1 65410U 25192G   26068.61568512  .00028382  00000-0  94140-3 0  9995,2 65410  53.1587 232.6450 0002078 322.3211  37.7644 15.31059197 29373
65410,STARLINK-35024,2026-03-09T16:20:35.643840,15.31013721,0.00008090,53.1586,232.3417,35.0037,325.1017,1 65410U 25192G   26068.68096810  .00025289  00000-0  84166-3 0  9999,2 65410  53.1586 232.3417 0000809  35.0037 325.1017 15.31013721 29388
65410,STARLINK-35024,2026-03-09T16:20:35.643840,15.31013721,0.00008092,53.1586,232.3417,35.0037,325.1017,1 65410U 25192G   26068.68096810  .00025289  00000-0  84166-3 0  9999,2 65410  53.1586 232.3417 0000809  35.0037 325.1017 15.31013721 29388
65410,STARLINK-35024,2026-03-10T11:08:37.578048,15.31045980,0.00010890,53.1592,228.6973,109.7500,250.3618,1 65410U 25192G   26069.46432382  .00040647  00000-0  13415-2 0  9997,2 65410  53.1592 228.6973 0001089 109.7500 250.3618 15.31045980 29507
65410,STARLINK-35024,2026-03-10T17:24:38.024640,15.31035957,0.00007260,53.1594,227.4814,99.3582,260.7501,1 65410U 25192G   26069.72544010  .00029245  00000-0  97027-3 0  9991,2 65410  53.1594 227.4814 0000726  99.3582 260.7501 15.31035957 29544
65410,STARLINK-35024,2026-03-10T17:24:38.025504,15.31035957,0.00007257,53.1594,227.4814,99.3582,260.7501,1 65410U 25192G   26069.72544011  .00029245  00000-0  97027-3 0  9992,2 65410  53.1594 227.4814 0000726  99.3582 260.7501 15.31035957 29544
65410,STARLINK-35024,2026-03-11T16:54:40.030272,15.30957819,0.00010030,53.1591,222.9280,75.1385,284.9727,1 65410U 25192G   26070.70462998  .00006708  00000-0  23296-3 0  9991,2 65410  53.1591 222.9280 0001003  75.1385 284.9727 15.30957819 29693
65410,STARLINK-35024,2026-03-11T16:54:40.030272,15.30957819,0.00010028,53.1591,222.9280,75.1385,284.9727,1 65410U 25192G   26070.70462998  .00006708  00000-0  23296-3 0  9991,2 65410  53.1591 222.9280 0001003  75.1385 284.9727 15.30957819 29693
65410,STARLINK-35024,2026-03-12T13:16:42.940992,15.31048281,0.00013389,53.1589,218.9807,70.3806,289.7339,1 65410U 25192G   26071.55327478  .00052069  00000-0  17123-2 0  9990,2 65410  53.1589 218.9807 0001339  70.3806 289.7339 15.31048281 29829
65410,STARLINK-35024,2026-03-12T14:50:42.971424,15.31054350,0.00011860,53.1591,218.6762,62.7792,297.3330,1 65410U 25192G   26071.61855291  .00052461  00000-0  17247-2 0  9999,2 65410  53.1591 218.6762 0001186  62.7792 297.3330 15.31054350 29839
65410,STARLINK-35024,2026-03-12T19:32:43.309824,15.31038601,0.00013400,53.1587,217.7687,82.5614,277.5539,1 65410U 25192G   26071.81439016  .00036491  00000-0  12064-2 0  9991,2 65410  53.1587 217.7687 0001340  82.5614 277.5539 15.31038601 29860
65410,STARLINK-35024,2026-03-12T19:32:43.310688,15.31038601,0.00013395,53.1587,217.7687,82.5614,277.5539,1 65410U 25192G   26071.81439017  .00036491  00000-0  12064-2 0  9992,2 65410  53.1587 217.7687 0001340  82.5614 277.5539 15.31038601 29860
65410,STARLINK-35024,2026-03-13T11:12:43.348032,15.31096115,0.00014552,53.1586,214.7304,64.4639,295.6513,1 65410U 25192G   26072.46716838  .00052887  00000-0  17363-2 0  9997,2 65410  53.1586 214.7304 0001455  64.4639 295.6513 15.31096115 29963
65410,STARLINK-35024,2026-03-14T15:24:43.951968,15.31067709,0.00010057,53.1602,209.2661,90.9250,269.1867,1 65410U 25192G   26073.64217537  .00017862  00000-0  59754-3 0  9995,2 65410  53.1602 209.2661 0001006  90.9250 269.1867 15.31067709 30149
65410,STARLINK-35024,2026-03-14T18:32:26.952288,15.32004257,0.00016536,53.1596,208.6580,41.1999,318.9127,1 65410U 25192G   26073.77253417  .00634939  00000-0  18856-1 0  9992,2 65410  53.1596 208.6580 0001654  41.1999 318.9127 15.32004257 30165
65410,STARLINK-35024,2026-03-15T06:00:00.999648,15.30979972,0.00009473,53.1593,206.4383,86.7215,25.4385,1 65410U 25192G   26074.25001157  .00082840  00000-0  27118-2 0  9998,2 65410  53.1593 206.4383 0000947  86.7215  25.4385 15.30979972  5799
65410,STARLINK-35024,2026-03-15T14:54:47.696832,15.30874658,0.00026457,53.1597,204.7110,321.8396,38.2417,1 65410U 25192G   26074.62138538 -.00130238  00000-0 -43690-2 0  9993,2 65410  53.1597 204.7110 0002646 321.8396  38.2417 15.30874658 30299
65410,STARLINK-35024,2026-03-15T19:36:46.480896,15.31058125,0.00003329,53.1598,203.8002,67.4515,292.6522,1 65410U 25192G   26074.81720464  .00060264  00000-0  19772-2 0  9992,2 65410  53.1598 203.8002 0000333  67.4515 292.6522 15.31058125 30328
65410,STARLINK-35024,2026-03-16T01:52:46.907616,15.31049607,0.00005025,53.1600,202.5862,90.6164,269.4895,1 65410U 25192G   26075.07832069  .00036884  00000-0  12189-2 0  9992,2 65410  53.1600 202.5862 0000503  90.6164 269.4895 15.31049607 30363
65410,STARLINK-35024,2026-03-16T17:32:47.782176,15.31059442,0.00005830,53.1604,199.5494,106.3275,253.7790,1 65410U 25192G   26075.73110859  .00034951  00000-0  11555-2 0  9990,2 65410  53.1604 199.5494 0000583 106.3275 253.7790 15.31059442 30468
65410,STARLINK-35024,2026-03-17T01:22:53.999616,15.30705050,0.00008340,53.1602,198.0316,61.9741,298.1344,1 65410U 25192G   26076.05756944 -.00229989  00000-0 -78704-2 0  9995,2 65410  53.1602 198.0316 0000834  61.9741 298.1344 15.30705050 30512
65410,STARLINK-35024,2026-03-17T01:22:54.000480,15.30705050,0.00008343,53.1602,198.0316,61.9741,298.1344,1 65410U 25192G   26076.05756945 -.00229989  00000-0 -78704-2 0  9996,2 65410  53.1602 198.0316 0000834  61.9741 298.1344 15.30705050 30512
65410,STARLINK-35024,2026-03-18T06:00:02.000160,15.30184825,0.00009384,53.1600,192.4935,95.0049,357.7107,1 65410U 25192G   26077.25002315  .00047851  00000-0  16181-2 0  9999,2 65410  53.1600 192.4935 0000938  95.0049 357.7107 15.30184825  5836
65410,STARLINK-35024,2026-03-18T12:00:02.998944,15.30215643,0.00008420,53.1600,191.3339,87.3973,303.3257,1 65410U 25192G   26077.50003471 -.00024165  00000-0 -80603-3 0  9997,2 65410  53.1600 191.3339 0000842  87.3973 303.3257 15.30215643  5876
65410,STARLINK-35024,2026-03-18T14:00:01.000224,15.30203576,0.00009813,53.1598,190.9474,73.9544,55.9632,1 65410U 25192G   26077.58334491 -.00008264  00000-0 -26718-3 0  9993,2 65410  53.1598 190.9474 0000981  73.9544  55.9632 15.30203576  5886
65410,STARLINK-35024,2026-03-18T20:00:01.999008,15.30190491,0.00009000,53.1596,189.7860,73.5263,354.4088,1 65410U 25192G   26077.83335647  .00023583  00000-0  80608-3 0  9992,2 65410  53.1596 189.7860 0000900  73.5263 354.4088 15.30190491  5922
65410,STARLINK-35024,2026-03-18T20:00:01.999872,15.30190491,0.00008996,53.1596,189.7860,73.5263,354.4088,1 65410U 25192G   26077.83335648  .00023583  00000-0  80608-3 0  9993,2 65410  53.1596 189.7860 0000900  73.5263 354.4088 15.30190491  5922
65410,STARLINK-35024,2026-03-19T06:00:02.000160,15.30177312,0.00011454,53.1596,187.8492,90.8502,113.6636,1 65410U 25192G   26078.25002315  .00038628  00000-0  13105-2 0  9995,2 65410  53.1596 187.8492 0001145  90.8502 113.6636 15.30177312  5989
65410,STARLINK-35024,2026-03-19T20:00:01.999008,15.30190770,0.00010690,53.1590,185.1418,75.6336,104.0656,1 65410U 25192G   26078.83335647  .00011155  00000-0  38828-3 0  9992,2 65410  53.1590 185.1418 0001069  75.6336 104.0656 15.30190770  5779
65410,STARLINK-35024,2026-03-19T22:00:00.999936,15.30208706,0.00010568,53.1590,184.7542,80.6011,198.3443,1 65410U 25192G   26078.91667824 -.00028823  00000-0 -96454-3 0  9997,2 65410  53.1590 184.7542 0001057  80.6011 198.3443 15.30208706  5796
65411,STARLINK-34983,2026-03-01T20:24:33.375456,15.39626085,0.00011970,53.1573,268.7879,78.1223,281.9916,1 65411U 25192H   26060.85038629  .00047471  00000-0  11891-2 0  9996,2 65411  53.1573 268.7879 0001197  78.1223 281.9916 15.39626085 28181
65411,STARLINK-34983,2026-03-01T20:24:33.375456,15.39626085,0.00011969,53.1573,268.7879,78.1223,281.9916,1 65411U 25192H   26060.85038629  .00047471  00000-0  11891-2 0  9996,2 65411  53.1573 268.7879 0001197  78.1223 281.9916 15.39626085 28181
65411,STARLINK-34983,2026-03-01T23:31:30.568224,15.39630612,0.00012270,53.1579,268.1769,86.5003,273.6142,1 65411U 25192H   26060.98021491  .00042921  00000-0  10766-2 0  9994,2 65411  53.1579 268.1769 0001227  86.5003 273.6142 15.39630612 28205
65411,STARLINK-34983,2026-03-02T13:32:47.936544,15.39642441,0.00004746,53.1580,265.4201,108.3216,251.7840,1 65411U 25192H   26061.56444371  .00030014  00000-0  75683-3 0  9995,2 65411  53.1580 265.4201 0000475 108.3216 251.7840 15.39642441 28295
65411,STARLINK-34983,2026-03-02T18:13:13.666944,15.39638394,0.00012410,53.1575,264.5021,109.7406,250.3733,1 65411U 25192H   26061.75918596  .00025170  00000-0  63676-3 0  9997,2 65411  53.1575 264.5021 0001241 109.7406 250.3733 15.39638394 28329
65411,STARLINK-34983,2026-03-02T19:46:42.402432,15.39633658,0.00009350,53.1576,264.1987,77.8593,282.2516,1 65411U 25192H   26061.82410188  .00027868  00000-0  70382-3 0  9997,2 65411  53.1576 264.1987 0000935  77.8593 282.2516 15.39633658 28330
65411,STARLINK-34983,2026-03-02T19:46:42.402432,15.39633658,0.00009347,53.1576,264.1987,77.8593,282.2516,1 65411U 25192H   26061.82410188  .00027868  00000-0  70382-3 0  9997,2 65411  53.1576 264.1987 0000935  77.8593 282.2516 15.39633658 28330
65411,STARLINK-34983,2026-03-03T14:28:33.461184,15.39471651,0.00010420,53.1579,260.5309,268.0172,92.0713,1 65411U 25192H   26062.60316506  .00027371  00000-0  69515-3 0  9998,2 65411  53.1579 260.5309 0001042 268.0172  92.0713 15.39471651 28450
65411,STARLINK-34983,2026-03-03T14:28:33.461184,15.39471651,0.00010423,53.1579,260.5309,268.0172,92.0713,1 65411U 25192H   26062.60316506  .00027371  00000-0  69515-3 0  9998,2 65411  53.1579 260.5309 0001042 268.0172  92.0713 15.39471651 28450
65411,STARLINK-34983,2026-03-03T22:16:26.433408,15.37880410,0.00012351,53.1590,259.0035,48.0993,312.0116,1 65411U 25192H   26062.92808372 -.00284402  00000-0 -78010-2 0  9991,2 65411  53.1590 259.0035 0001235  48.0993 312.0116 15.37880410 28506
65411,STARLINK-34983,2026-03-04T04:00:03.000096,15.36697351,0.00012600,53.1587,257.8822,83.9876,157.3854,1 65411U 25192H   26063.16670139 -.01711542  00000-0 -51973-1 0  9995,2 65411  53.1587 257.8822 0001260  83.9876 157.3854 15.36697351  5815
65411,STARLINK-34983,2026-03-04T12:00:00.998784,15.35491483,0.00010540,53.1591,256.3188,101.1366,184.4357,1 65411U 25192H   26063.50001156 -.01646252  00000-0 -51781-1 0  9992,2 65411  53.1591 256.3188 0001054 101.1366 184.4357 15.35491483  5868
65411,STARLINK-34983,2026-03-04T14:00:01.999872,15.35190489,0.00008740,53.1590,255.9301,101.6247,284.8691,1 65411U 25192H   26063.58335648 -.01578975  00000-0 -50796-1 0  9997,2 65411  53.1590 255.9301 0000874 101.6247 284.8691 15.35190489  5881
65411,STARLINK-34983,2026-03-04T20:00:03.000384,15.34311149,0.00010480,53.1591,254.7612,76.0972,252.5095,1 65411U 25192H   26063.83336806 -.01665626  00000-0 -54478-1 0  9993,2 65411  53.1591 254.7612 0001048  76.0972 252.5095 15.34311149  5751
65411,STARLINK-34983,2026-03-05T04:00:01.999584,15.33301110,0.00015710,53.1590,253.2044,62.6587,307.3149,1 65411U 25192H   26064.16668981 -.01882578  00000-0 -64428-1 0  9995,2 65411  53.1590 253.2044 0001571  62.6587 307.3149 15.33301110  5819
65411,STARLINK-34983,2026-03-05T06:00:02.999808,15.33524836,0.00016042,53.1591,252.8145,60.3315,49.7750,1 65411U 25192H   26064.25003472 -.02867122  00000-0 -98578-1 0  9995,2 65411  53.1591 252.8145 0001604  60.3315  49.7750 15.33524836  5826
65411,STARLINK-34983,2026-03-05T14:00:01.999872,15.30987460,0.00013887,53.1597,251.2609,91.6740,58.4245,1 65411U 25192H   26064.58335648  .00019657  00000-0  65790-3 0  9994,2 65411  53.1597 251.2609 0001389  91.6740  58.4245 15.30987460  5873
65411,STARLINK-34983,2026-03-05T18:00:00.998784,15.30996116,0.00016740,53.1593,250.4870,81.9125,267.2277,1 65411U 25192H   26064.75001156  .00010441  00000-0  35538-3 0  9996,2 65411  53.1593 250.4870 0001674  81.9125 267.2277 15.30996116  5903
65411,STARLINK-34983,2026-03-05T20:00:00.999360,15.30991825,0.00016310,53.1590,250.1000,80.0045,8.6951,1 65411U 25192H   26064.83334490  .00027131  00000-0  90247-3 0  9997,2 65411  53.1590 250.1000 0001631  80.0045   8.6951 15.30991825  5915
65411,STARLINK-34983,2026-03-05T22:00:01.999584,15.30982277,0.00015779,53.1592,249.7123,76.0454,112.2872,1 65411U 25192H   26064.91668981  .00058672  00000-0  19302-2 0  9997,2 65411  53.1592 249.7123 0001578  76.0454 112.2872 15.30982277  5922
65411,STARLINK-34983,2026-03-06T06:00:02.000160,15.31018683,0.00015171,53.1592,248.1603,86.8016,139.7642,1 65411U 25192H   26065.25002315 -.00002572  00000-0 -72747-4 0  9992,2 65411  53.1592 248.1603 0001517  86.8016 139.7642 15.31018683  5891
65411,STARLINK-34983,2026-03-06T14:00:01.000224,15.31032469,0.00015218,53.1593,246.6103,88.3901,176.3520,1 65411U 25192H   26065.58334491  .00013432  00000-0  45307-3 0  9997,2 65411  53.1593 246.6103 0001522  88.3901 176.3520 15.31032469  5784
65411,STARLINK-34983,2026-03-06T18:00:00.998784,15.31032687,0.00015600,53.1589,245.8364,83.7662,20.1129,1 65411U 25192H   26065.75001156  .00005998  00000-0  20912-3 0  9998,2 65411  53.1589 245.8364 0001560  83.7662  20.1129 15.31032687  5811
65411,STARLINK-34983,2026-03-06T20:00:00.999360,15.31018227,0.00015650,53.1590,245.4490,75.8314,127.6201,1 65411U 25192H   26065.83334490  .00046867  00000-0  15449-2 0  9995,2 65411  53.1590 245.4490 0001565  75.8314 127.6201 15.31018227  5829
65411,STARLINK-34983,2026-03-07T04:00:03.000096,15.31043845,0.00015470,53.1588,243.8976,84.9693,156.8829,1 65411U 25192H   26066.16670139 -.00014653  00000-0 -47096-3 0  9999,2 65411  53.1588 243.8976 0001547  84.9693 156.8829 15.31043845  5877
65411,STARLINK-34983,2026-03-07T06:00:00.999648,15.31004150,0.00016040,53.1590,243.5097,86.8710,254.4470,1 65411U 25192H   26066.25001157  .00039086  00000-0  12923-2 0  9992,2 65411  53.1590 243.5097 0001604  86.8710 254.4470 15.31004150  5891
65411,STARLINK-34983,2026-03-07T12:00:01.999296,15.31010160,0.00012080,53.1590,242.3466,89.5678,190.5099,1 65411U 25192H   26066.50002314  .00044637  00000-0  14728-2 0  9999,2 65411  53.1590 242.3466 0001208  89.5678 190.5099 15.31010160  5931
65411,STARLINK-34983,2026-03-07T14:00:01.000224,15.31027989,0.00014279,53.1591,241.9597,84.9703,294.6126,1 65411U 25192H   26066.58334491  .00005484  00000-0  19224-3 0  9995,2 65411  53.1591 241.9597 0001428  84.9703 294.6126 15.31027989  5893
65411,STARLINK-34983,2026-03-07T22:00:01.999584,15.30985276,0.00012831,53.1588,240.4106,82.9849,334.9520,1 65411U 25192H   26066.91668981  .00075825  00000-0  24851-2 0  9993,2 65411  53.1588 240.4106 0001283  82.9849 334.9520 15.30985276  5849
65411,STARLINK-34983,2026-03-08T00:00:01.999296,15.30999379,0.00012010,53.1587,240.0229,86.1298,71.3687,1 65411U 25192H   26067.00002314  .00047076  00000-0  15527-2 0  9993,2 65411  53.1587 240.0229 0001201  86.1298  71.3687 15.30999379  5850
65411,STARLINK-34983,2026-03-08T04:00:01.999584,15.31015649,0.00011830,53.1588,239.2467,93.7767,262.8514,1 65411U 25192H   26067.16668981  .00001733  00000-0  68948-4 0  9995,2 65411  53.1588 239.2467 0001183  93.7767 262.8514 15.31015649  5888
65411,STARLINK-34983,2026-03-08T12:00:01.999296,15.31005974,0.00012560,53.1590,237.6960,94.7698,300.1202,1 65411U 25192H   26067.50002314  .00033774  00000-0  11190-2 0  9990,2 65411  53.1590 237.6960 0001256  94.7698 300.1202 15.31005974  5932
65411,STARLINK-34983,2026-03-08T14:00:01.999872,15.31019458,0.00011338,53.1590,237.3089,99.5144,34.9322,1 65411U 25192H   26067.58335648  .00003908  00000-0  14050-3 0  9992,2 65411  53.1590 237.3089 0001134  99.5144  34.9322 15.31019458  5875
65411,STARLINK-34983,2026-03-08T22:00:01.999584,15.30985020,0.00011066,53.1589,235.7601,83.2428,89.4677,1 65411U 25192H   26067.91668981  .00076749  00000-0  25149-2 0  9991,2 65411  53.1589 235.7601 0001107  83.2428  89.4677 15.30985020  5920
65411,STARLINK-34983,2026-03-09T11:20:59.188992,15.31050500,0.00012740,53.1605,233.1723,99.1511,260.9635,1 65411U 25192H   26068.47290728  .00040324  00000-0  13308-2 0  9997,2 65411  53.1605 233.1723 0001274  99.1511 260.9635 15.31050500 29350
65411,STARLINK-34983,2026-03-09T14:28:59.337984,15.31034117,0.00009654,53.1604,232.5644,74.5612,285.5496,1 65411U 25192H   26068.60346456  .00028578  00000-0  94854-3 0  9995,2 65411  53.1604 232.5644 0000965  74.5612 285.5496 15.31034117 29375
65411,STARLINK-34983,2026-03-09T16:02:59.593920,15.31032253,0.00010000,53.1603,232.2609,75.2224,284.8888,1 65411U 25192H   26068.66874530  .00045835  00000-0  15108-2 0  9999,2 65411  53.1603 232.2609 0001000  75.2224 284.8888 15.31032253 29387
65411,STARLINK-34983,2026-03-09T16:02:59.594784,15.31032253,0.00009997,53.1603,232.2609,75.2224,284.8888,1 65411U 25192H   26068.66874531  .00045835  00000-0  15108-2 0  9990,2 65411  53.1603 232.2609 0001000  75.2224 284.8888 15.31032253 29387
65411,STARLINK-34983,2026-03-10T10:51:00.465408,15.31075688,0.00013390,53.1603,228.6188,95.6221,264.4932,1 65411U 25192H   26069.45208872  .00047439  00000-0  15608-2 0  9994,2 65411  53.1603 228.6188 0001339  95.6221 264.4932 15.31075688 29503
65411,STARLINK-34983,2026-03-10T20:15:01.213920,15.31038680,0.00010750,53.1603,226.7970,82.7145,277.3978,1 65411U 25192H   26069.84376405  .00038879  00000-0  12842-2 0  9990,2 65411  53.1603 226.7970 0001075  82.7145 277.3978 15.31038680 29560
65411,STARLINK-34983,2026-03-10T20:15:01.213920,15.31038680,0.00010748,53.1603,226.7970,82.7145,277.3978,1 65411U 25192H   26069.84376405  .00038879  00000-0  12842-2 0  9990,2 65411  53.1603 226.7970 0001075  82.7145 277.3978 15.31038680 29560
65411,STARLINK-34983,2026-03-11T10:21:02.093472,15.31057807,0.00008220,53.1604,224.0637,92.6836,267.4259,1 65411U 25192H   26070.43127423  .00038714  00000-0  12781-2 0  9991,2 65411  53.1604 224.0637 0000822  92.6836 267.4259 15.31057807 29652
65411,STARLINK-34983,2026-03-11T19:45:02.782368,15.31039652,0.00008310,53.1604,222.2437,78.7192,281.3903,1 65411U 25192H   26070.82294887  .00031866  00000-0  10557-2 0  9993,2 65411  53.1604 222.2437 0000831  78.7192 281.3903 15.31039652 29716
65411,STARLINK-34983,2026-03-11T19:45:02.783232,15.31039652,0.00008308,53.1604,222.2437,78.7192,281.3903,1 65411U 25192H   26070.82294888  .00031866  00000-0  10557-2 0  9994,2 65411  53.1604 222.2437 0000831  78.7192 281.3903 15.31039652 29716
65411,STARLINK-34983,2026-03-12T14:33:33.745248,15.30373654,0.00023935,53.1614,218.6026,147.3571,212.7579,1 65411U 25192H   26071.60664057 -.00011070  00000-0 -36016-3 0  9996,2 65411  53.1614 218.6026 0002394 147.3571 212.7579 15.30373654 29832
65411,STARLINK-34983,2026-03-12T16:07:36.679584,15.30253851,0.00013680,53.1606,218.2988,91.5533,268.5625,1 65411U 25192H   26071.67195231 -.00067753  00000-0 -22924-2 0  9997,2 65411  53.1606 218.2988 0001368  91.5533 268.5625 15.30253851 29842
65411,STARLINK-34983,2026-03-12T19:15:43.712064,15.30213937,0.00014740,53.1598,217.6920,78.6305,281.4861,1 65411U 25192H   26071.80258926 -.00000739  00000-0 -12823-4 0  9993,2 65411  53.1598 217.6920 0001474  78.6305 281.4861 15.30213937 29861
65411,STARLINK-34983,2026-03-12T20:49:47.133696,15.30205235,0.00015290,53.1600,217.3889,80.1472,279.9701,1 65411U 25192H   26071.86790664  .00024713  00000-0  84359-3 0  9997,2 65411  53.1600 217.3889 0001529  80.1472 279.9701 15.30205235 29878
65411,STARLINK-34983,2026-03-12T20:49:47.134560,15.30205235,0.00015293,53.1600,217.3889,80.1472,279.9701,1 65411U 25192H   26071.86790665  .00024713  00000-0  84359-3 0  9998,2 65411  53.1600 217.3889 0001529  80.1472 279.9701 15.30205235 29878
65411,STARLINK-34983,2026-03-13T14:00:01.000224,15.30197053,0.00015361,53.1603,214.0660,88.4183,255.0053,1 65411U 25192H   26072.58334491 -.00005347  00000-0 -16854-3 0  9998,2 65411  53.1603 214.0660 0001536  88.4183 255.0053 15.30197053  5877
65411,STARLINK-34983,2026-03-13T22:00:01.999584,15.30180667,0.00012417,53.1601,212.5183,81.9122,298.8446,1 65411U 25192H   26072.91668981  .00033701  00000-0  11455-2 0  9993,2 65411  53.1601 212.5183 0001242  81.9122 298.8446 15.30180667  5899
65411,STARLINK-34983,2026-03-14T06:00:02.000160,15.30153281,0.00011894,53.1603,210.9680,92.0264,326.0045,1 65411U 25192H   26073.25002315  .00069732  00000-0  23479-2 0  9996,2 65411  53.1603 210.9680 0001189  92.0264 326.0045 15.30153281  5896
65411,STARLINK-34983,2026-03-14T14:00:01.999872,15.30175408,0.00012929,53.1604,209.4211,94.0848,1.2264,1 65411U 25192H   26073.58335648 -.00003791  00000-0 -11602-3 0  9991,2 65411  53.1604 209.4211 0001293  94.0848   1.2264 15.30175408  5896
65411,STARLINK-34983,2026-03-14T22:00:01.999584,15.30166962,0.00010805,53.1602,207.8730,82.0769,50.4696,1 65411U 25192H   26073.91668981  .00029578  00000-0  10078-2 0  9991,2 65411  53.1602 207.8730 0001080  82.0769  50.4696 15.30166962  5840
65411,STARLINK-34983,2026-03-15T06:00:00.999648,15.30151402,0.00012705,53.1603,206.3234,90.1325,79.5877,1 65411U 25192H   26074.25001157  .00062806  00000-0  21180-2 0  9992,2 65411  53.1603 206.3234 0001270  90.1325  79.5877 15.30151402  5894
65411,STARLINK-34983,2026-03-15T14:00:01.999872,15.30187929,0.00011708,53.1604,204.7765,81.8311,125.1855,1 65411U 25192H   26074.58335648 -.00001104  00000-0 -25174-4 0  9998,2 65411  53.1604 204.7765 0001171  81.8311 125.1855 15.30187929  5895
65411,STARLINK-34983,2026-03-15T22:00:01.999584,15.30190413,0.00012269,53.1602,203.2286,68.5681,175.6853,1 65411U 25192H   26074.91668981  .00003303  00000-0  12362-3 0  9999,2 65411  53.1602 203.2286 0001227  68.5681 175.6853 15.30190413  5844
65411,STARLINK-34983,2026-03-16T01:38:24.304704,15.30199920,0.00009912,53.1614,202.5217,56.1666,303.9429,1 65411U 25192H   26075.06833686  .00024934  00000-0  85114-3 0  9990,2 65411  53.1614 202.5217 0000991  56.1666 303.9429 15.30199920 30368
65411,STARLINK-34983,2026-03-16T17:18:56.431008,15.30207799,0.00011810,53.1614,199.4880,63.0541,297.0580,1 65411U 25192H   26075.72148647  .00030971  00000-0  10532-2 0  9998,2 65411  53.1614 199.4880 0001181  63.0541 297.0580 15.30207799 30465
65411,STARLINK-34983,2026-03-17T01:09:12.227616,15.30212998,0.00013980,53.1614,197.9712,62.4236,297.6907,1 65411U 25192H   26076.04805819  .00028239  00000-0  96155-3 0  9995,2 65411  53.1614 197.9712 0001398  62.4236 297.6907 15.30212998 30518
65411,STARLINK-34983,2026-03-17T01:09:12.229344,15.30212998,0.00013982,53.1614,197.9712,62.4236,297.6907,1 65411U 25192H   26076.04805821  .00028239  00000-0  96155-3 0  9998,2 65411  53.1614 197.9712 0001398  62.4236 297.6907 15.30212998 30518
65411,STARLINK-34983,2026-03-17T16:49:43.846752,15.30218302,0.00015433,53.1632,194.9375,67.4749,292.6415,1 65411U 25192H   26076.70120193  .00024577  00000-0  83871-3 0  9995,2 65411  53.1632 194.9375 0001543  67.4749 292.6415 15.30218302 30611
65411,STARLINK-34983,2026-03-18T00:39:59.870592,15.30199839,0.00016926,53.1629,193.4209,69.4759,290.6423,1 65411U 25192H   26077.02777628  .00023046  00000-0  78783-3 0  9998,2 65411  53.1629 193.4209 0001693  69.4759 290.6423 15.30199839 30661
65411,STARLINK-34983,2026-03-18T16:20:31.689312,15.30212734,0.00013650,53.1595,190.3880,69.4220,290.6927,1 65411U 25192H   26077.68092233  .00032764  00000-0  11130-2 0  9991,2 65411  53.1595 190.3880 0001365  69.4220 290.6927 15.30212734 30763
65411,STARLINK-34983,2026-03-18T16:20:31.690176,15.30212734,0.00013652,53.1595,190.3880,69.4220,290.6927,1 65411U 25192H   26077.68092234  .00032764  00000-0  11130-2 0  9992,2 65411  53.1595 190.3880 0001365  69.4220 290.6927 15.30212734 30763
65411,STARLINK-34983,2026-03-19T06:27:00.230688,15.30214546,0.00017184,53.1548,187.6580,72.8323,287.2865,1 65411U 25192H   26078.26875267  .00025722  00000-0  87718-3 0  9994,2 65411  53.1548 187.6580 0001718  72.8323 287.2865 15.30214546 30857
65411,STARLINK-34983,2026-03-19T17:25:22.772928,15.30199926,0.00005870,53.1600,185.5338,43.5904,316.5144,1 65411U 25192H   26078.72595802  .00027745  00000-0  94539-3 0  9995,2 65411  53.1600 185.5338 0000587  43.5904 316.5144 15.30199926 30925
65411,STARLINK-34983,2026-03-19T17:25:22.773792,15.30199926,0.00005870,53.1600,185.5338,43.5904,316.5144,1 65411U 25192H   26078.72595803  .00027745  00000-0  94539-3 0  9996,2 65411  53.1600 185.5338 0000587  43.5904 316.5144 15.30199926 30925
65693,STARLINK-35060,2026-03-01T03:25:48.357984,15.39633332,0.00009520,53.1609,15.4772,81.7024,278.4089,1 65693U 25212T   26060.14292081  .00052520  00000-0  13134-2 0  9990,2 65693  53.1609  15.4772 0000952  81.7024 278.4089 15.39633332 26070
65693,STARLINK-35060,2026-03-01T06:32:45.419424,15.39648408,0.00011070,53.1611,14.8656,97.7738,262.3392,1 65693U 25212T   26060.27274791  .00063262  00000-0  15770-2 0  9995,2 65693  53.1611  14.8656 0001107  97.7738 262.3392 15.39648408 26090
65693,STARLINK-35060,2026-03-01T06:32:45.419424,15.39648408,0.00011070,53.1611,14.8656,97.7738,262.3392,1 65693U 25212T   26060.27274791  .00063262  00000-0  15770-2 0  9995,2 65693  53.1611  14.8656 0001107  97.7738 262.3392 15.39648408 26090
65693,STARLINK-35060,2026-03-01T20:34:02.931168,15.39647246,0.00011730,53.1613,12.1109,105.0041,255.1094,1 65693U 25212T   26060.85697837  .00050035  00000-0  12515-2 0  9997,2 65693  53.1613  12.1109 0001173 105.0041 255.1094 15.39647246 26187
65693,STARLINK-35060,2026-03-01T20:34:02.931168,15.39647246,0.00011732,53.1613,12.1109,105.0041,255.1094,1 65693U 25212T   26060.85697837  .00050035  00000-0  12515-2 0  9997,2 65693  53.1613  12.1109 0001173 105.0041 255.1094 15.39647246 26187
65693,STARLINK-35060,2026-03-02T01:14:28.927680,15.39618090,0.00010780,53.1611,11.1940,52.4337,307.6765,1 65693U 25212T   26061.05172370  .00020114  00000-0  51154-3 0  9998,2 65693  53.1611  11.1940 0001078  52.4337 307.6765 15.39618090 26211
65693,STARLINK-35060,2026-03-02T13:42:18.429696,15.39628804,0.00011864,53.1617,8.7481,108.7100,251.4033,1 65693U 25212T   26061.57104664  .00048185  00000-0  12066-2 0  9992,2 65693  53.1617   8.7481 0001186 108.7100 251.4033 15.39628804 26298
65693,STARLINK-35060,2026-03-02T19:56:12.878304,15.39648466,0.00017850,53.1611,7.5248,100.0013,260.1193,1 65693U 25212T   26061.83070461  .00046466  00000-0  11635-2 0  9999,2 65693  53.1611   7.5248 0001785 100.0013 260.1193 15.39648466 26338
65693,STARLINK-35060,2026-03-02T19:56:12.878304,15.39648466,0.00017853,53.1611,7.5248,100.0013,260.1193,1 65693U 25212T   26061.83070461  .00046466  00000-0  11635-2 0  9999,2 65693  53.1611   7.5248 0001785 100.0013 260.1193 15.39648466 26338
65693,STARLINK-35060,2026-03-03T03:43:35.766048,15.39648013,0.00009890,53.1615,5.9966,109.6384,250.4727,1 65693U 25212T   26062.15527507  .00023096  00000-0  58510-3 0  9991,2 65693  53.1615   5.9966 0000989 109.6384 250.4727 15.39648013 26380
65693,STARLINK-35060,2026-03-03T05:17:04.506720,15.39634460,0.00009330,53.1612,5.6909,105.3500,254.7608,1 65693U 25212T   26062.22019105  .00046479  00000-0  11643-2 0  9994,2 65693  53.1612   5.6909 0000933 105.3500 254.7608 15.39634460 26390
65693,STARLINK-35060,2026-03-03T05:17:04.507584,15.39634460,0.00009333,53.1612,5.6909,105.3500,254.7608,1 65693U 25212T   26062.22019106  .00046479  00000-0  11643-2 0  9995,2 65693  53.1612   5.6909 0000933 105.3500 254.7608 15.39634460 26390
65693,STARLINK-35060,2026-03-03T22:25:37.650720,15.39153081,0.00039136,53.1615,2.3266,256.5653,103.4915,1 65693U 25212T   26062.93446355 -.00028544  00000-0 -71700-3 0  9999,2 65693  53.1615   2.3266 0003914 256.5653 103.4915 15.39153081 26502
65693,STARLINK-35060,2026-03-04T04:00:03.000096,15.36797263,0.00015120,53.1601,1.2385,97.0446,109.0327,1 65693U 25212T   26063.16670139 -.02028873  00000-0 -62604-1 0  9992,2 65693  53.1601   1.2385 0001512  97.0446 109.0327 15.36797263  5887
65693,STARLINK-35060,2026-03-04T12:00:00.998784,15.35299061,0.00015080,53.1603,359.6748,94.9632,155.2631,1 65693U 25212T   26063.50001156 -.02055166  00000-0 -65432-1 0  9994,2 65693  53.1603 359.6748 0001508  94.9632 155.2631 15.35299061  5827
65693,STARLINK-35060,2026-03-04T14:00:01.999872,15.34930287,0.00010788,53.1599,359.2844,116.4034,234.6783,1 65693U 25212T   26063.58335648 -.02094986  00000-0 -67642-1 0  9996,2 65693  53.1599 359.2844 0001079 116.4034 234.6783 15.34930287  5846
65693,STARLINK-35060,2026-03-04T20:00:03.000384,15.34077128,0.00010160,53.1596,358.1157,119.1341,173.6184,1 65693U 25212T   26063.83336806 -.02349863  00000-0 -79025-1 0  9996,2 65693  53.1596 358.1157 0001016 119.1341 173.6184 15.34077128  5876
65693,STARLINK-35060,2026-03-05T04:00:01.999584,15.32046283,0.00018830,53.1600,356.5629,94.4403,239.0552,1 65693U 25212T   26064.16668981 -.01398535  00000-0 -49086-1 0  9998,2 65693  53.1600 356.5629 0001883  94.4403 239.0552 15.32046283  5821
65693,STARLINK-35060,2026-03-05T06:00:02.999808,15.31424191,0.00016157,53.1596,356.1752,95.2469,338.2522,1 65693U 25212T   26064.25003472 -.00608461  00000-0 -21164-1 0  9994,2 65693  53.1596 356.1752 0001616  95.2469 338.2522 15.31424191  5841
65693,STARLINK-35060,2026-03-05T14:00:01.999872,15.30992304,0.00016621,53.1597,354.6225,94.5769,17.3159,1 65693U 25212T   26064.58335648  .00051932  00000-0  17108-2 0  9990,2 65693  53.1597 354.6225 0001662  94.5769  17.3159 15.30992304  5897
65693,STARLINK-35060,2026-03-05T18:00:00.998784,15.30996792,0.00018740,53.1595,353.8469,98.1632,212.7874,1 65693U 25212T   26064.75001156  .00065231  00000-0  21418-2 0  9999,2 65693  53.1595 353.8469 0001874  98.1632 212.7874 15.30996792  5913
65693,STARLINK-35060,2026-03-05T20:00:00.999360,15.31016450,0.00018470,53.1596,353.4596,98.0214,312.4772,1 65693U 25212T   26064.83334490  .00030382  00000-0  10080-2 0  9990,2 65693  53.1596 353.4596 0001847  98.0214 312.4772 15.31016450  5916
65693,STARLINK-35060,2026-03-05T22:00:01.999584,15.31034516,0.00017951,53.1598,353.0726,94.9939,55.1283,1 65693U 25212T   26064.91668981 -.00002547  00000-0 -71880-4 0  9995,2 65693  53.1598 353.0726 0001795  94.9939  55.1283 15.31034516  5922
65693,STARLINK-35060,2026-03-06T06:00:02.000160,15.30999357,0.00016726,53.1597,351.5240,89.6259,98.7688,1 65693U 25212T   26065.25002315  .00073300  00000-0  24025-2 0  9996,2 65693  53.1597 351.5240 0001673  89.6259  98.7688 15.30999357  5841
65693,STARLINK-35060,2026-03-06T14:00:01.000224,15.31009883,0.00017265,53.1595,349.9711,88.7286,137.9062,1 65693U 25212T   26065.58334491  .00052280  00000-0  17212-2 0  9999,2 65693  53.1595 349.9711 0001726  88.7286 137.9062 15.31009883  5896
65693,STARLINK-35060,2026-03-06T18:00:00.998784,15.30991918,0.00013530,53.1596,349.1961,120.4541,305.3394,1 65693U 25212T   26065.75001156  .00056878  00000-0  18714-2 0  9992,2 65693  53.1596 349.1961 0001353 120.4541 305.3394 15.30991918  5921
65693,STARLINK-35060,2026-03-06T20:00:00.999360,15.30997632,0.00012410,53.1598,348.8090,77.8146,87.5549,1 65693U 25212T   26065.83334490  .00027179  00000-0  90388-3 0  9991,2 65693  53.1598 348.8090 0001241  77.8146  87.5549 15.30997632  5889
65693,STARLINK-35060,2026-03-07T04:00:03.000096,15.30985225,0.00017480,53.1597,347.2604,83.9019,119.8526,1 65693U 25212T   26066.16670139  .00059573  00000-0  19592-2 0  9991,2 65693  53.1597 347.2604 0001748  83.9019 119.8526 15.30985225  5824
65693,STARLINK-35060,2026-03-07T06:00:00.999648,15.30972426,0.00012161,53.1595,346.8729,80.4595,222.7470,1 65693U 25212T   26066.25001157  .00077671  00000-0  25457-2 0  9995,2 65693  53.1595 346.8729 0001216  80.4595 222.7470 15.30972426  5849
65693,STARLINK-35060,2026-03-07T12:00:01.999296,15.31002230,0.00012160,53.1598,345.7086,93.6567,148.2811,1 65693U 25212T   26066.50002314  .00010012  00000-0  34121-3 0  9994,2 65693  53.1598 345.7086 0001216  93.6567 148.2811 15.31002230  5873
65693,STARLINK-35060,2026-03-07T14:00:01.000224,15.30977355,0.00012335,53.1597,345.3208,103.6621,237.7848,1 65693U 25212T   26066.58334491  .00058848  00000-0  19362-2 0  9994,2 65693  53.1597 345.3208 0001234 103.6621 237.7848 15.30977355  5891
65693,STARLINK-35060,2026-03-07T22:00:01.999584,15.31016858,0.00013206,53.1598,343.7711,103.0557,276.6842,1 65693U 25212T   26066.91668981 -.00001912  00000-0 -51015-4 0  9990,2 65693  53.1598 343.7711 0001321 103.0557 276.6842 15.31016858  5891
65693,STARLINK-35060,2026-03-08T00:00:01.999296,15.31001679,0.00012780,53.1596,343.3842,100.5200,18.7895,1 65693U 25212T   26067.00002314  .00017043  00000-0  57192-3 0  9994,2 65693  53.1596 343.3842 0001278 100.5200  18.7895 15.31001679  5908
65693,STARLINK-35060,2026-03-08T04:00:01.999584,15.30987415,0.00012360,53.1598,342.6098,86.2155,232.2132,1 65693U 25212T   26067.16668981  .00083326  00000-0  27268-2 0  9996,2 65693  53.1598 342.6098 0001236  86.2155 232.2132 15.30987415  5826
65693,STARLINK-35060,2026-03-08T12:00:01.999296,15.31014085,0.00012260,53.1600,341.0577,99.3817,257.3023,1 65693U 25212T   26067.50002314  .00015905  00000-0  53441-3 0  9997,2 65693  53.1600 341.0577 0001226  99.3817 257.3023 15.31014085  5871
65693,STARLINK-35060,2026-03-08T14:00:01.999872,15.30988194,0.00012134,53.1600,340.6698,100.8191,355.4413,1 65693U 25212T   26067.58335648  .00064384  00000-0  21150-2 0  9990,2 65693  53.1600 340.6698 0001213 100.8191 355.4413 15.30988194  5883
65693,STARLINK-35060,2026-03-08T22:00:01.999584,15.31026900,0.00011646,53.1601,339.1200,89.6241,44.8781,1 65693U 25212T   26067.91668981 -.00001288  00000-0 -30475-4 0  9994,2 65693  53.1601 339.1200 0001165  89.6241  44.8781 15.31026900  5934
65693,STARLINK-35060,2026-03-09T03:40:56.892000,15.31030389,0.00011638,53.1608,338.0193,83.9606,276.1528,1 65693U 25212T   26068.15343625  .00050590  00000-0  16653-2 0  9994,2 65693  53.1608 338.0193 0001164  83.9606 276.1528 15.31030389 27301
65693,STARLINK-35060,2026-03-09T22:28:58.396800,15.31045057,0.00011416,53.1615,334.3761,97.0742,263.0389,1 65693U 25212T   26068.93678700  .00027977  00000-0  92860-3 0  9993,2 65693  53.1615 334.3761 0001142  97.0742 263.0389 15.31045057 27423
65693,STARLINK-35060,2026-03-10T00:02:58.524000,15.31044136,0.00011210,53.1613,334.0727,88.9644,271.1486,1 65693U 25212T   26069.00206625  .00025240  00000-0  83925-3 0  9998,2 65693  53.1613 334.0727 0001121  88.9644 271.1486 15.31044136 27433
65693,STARLINK-35060,2026-03-10T00:02:58.524864,15.31044136,0.00011208,53.1613,334.0727,88.9644,271.1486,1 65693U 25212T   26069.00206626  .00025240  00000-0  83925-3 0  9999,2 65693  53.1613 334.0727 0001121  88.9644 271.1486 15.31044136 27433
65693,STARLINK-35060,2026-03-10T17:16:58.441440,15.31084157,0.00011610,53.1614,330.7329,75.7546,284.3584,1 65693U 25212T   26069.72012085  .00031219  00000-0  10331-2 0  9995,2 65693  53.1614 330.7329 0001161  75.7546 284.3584 15.31084157 27548
65693,STARLINK-35060,2026-03-10T21:58:57.976320,15.31095663,0.00009780,53.1613,329.8226,84.7609,275.3504,1 65693U 25212T   26069.91594880  .00029852  00000-0  98826-3 0  9990,2 65693  53.1613 329.8226 0000978  84.7609 275.3504 15.31095663 27576
65693,STARLINK-35060,2026-03-10T21:58:57.976320,15.31095663,0.00009778,53.1613,329.8226,84.7609,275.3504,1 65693U 25212T   26069.91594880  .00029852  00000-0  98826-3 0  9990,2 65693  53.1613 329.8226 0000978  84.7609 275.3504 15.31095663 27576
65693,STARLINK-35060,2026-03-11T23:03:01.483776,15.31022489,0.00010917,53.1615,324.9633,77.0637,283.0486,1 65693U 25212T   26070.96043384  .00023176  00000-0  77234-3 0  9998,2 65693  53.1615 324.9633 0001092  77.0637 283.0486 15.31022489 27739
65693,STARLINK-35060,2026-03-12T00:37:01.623936,15.31023955,0.00010630,53.1613,324.6601,73.2477,286.8640,1 65693U 25212T   26071.02571324  .00021850  00000-0  72891-3 0  9997,2 65693  53.1613 324.6601 0001063  73.2477 286.8640 15.31023955 27740
65693,STARLINK-35060,2026-03-12T00:37:01.624800,15.31023955,0.00010629,53.1613,324.6601,73.2477,286.8641,1 65693U 25212T   26071.02571325  .00021850  00000-0  72891-3 0  9998,2 65693  53.1613 324.6601 0001063  73.2477 286.8641 15.31023955 27741
65693,STARLINK-35060,2026-03-12T16:17:02.849280,15.31048494,0.00013920,53.1612,321.6279,66.7425,293.3723,1 65693U 25212T   26071.67850520  .00027005  00000-0  89678-3 0  9995,2 65693  53.1612 321.6279 0001392  66.7425 293.3723 15.31048494 27843
65693,STARLINK-35060,2026-03-12T22:33:02.780928,15.31057262,0.00008080,53.1601,320.4077,138.2198,221.8865,1 65693U 25212T   26071.93961552  .00031219  00000-0  10340-2 0  9993,2 65693  53.1601 320.4077 0000808 138.2198 221.8865 15.31057262 27887
65693,STARLINK-35060,2026-03-12T22:33:02.781792,15.31057262,0.00008085,53.1601,320.4077,138.2198,221.8865,1 65693U 25212T   26071.93961553  .00031219  00000-0  10340-2 0  9994,2 65693  53.1601 320.4077 0000808 138.2198 221.8865 15.31057262 27887
65693,STARLINK-35060,2026-03-13T01:41:03.266016,15.31043903,0.00010008,53.1595,319.8030,89.9160,270.1956,1 65693U 25212T   26072.07017669  .00027663  00000-0  91839-3 0  9991,2 65693  53.1595 319.8030 0001001  89.9160 270.1956 15.31043903 27905
65693,STARLINK-35060,2026-03-13T22:03:04.379616,15.31056092,0.00012448,53.1602,315.8571,116.6944,243.4185,1 65693U 25212T   26072.91880069  .00028037  00000-0  93024-3 0  9990,2 65693  53.1602 315.8571 0001245 116.6944 243.4185 15.31056092 28033
65693,STARLINK-35060,2026-03-14T09:01:05.164608,15.31045820,0.00011878,53.1596,313.7303,86.4076,273.7061,1 65693U 25212T   26073.37575422  .00035139  00000-0  11622-2 0  9999,2 65693  53.1596 313.7303 0001188  86.4076 273.7061 15.31045820 28105
65693,STARLINK-35060,2026-03-14T21:33:05.900544,15.31048190,0.00010451,53.1592,311.3009,100.0809,260.0310,1 65693U 25212T   26073.89798496  .00034136  00000-0  11294-2 0  9995,2 65693  53.1592 311.3009 0001045 100.0809 260.0310 15.31048190 28184
65693,STARLINK-35060,2026-03-14T23:07:06.096000,15.31049780,0.00013104,53.1588,310.9975,76.7762,283.3386,1 65693U 25212T   26073.96326500  .00014471  00000-0  48688-3 0  9994,2 65693  53.1588 310.9975 0001310  76.7762 283.3386 15.31049780 28196
65693,STARLINK-35060,2026-03-15T08:31:06.933504,15.31039383,0.00012877,53.1597,309.1736,86.6544,273.4604,1 65693U 25212T   26074.35494136  .00014455  00000-0  48649-3 0  9998,2 65693  53.1597 309.1736 0001288  86.6544 273.4604 15.31039383 28251
65693,STARLINK-35060,2026-03-15T22:37:08.217408,15.31034613,0.00011004,53.1589,306.4417,93.4586,266.6541,1 65693U 25212T   26074.94245622  .00027950  00000-0  92803-3 0  9992,2 65693  53.1589 306.4417 0001100  93.4586 266.6541 15.31034613 28348
65693,STARLINK-35060,2026-03-16T20:33:09.312192,15.31047273,0.00007510,53.1581,302.1906,76.7755,283.3330,1 65693U 25212T   26075.85635778  .00019864  00000-0  66345-3 0  9995,2 65693  53.1581 302.1906 0000751  76.7755 283.3330 15.31047273 28482
65693,STARLINK-35060,2026-03-16T22:07:09.511104,15.31043943,0.00009830,53.1573,301.8869,68.7013,291.4093,1 65693U 25212T   26075.92163786  .00015403  00000-0  51749-3 0  9995,2 65693  53.1573 301.8869 0000983  68.7013 291.4093 15.31043943 28499
65693,STARLINK-35060,2026-03-16T22:07:09.511104,15.31043943,0.00009834,53.1573,301.8870,68.7013,291.4093,1 65693U 25212T   26075.92163786  .00015403  00000-0  51749-3 0  9995,2 65693  53.1573 301.8870 0000983  68.7013 291.4093 15.31043943 28491
65693,STARLINK-35060,2026-03-17T15:21:10.502496,15.31043384,0.00012147,53.1575,298.5500,95.8021,264.3119,1 65693U 25212T   26076.63970489  .00008155  00000-0  27985-3 0  9991,2 65693  53.1575 298.5500 0001215  95.8021 264.3119 15.31043384 28604
65693,STARLINK-35060,2026-03-17T21:37:37.746048,15.29053558,0.00125240,53.1578,297.3363,35.0041,325.1780,1 65693U 25212T   26076.90113132 -.01415731  00000-0 -54392-1 0  9990,2 65693  53.1578 297.3363 0012524  35.0041 325.1780 15.29053558 28649
65693,STARLINK-35060,2026-03-17T21:37:37.746048,15.29053558,0.00125239,53.1578,297.3363,35.0041,325.1780,1 65693U 25212T   26076.90113132 -.01415731  00000-0 -54392-1 0  9990,2 65693  53.1578 297.3363 0012524  35.0041 325.1780 15.29053558 28649
65693,STARLINK-35060,2026-03-18T06:00:02.000160,15.31045880,0.00011223,53.1570,295.7123,91.4295,34.4415,1 65693U 25212T   26077.25002315 -.00023621  00000-0 -76739-3 0  9992,2 65693  53.1570 295.7123 0001122  91.4295  34.4415 15.31045880  5839
65693,STARLINK-35060,2026-03-18T08:00:01.999008,15.31036301,0.00011880,53.1572,295.3242,91.5127,133.9289,1 65693U 25212T   26077.33335647 -.00008915  00000-0 -28172-3 0  9995,2 65693  53.1572 295.3242 0001188  91.5127 133.9289 15.31036301  5849
65693,STARLINK-35060,2026-03-18T14:51:18.675360,15.30970007,0.00054674,53.1583,293.9953,50.7369,309.4117,1 65693U 25212T   26077.61896615  .00026429  00000-0  87985-3 0  9998,2 65693  53.1583 293.9953 0005467  50.7369 309.4117 15.30970007 28757
65693,STARLINK-35060,2026-03-18T21:07:14.763936,15.31171987,0.00034510,53.1584,292.7810,42.7617,317.3652,1 65693U 25212T   26077.88003199 -.00127441  00000-0 -42334-2 0  9990,2 65693  53.1584 292.7810 0003451  42.7617 317.3652 15.31171987 28792
65693,STARLINK-35060,2026-03-18T21:07:14.764800,15.31171987,0.00034508,53.1584,292.7810,42.7617,317.3652,1 65693U 25212T   26077.88003200 -.00127441  00000-0 -42334-2 0  9993,2 65693  53.1584 292.7810 0003451  42.7617 317.3652 15.31171987 28792
65693,STARLINK-35060,2026-03-19T20:37:14.492064,15.31034388,0.00012730,53.1589,288.2277,112.7301,247.3835,1 65693U 25212T   26078.85919551  .00020024  00000-0  66894-3 0  9991,2 65693  53.1589 288.2277 0001273 112.7301 247.3835 15.31034388 28947
65693,STARLINK-35060,2026-03-19T20:37:14.492928,15.31034389,0.00012729,53.1589,288.2277,112.7301,247.3835,1 65693U 25212T   26078.85919552  .00020024  00000-0  66894-3 0  9992,2 65693  53.1589 288.2277 0001273 112.7301 247.3835 15.31034389 28948
65693,STARLINK-35060,2026-03-19T23:45:14.807808,15.31032323,0.00011470,53.1589,287.6205,87.9243,272.1889,1 65693U 25212T   26078.98975472  .00021111  00000-0  70456-3 0  9996,2 65693  53.1589 287.6205 0001147  87.9243 272.1889 15.31032323 28963
65693,STARLINK-35060,2026-03-19T23:45:14.807808,15.31032323,0.00011466,53.1589,287.6205,87.9243,272.1889,1 65693U 25212T   26078.98975472  .00021111  00000-0  70456-3 0  9996,2 65693  53.1589 287.6205 0001147  87.9243 272.1889 15.31032323 28963
