experiment_family,orbit_unit_id,A_id,A_name,B_class,B_identity_or_perturbation_definition,segment_or_pass_id,evaluation_time,selected_causal_A_GP_ID,selected_causal_A_GP_EPOCH,selected_causal_A_GP_CREATION_DATE,A_causal_GP_reconstructable,B_reconstructable,randomness_reconstructable,primary_or_sensitivity_role,include_in_R3,exclusion_reason,selection_uses_causal_A_result,selection_rule,A_reconstruction_rule,B_reconstruction_rule,planned_primary_realization_rows,planned_endpoint_rows,planned_diagnostic_rows,planned_sensitivity_rows_available_not_in_core_R3
active_compensation_first_pass,orbit_unit_01da1cd7d49a5bcb2184f5d8,65410,STARLINK-35024,REAL_B,44714,full_pass:65410,2026-03-10T06:43:17.500000Z,315434688,2026-03-09T16:20:35.643840Z,2026-03-10T03:44:43Z,True,True,True,PRIMARY_CORE,True,,False,FIRST_3_B_PER_A_BY_SHA256_R2_ACTIVE_PAIR_V1,"latest CREATION_DATE<=evaluation_time, then latest EPOCH, then GP_ID",preserve original real-B identity and frozen historical TLE physical semantics,6,3,3,0
active_compensation_first_pass,orbit_unit_0250c713e1719a5081f3dfbb,47383,STARLINK-2103,REAL_B,65411,full_pass:47383,2026-03-10T15:51:15Z,315494855,2026-03-10T06:10:56.016192Z,2026-03-10T15:47:10Z,True,True,True,PRIMARY_CORE,False,DETERMINISTIC_TARGET_STRATIFIED_ACTIVE_PAIR_THINNING_NOT_FIRST_3_SHA256,False,FIRST_3_B_PER_A_BY_SHA256_R2_ACTIVE_PAIR_V1,"latest CREATION_DATE<=evaluation_time, then latest EPOCH, then GP_ID",preserve original real-B identity and frozen historical TLE physical semantics,0,0,0,0
active_compensation_first_pass,orbit_unit_09dfc159e784ea4b2a156009,65421,STARLINK-35146,REAL_B,65405,full_pass:65421,2026-03-10T06:45:29.500000Z,315434193,2026-03-09T17:56:44.636640Z,2026-03-10T03:44:43Z,True,True,True,PRIMARY_CORE,False,DETERMINISTIC_TARGET_STRATIFIED_ACTIVE_PAIR_THINNING_NOT_FIRST_3_SHA256,False,FIRST_3_B_PER_A_BY_SHA256_R2_ACTIVE_PAIR_V1,"latest CREATION_DATE<=evaluation_time, then latest EPOCH, then GP_ID",preserve original real-B identity and frozen historical TLE physical semantics,0,0,0,0
active_compensation_first_pass,orbit_unit_0b70e76bcdd52a8fd435e07d,65421,STARLINK-35146,REAL_B,45230,full_pass:65421,2026-03-10T06:45:29.500000Z,315434193,2026-03-09T17:56:44.636640Z,2026-03-10T03:44:43Z,True,True,True,PRIMARY_CORE,False,DETERMINISTIC_TARGET_STRATIFIED_ACTIVE_PAIR_THINNING_NOT_FIRST_3_SHA256,False,FIRST_3_B_PER_A_BY_SHA256_R2_ACTIVE_PAIR_V1,"latest CREATION_DATE<=evaluation_time, then latest EPOCH, then GP_ID",preserve original real-B identity and frozen historical TLE physical semantics,0,0,0,0
active_compensation_first_pass,orbit_unit_0d566bfeef9fa89c4831469e,65409,STARLINK-35022,REAL_B,45230,full_pass:65409,2026-03-10T06:43:59Z,315434187,2026-03-09T17:55:17.144544Z,2026-03-10T03:44:43Z,True,True,True,PRIMARY_CORE,False,DETERMINISTIC_TARGET_STRATIFIED_ACTIVE_PAIR_THINNING_NOT_FIRST_3_SHA256,False,FIRST_3_B_PER_A_BY_SHA256_R2_ACTIVE_PAIR_V1,"latest CREATION_DATE<=evaluation_time, then latest EPOCH, then GP_ID",preserve original real-B identity and frozen historical TLE physical semantics,0,0,0,0
active_compensation_first_pass,orbit_unit_0da10186dab9daf339085f80,65410,STARLINK-35024,REAL_B,65686,full_pass:65410,2026-03-10T06:43:17.500000Z,315434688,2026-03-09T16:20:35.643840Z,2026-03-10T03:44:43Z,True,True,True,PRIMARY_CORE,False,DETERMINISTIC_TARGET_STRATIFIED_ACTIVE_PAIR_THINNING_NOT_FIRST_3_SHA256,False,FIRST_3_B_PER_A_BY_SHA256_R2_ACTIVE_PAIR_V1,"latest CREATION_DATE<=evaluation_time, then latest EPOCH, then GP_ID",preserve original real-B identity and frozen historical TLE physical semantics,0,0,0,0
active_compensation_first_pass,orbit_unit_0e31ce3ba8102f845414472b,47383,STARLINK-2103,REAL_B,47767,full_pass:47383,2026-03-10T15:51:15Z,315494855,2026-03-10T06:10:56.016192Z,2026-03-10T15:47:10Z,True,True,True,PRIMARY_CORE,True,,False,FIRST_3_B_PER_A_BY_SHA256_R2_ACTIVE_PAIR_V1,"latest CREATION_DATE<=evaluation_time, then latest EPOCH, then GP_ID",preserve original real-B identity and frozen historical TLE physical semantics,6,3,3,0
active_compensation_first_pass,orbit_unit_1c311d9afb46ac11783213fe,44714,STARLINK-1008,REAL_B,65421,full_pass:44714,2026-03-10T02:36:50.500000Z,315393241,2026-03-09T13:49:15.828096Z,2026-03-09T22:56:35Z,True,True,True,PRIMARY_CORE,False,DETERMINISTIC_TARGET_STRATIFIED_ACTIVE_PAIR_THINNING_NOT_FIRST_3_SHA256,False,FIRST_3_B_PER_A_BY_SHA256_R2_ACTIVE_PAIR_V1,"latest CREATION_DATE<=evaluation_time, then latest EPOCH, then GP_ID",preserve original real-B identity and frozen historical TLE physical semantics,0,0,0,0
active_compensation_first_pass,orbit_unit_2567979a35c3d0d166b3c234,65411,STARLINK-34983,REAL_B,45230,full_pass:65411,2026-03-10T06:25:06Z,315434188,2026-03-09T16:02:59.594784Z,2026-03-10T03:44:43Z,True,True,True,PRIMARY_CORE,False,DETERMINISTIC_TARGET_STRATIFIED_ACTIVE_PAIR_THINNING_NOT_FIRST_3_SHA256,False,FIRST_3_B_PER_A_BY_SHA256_R2_ACTIVE_PAIR_V1,"latest CREATION_DATE<=evaluation_time, then latest EPOCH, then GP_ID",preserve original real-B identity and frozen historical TLE physical semantics,0,0,0,0
active_compensation_first_pass,orbit_unit_2a9bfbda5ff4340a46426562,48309,STARLINK-2517,REAL_B,65407,full_pass:48309,2026-03-10T01:24:47Z,315394250,2026-03-09T20:00:00.999360Z,2026-03-09T22:56:35Z,True,True,True,PRIMARY_CORE,False,DETERMINISTIC_TARGET_STRATIFIED_ACTIVE_PAIR_THINNING_NOT_FIRST_3_SHA256,False,FIRST_3_B_PER_A_BY_SHA256_R2_ACTIVE_PAIR_V1,"latest CREATION_DATE<=evaluation_time, then latest EPOCH, then GP_ID",preserve original real-B identity and frozen historical TLE physical semantics,0,0,0,0
active_compensation_first_pass,orbit_unit_2e00e2c72ca12f0a0715513a,45230,STARLINK-1227,REAL_B,47383,full_pass:45230,2026-03-10T15:10:45Z,315473124,2026-03-10T05:29:47.380704Z,2026-03-10T09:52:28Z,True,True,True,PRIMARY_CORE,False,DETERMINISTIC_TARGET_STRATIFIED_ACTIVE_PAIR_THINNING_NOT_FIRST_3_SHA256,False,FIRST_3_B_PER_A_BY_SHA256_R2_ACTIVE_PAIR_V1,"latest CREATION_DATE<=evaluation_time, then latest EPOCH, then GP_ID",preserve original real-B identity and frozen historical TLE physical semantics,0,0,0,0
active_compensation_first_pass,orbit_unit_31b7de8cbe92eaad920b5824,44714,STARLINK-1008,REAL_B,45230,full_pass:44714,2026-03-10T02:36:50.500000Z,315393241,2026-03-09T13:49:15.828096Z,2026-03-09T22:56:35Z,True,True,True,PRIMARY_CORE,False,DETERMINISTIC_TARGET_STRATIFIED_ACTIVE_PAIR_THINNING_NOT_FIRST_3_SHA256,False,FIRST_3_B_PER_A_BY_SHA256_R2_ACTIVE_PAIR_V1,"latest CREATION_DATE<=evaluation_time, then latest EPOCH, then GP_ID",preserve original real-B identity and frozen historical TLE physical semantics,0,0,0,0
active_compensation_first_pass,orbit_unit_323fd7cc6d8f33e41627084a,65421,STARLINK-35146,REAL_B,48672,full_pass:65421,2026-03-10T06:45:29.500000Z,315434193,2026-03-09T17:56:44.636640Z,2026-03-10T03:44:43Z,True,True,True,PRIMARY_CORE,False,DETERMINISTIC_TARGET_STRATIFIED_ACTIVE_PAIR_THINNING_NOT_FIRST_3_SHA256,False,FIRST_3_B_PER_A_BY_SHA256_R2_ACTIVE_PAIR_V1,"latest CREATION_DATE<=evaluation_time, then latest EPOCH, then GP_ID",preserve original real-B identity and frozen historical TLE physical semantics,0,0,0,0
active_compensation_first_pass,orbit_unit_370971ad9b5b14ca972e1429,47749,STARLINK-2163,REAL_B,65421,full_pass:47749,2026-03-10T04:40:56Z,315422051,2026-03-09T15:51:19.111968Z,2026-03-10T03:44:43Z,True,True,True,PRIMARY_CORE,False,DETERMINISTIC_TARGET_STRATIFIED_ACTIVE_PAIR_THINNING_NOT_FIRST_3_SHA256,False,FIRST_3_B_PER_A_BY_SHA256_R2_ACTIVE_PAIR_V1,"latest CREATION_DATE<=evaluation_time, then latest EPOCH, then GP_ID",preserve original real-B identity and frozen historical TLE physical semantics,0,0,0,0
active_compensation_first_pass,orbit_unit_39085bbd6e9668a12a518785,65421,STARLINK-35146,REAL_B,47749,full_pass:65421,2026-03-10T06:45:29.500000Z,315434193,2026-03-09T17:56:44.636640Z,2026-03-10T03:44:43Z,True,True,True,PRIMARY_CORE,False,DETERMINISTIC_TARGET_STRATIFIED_ACTIVE_PAIR_THINNING_NOT_FIRST_3_SHA256,False,FIRST_3_B_PER_A_BY_SHA256_R2_ACTIVE_PAIR_V1,"latest CREATION_DATE<=evaluation_time, then latest EPOCH, then GP_ID",preserve original real-B identity and frozen historical TLE physical semantics,0,0,0,0
active_compensation_first_pass,orbit_unit_3b11534509a522755e23278c,65410,STARLINK-35024,REAL_B,65407,full_pass:65410,2026-03-10T06:43:17.500000Z,315434688,2026-03-09T16:20:35.643840Z,2026-03-10T03:44:43Z,True,True,True,PRIMARY_CORE,False,DETERMINISTIC_TARGET_STRATIFIED_ACTIVE_PAIR_THINNING_NOT_FIRST_3_SHA256,False,FIRST_3_B_PER_A_BY_SHA256_R2_ACTIVE_PAIR_V1,"latest CREATION_DATE<=evaluation_time, then latest EPOCH, then GP_ID",preserve original real-B identity and frozen historical TLE physical semantics,0,0,0,0
active_compensation_first_pass,orbit_unit_4049d2046071d80eef315b42,65411,STARLINK-34983,REAL_B,47767,full_pass:65411,2026-03-10T06:25:06Z,315434188,2026-03-09T16:02:59.594784Z,2026-03-10T03:44:43Z,True,True,True,PRIMARY_CORE,True,,False,FIRST_3_B_PER_A_BY_SHA256_R2_ACTIVE_PAIR_V1,"latest CREATION_DATE<=evaluation_time, then latest EPOCH, then GP_ID",preserve original real-B identity and frozen historical TLE physical semantics,6,3,3,0
active_compensation_first_pass,orbit_unit_430b320bf676e0e1f1d1ffad,47749,STARLINK-2163,REAL_B,65409,full_pass:47749,2026-03-10T04:40:56Z,315422051,2026-03-09T15:51:19.111968Z,2026-03-10T03:44:43Z,True,True,True,PRIMARY_CORE,False,DETERMINISTIC_TARGET_STRATIFIED_ACTIVE_PAIR_THINNING_NOT_FIRST_3_SHA256,False,FIRST_3_B_PER_A_BY_SHA256_R2_ACTIVE_PAIR_V1,"latest CREATION_DATE<=evaluation_time, then latest EPOCH, then GP_ID",preserve original real-B identity and frozen historical TLE physical semantics,0,0,0,0
active_compensation_first_pass,orbit_unit_4479f4321efeb5f53850874e,65411,STARLINK-34983,REAL_B,65410,full_pass:65411,2026-03-10T06:25:06Z,315434188,2026-03-09T16:02:59.594784Z,2026-03-10T03:44:43Z,True,True,True,PRIMARY_CORE,False,DETERMINISTIC_TARGET_STRATIFIED_ACTIVE_PAIR_THINNING_NOT_FIRST_3_SHA256,False,FIRST_3_B_PER_A_BY_SHA256_R2_ACTIVE_PAIR_V1,"latest CREATION_DATE<=evaluation_time, then latest EPOCH, then GP_ID",preserve original real-B identity and frozen historical TLE physical semantics,0,0,0,0
active_compensation_first_pass,orbit_unit_46004e393d4efcc97179894e,44714,STARLINK-1008,REAL_B,65411,full_pass:44714,2026-03-10T02:36:50.500000Z,315393241,2026-03-09T13:49:15.828096Z,2026-03-09T22:56:35Z,True,True,True,PRIMARY_CORE,True,,False,FIRST_3_B_PER_A_BY_SHA256_R2_ACTIVE_PAIR_V1,"latest CREATION_DATE<=evaluation_time, then latest EPOCH, then GP_ID",preserve original real-B identity and frozen historical TLE physical semantics,6,3,3,0
active_compensation_first_pass,orbit_unit_47032e8a69da01ccc8443696,65421,STARLINK-35146,REAL_B,65410,full_pass:65421,2026-03-10T06:45:29.500000Z,315434193,2026-03-09T17:56:44.636640Z,2026-03-10T03:44:43Z,True,True,True,PRIMARY_CORE,True,,False,FIRST_3_B_PER_A_BY_SHA256_R2_ACTIVE_PAIR_V1,"latest CREATION_DATE<=evaluation_time, then latest EPOCH, then GP_ID",preserve original real-B identity and frozen historical TLE physical semantics,6,3,3,0
active_compensation_first_pass,orbit_unit_4be92b19bd28674d7116fb70,65411,STARLINK-34983,REAL_B,65686,full_pass:65411,2026-03-10T06:25:06Z,315434188,2026-03-09T16:02:59.594784Z,2026-03-10T03:44:43Z,True,True,True,PRIMARY_CORE,False,DETERMINISTIC_TARGET_STRATIFIED_ACTIVE_PAIR_THINNING_NOT_FIRST_3_SHA256,False,FIRST_3_B_PER_A_BY_SHA256_R2_ACTIVE_PAIR_V1,"latest CREATION_DATE<=evaluation_time, then latest EPOCH, then GP_ID",preserve original real-B identity and frozen historical TLE physical semantics,0,0,0,0
active_compensation_first_pass,orbit_unit_5190660b1c6f5be5ed6beb87,45230,STARLINK-1227,REAL_B,47844,full_pass:45230,2026-03-10T15:10:45Z,315473124,2026-03-10T05:29:47.380704Z,2026-03-10T09:52:28Z,True,True,True,PRIMARY_CORE,True,,False,FIRST_3_B_PER_A_BY_SHA256_R2_ACTIVE_PAIR_V1,"latest CREATION_DATE<=evaluation_time, then latest EPOCH, then GP_ID",preserve original real-B identity and frozen historical TLE physical semantics,6,3,3,0
active_compensation_first_pass,orbit_unit_543f9ee0dce493e403deb3c7,65410,STARLINK-35024,REAL_B,47749,full_pass:65410,2026-03-10T06:43:17.500000Z,315434688,2026-03-09T16:20:35.643840Z,2026-03-10T03:44:43Z,True,True,True,PRIMARY_CORE,False,DETERMINISTIC_TARGET_STRATIFIED_ACTIVE_PAIR_THINNING_NOT_FIRST_3_SHA256,False,FIRST_3_B_PER_A_BY_SHA256_R2_ACTIVE_PAIR_V1,"latest CREATION_DATE<=evaluation_time, then latest EPOCH, then GP_ID",preserve original real-B identity and frozen historical TLE physical semantics,0,0,0,0
active_compensation_first_pass,orbit_unit_564d0c7d33492d7174a4c984,65686,STARLINK-35137,REAL_B,48309,full_pass:65686,2026-03-10T13:17:56.500000Z,315485957,2026-03-10T00:29:40.547616Z,2026-03-10T09:52:28Z,True,True,True,PRIMARY_CORE,True,,False,FIRST_3_B_PER_A_BY_SHA256_R2_ACTIVE_PAIR_V1,"latest CREATION_DATE<=evaluation_time, then latest EPOCH, then GP_ID",preserve original real-B identity and frozen historical TLE physical semantics,6,3,3,0
active_compensation_first_pass,orbit_unit_56d26dde1e75e9a35b0af9c6,44714,STARLINK-1008,REAL_B,47844,full_pass:44714,2026-03-10T02:36:50.500000Z,315393241,2026-03-09T13:49:15.828096Z,2026-03-09T22:56:35Z,True,True,True,PRIMARY_CORE,True,,False,FIRST_3_B_PER_A_BY_SHA256_R2_ACTIVE_PAIR_V1,"latest CREATION_DATE<=evaluation_time, then latest EPOCH, then GP_ID",preserve original real-B identity and frozen historical TLE physical semantics,6,3,3,0
active_compensation_first_pass,orbit_unit_58e446dfbfb08a5190123a54,65686,STARLINK-35137,REAL_B,45230,full_pass:65686,2026-03-10T13:17:56.500000Z,315485957,2026-03-10T00:29:40.547616Z,2026-03-10T09:52:28Z,True,True,True,PRIMARY_CORE,False,DETERMINISTIC_TARGET_STRATIFIED_ACTIVE_PAIR_THINNING_NOT_FIRST_3_SHA256,False,FIRST_3_B_PER_A_BY_SHA256_R2_ACTIVE_PAIR_V1,"latest CREATION_DATE<=evaluation_time, then latest EPOCH, then GP_ID",preserve original real-B identity and frozen historical TLE physical semantics,0,0,0,0
active_compensation_first_pass,orbit_unit_59dab0f2b7a05c64699154bb,65410,STARLINK-35024,REAL_B,65411,full_pass:65410,2026-03-10T06:43:17.500000Z,315434688,2026-03-09T16:20:35.643840Z,2026-03-10T03:44:43Z,True,True,True,PRIMARY_CORE,False,DETERMINISTIC_TARGET_STRATIFIED_ACTIVE_PAIR_THINNING_NOT_FIRST_3_SHA256,False,FIRST_3_B_PER_A_BY_SHA256_R2_ACTIVE_PAIR_V1,"latest CREATION_DATE<=evaluation_time, then latest EPOCH, then GP_ID",preserve original real-B identity and frozen historical TLE physical semantics,0,0,0,0
active_compensation_first_pass,orbit_unit_5a59587eea3a53e86c0d8f3e,47749,STARLINK-2163,REAL_B,65686,full_pass:47749,2026-03-10T04:40:56Z,315422051,2026-03-09T15:51:19.111968Z,2026-03-10T03:44:43Z,True,True,True,PRIMARY_CORE,True,,False,FIRST_3_B_PER_A_BY_SHA256_R2_ACTIVE_PAIR_V1,"latest CREATION_DATE<=evaluation_time, then latest EPOCH, then GP_ID",preserve original real-B identity and frozen historical TLE physical semantics,6,3,3,0
active_compensation_first_pass,orbit_unit_5c53796b465bd74160b09abe,45230,STARLINK-1227,REAL_B,65686,full_pass:45230,2026-03-10T15:10:45Z,315473124,2026-03-10T05:29:47.380704Z,2026-03-10T09:52:28Z,True,True,True,PRIMARY_CORE,False,DETERMINISTIC_TARGET_STRATIFIED_ACTIVE_PAIR_THINNING_NOT_FIRST_3_SHA256,False,FIRST_3_B_PER_A_BY_SHA256_R2_ACTIVE_PAIR_V1,"latest CREATION_DATE<=evaluation_time, then latest EPOCH, then GP_ID",preserve original real-B identity and frozen historical TLE physical semantics,0,0,0,0
active_compensation_first_pass,orbit_unit_5e4b5225be698e8df55c6382,48309,STARLINK-2517,REAL_B,47383,full_pass:48309,2026-03-10T01:24:47Z,315394250,2026-03-09T20:00:00.999360Z,2026-03-09T22:56:35Z,True,True,True,PRIMARY_CORE,False,DETERMINISTIC_TARGET_STRATIFIED_ACTIVE_PAIR_THINNING_NOT_FIRST_3_SHA256,False,FIRST_3_B_PER_A_BY_SHA256_R2_ACTIVE_PAIR_V1,"latest CREATION_DATE<=evaluation_time, then latest EPOCH, then GP_ID",preserve original real-B identity and frozen historical TLE physical semantics,0,0,0,0
active_compensation_first_pass,orbit_unit_5f74b87c88ce26a869b02d29,47383,STARLINK-2103,REAL_B,65409,full_pass:47383,2026-03-10T15:51:15Z,315494855,2026-03-10T06:10:56.016192Z,2026-03-10T15:47:10Z,True,True,True,PRIMARY_CORE,True,,False,FIRST_3_B_PER_A_BY_SHA256_R2_ACTIVE_PAIR_V1,"latest CREATION_DATE<=evaluation_time, then latest EPOCH, then GP_ID",preserve original real-B identity and frozen historical TLE physical semantics,6,3,3,0
active_compensation_first_pass,orbit_unit_5fd8bdd961cbabb35eae6be3,65421,STARLINK-35146,REAL_B,65411,full_pass:65421,2026-03-10T06:45:29.500000Z,315434193,2026-03-09T17:56:44.636640Z,2026-03-10T03:44:43Z,True,True,True,PRIMARY_CORE,True,,False,FIRST_3_B_PER_A_BY_SHA256_R2_ACTIVE_PAIR_V1,"latest CREATION_DATE<=evaluation_time, then latest EPOCH, then GP_ID",preserve original real-B identity and frozen historical TLE physical semantics,6,3,3,0
active_compensation_first_pass,orbit_unit_60e2a65912173114d3c91bf7,65686,STARLINK-35137,REAL_B,47383,full_pass:65686,2026-03-10T13:17:56.500000Z,315485957,2026-03-10T00:29:40.547616Z,2026-03-10T09:52:28Z,True,True,True,PRIMARY_CORE,False,DETERMINISTIC_TARGET_STRATIFIED_ACTIVE_PAIR_THINNING_NOT_FIRST_3_SHA256,False,FIRST_3_B_PER_A_BY_SHA256_R2_ACTIVE_PAIR_V1,"latest CREATION_DATE<=evaluation_time, then latest EPOCH, then GP_ID",preserve original real-B identity and frozen historical TLE physical semantics,0,0,0,0
active_compensation_first_pass,orbit_unit_646381ba6560626f48b826dc,48309,STARLINK-2517,REAL_B,47767,full_pass:48309,2026-03-10T01:24:47Z,315394250,2026-03-09T20:00:00.999360Z,2026-03-09T22:56:35Z,True,True,True,PRIMARY_CORE,False,DETERMINISTIC_TARGET_STRATIFIED_ACTIVE_PAIR_THINNING_NOT_FIRST_3_SHA256,False,FIRST_3_B_PER_A_BY_SHA256_R2_ACTIVE_PAIR_V1,"latest CREATION_DATE<=evaluation_time, then latest EPOCH, then GP_ID",preserve original real-B identity and frozen historical TLE physical semantics,0,0,0,0
active_compensation_first_pass,orbit_unit_64c5097c818311925e9950d7,65421,STARLINK-35146,REAL_B,65686,full_pass:65421,2026-03-10T06:45:29.500000Z,315434193,2026-03-09T17:56:44.636640Z,2026-03-10T03:44:43Z,True,True,True,PRIMARY_CORE,False,DETERMINISTIC_TARGET_STRATIFIED_ACTIVE_PAIR_THINNING_NOT_FIRST_3_SHA256,False,FIRST_3_B_PER_A_BY_SHA256_R2_ACTIVE_PAIR_V1,"latest CREATION_DATE<=evaluation_time, then latest EPOCH, then GP_ID",preserve original real-B identity and frozen historical TLE physical semantics,0,0,0,0
active_compensation_first_pass,orbit_unit_6630379bd913beedd5ed9470,65686,STARLINK-35137,REAL_B,65407,full_pass:65686,2026-03-10T13:17:56.500000Z,315485957,2026-03-10T00:29:40.547616Z,2026-03-10T09:52:28Z,True,True,True,PRIMARY_CORE,False,DETERMINISTIC_TARGET_STRATIFIED_ACTIVE_PAIR_THINNING_NOT_FIRST_3_SHA256,False,FIRST_3_B_PER_A_BY_SHA256_R2_ACTIVE_PAIR_V1,"latest CREATION_DATE<=evaluation_time, then latest EPOCH, then GP_ID",preserve original real-B identity and frozen historical TLE physical semantics,0,0,0,0
active_compensation_first_pass,orbit_unit_68879fa99e83c2c638c2c728,44714,STARLINK-1008,REAL_B,47749,full_pass:44714,2026-03-10T02:36:50.500000Z,315393241,2026-03-09T13:49:15.828096Z,2026-03-09T22:56:35Z,True,True,True,PRIMARY_CORE,False,DETERMINISTIC_TARGET_STRATIFIED_ACTIVE_PAIR_THINNING_NOT_FIRST_3_SHA256,False,FIRST_3_B_PER_A_BY_SHA256_R2_ACTIVE_PAIR_V1,"latest CREATION_DATE<=evaluation_time, then latest EPOCH, then GP_ID",preserve original real-B identity and frozen historical TLE physical semantics,0,0,0,0
active_compensation_first_pass,orbit_unit_69a1eb332e06845a25e2d6cf,47383,STARLINK-2103,REAL_B,65407,full_pass:47383,2026-03-10T15:51:15Z,315494855,2026-03-10T06:10:56.016192Z,2026-03-10T15:47:10Z,True,True,True,PRIMARY_CORE,False,DETERMINISTIC_TARGET_STRATIFIED_ACTIVE_PAIR_THINNING_NOT_FIRST_3_SHA256,False,FIRST_3_B_PER_A_BY_SHA256_R2_ACTIVE_PAIR_V1,"latest CREATION_DATE<=evaluation_time, then latest EPOCH, then GP_ID",preserve original real-B identity and frozen historical TLE physical semantics,0,0,0,0
active_compensation_first_pass,orbit_unit_69c804b856ce14aad06ee6a1,65410,STARLINK-35024,REAL_B,48672,full_pass:65410,2026-03-10T06:43:17.500000Z,315434688,2026-03-09T16:20:35.643840Z,2026-03-10T03:44:43Z,True,True,True,PRIMARY_CORE,False,DETERMINISTIC_TARGET_STRATIFIED_ACTIVE_PAIR_THINNING_NOT_FIRST_3_SHA256,False,FIRST_3_B_PER_A_BY_SHA256_R2_ACTIVE_PAIR_V1,"latest CREATION_DATE<=evaluation_time, then latest EPOCH, then GP_ID",preserve original real-B identity and frozen historical TLE physical semantics,0,0,0,0
active_compensation_first_pass,orbit_unit_6c5c88f16c89481a6dfa1536,44714,STARLINK-1008,REAL_B,65686,full_pass:44714,2026-03-10T02:36:50.500000Z,315393241,2026-03-09T13:49:15.828096Z,2026-03-09T22:56:35Z,True,True,True,PRIMARY_CORE,False,DETERMINISTIC_TARGET_STRATIFIED_ACTIVE_PAIR_THINNING_NOT_FIRST_3_SHA256,False,FIRST_3_B_PER_A_BY_SHA256_R2_ACTIVE_PAIR_V1,"latest CREATION_DATE<=evaluation_time, then latest EPOCH, then GP_ID",preserve original real-B identity and frozen historical TLE physical semantics,0,0,0,0
active_compensation_first_pass,orbit_unit_6dcb3e7485d87c6d16eec63a,65686,STARLINK-35137,REAL_B,65410,full_pass:65686,2026-03-10T13:17:56.500000Z,315485957,2026-03-10T00:29:40.547616Z,2026-03-10T09:52:28Z,True,True,True,PRIMARY_CORE,False,DETERMINISTIC_TARGET_STRATIFIED_ACTIVE_PAIR_THINNING_NOT_FIRST_3_SHA256,False,FIRST_3_B_PER_A_BY_SHA256_R2_ACTIVE_PAIR_V1,"latest CREATION_DATE<=evaluation_time, then latest EPOCH, then GP_ID",preserve original real-B identity and frozen historical TLE physical semantics,0,0,0,0
active_compensation_first_pass,orbit_unit_6df9d53c34d26e36a8427c25,48309,STARLINK-2517,REAL_B,47749,full_pass:48309,2026-03-10T01:24:47Z,315394250,2026-03-09T20:00:00.999360Z,2026-03-09T22:56:35Z,True,True,True,PRIMARY_CORE,False,DETERMINISTIC_TARGET_STRATIFIED_ACTIVE_PAIR_THINNING_NOT_FIRST_3_SHA256,False,FIRST_3_B_PER_A_BY_SHA256_R2_ACTIVE_PAIR_V1,"latest CREATION_DATE<=evaluation_time, then latest EPOCH, then GP_ID",preserve original real-B identity and frozen historical TLE physical semantics,0,0,0,0
active_compensation_first_pass,orbit_unit_763b452d140e055841420cdd,65421,STARLINK-35146,REAL_B,65407,full_pass:65421,2026-03-10T06:45:29.500000Z,315434193,2026-03-09T17:56:44.636640Z,2026-03-10T03:44:43Z,True,True,True,PRIMARY_CORE,False,DETERMINISTIC_TARGET_STRATIFIED_ACTIVE_PAIR_THINNING_NOT_FIRST_3_SHA256,False,FIRST_3_B_PER_A_BY_SHA256_R2_ACTIVE_PAIR_V1,"latest CREATION_DATE<=evaluation_time, then latest EPOCH, then GP_ID",preserve original real-B identity and frozen historical TLE physical semantics,0,0,0,0
active_compensation_first_pass,orbit_unit_76c02f6fa9e7d19d30d96093,65686,STARLINK-35137,REAL_B,44714,full_pass:65686,2026-03-10T13:17:56.500000Z,315485957,2026-03-10T00:29:40.547616Z,2026-03-10T09:52:28Z,True,True,True,PRIMARY_CORE,True,,False,FIRST_3_B_PER_A_BY_SHA256_R2_ACTIVE_PAIR_V1,"latest CREATION_DATE<=evaluation_time, then latest EPOCH, then GP_ID",preserve original real-B identity and frozen historical TLE physical semantics,6,3,3,0
active_compensation_first_pass,orbit_unit_7ac3fd7b803399a81dbf1f92,45230,STARLINK-1227,REAL_B,48309,full_pass:45230,2026-03-10T15:10:45Z,315473124,2026-03-10T05:29:47.380704Z,2026-03-10T09:52:28Z,True,True,True,PRIMARY_CORE,False,DETERMINISTIC_TARGET_STRATIFIED_ACTIVE_PAIR_THINNING_NOT_FIRST_3_SHA256,False,FIRST_3_B_PER_A_BY_SHA256_R2_ACTIVE_PAIR_V1,"latest CREATION_DATE<=evaluation_time, then latest EPOCH, then GP_ID",preserve original real-B identity and frozen historical TLE physical semantics,0,0,0,0
active_compensation_first_pass,orbit_unit_7eb62bffa9207967c37ce987,48309,STARLINK-2517,REAL_B,45230,full_pass:48309,2026-03-10T01:24:47Z,315394250,2026-03-09T20:00:00.999360Z,2026-03-09T22:56:35Z,True,True,True,PRIMARY_CORE,True,,False,FIRST_3_B_PER_A_BY_SHA256_R2_ACTIVE_PAIR_V1,"latest CREATION_DATE<=evaluation_time, then latest EPOCH, then GP_ID",preserve original real-B identity and frozen historical TLE physical semantics,6,3,3,0
active_compensation_first_pass,orbit_unit_7f8a2618335e541ff834ffd1,47749,STARLINK-2163,REAL_B,65410,full_pass:47749,2026-03-10T04:40:56Z,315422051,2026-03-09T15:51:19.111968Z,2026-03-10T03:44:43Z,True,True,True,PRIMARY_CORE,False,DETERMINISTIC_TARGET_STRATIFIED_ACTIVE_PAIR_THINNING_NOT_FIRST_3_SHA256,False,FIRST_3_B_PER_A_BY_SHA256_R2_ACTIVE_PAIR_V1,"latest CREATION_DATE<=evaluation_time, then latest EPOCH, then GP_ID",preserve original real-B identity and frozen historical TLE physical semantics,0,0,0,0
active_compensation_first_pass,orbit_unit_812f05a5b480962313951faf,65409,STARLINK-35022,REAL_B,65410,full_pass:65409,2026-03-10T06:43:59Z,315434187,2026-03-09T17:55:17.144544Z,2026-03-10T03:44:43Z,True,True,True,PRIMARY_CORE,True,,False,FIRST_3_B_PER_A_BY_SHA256_R2_ACTIVE_PAIR_V1,"latest CREATION_DATE<=evaluation_time, then latest EPOCH, then GP_ID",preserve original real-B identity and frozen historical TLE physical semantics,6,3,3,0
active_compensation_first_pass,orbit_unit_864d914dc10b92cb39720a16,47383,STARLINK-2103,REAL_B,65410,full_pass:47383,2026-03-10T15:51:15Z,315494855,2026-03-10T06:10:56.016192Z,2026-03-10T15:47:10Z,True,True,True,PRIMARY_CORE,False,DETERMINISTIC_TARGET_STRATIFIED_ACTIVE_PAIR_THINNING_NOT_FIRST_3_SHA256,False,FIRST_3_B_PER_A_BY_SHA256_R2_ACTIVE_PAIR_V1,"latest CREATION_DATE<=evaluation_time, then latest EPOCH, then GP_ID",preserve original real-B identity and frozen historical TLE physical semantics,0,0,0,0
active_compensation_first_pass,orbit_unit_8698f3be553b99b9009a6057,65411,STARLINK-34983,REAL_B,47749,full_pass:65411,2026-03-10T06:25:06Z,315434188,2026-03-09T16:02:59.594784Z,2026-03-10T03:44:43Z,True,True,True,PRIMARY_CORE,False,DETERMINISTIC_TARGET_STRATIFIED_ACTIVE_PAIR_THINNING_NOT_FIRST_3_SHA256,False,FIRST_3_B_PER_A_BY_SHA256_R2_ACTIVE_PAIR_V1,"latest CREATION_DATE<=evaluation_time, then latest EPOCH, then GP_ID",preserve original real-B identity and frozen historical TLE physical semantics,0,0,0,0
active_compensation_first_pass,orbit_unit_87895c702277a03d0e6cbe7c,65410,STARLINK-35024,REAL_B,65409,full_pass:65410,2026-03-10T06:43:17.500000Z,315434688,2026-03-09T16:20:35.643840Z,2026-03-10T03:44:43Z,True,True,True,PRIMARY_CORE,True,,False,FIRST_3_B_PER_A_BY_SHA256_R2_ACTIVE_PAIR_V1,"latest CREATION_DATE<=evaluation_time, then latest EPOCH, then GP_ID",preserve original real-B identity and frozen historical TLE physical semantics,6,3,3,0
active_compensation_first_pass,orbit_unit_882293466ac455e595fbea29,48309,STARLINK-2517,REAL_B,65409,full_pass:48309,2026-03-10T01:24:47Z,315394250,2026-03-09T20:00:00.999360Z,2026-03-09T22:56:35Z,True,True,True,PRIMARY_CORE,True,,False,FIRST_3_B_PER_A_BY_SHA256_R2_ACTIVE_PAIR_V1,"latest CREATION_DATE<=evaluation_time, then latest EPOCH, then GP_ID",preserve original real-B identity and frozen historical TLE physical semantics,6,3,3,0
active_compensation_first_pass,orbit_unit_88a457f5622404305aa7699f,45230,STARLINK-1227,REAL_B,65411,full_pass:45230,2026-03-10T15:10:45Z,315473124,2026-03-10T05:29:47.380704Z,2026-03-10T09:52:28Z,True,True,True,PRIMARY_CORE,False,DETERMINISTIC_TARGET_STRATIFIED_ACTIVE_PAIR_THINNING_NOT_FIRST_3_SHA256,False,FIRST_3_B_PER_A_BY_SHA256_R2_ACTIVE_PAIR_V1,"latest CREATION_DATE<=evaluation_time, then latest EPOCH, then GP_ID",preserve original real-B identity and frozen historical TLE physical semantics,0,0,0,0
active_compensation_first_pass,orbit_unit_8c1d18999102727bd69b2829,65686,STARLINK-35137,REAL_B,65411,full_pass:65686,2026-03-10T13:17:56.500000Z,315485957,2026-03-10T00:29:40.547616Z,2026-03-10T09:52:28Z,True,True,True,PRIMARY_CORE,False,DETERMINISTIC_TARGET_STRATIFIED_ACTIVE_PAIR_THINNING_NOT_FIRST_3_SHA256,False,FIRST_3_B_PER_A_BY_SHA256_R2_ACTIVE_PAIR_V1,"latest CREATION_DATE<=evaluation_time, then latest EPOCH, then GP_ID",preserve original real-B identity and frozen historical TLE physical semantics,0,0,0,0
active_compensation_first_pass,orbit_unit_8e054c39b424dc0133febc2d,65421,STARLINK-35146,REAL_B,65409,full_pass:65421,2026-03-10T06:45:29.500000Z,315434193,2026-03-09T17:56:44.636640Z,2026-03-10T03:44:43Z,True,True,True,PRIMARY_CORE,True,,False,FIRST_3_B_PER_A_BY_SHA256_R2_ACTIVE_PAIR_V1,"latest CREATION_DATE<=evaluation_time, then latest EPOCH, then GP_ID",preserve original real-B identity and frozen historical TLE physical semantics,6,3,3,0
active_compensation_first_pass,orbit_unit_908414ff730463d4c3dca03d,48309,STARLINK-2517,REAL_B,65411,full_pass:48309,2026-03-10T01:24:47Z,315394250,2026-03-09T20:00:00.999360Z,2026-03-09T22:56:35Z,True,True,True,PRIMARY_CORE,True,,False,FIRST_3_B_PER_A_BY_SHA256_R2_ACTIVE_PAIR_V1,"latest CREATION_DATE<=evaluation_time, then latest EPOCH, then GP_ID",preserve original real-B identity and frozen historical TLE physical semantics,6,3,3,0
active_compensation_first_pass,orbit_unit_914f4fbcf2c7f5d611adc32b,45230,STARLINK-1227,REAL_B,47767,full_pass:45230,2026-03-10T15:10:45Z,315473124,2026-03-10T05:29:47.380704Z,2026-03-10T09:52:28Z,True,True,True,PRIMARY_CORE,True,,False,FIRST_3_B_PER_A_BY_SHA256_R2_ACTIVE_PAIR_V1,"latest CREATION_DATE<=evaluation_time, then latest EPOCH, then GP_ID",preserve original real-B identity and frozen historical TLE physical semantics,6,3,3,0
active_compensation_first_pass,orbit_unit_980127a2f9e6c46c3a1fbfaa,47749,STARLINK-2163,REAL_B,65411,full_pass:47749,2026-03-10T04:40:56Z,315422051,2026-03-09T15:51:19.111968Z,2026-03-10T03:44:43Z,True,True,True,PRIMARY_CORE,True,,False,FIRST_3_B_PER_A_BY_SHA256_R2_ACTIVE_PAIR_V1,"latest CREATION_DATE<=evaluation_time, then latest EPOCH, then GP_ID",preserve original real-B identity and frozen historical TLE physical semantics,6,3,3,0
active_compensation_first_pass,orbit_unit_9994b7e8cbcaa9b1e146cb0f,44714,STARLINK-1008,REAL_B,65410,full_pass:44714,2026-03-10T02:36:50.500000Z,315393241,2026-03-09T13:49:15.828096Z,2026-03-09T22:56:35Z,True,True,True,PRIMARY_CORE,False,DETERMINISTIC_TARGET_STRATIFIED_ACTIVE_PAIR_THINNING_NOT_FIRST_3_SHA256,False,FIRST_3_B_PER_A_BY_SHA256_R2_ACTIVE_PAIR_V1,"latest CREATION_DATE<=evaluation_time, then latest EPOCH, then GP_ID",preserve original real-B identity and frozen historical TLE physical semantics,0,0,0,0
active_compensation_first_pass,orbit_unit_9dbb8257ea09b6ccfdfdcdf0,45230,STARLINK-1227,REAL_B,47749,full_pass:45230,2026-03-10T15:10:45Z,315473124,2026-03-10T05:29:47.380704Z,2026-03-10T09:52:28Z,True,True,True,PRIMARY_CORE,True,,False,FIRST_3_B_PER_A_BY_SHA256_R2_ACTIVE_PAIR_V1,"latest CREATION_DATE<=evaluation_time, then latest EPOCH, then GP_ID",preserve original real-B identity and frozen historical TLE physical semantics,6,3,3,0
active_compensation_first_pass,orbit_unit_9ec992b05608500bb3c0c8d2,65686,STARLINK-35137,REAL_B,65421,full_pass:65686,2026-03-10T13:17:56.500000Z,315485957,2026-03-10T00:29:40.547616Z,2026-03-10T09:52:28Z,True,True,True,PRIMARY_CORE,True,,False,FIRST_3_B_PER_A_BY_SHA256_R2_ACTIVE_PAIR_V1,"latest CREATION_DATE<=evaluation_time, then latest EPOCH, then GP_ID",preserve original real-B identity and frozen historical TLE physical semantics,6,3,3,0
active_compensation_first_pass,orbit_unit_a26449f2c49890d7bbea3dc8,65411,STARLINK-34983,REAL_B,65405,full_pass:65411,2026-03-10T06:25:06Z,315434188,2026-03-09T16:02:59.594784Z,2026-03-10T03:44:43Z,True,True,True,PRIMARY_CORE,False,DETERMINISTIC_TARGET_STRATIFIED_ACTIVE_PAIR_THINNING_NOT_FIRST_3_SHA256,False,FIRST_3_B_PER_A_BY_SHA256_R2_ACTIVE_PAIR_V1,"latest CREATION_DATE<=evaluation_time, then latest EPOCH, then GP_ID",preserve original real-B identity and frozen historical TLE physical semantics,0,0,0,0
active_compensation_first_pass,orbit_unit_a75e34492d06d88644ae4415,45230,STARLINK-1227,REAL_B,65410,full_pass:45230,2026-03-10T15:10:45Z,315473124,2026-03-10T05:29:47.380704Z,2026-03-10T09:52:28Z,True,True,True,PRIMARY_CORE,False,DETERMINISTIC_TARGET_STRATIFIED_ACTIVE_PAIR_THINNING_NOT_FIRST_3_SHA256,False,FIRST_3_B_PER_A_BY_SHA256_R2_ACTIVE_PAIR_V1,"latest CREATION_DATE<=evaluation_time, then latest EPOCH, then GP_ID",preserve original real-B identity and frozen historical TLE physical semantics,0,0,0,0
active_compensation_first_pass,orbit_unit_a9762201d7c6c538f38c87cd,65409,STARLINK-35022,REAL_B,65407,full_pass:65409,2026-03-10T06:43:59Z,315434187,2026-03-09T17:55:17.144544Z,2026-03-10T03:44:43Z,True,True,True,PRIMARY_CORE,False,DETERMINISTIC_TARGET_STRATIFIED_ACTIVE_PAIR_THINNING_NOT_FIRST_3_SHA256,False,FIRST_3_B_PER_A_BY_SHA256_R2_ACTIVE_PAIR_V1,"latest CREATION_DATE<=evaluation_time, then latest EPOCH, then GP_ID",preserve original real-B identity and frozen historical TLE physical semantics,0,0,0,0
active_compensation_first_pass,orbit_unit_aefff8a8a226f04ac8eef7cb,47749,STARLINK-2163,REAL_B,65407,full_pass:47749,2026-03-10T04:40:56Z,315422051,2026-03-09T15:51:19.111968Z,2026-03-10T03:44:43Z,True,True,True,PRIMARY_CORE,True,,False,FIRST_3_B_PER_A_BY_SHA256_R2_ACTIVE_PAIR_V1,"latest CREATION_DATE<=evaluation_time, then latest EPOCH, then GP_ID",preserve original real-B identity and frozen historical TLE physical semantics,6,3,3,0
active_compensation_first_pass,orbit_unit_b0b79bde1e3446c157df2e96,48309,STARLINK-2517,REAL_B,47844,full_pass:48309,2026-03-10T01:24:47Z,315394250,2026-03-09T20:00:00.999360Z,2026-03-09T22:56:35Z,True,True,True,PRIMARY_CORE,False,DETERMINISTIC_TARGET_STRATIFIED_ACTIVE_PAIR_THINNING_NOT_FIRST_3_SHA256,False,FIRST_3_B_PER_A_BY_SHA256_R2_ACTIVE_PAIR_V1,"latest CREATION_DATE<=evaluation_time, then latest EPOCH, then GP_ID",preserve original real-B identity and frozen historical TLE physical semantics,0,0,0,0
active_compensation_first_pass,orbit_unit_b3b2654be407664c2e26d62a,65410,STARLINK-35024,REAL_B,65421,full_pass:65410,2026-03-10T06:43:17.500000Z,315434688,2026-03-09T16:20:35.643840Z,2026-03-10T03:44:43Z,True,True,True,PRIMARY_CORE,False,DETERMINISTIC_TARGET_STRATIFIED_ACTIVE_PAIR_THINNING_NOT_FIRST_3_SHA256,False,FIRST_3_B_PER_A_BY_SHA256_R2_ACTIVE_PAIR_V1,"latest CREATION_DATE<=evaluation_time, then latest EPOCH, then GP_ID",preserve original real-B identity and frozen historical TLE physical semantics,0,0,0,0
active_compensation_first_pass,orbit_unit_b47d03e2a8c332bce9054672,47749,STARLINK-2163,REAL_B,48309,full_pass:47749,2026-03-10T04:40:56Z,315422051,2026-03-09T15:51:19.111968Z,2026-03-10T03:44:43Z,True,True,True,PRIMARY_CORE,False,DETERMINISTIC_TARGET_STRATIFIED_ACTIVE_PAIR_THINNING_NOT_FIRST_3_SHA256,False,FIRST_3_B_PER_A_BY_SHA256_R2_ACTIVE_PAIR_V1,"latest CREATION_DATE<=evaluation_time, then latest EPOCH, then GP_ID",preserve original real-B identity and frozen historical TLE physical semantics,0,0,0,0
active_compensation_first_pass,orbit_unit_b79c6ffbc9ca286ea387dc2b,48309,STARLINK-2517,REAL_B,65686,full_pass:48309,2026-03-10T01:24:47Z,315394250,2026-03-09T20:00:00.999360Z,2026-03-09T22:56:35Z,True,True,True,PRIMARY_CORE,False,DETERMINISTIC_TARGET_STRATIFIED_ACTIVE_PAIR_THINNING_NOT_FIRST_3_SHA256,False,FIRST_3_B_PER_A_BY_SHA256_R2_ACTIVE_PAIR_V1,"latest CREATION_DATE<=evaluation_time, then latest EPOCH, then GP_ID",preserve original real-B identity and frozen historical TLE physical semantics,0,0,0,0
active_compensation_first_pass,orbit_unit_b842cd772d5f14d2ce1c60d3,47749,STARLINK-2163,REAL_B,47383,full_pass:47749,2026-03-10T04:40:56Z,315422051,2026-03-09T15:51:19.111968Z,2026-03-10T03:44:43Z,True,True,True,PRIMARY_CORE,False,DETERMINISTIC_TARGET_STRATIFIED_ACTIVE_PAIR_THINNING_NOT_FIRST_3_SHA256,False,FIRST_3_B_PER_A_BY_SHA256_R2_ACTIVE_PAIR_V1,"latest CREATION_DATE<=evaluation_time, then latest EPOCH, then GP_ID",preserve original real-B identity and frozen historical TLE physical semantics,0,0,0,0
active_compensation_first_pass,orbit_unit_bad0101daeedaba5b2591566,47383,STARLINK-2103,REAL_B,65686,full_pass:47383,2026-03-10T15:51:15Z,315494855,2026-03-10T06:10:56.016192Z,2026-03-10T15:47:10Z,True,True,True,PRIMARY_CORE,True,,False,FIRST_3_B_PER_A_BY_SHA256_R2_ACTIVE_PAIR_V1,"latest CREATION_DATE<=evaluation_time, then latest EPOCH, then GP_ID",preserve original real-B identity and frozen historical TLE physical semantics,6,3,3,0
active_compensation_first_pass,orbit_unit_bec8a57acee59461c053b9c2,65411,STARLINK-34983,REAL_B,65407,full_pass:65411,2026-03-10T06:25:06Z,315434188,2026-03-09T16:02:59.594784Z,2026-03-10T03:44:43Z,True,True,True,PRIMARY_CORE,False,DETERMINISTIC_TARGET_STRATIFIED_ACTIVE_PAIR_THINNING_NOT_FIRST_3_SHA256,False,FIRST_3_B_PER_A_BY_SHA256_R2_ACTIVE_PAIR_V1,"latest CREATION_DATE<=evaluation_time, then latest EPOCH, then GP_ID",preserve original real-B identity and frozen historical TLE physical semantics,0,0,0,0
active_compensation_first_pass,orbit_unit_bfc4be95289d8f9bad065a1c,48309,STARLINK-2517,REAL_B,65410,full_pass:48309,2026-03-10T01:24:47Z,315394250,2026-03-09T20:00:00.999360Z,2026-03-09T22:56:35Z,True,True,True,PRIMARY_CORE,False,DETERMINISTIC_TARGET_STRATIFIED_ACTIVE_PAIR_THINNING_NOT_FIRST_3_SHA256,False,FIRST_3_B_PER_A_BY_SHA256_R2_ACTIVE_PAIR_V1,"latest CREATION_DATE<=evaluation_time, then latest EPOCH, then GP_ID",preserve original real-B identity and frozen historical TLE physical semantics,0,0,0,0
active_compensation_first_pass,orbit_unit_c31cb648e449949581ef4216,65409,STARLINK-35022,REAL_B,47383,full_pass:65409,2026-03-10T06:43:59Z,315434187,2026-03-09T17:55:17.144544Z,2026-03-10T03:44:43Z,True,True,True,PRIMARY_CORE,False,DETERMINISTIC_TARGET_STRATIFIED_ACTIVE_PAIR_THINNING_NOT_FIRST_3_SHA256,False,FIRST_3_B_PER_A_BY_SHA256_R2_ACTIVE_PAIR_V1,"latest CREATION_DATE<=evaluation_time, then latest EPOCH, then GP_ID",preserve original real-B identity and frozen historical TLE physical semantics,0,0,0,0
active_compensation_first_pass,orbit_unit_c444acd3ac68f3be9dc26272,47749,STARLINK-2163,REAL_B,47767,full_pass:47749,2026-03-10T04:40:56Z,315422051,2026-03-09T15:51:19.111968Z,2026-03-10T03:44:43Z,True,True,True,PRIMARY_CORE,False,DETERMINISTIC_TARGET_STRATIFIED_ACTIVE_PAIR_THINNING_NOT_FIRST_3_SHA256,False,FIRST_3_B_PER_A_BY_SHA256_R2_ACTIVE_PAIR_V1,"latest CREATION_DATE<=evaluation_time, then latest EPOCH, then GP_ID",preserve original real-B identity and frozen historical TLE physical semantics,0,0,0,0
active_compensation_first_pass,orbit_unit_c49a099b42d1bc5d507520d5,65411,STARLINK-34983,REAL_B,65421,full_pass:65411,2026-03-10T06:25:06Z,315434188,2026-03-09T16:02:59.594784Z,2026-03-10T03:44:43Z,True,True,True,PRIMARY_CORE,False,DETERMINISTIC_TARGET_STRATIFIED_ACTIVE_PAIR_THINNING_NOT_FIRST_3_SHA256,False,FIRST_3_B_PER_A_BY_SHA256_R2_ACTIVE_PAIR_V1,"latest CREATION_DATE<=evaluation_time, then latest EPOCH, then GP_ID",preserve original real-B identity and frozen historical TLE physical semantics,0,0,0,0
active_compensation_first_pass,orbit_unit_c9cecc827fdd1566e9bdcfe4,65409,STARLINK-35022,REAL_B,47767,full_pass:65409,2026-03-10T06:43:59Z,315434187,2026-03-09T17:55:17.144544Z,2026-03-10T03:44:43Z,True,True,True,PRIMARY_CORE,False,DETERMINISTIC_TARGET_STRATIFIED_ACTIVE_PAIR_THINNING_NOT_FIRST_3_SHA256,False,FIRST_3_B_PER_A_BY_SHA256_R2_ACTIVE_PAIR_V1,"latest CREATION_DATE<=evaluation_time, then latest EPOCH, then GP_ID",preserve original real-B identity and frozen historical TLE physical semantics,0,0,0,0
active_compensation_first_pass,orbit_unit_ca92541dc1b5a514d6c7f703,45230,STARLINK-1227,REAL_B,65409,full_pass:45230,2026-03-10T15:10:45Z,315473124,2026-03-10T05:29:47.380704Z,2026-03-10T09:52:28Z,True,True,True,PRIMARY_CORE,False,DETERMINISTIC_TARGET_STRATIFIED_ACTIVE_PAIR_THINNING_NOT_FIRST_3_SHA256,False,FIRST_3_B_PER_A_BY_SHA256_R2_ACTIVE_PAIR_V1,"latest CREATION_DATE<=evaluation_time, then latest EPOCH, then GP_ID",preserve original real-B identity and frozen historical TLE physical semantics,0,0,0,0
active_compensation_first_pass,orbit_unit_cb23a937f9537b2179e52e13,65686,STARLINK-35137,REAL_B,65409,full_pass:65686,2026-03-10T13:17:56.500000Z,315485957,2026-03-10T00:29:40.547616Z,2026-03-10T09:52:28Z,True,True,True,PRIMARY_CORE,False,DETERMINISTIC_TARGET_STRATIFIED_ACTIVE_PAIR_THINNING_NOT_FIRST_3_SHA256,False,FIRST_3_B_PER_A_BY_SHA256_R2_ACTIVE_PAIR_V1,"latest CREATION_DATE<=evaluation_time, then latest EPOCH, then GP_ID",preserve original real-B identity and frozen historical TLE physical semantics,0,0,0,0
active_compensation_first_pass,orbit_unit_cf6e32a0007afd58039ccf71,44714,STARLINK-1008,REAL_B,48309,full_pass:44714,2026-03-10T02:36:50.500000Z,315393241,2026-03-09T13:49:15.828096Z,2026-03-09T22:56:35Z,True,True,True,PRIMARY_CORE,False,DETERMINISTIC_TARGET_STRATIFIED_ACTIVE_PAIR_THINNING_NOT_FIRST_3_SHA256,False,FIRST_3_B_PER_A_BY_SHA256_R2_ACTIVE_PAIR_V1,"latest CREATION_DATE<=evaluation_time, then latest EPOCH, then GP_ID",preserve original real-B identity and frozen historical TLE physical semantics,0,0,0,0
active_compensation_first_pass,orbit_unit_d001181466c98f48c89a8574,47383,STARLINK-2103,REAL_B,47844,full_pass:47383,2026-03-10T15:51:15Z,315494855,2026-03-10T06:10:56.016192Z,2026-03-10T15:47:10Z,True,True,True,PRIMARY_CORE,False,DETERMINISTIC_TARGET_STRATIFIED_ACTIVE_PAIR_THINNING_NOT_FIRST_3_SHA256,False,FIRST_3_B_PER_A_BY_SHA256_R2_ACTIVE_PAIR_V1,"latest CREATION_DATE<=evaluation_time, then latest EPOCH, then GP_ID",preserve original real-B identity and frozen historical TLE physical semantics,0,0,0,0
active_compensation_first_pass,orbit_unit_d14968c9dc29058149a34ef4,65410,STARLINK-35024,REAL_B,65405,full_pass:65410,2026-03-10T06:43:17.500000Z,315434688,2026-03-09T16:20:35.643840Z,2026-03-10T03:44:43Z,True,True,True,PRIMARY_CORE,False,DETERMINISTIC_TARGET_STRATIFIED_ACTIVE_PAIR_THINNING_NOT_FIRST_3_SHA256,False,FIRST_3_B_PER_A_BY_SHA256_R2_ACTIVE_PAIR_V1,"latest CREATION_DATE<=evaluation_time, then latest EPOCH, then GP_ID",preserve original real-B identity and frozen historical TLE physical semantics,0,0,0,0
active_compensation_first_pass,orbit_unit_d23e0d0252de24848cc52f85,65411,STARLINK-34983,REAL_B,48672,full_pass:65411,2026-03-10T06:25:06Z,315434188,2026-03-09T16:02:59.594784Z,2026-03-10T03:44:43Z,True,True,True,PRIMARY_CORE,True,,False,FIRST_3_B_PER_A_BY_SHA256_R2_ACTIVE_PAIR_V1,"latest CREATION_DATE<=evaluation_time, then latest EPOCH, then GP_ID",preserve original real-B identity and frozen historical TLE physical semantics,6,3,3,0
active_compensation_first_pass,orbit_unit_d492dd4080b6939825c4502b,65409,STARLINK-35022,REAL_B,48309,full_pass:65409,2026-03-10T06:43:59Z,315434187,2026-03-09T17:55:17.144544Z,2026-03-10T03:44:43Z,True,True,True,PRIMARY_CORE,False,DETERMINISTIC_TARGET_STRATIFIED_ACTIVE_PAIR_THINNING_NOT_FIRST_3_SHA256,False,FIRST_3_B_PER_A_BY_SHA256_R2_ACTIVE_PAIR_V1,"latest CREATION_DATE<=evaluation_time, then latest EPOCH, then GP_ID",preserve original real-B identity and frozen historical TLE physical semantics,0,0,0,0
active_compensation_first_pass,orbit_unit_d4b3a9f464718cbcc12ff4ef,47749,STARLINK-2163,REAL_B,45230,full_pass:47749,2026-03-10T04:40:56Z,315422051,2026-03-09T15:51:19.111968Z,2026-03-10T03:44:43Z,True,True,True,PRIMARY_CORE,False,DETERMINISTIC_TARGET_STRATIFIED_ACTIVE_PAIR_THINNING_NOT_FIRST_3_SHA256,False,FIRST_3_B_PER_A_BY_SHA256_R2_ACTIVE_PAIR_V1,"latest CREATION_DATE<=evaluation_time, then latest EPOCH, then GP_ID",preserve original real-B identity and frozen historical TLE physical semantics,0,0,0,0
active_compensation_first_pass,orbit_unit_dbeb05d0681cba5b1dc7478b,65409,STARLINK-35022,REAL_B,47749,full_pass:65409,2026-03-10T06:43:59Z,315434187,2026-03-09T17:55:17.144544Z,2026-03-10T03:44:43Z,True,True,True,PRIMARY_CORE,True,,False,FIRST_3_B_PER_A_BY_SHA256_R2_ACTIVE_PAIR_V1,"latest CREATION_DATE<=evaluation_time, then latest EPOCH, then GP_ID",preserve original real-B identity and frozen historical TLE physical semantics,6,3,3,0
active_compensation_first_pass,orbit_unit_deed2f5c51a466b17d5a229d,44714,STARLINK-1008,REAL_B,65409,full_pass:44714,2026-03-10T02:36:50.500000Z,315393241,2026-03-09T13:49:15.828096Z,2026-03-09T22:56:35Z,True,True,True,PRIMARY_CORE,False,DETERMINISTIC_TARGET_STRATIFIED_ACTIVE_PAIR_THINNING_NOT_FIRST_3_SHA256,False,FIRST_3_B_PER_A_BY_SHA256_R2_ACTIVE_PAIR_V1,"latest CREATION_DATE<=evaluation_time, then latest EPOCH, then GP_ID",preserve original real-B identity and frozen historical TLE physical semantics,0,0,0,0
active_compensation_first_pass,orbit_unit_e00b1b8e56bb3a4c8bf29b1c,65409,STARLINK-35022,REAL_B,47844,full_pass:65409,2026-03-10T06:43:59Z,315434187,2026-03-09T17:55:17.144544Z,2026-03-10T03:44:43Z,True,True,True,PRIMARY_CORE,False,DETERMINISTIC_TARGET_STRATIFIED_ACTIVE_PAIR_THINNING_NOT_FIRST_3_SHA256,False,FIRST_3_B_PER_A_BY_SHA256_R2_ACTIVE_PAIR_V1,"latest CREATION_DATE<=evaluation_time, then latest EPOCH, then GP_ID",preserve original real-B identity and frozen historical TLE physical semantics,0,0,0,0
active_compensation_first_pass,orbit_unit_e2b37b89d4b81f8ac8862c45,44714,STARLINK-1008,REAL_B,47383,full_pass:44714,2026-03-10T02:36:50.500000Z,315393241,2026-03-09T13:49:15.828096Z,2026-03-09T22:56:35Z,True,True,True,PRIMARY_CORE,True,,False,FIRST_3_B_PER_A_BY_SHA256_R2_ACTIVE_PAIR_V1,"latest CREATION_DATE<=evaluation_time, then latest EPOCH, then GP_ID",preserve original real-B identity and frozen historical TLE physical semantics,6,3,3,0
active_compensation_first_pass,orbit_unit_e3ec72ce274cf653978f94bb,45230,STARLINK-1227,REAL_B,65407,full_pass:45230,2026-03-10T15:10:45Z,315473124,2026-03-10T05:29:47.380704Z,2026-03-10T09:52:28Z,True,True,True,PRIMARY_CORE,False,DETERMINISTIC_TARGET_STRATIFIED_ACTIVE_PAIR_THINNING_NOT_FIRST_3_SHA256,False,FIRST_3_B_PER_A_BY_SHA256_R2_ACTIVE_PAIR_V1,"latest CREATION_DATE<=evaluation_time, then latest EPOCH, then GP_ID",preserve original real-B identity and frozen historical TLE physical semantics,0,0,0,0
active_compensation_first_pass,orbit_unit_eac222cd6273fb17921bc2a5,47383,STARLINK-2103,REAL_B,45230,full_pass:47383,2026-03-10T15:51:15Z,315494855,2026-03-10T06:10:56.016192Z,2026-03-10T15:47:10Z,True,True,True,PRIMARY_CORE,False,DETERMINISTIC_TARGET_STRATIFIED_ACTIVE_PAIR_THINNING_NOT_FIRST_3_SHA256,False,FIRST_3_B_PER_A_BY_SHA256_R2_ACTIVE_PAIR_V1,"latest CREATION_DATE<=evaluation_time, then latest EPOCH, then GP_ID",preserve original real-B identity and frozen historical TLE physical semantics,0,0,0,0
active_compensation_first_pass,orbit_unit_eb1128fc4b1dd9e1e9207806,65410,STARLINK-35024,REAL_B,45230,full_pass:65410,2026-03-10T06:43:17.500000Z,315434688,2026-03-09T16:20:35.643840Z,2026-03-10T03:44:43Z,True,True,True,PRIMARY_CORE,True,,False,FIRST_3_B_PER_A_BY_SHA256_R2_ACTIVE_PAIR_V1,"latest CREATION_DATE<=evaluation_time, then latest EPOCH, then GP_ID",preserve original real-B identity and frozen historical TLE physical semantics,6,3,3,0
active_compensation_first_pass,orbit_unit_ebbf03d68465e1344909faac,47383,STARLINK-2103,REAL_B,47749,full_pass:47383,2026-03-10T15:51:15Z,315494855,2026-03-10T06:10:56.016192Z,2026-03-10T15:47:10Z,True,True,True,PRIMARY_CORE,False,DETERMINISTIC_TARGET_STRATIFIED_ACTIVE_PAIR_THINNING_NOT_FIRST_3_SHA256,False,FIRST_3_B_PER_A_BY_SHA256_R2_ACTIVE_PAIR_V1,"latest CREATION_DATE<=evaluation_time, then latest EPOCH, then GP_ID",preserve original real-B identity and frozen historical TLE physical semantics,0,0,0,0
active_compensation_first_pass,orbit_unit_f00596afd1ce1d0d761c1c2e,65409,STARLINK-35022,REAL_B,65411,full_pass:65409,2026-03-10T06:43:59Z,315434187,2026-03-09T17:55:17.144544Z,2026-03-10T03:44:43Z,True,True,True,PRIMARY_CORE,False,DETERMINISTIC_TARGET_STRATIFIED_ACTIVE_PAIR_THINNING_NOT_FIRST_3_SHA256,False,FIRST_3_B_PER_A_BY_SHA256_R2_ACTIVE_PAIR_V1,"latest CREATION_DATE<=evaluation_time, then latest EPOCH, then GP_ID",preserve original real-B identity and frozen historical TLE physical semantics,0,0,0,0
active_compensation_first_pass,orbit_unit_f28450399932753a96233ad0,47383,STARLINK-2103,REAL_B,48309,full_pass:47383,2026-03-10T15:51:15Z,315494855,2026-03-10T06:10:56.016192Z,2026-03-10T15:47:10Z,True,True,True,PRIMARY_CORE,False,DETERMINISTIC_TARGET_STRATIFIED_ACTIVE_PAIR_THINNING_NOT_FIRST_3_SHA256,False,FIRST_3_B_PER_A_BY_SHA256_R2_ACTIVE_PAIR_V1,"latest CREATION_DATE<=evaluation_time, then latest EPOCH, then GP_ID",preserve original real-B identity and frozen historical TLE physical semantics,0,0,0,0
active_compensation_first_pass,orbit_unit_f3e2e8716089c32e74376a09,65409,STARLINK-35022,REAL_B,65686,full_pass:65409,2026-03-10T06:43:59Z,315434187,2026-03-09T17:55:17.144544Z,2026-03-10T03:44:43Z,True,True,True,PRIMARY_CORE,True,,False,FIRST_3_B_PER_A_BY_SHA256_R2_ACTIVE_PAIR_V1,"latest CREATION_DATE<=evaluation_time, then latest EPOCH, then GP_ID",preserve original real-B identity and frozen historical TLE physical semantics,6,3,3,0
active_compensation_first_pass,orbit_unit_f72f9c4076eb5344fbd47a41,65411,STARLINK-34983,REAL_B,65409,full_pass:65411,2026-03-10T06:25:06Z,315434188,2026-03-09T16:02:59.594784Z,2026-03-10T03:44:43Z,True,True,True,PRIMARY_CORE,True,,False,FIRST_3_B_PER_A_BY_SHA256_R2_ACTIVE_PAIR_V1,"latest CREATION_DATE<=evaluation_time, then latest EPOCH, then GP_ID",preserve original real-B identity and frozen historical TLE physical semantics,6,3,3,0
active_compensation_first_pass,orbit_unit_f7aa6faefea0ea5ef75d049c,65686,STARLINK-35137,REAL_B,47749,full_pass:65686,2026-03-10T13:17:56.500000Z,315485957,2026-03-10T00:29:40.547616Z,2026-03-10T09:52:28Z,True,True,True,PRIMARY_CORE,False,DETERMINISTIC_TARGET_STRATIFIED_ACTIVE_PAIR_THINNING_NOT_FIRST_3_SHA256,False,FIRST_3_B_PER_A_BY_SHA256_R2_ACTIVE_PAIR_V1,"latest CREATION_DATE<=evaluation_time, then latest EPOCH, then GP_ID",preserve original real-B identity and frozen historical TLE physical semantics,0,0,0,0
active_compensation_first_pass,orbit_unit_fd1d61d6c8e7dff4d207bd75,65421,STARLINK-35146,REAL_B,44714,full_pass:65421,2026-03-10T06:45:29.500000Z,315434193,2026-03-09T17:56:44.636640Z,2026-03-10T03:44:43Z,True,True,True,PRIMARY_CORE,False,DETERMINISTIC_TARGET_STRATIFIED_ACTIVE_PAIR_THINNING_NOT_FIRST_3_SHA256,False,FIRST_3_B_PER_A_BY_SHA256_R2_ACTIVE_PAIR_V1,"latest CREATION_DATE<=evaluation_time, then latest EPOCH, then GP_ID",preserve original real-B identity and frozen historical TLE physical semantics,0,0,0,0
controlled_altitude_difference_synthetic_B,orbit_unit_014b0ae5ec235b24b834462a,65409,STARLINK-35022,SYNTHETIC_RELATIVE_TO_A,same_plane_altitude_offset:-1km,same_tle_65409_20260312T054045Z:segment:2,2026-03-12T05:43:14.500000Z,315679331,2026-03-11T20:03:20.806272Z,2026-03-12T03:14:55Z,True,True,True,PRIMARY_CORE,True,,False,INCLUDE_ALL_R0_CORE_UNITS,"latest CREATION_DATE<=evaluation_time, then latest EPOCH, then GP_ID","Perturb(A_causal, frozen original factor/rule); do not preserve legacy absolute B state",60,60,0,120
controlled_altitude_difference_synthetic_B,orbit_unit_03779746f55e02ccb0c3d491,65410,STARLINK-35024,SYNTHETIC_RELATIVE_TO_A,same_plane_altitude_offset:+50km,same_tle_65410_20260311T110240Z:segment:3,2026-03-11T11:06:09.500000Z,315555532,2026-03-10T17:24:38.025504Z,2026-03-11T02:43:10Z,True,True,True,PRIMARY_CORE,True,,False,INCLUDE_ALL_R0_CORE_UNITS,"latest CREATION_DATE<=evaluation_time, then latest EPOCH, then GP_ID","Perturb(A_causal, frozen original factor/rule); do not preserve legacy absolute B state",60,60,0,120
controlled_altitude_difference_synthetic_B,orbit_unit_048236fb17f762f9eb125d3c,65410,STARLINK-35024,SYNTHETIC_RELATIVE_TO_A,same_plane_altitude_offset:+1km,same_tle_65410_20260310T064015Z:segment:3,2026-03-10T06:43:44.500000Z,315434688,2026-03-09T16:20:35.643840Z,2026-03-10T03:44:43Z,True,True,True,PRIMARY_CORE,True,,False,INCLUDE_ALL_R0_CORE_UNITS,"latest CREATION_DATE<=evaluation_time, then latest EPOCH, then GP_ID","Perturb(A_causal, frozen original factor/rule); do not preserve legacy absolute B state",60,60,0,120
controlled_altitude_difference_synthetic_B,orbit_unit_05a56ce33e45876cb6ec1a67,65409,STARLINK-35022,SYNTHETIC_RELATIVE_TO_A,same_plane_altitude_offset:+1km,same_tle_65409_20260310T113340Z:segment:3,2026-03-10T11:37:09.500000Z,315434187,2026-03-09T17:55:17.144544Z,2026-03-10T03:44:43Z,True,True,True,PRIMARY_CORE,True,,False,INCLUDE_ALL_R0_CORE_UNITS,"latest CREATION_DATE<=evaluation_time, then latest EPOCH, then GP_ID","Perturb(A_causal, frozen original factor/rule); do not preserve legacy absolute B state",60,60,0,120
controlled_altitude_difference_synthetic_B,orbit_unit_079d8cca96262f8e28da8b4a,65410,STARLINK-35024,SYNTHETIC_RELATIVE_TO_A,same_plane_altitude_offset:-100km,same_tle_65410_20260312T085425Z:segment:3,2026-03-12T08:57:54.500000Z,315679831,2026-03-11T16:54:40.030272Z,2026-03-12T03:14:55Z,True,True,True,PRIMARY_CORE,True,,False,INCLUDE_ALL_R0_CORE_UNITS,"latest CREATION_DATE<=evaluation_time, then latest EPOCH, then GP_ID","Perturb(A_causal, frozen original factor/rule); do not preserve legacy absolute B state",60,60,0,120
controlled_altitude_difference_synthetic_B,orbit_unit_07a9f0974b302b53b5a7a64a,65410,STARLINK-35024,SYNTHETIC_RELATIVE_TO_A,same_plane_altitude_offset:+2km,same_tle_65410_20260311T110240Z:segment:3,2026-03-11T11:06:09.500000Z,315555532,2026-03-10T17:24:38.025504Z,2026-03-11T02:43:10Z,True,True,True,PRIMARY_CORE,True,,False,INCLUDE_ALL_R0_CORE_UNITS,"latest CREATION_DATE<=evaluation_time, then latest EPOCH, then GP_ID","Perturb(A_causal, frozen original factor/rule); do not preserve legacy absolute B state",60,60,0,120
controlled_altitude_difference_synthetic_B,orbit_unit_08104ebe27c3d3f0bd5b6d7a,65686,STARLINK-35137,SYNTHETIC_RELATIVE_TO_A,same_plane_altitude_offset:-10km,same_tle_65686_20260312T121505Z:segment:2,2026-03-12T12:17:34.500000Z,315682814,2026-03-11T21:55:43.056192Z,2026-03-12T07:26:32Z,True,True,True,PRIMARY_CORE,True,,False,INCLUDE_ALL_R0_CORE_UNITS,"latest CREATION_DATE<=evaluation_time, then latest EPOCH, then GP_ID","Perturb(A_causal, frozen original factor/rule); do not preserve legacy absolute B state",60,60,0,120
controlled_altitude_difference_synthetic_B,orbit_unit_0850cd1e6005e545dbf2f917,65421,STARLINK-35146,SYNTHETIC_RELATIVE_TO_A,same_plane_altitude_offset:-5km,same_tle_65421_20260310T131350Z:segment:2,2026-03-10T13:16:19.500000Z,315434193,2026-03-09T17:56:44.636640Z,2026-03-10T03:44:43Z,True,True,True,PRIMARY_CORE,True,,False,INCLUDE_ALL_R0_CORE_UNITS,"latest CREATION_DATE<=evaluation_time, then latest EPOCH, then GP_ID","Perturb(A_causal, frozen original factor/rule); do not preserve legacy absolute B state",60,60,0,120
controlled_altitude_difference_synthetic_B,orbit_unit_0896674fef775013dcd4a2dc,65421,STARLINK-35146,SYNTHETIC_RELATIVE_TO_A,same_plane_altitude_offset:+50km,same_tle_65421_20260310T064225Z:segment:3,2026-03-10T06:45:54.500000Z,315434193,2026-03-09T17:56:44.636640Z,2026-03-10T03:44:43Z,True,True,True,PRIMARY_CORE,True,,False,INCLUDE_ALL_R0_CORE_UNITS,"latest CREATION_DATE<=evaluation_time, then latest EPOCH, then GP_ID","Perturb(A_causal, frozen original factor/rule); do not preserve legacy absolute B state",60,60,0,120
controlled_altitude_difference_synthetic_B,orbit_unit_0a7d5bcb7b2b1613a7fad7f9,44714,STARLINK-1008,SYNTHETIC_RELATIVE_TO_A,same_plane_altitude_offset:-50km,same_tle_44714_20260310T090420Z:segment:3,2026-03-10T09:07:49.500000Z,315443210,2026-03-09T21:39:16.344864Z,2026-03-10T08:26:21Z,True,True,True,PRIMARY_CORE,True,,False,INCLUDE_ALL_R0_CORE_UNITS,"latest CREATION_DATE<=evaluation_time, then latest EPOCH, then GP_ID","Perturb(A_causal, frozen original factor/rule); do not preserve legacy absolute B state",60,60,0,120
controlled_altitude_difference_synthetic_B,orbit_unit_0be345ff0c35b47addd05814,65410,STARLINK-35024,SYNTHETIC_RELATIVE_TO_A,same_plane_altitude_offset:+20km,same_tle_65410_20260310T131135Z:segment:2,2026-03-10T13:14:04.500000Z,315434688,2026-03-09T16:20:35.643840Z,2026-03-10T03:44:43Z,True,True,True,PRIMARY_CORE,True,,False,INCLUDE_ALL_R0_CORE_UNITS,"latest CREATION_DATE<=evaluation_time, then latest EPOCH, then GP_ID","Perturb(A_causal, frozen original factor/rule); do not preserve legacy absolute B state",60,60,0,120
controlled_altitude_difference_synthetic_B,orbit_unit_0cf791521928209967a08a48,44714,STARLINK-1008,SYNTHETIC_RELATIVE_TO_A,same_plane_altitude_offset:+5km,same_tle_44714_20260311T034020Z:segment:3,2026-03-11T03:43:49.500000Z,315542230,2026-03-10T16:27:18.322272Z,2026-03-11T02:43:10Z,True,True,True,PRIMARY_CORE,True,,False,INCLUDE_ALL_R0_CORE_UNITS,"latest CREATION_DATE<=evaluation_time, then latest EPOCH, then GP_ID","Perturb(A_causal, frozen original factor/rule); do not preserve legacy absolute B state",60,60,0,120
controlled_altitude_difference_synthetic_B,orbit_unit_0d66fdb2340fc6341cd1ed9e,65686,STARLINK-35137,SYNTHETIC_RELATIVE_TO_A,same_plane_altitude_offset:-2km,same_tle_65686_20260312T152900Z:segment:3,2026-03-12T15:32:29.500000Z,315682814,2026-03-11T21:55:43.056192Z,2026-03-12T07:26:32Z,True,True,True,PRIMARY_CORE,True,,False,INCLUDE_ALL_R0_CORE_UNITS,"latest CREATION_DATE<=evaluation_time, then latest EPOCH, then GP_ID","Perturb(A_causal, frozen original factor/rule); do not preserve legacy absolute B state",60,60,0,120
controlled_altitude_difference_synthetic_B,orbit_unit_0d7f59dc2c168fe16e2ac110,44714,STARLINK-1008,SYNTHETIC_RELATIVE_TO_A,same_plane_altitude_offset:-10km,same_tle_44714_20260310T023440Z:segment:2,2026-03-10T02:37:09.500000Z,315393241,2026-03-09T13:49:15.828096Z,2026-03-09T22:56:35Z,True,True,True,PRIMARY_CORE,True,,False,INCLUDE_ALL_R0_CORE_UNITS,"latest CREATION_DATE<=evaluation_time, then latest EPOCH, then GP_ID","Perturb(A_causal, frozen original factor/rule); do not preserve legacy absolute B state",60,60,0,120
controlled_altitude_difference_synthetic_B,orbit_unit_0e680a091ecbb149a3721ae2,44714,STARLINK-1008,SYNTHETIC_RELATIVE_TO_A,same_plane_altitude_offset:+0km,same_tle_44714_20260311T034020Z:segment:3,2026-03-11T03:43:49.500000Z,315542230,2026-03-10T16:27:18.322272Z,2026-03-11T02:43:10Z,True,True,True,PRIMARY_CORE,True,,False,INCLUDE_ALL_R0_CORE_UNITS,"latest CREATION_DATE<=evaluation_time, then latest EPOCH, then GP_ID","Perturb(A_causal, frozen original factor/rule); do not preserve legacy absolute B state",60,0,60,120
controlled_altitude_difference_synthetic_B,orbit_unit_104a12044c8bcebaae8a485b,65686,STARLINK-35137,SYNTHETIC_RELATIVE_TO_A,same_plane_altitude_offset:-20km,same_tle_65686_20260312T152900Z:segment:3,2026-03-12T15:32:29.500000Z,315682814,2026-03-11T21:55:43.056192Z,2026-03-12T07:26:32Z,True,True,True,PRIMARY_CORE,True,,False,INCLUDE_ALL_R0_CORE_UNITS,"latest CREATION_DATE<=evaluation_time, then latest EPOCH, then GP_ID","Perturb(A_causal, frozen original factor/rule); do not preserve legacy absolute B state",60,60,0,120
controlled_altitude_difference_synthetic_B,orbit_unit_10780a34d54db871a7ed064a,65686,STARLINK-35137,SYNTHETIC_RELATIVE_TO_A,same_plane_altitude_offset:-50km,same_tle_65686_20260311T142130Z:segment:3,2026-03-11T14:24:59.500000Z,315558516,2026-03-10T22:25:41.529216Z,2026-03-11T07:06:59Z,True,True,True,PRIMARY_CORE,True,,False,INCLUDE_ALL_R0_CORE_UNITS,"latest CREATION_DATE<=evaluation_time, then latest EPOCH, then GP_ID","Perturb(A_causal, frozen original factor/rule); do not preserve legacy absolute B state",60,60,0,120
controlled_altitude_difference_synthetic_B,orbit_unit_113aa09bd9189ab226f50cd1,65686,STARLINK-35137,SYNTHETIC_RELATIVE_TO_A,same_plane_altitude_offset:-20km,same_tle_65686_20260312T121505Z:segment:2,2026-03-12T12:17:34.500000Z,315682814,2026-03-11T21:55:43.056192Z,2026-03-12T07:26:32Z,True,True,True,PRIMARY_CORE,True,,False,INCLUDE_ALL_R0_CORE_UNITS,"latest CREATION_DATE<=evaluation_time, then latest EPOCH, then GP_ID","Perturb(A_causal, frozen original factor/rule); do not preserve legacy absolute B state",60,60,0,120
controlled_altitude_difference_synthetic_B,orbit_unit_1248193680489a0bbb080cd9,65409,STARLINK-35022,SYNTHETIC_RELATIVE_TO_A,same_plane_altitude_offset:+5km,same_tle_65409_20260310T064055Z:segment:3,2026-03-10T06:44:24.500000Z,315434187,2026-03-09T17:55:17.144544Z,2026-03-10T03:44:43Z,True,True,True,PRIMARY_CORE,True,,False,INCLUDE_ALL_R0_CORE_UNITS,"latest CREATION_DATE<=evaluation_time, then latest EPOCH, then GP_ID","Perturb(A_causal, frozen original factor/rule); do not preserve legacy absolute B state",60,60,0,120
controlled_altitude_difference_synthetic_B,orbit_unit_1266d01a3134a6027999109d,65421,STARLINK-35146,SYNTHETIC_RELATIVE_TO_A,same_plane_altitude_offset:-100km,same_tle_65421_20260312T085635Z:segment:3,2026-03-12T09:00:04.500000Z,315679337,2026-03-11T13:48:47.386944Z,2026-03-12T03:14:55Z,True,True,True,PRIMARY_CORE,True,,False,INCLUDE_ALL_R0_CORE_UNITS,"latest CREATION_DATE<=evaluation_time, then latest EPOCH, then GP_ID","Perturb(A_causal, frozen original factor/rule); do not preserve legacy absolute B state",60,60,0,120
controlled_altitude_difference_synthetic_B,orbit_unit_126fb126e25f4fcb1512de00,65421,STARLINK-35146,SYNTHETIC_RELATIVE_TO_A,same_plane_altitude_offset:+50km,same_tle_65421_20260310T131350Z:segment:2,2026-03-10T13:16:19.500000Z,315434193,2026-03-09T17:56:44.636640Z,2026-03-10T03:44:43Z,True,True,True,PRIMARY_CORE,True,,False,INCLUDE_ALL_R0_CORE_UNITS,"latest CREATION_DATE<=evaluation_time, then latest EPOCH, then GP_ID","Perturb(A_causal, frozen original factor/rule); do not preserve legacy absolute B state",60,60,0,120
controlled_altitude_difference_synthetic_B,orbit_unit_132dffb681ee839bb071cf98,65421,STARLINK-35146,SYNTHETIC_RELATIVE_TO_A,same_plane_altitude_offset:-100km,same_tle_65421_20260310T131350Z:segment:2,2026-03-10T13:16:19.500000Z,315434193,2026-03-09T17:56:44.636640Z,2026-03-10T03:44:43Z,True,True,True,PRIMARY_CORE,True,,False,INCLUDE_ALL_R0_CORE_UNITS,"latest CREATION_DATE<=evaluation_time, then latest EPOCH, then GP_ID","Perturb(A_causal, frozen original factor/rule); do not preserve legacy absolute B state",60,60,0,120
controlled_altitude_difference_synthetic_B,orbit_unit_137260a1123a0f3748758fa0,65686,STARLINK-35137,SYNTHETIC_RELATIVE_TO_A,same_plane_altitude_offset:+0km,same_tle_65686_20260311T142130Z:segment:3,2026-03-11T14:24:59.500000Z,315558516,2026-03-10T22:25:41.529216Z,2026-03-11T07:06:59Z,True,True,True,PRIMARY_CORE,True,,False,INCLUDE_ALL_R0_CORE_UNITS,"latest CREATION_DATE<=evaluation_time, then latest EPOCH, then GP_ID","Perturb(A_causal, frozen original factor/rule); do not preserve legacy absolute B state",60,0,60,120
controlled_altitude_difference_synthetic_B,orbit_unit_149230a58adce7a7a059dca0,65409,STARLINK-35022,SYNTHETIC_RELATIVE_TO_A,same_plane_altitude_offset:+0km,same_tle_65409_20260310T064055Z:segment:3,2026-03-10T06:44:24.500000Z,315434187,2026-03-09T17:55:17.144544Z,2026-03-10T03:44:43Z,True,True,True,PRIMARY_CORE,True,,False,INCLUDE_ALL_R0_CORE_UNITS,"latest CREATION_DATE<=evaluation_time, then latest EPOCH, then GP_ID","Perturb(A_causal, frozen original factor/rule); do not preserve legacy absolute B state",60,0,60,120
controlled_altitude_difference_synthetic_B,orbit_unit_154e14b7a22c30461694b5f5,44714,STARLINK-1008,SYNTHETIC_RELATIVE_TO_A,same_plane_altitude_offset:+10km,same_tle_44714_20260310T023440Z:segment:2,2026-03-10T02:37:09.500000Z,315393241,2026-03-09T13:49:15.828096Z,2026-03-09T22:56:35Z,True,True,True,PRIMARY_CORE,True,,False,INCLUDE_ALL_R0_CORE_UNITS,"latest CREATION_DATE<=evaluation_time, then latest EPOCH, then GP_ID","Perturb(A_causal, frozen original factor/rule); do not preserve legacy absolute B state",60,60,0,120
controlled_altitude_difference_synthetic_B,orbit_unit_172edf74dc3868de3ce2944e,44714,STARLINK-1008,SYNTHETIC_RELATIVE_TO_A,same_plane_altitude_offset:+20km,same_tle_44714_20260312T044740Z:segment:3,2026-03-12T04:51:09.500000Z,315665530,2026-03-11T12:49:19.719264Z,2026-03-12T03:14:55Z,True,True,True,PRIMARY_CORE,True,,False,INCLUDE_ALL_R0_CORE_UNITS,"latest CREATION_DATE<=evaluation_time, then latest EPOCH, then GP_ID","Perturb(A_causal, frozen original factor/rule); do not preserve legacy absolute B state",60,60,0,120
controlled_altitude_difference_synthetic_B,orbit_unit_175781d0994bf0d32ce39ec4,44714,STARLINK-1008,SYNTHETIC_RELATIVE_TO_A,same_plane_altitude_offset:+10km,same_tle_44714_20260312T044740Z:segment:3,2026-03-12T04:51:09.500000Z,315665530,2026-03-11T12:49:19.719264Z,2026-03-12T03:14:55Z,True,True,True,PRIMARY_CORE,True,,False,INCLUDE_ALL_R0_CORE_UNITS,"latest CREATION_DATE<=evaluation_time, then latest EPOCH, then GP_ID","Perturb(A_causal, frozen original factor/rule); do not preserve legacy absolute B state",60,60,0,120
controlled_altitude_difference_synthetic_B,orbit_unit_18ca0f468fe7f62d4fae1b6e,65686,STARLINK-35137,SYNTHETIC_RELATIVE_TO_A,same_plane_altitude_offset:+1km,same_tle_65686_20260312T152900Z:segment:3,2026-03-12T15:32:29.500000Z,315682814,2026-03-11T21:55:43.056192Z,2026-03-12T07:26:32Z,True,True,True,PRIMARY_CORE,True,,False,INCLUDE_ALL_R0_CORE_UNITS,"latest CREATION_DATE<=evaluation_time, then latest EPOCH, then GP_ID","Perturb(A_causal, frozen original factor/rule); do not preserve legacy absolute B state",60,60,0,120
controlled_altitude_difference_synthetic_B,orbit_unit_1914dd2da65b26dad8845e23,65410,STARLINK-35024,SYNTHETIC_RELATIVE_TO_A,same_plane_altitude_offset:-5km,same_tle_65410_20260310T064015Z:segment:3,2026-03-10T06:43:44.500000Z,315434688,2026-03-09T16:20:35.643840Z,2026-03-10T03:44:43Z,True,True,True,PRIMARY_CORE,True,,False,INCLUDE_ALL_R0_CORE_UNITS,"latest CREATION_DATE<=evaluation_time, then latest EPOCH, then GP_ID","Perturb(A_causal, frozen original factor/rule); do not preserve legacy absolute B state",60,60,0,120
controlled_altitude_difference_synthetic_B,orbit_unit_193838f67fb99f57f6d11648,44714,STARLINK-1008,SYNTHETIC_RELATIVE_TO_A,same_plane_altitude_offset:+100km,same_tle_44714_20260310T023440Z:segment:2,2026-03-10T02:37:09.500000Z,315393241,2026-03-09T13:49:15.828096Z,2026-03-09T22:56:35Z,True,True,True,PRIMARY_CORE,True,,False,INCLUDE_ALL_R0_CORE_UNITS,"latest CREATION_DATE<=evaluation_time, then latest EPOCH, then GP_ID","Perturb(A_causal, frozen original factor/rule); do not preserve legacy absolute B state",60,60,0,120
controlled_altitude_difference_synthetic_B,orbit_unit_19b54ae915fb4b12e26fbc62,65421,STARLINK-35146,SYNTHETIC_RELATIVE_TO_A,same_plane_altitude_offset:-10km,same_tle_65421_20260310T064225Z:segment:3,2026-03-10T06:45:54.500000Z,315434193,2026-03-09T17:56:44.636640Z,2026-03-10T03:44:43Z,True,True,True,PRIMARY_CORE,True,,False,INCLUDE_ALL_R0_CORE_UNITS,"latest CREATION_DATE<=evaluation_time, then latest EPOCH, then GP_ID","Perturb(A_causal, frozen original factor/rule); do not preserve legacy absolute B state",60,60,0,120
controlled_altitude_difference_synthetic_B,orbit_unit_1a3847d3ce2dbf750f30c99f,65410,STARLINK-35024,SYNTHETIC_RELATIVE_TO_A,same_plane_altitude_offset:-1km,same_tle_65410_20260312T085425Z:segment:3,2026-03-12T08:57:54.500000Z,315679831,2026-03-11T16:54:40.030272Z,2026-03-12T03:14:55Z,True,True,True,PRIMARY_CORE,True,,False,INCLUDE_ALL_R0_CORE_UNITS,"latest CREATION_DATE<=evaluation_time, then latest EPOCH, then GP_ID","Perturb(A_causal, frozen original factor/rule); do not preserve legacy absolute B state",60,60,0,120
controlled_altitude_difference_synthetic_B,orbit_unit_1a61d163e1d68cf96e38cb99,65686,STARLINK-35137,SYNTHETIC_RELATIVE_TO_A,same_plane_altitude_offset:+2km,same_tle_65686_20260312T121505Z:segment:2,2026-03-12T12:17:34.500000Z,315682814,2026-03-11T21:55:43.056192Z,2026-03-12T07:26:32Z,True,True,True,PRIMARY_CORE,True,,False,INCLUDE_ALL_R0_CORE_UNITS,"latest CREATION_DATE<=evaluation_time, then latest EPOCH, then GP_ID","Perturb(A_causal, frozen original factor/rule); do not preserve legacy absolute B state",60,60,0,120
controlled_altitude_difference_synthetic_B,orbit_unit_1ad0338c12e81dcf562a18aa,65410,STARLINK-35024,SYNTHETIC_RELATIVE_TO_A,same_plane_altitude_offset:-2km,same_tle_65410_20260311T110240Z:segment:3,2026-03-11T11:06:09.500000Z,315555532,2026-03-10T17:24:38.025504Z,2026-03-11T02:43:10Z,True,True,True,PRIMARY_CORE,True,,False,INCLUDE_ALL_R0_CORE_UNITS,"latest CREATION_DATE<=evaluation_time, then latest EPOCH, then GP_ID","Perturb(A_causal, frozen original factor/rule); do not preserve legacy absolute B state",60,60,0,120
controlled_altitude_difference_synthetic_B,orbit_unit_1af9047b5f1a3511468caf8c,65409,STARLINK-35022,SYNTHETIC_RELATIVE_TO_A,same_plane_altitude_offset:+50km,same_tle_65409_20260310T064055Z:segment:3,2026-03-10T06:44:24.500000Z,315434187,2026-03-09T17:55:17.144544Z,2026-03-10T03:44:43Z,True,True,True,PRIMARY_CORE,True,,False,INCLUDE_ALL_R0_CORE_UNITS,"latest CREATION_DATE<=evaluation_time, then latest EPOCH, then GP_ID","Perturb(A_causal, frozen original factor/rule); do not preserve legacy absolute B state",60,60,0,120
controlled_altitude_difference_synthetic_B,orbit_unit_1c3afa2b436f61e9a34d497e,65421,STARLINK-35146,SYNTHETIC_RELATIVE_TO_A,same_plane_altitude_offset:+10km,same_tle_65421_20260312T085635Z:segment:3,2026-03-12T09:00:04.500000Z,315679337,2026-03-11T13:48:47.386944Z,2026-03-12T03:14:55Z,True,True,True,PRIMARY_CORE,True,,False,INCLUDE_ALL_R0_CORE_UNITS,"latest CREATION_DATE<=evaluation_time, then latest EPOCH, then GP_ID","Perturb(A_causal, frozen original factor/rule); do not preserve legacy absolute B state",60,60,0,120
controlled_altitude_difference_synthetic_B,orbit_unit_1d4cd5e8f7bed996791dac46,65686,STARLINK-35137,SYNTHETIC_RELATIVE_TO_A,same_plane_altitude_offset:-10km,same_tle_65686_20260310T131505Z:segment:2,2026-03-10T13:17:34.500000Z,315485957,2026-03-10T00:29:40.547616Z,2026-03-10T09:52:28Z,True,True,True,PRIMARY_CORE,True,,False,INCLUDE_ALL_R0_CORE_UNITS,"latest CREATION_DATE<=evaluation_time, then latest EPOCH, then GP_ID","Perturb(A_causal, frozen original factor/rule); do not preserve legacy absolute B state",60,60,0,120
controlled_altitude_difference_synthetic_B,orbit_unit_1db8dbc83919c44a023b10ce,65410,STARLINK-35024,SYNTHETIC_RELATIVE_TO_A,same_plane_altitude_offset:+0km,same_tle_65410_20260312T085425Z:segment:3,2026-03-12T08:57:54.500000Z,315679831,2026-03-11T16:54:40.030272Z,2026-03-12T03:14:55Z,True,True,True,PRIMARY_CORE,True,,False,INCLUDE_ALL_R0_CORE_UNITS,"latest CREATION_DATE<=evaluation_time, then latest EPOCH, then GP_ID","Perturb(A_causal, frozen original factor/rule); do not preserve legacy absolute B state",60,0,60,120
controlled_altitude_difference_synthetic_B,orbit_unit_1f6bde3e365d98903139cf85,65410,STARLINK-35024,SYNTHETIC_RELATIVE_TO_A,same_plane_altitude_offset:-10km,same_tle_65410_20260311T110240Z:segment:3,2026-03-11T11:06:09.500000Z,315555532,2026-03-10T17:24:38.025504Z,2026-03-11T02:43:10Z,True,True,True,PRIMARY_CORE,True,,False,INCLUDE_ALL_R0_CORE_UNITS,"latest CREATION_DATE<=evaluation_time, then latest EPOCH, then GP_ID","Perturb(A_causal, frozen original factor/rule); do not preserve legacy absolute B state",60,60,0,120
controlled_altitude_difference_synthetic_B,orbit_unit_2096590a2716ff52b2c471a7,44714,STARLINK-1008,SYNTHETIC_RELATIVE_TO_A,same_plane_altitude_offset:-1km,same_tle_44714_20260312T044740Z:segment:3,2026-03-12T04:51:09.500000Z,315665530,2026-03-11T12:49:19.719264Z,2026-03-12T03:14:55Z,True,True,True,PRIMARY_CORE,True,,False,INCLUDE_ALL_R0_CORE_UNITS,"latest CREATION_DATE<=evaluation_time, then latest EPOCH, then GP_ID","Perturb(A_causal, frozen original factor/rule); do not preserve legacy absolute B state",60,60,0,120
controlled_altitude_difference_synthetic_B,orbit_unit_20aac10f8879d59b257891be,65686,STARLINK-35137,SYNTHETIC_RELATIVE_TO_A,same_plane_altitude_offset:-5km,same_tle_65686_20260312T121505Z:segment:2,2026-03-12T12:17:34.500000Z,315682814,2026-03-11T21:55:43.056192Z,2026-03-12T07:26:32Z,True,True,True,PRIMARY_CORE,True,,False,INCLUDE_ALL_R0_CORE_UNITS,"latest CREATION_DATE<=evaluation_time, then latest EPOCH, then GP_ID","Perturb(A_causal, frozen original factor/rule); do not preserve legacy absolute B state",60,60,0,120
controlled_altitude_difference_synthetic_B,orbit_unit_21fe09de21d8bac2d32a9fe7,65409,STARLINK-35022,SYNTHETIC_RELATIVE_TO_A,same_plane_altitude_offset:-100km,same_tle_65409_20260310T113340Z:segment:3,2026-03-10T11:37:09.500000Z,315434187,2026-03-09T17:55:17.144544Z,2026-03-10T03:44:43Z,True,True,True,PRIMARY_CORE,True,,False,INCLUDE_ALL_R0_CORE_UNITS,"latest CREATION_DATE<=evaluation_time, then latest EPOCH, then GP_ID","Perturb(A_causal, frozen original factor/rule); do not preserve legacy absolute B state",60,60,0,120
controlled_altitude_difference_synthetic_B,orbit_unit_23235fe4183d87fb128c05e8,65409,STARLINK-35022,SYNTHETIC_RELATIVE_TO_A,same_plane_altitude_offset:-20km,same_tle_65409_20260312T054045Z:segment:2,2026-03-12T05:43:14.500000Z,315679331,2026-03-11T20:03:20.806272Z,2026-03-12T03:14:55Z,True,True,True,PRIMARY_CORE,True,,False,INCLUDE_ALL_R0_CORE_UNITS,"latest CREATION_DATE<=evaluation_time, then latest EPOCH, then GP_ID","Perturb(A_causal, frozen original factor/rule); do not preserve legacy absolute B state",60,60,0,120
controlled_altitude_difference_synthetic_B,orbit_unit_2454efedbe2b4c146ac36c1c,65410,STARLINK-35024,SYNTHETIC_RELATIVE_TO_A,same_plane_altitude_offset:+1km,same_tle_65410_20260310T131135Z:segment:2,2026-03-10T13:14:04.500000Z,315434688,2026-03-09T16:20:35.643840Z,2026-03-10T03:44:43Z,True,True,True,PRIMARY_CORE,True,,False,INCLUDE_ALL_R0_CORE_UNITS,"latest CREATION_DATE<=evaluation_time, then latest EPOCH, then GP_ID","Perturb(A_causal, frozen original factor/rule); do not preserve legacy absolute B state",60,60,0,120
controlled_altitude_difference_synthetic_B,orbit_unit_2476edfaa6d10a6b15667dd5,65421,STARLINK-35146,SYNTHETIC_RELATIVE_TO_A,same_plane_altitude_offset:-100km,same_tle_65421_20260310T064225Z:segment:3,2026-03-10T06:45:54.500000Z,315434193,2026-03-09T17:56:44.636640Z,2026-03-10T03:44:43Z,True,True,True,PRIMARY_CORE,True,,False,INCLUDE_ALL_R0_CORE_UNITS,"latest CREATION_DATE<=evaluation_time, then latest EPOCH, then GP_ID","Perturb(A_causal, frozen original factor/rule); do not preserve legacy absolute B state",60,60,0,120
controlled_altitude_difference_synthetic_B,orbit_unit_24dc44c52e25ef861f0f786a,65409,STARLINK-35022,SYNTHETIC_RELATIVE_TO_A,same_plane_altitude_offset:-5km,same_tle_65409_20260312T054045Z:segment:2,2026-03-12T05:43:14.500000Z,315679331,2026-03-11T20:03:20.806272Z,2026-03-12T03:14:55Z,True,True,True,PRIMARY_CORE,True,,False,INCLUDE_ALL_R0_CORE_UNITS,"latest CREATION_DATE<=evaluation_time, then latest EPOCH, then GP_ID","Perturb(A_causal, frozen original factor/rule); do not preserve legacy absolute B state",60,60,0,120
controlled_altitude_difference_synthetic_B,orbit_unit_262e462ce54f12f06223a1fb,65410,STARLINK-35024,SYNTHETIC_RELATIVE_TO_A,same_plane_altitude_offset:-50km,same_tle_65410_20260312T085425Z:segment:3,2026-03-12T08:57:54.500000Z,315679831,2026-03-11T16:54:40.030272Z,2026-03-12T03:14:55Z,True,True,True,PRIMARY_CORE,True,,False,INCLUDE_ALL_R0_CORE_UNITS,"latest CREATION_DATE<=evaluation_time, then latest EPOCH, then GP_ID","Perturb(A_causal, frozen original factor/rule); do not preserve legacy absolute B state",60,60,0,120
controlled_altitude_difference_synthetic_B,orbit_unit_26335abb52c1f826482f9e03,65421,STARLINK-35146,SYNTHETIC_RELATIVE_TO_A,same_plane_altitude_offset:-1km,same_tle_65421_20260312T085635Z:segment:3,2026-03-12T09:00:04.500000Z,315679337,2026-03-11T13:48:47.386944Z,2026-03-12T03:14:55Z,True,True,True,PRIMARY_CORE,True,,False,INCLUDE_ALL_R0_CORE_UNITS,"latest CREATION_DATE<=evaluation_time, then latest EPOCH, then GP_ID","Perturb(A_causal, frozen original factor/rule); do not preserve legacy absolute B state",60,60,0,120
controlled_altitude_difference_synthetic_B,orbit_unit_2a0f2654b7f8156be143251e,44714,STARLINK-1008,SYNTHETIC_RELATIVE_TO_A,same_plane_altitude_offset:+1km,same_tle_44714_20260310T023440Z:segment:2,2026-03-10T02:37:09.500000Z,315393241,2026-03-09T13:49:15.828096Z,2026-03-09T22:56:35Z,True,True,True,PRIMARY_CORE,True,,False,INCLUDE_ALL_R0_CORE_UNITS,"latest CREATION_DATE<=evaluation_time, then latest EPOCH, then GP_ID","Perturb(A_causal, frozen original factor/rule); do not preserve legacy absolute B state",60,60,0,120
controlled_altitude_difference_synthetic_B,orbit_unit_2a3462e7cdd9353d1c919dc8,65686,STARLINK-35137,SYNTHETIC_RELATIVE_TO_A,same_plane_altitude_offset:+5km,same_tle_65686_20260310T131505Z:segment:2,2026-03-10T13:17:34.500000Z,315485957,2026-03-10T00:29:40.547616Z,2026-03-10T09:52:28Z,True,True,True,PRIMARY_CORE,True,,False,INCLUDE_ALL_R0_CORE_UNITS,"latest CREATION_DATE<=evaluation_time, then latest EPOCH, then GP_ID","Perturb(A_causal, frozen original factor/rule); do not preserve legacy absolute B state",60,60,0,120
controlled_altitude_difference_synthetic_B,orbit_unit_2aec8a4115d346f393ab960d,44714,STARLINK-1008,SYNTHETIC_RELATIVE_TO_A,same_plane_altitude_offset:-20km,same_tle_44714_20260310T023440Z:segment:2,2026-03-10T02:37:09.500000Z,315393241,2026-03-09T13:49:15.828096Z,2026-03-09T22:56:35Z,True,True,True,PRIMARY_CORE,True,,False,INCLUDE_ALL_R0_CORE_UNITS,"latest CREATION_DATE<=evaluation_time, then latest EPOCH, then GP_ID","Perturb(A_causal, frozen original factor/rule); do not preserve legacy absolute B state",60,60,0,120
controlled_altitude_difference_synthetic_B,orbit_unit_2ba38718dd0b0a254d662465,65409,STARLINK-35022,SYNTHETIC_RELATIVE_TO_A,same_plane_altitude_offset:+1km,same_tle_65409_20260312T054045Z:segment:2,2026-03-12T05:43:14.500000Z,315679331,2026-03-11T20:03:20.806272Z,2026-03-12T03:14:55Z,True,True,True,PRIMARY_CORE,True,,False,INCLUDE_ALL_R0_CORE_UNITS,"latest CREATION_DATE<=evaluation_time, then latest EPOCH, then GP_ID","Perturb(A_causal, frozen original factor/rule); do not preserve legacy absolute B state",60,60,0,120
controlled_altitude_difference_synthetic_B,orbit_unit_2d8b60f97c93de2a7a2494e8,44714,STARLINK-1008,SYNTHETIC_RELATIVE_TO_A,same_plane_altitude_offset:-10km,same_tle_44714_20260310T090420Z:segment:3,2026-03-10T09:07:49.500000Z,315443210,2026-03-09T21:39:16.344864Z,2026-03-10T08:26:21Z,True,True,True,PRIMARY_CORE,True,,False,INCLUDE_ALL_R0_CORE_UNITS,"latest CREATION_DATE<=evaluation_time, then latest EPOCH, then GP_ID","Perturb(A_causal, frozen original factor/rule); do not preserve legacy absolute B state",60,60,0,120
controlled_altitude_difference_synthetic_B,orbit_unit_2f2a32c7c28867ee9878c1bb,65686,STARLINK-35137,SYNTHETIC_RELATIVE_TO_A,same_plane_altitude_offset:+50km,same_tle_65686_20260312T152900Z:segment:3,2026-03-12T15:32:29.500000Z,315682814,2026-03-11T21:55:43.056192Z,2026-03-12T07:26:32Z,True,True,True,PRIMARY_CORE,True,,False,INCLUDE_ALL_R0_CORE_UNITS,"latest CREATION_DATE<=evaluation_time, then latest EPOCH, then GP_ID","Perturb(A_causal, frozen original factor/rule); do not preserve legacy absolute B state",60,60,0,120
controlled_altitude_difference_synthetic_B,orbit_unit_30656c2d9b66677759aa2aba,65409,STARLINK-35022,SYNTHETIC_RELATIVE_TO_A,same_plane_altitude_offset:+100km,same_tle_65409_20260312T054045Z:segment:2,2026-03-12T05:43:14.500000Z,315679331,2026-03-11T20:03:20.806272Z,2026-03-12T03:14:55Z,True,True,True,PRIMARY_CORE,True,,False,INCLUDE_ALL_R0_CORE_UNITS,"latest CREATION_DATE<=evaluation_time, then latest EPOCH, then GP_ID","Perturb(A_causal, frozen original factor/rule); do not preserve legacy absolute B state",60,60,0,120
controlled_altitude_difference_synthetic_B,orbit_unit_32d463784d9947bb0a181940,65421,STARLINK-35146,SYNTHETIC_RELATIVE_TO_A,same_plane_altitude_offset:+1km,same_tle_65421_20260312T085635Z:segment:3,2026-03-12T09:00:04.500000Z,315679337,2026-03-11T13:48:47.386944Z,2026-03-12T03:14:55Z,True,True,True,PRIMARY_CORE,True,,False,INCLUDE_ALL_R0_CORE_UNITS,"latest CREATION_DATE<=evaluation_time, then latest EPOCH, then GP_ID","Perturb(A_causal, frozen original factor/rule); do not preserve legacy absolute B state",60,60,0,120
controlled_altitude_difference_synthetic_B,orbit_unit_33043f44db0192a738508f4c,65409,STARLINK-35022,SYNTHETIC_RELATIVE_TO_A,same_plane_altitude_offset:-100km,same_tle_65409_20260311T110325Z:segment:3,2026-03-11T11:06:54.500000Z,315556031,2026-03-10T20:33:19.547136Z,2026-03-11T02:43:10Z,True,True,True,PRIMARY_CORE,True,,False,INCLUDE_ALL_R0_CORE_UNITS,"latest CREATION_DATE<=evaluation_time, then latest EPOCH, then GP_ID","Perturb(A_causal, frozen original factor/rule); do not preserve legacy absolute B state",60,60,0,120
controlled_altitude_difference_synthetic_B,orbit_unit_333fddf931c9de1837636614,65686,STARLINK-35137,SYNTHETIC_RELATIVE_TO_A,same_plane_altitude_offset:-2km,same_tle_65686_20260312T121505Z:segment:2,2026-03-12T12:17:34.500000Z,315682814,2026-03-11T21:55:43.056192Z,2026-03-12T07:26:32Z,True,True,True,PRIMARY_CORE,True,,False,INCLUDE_ALL_R0_CORE_UNITS,"latest CREATION_DATE<=evaluation_time, then latest EPOCH, then GP_ID","Perturb(A_causal, frozen original factor/rule); do not preserve legacy absolute B state",60,60,0,120
controlled_altitude_difference_synthetic_B,orbit_unit_33c927fc472951a1d7040d0f,65410,STARLINK-35024,SYNTHETIC_RELATIVE_TO_A,same_plane_altitude_offset:-1km,same_tle_65410_20260310T064015Z:segment:3,2026-03-10T06:43:44.500000Z,315434688,2026-03-09T16:20:35.643840Z,2026-03-10T03:44:43Z,True,True,True,PRIMARY_CORE,True,,False,INCLUDE_ALL_R0_CORE_UNITS,"latest CREATION_DATE<=evaluation_time, then latest EPOCH, then GP_ID","Perturb(A_causal, frozen original factor/rule); do not preserve legacy absolute B state",60,60,0,120
controlled_altitude_difference_synthetic_B,orbit_unit_34cead39e2db07e8bbc9ec3b,65421,STARLINK-35146,SYNTHETIC_RELATIVE_TO_A,same_plane_altitude_offset:+20km,same_tle_65421_20260312T085635Z:segment:3,2026-03-12T09:00:04.500000Z,315679337,2026-03-11T13:48:47.386944Z,2026-03-12T03:14:55Z,True,True,True,PRIMARY_CORE,True,,False,INCLUDE_ALL_R0_CORE_UNITS,"latest CREATION_DATE<=evaluation_time, then latest EPOCH, then GP_ID","Perturb(A_causal, frozen original factor/rule); do not preserve legacy absolute B state",60,60,0,120
controlled_altitude_difference_synthetic_B,orbit_unit_36b185c7d6e107dc2106fede,65421,STARLINK-35146,SYNTHETIC_RELATIVE_TO_A,same_plane_altitude_offset:+5km,same_tle_65421_20260310T131350Z:segment:2,2026-03-10T13:16:19.500000Z,315434193,2026-03-09T17:56:44.636640Z,2026-03-10T03:44:43Z,True,True,True,PRIMARY_CORE,True,,False,INCLUDE_ALL_R0_CORE_UNITS,"latest CREATION_DATE<=evaluation_time, then latest EPOCH, then GP_ID","Perturb(A_causal, frozen original factor/rule); do not preserve legacy absolute B state",60,60,0,120
controlled_altitude_difference_synthetic_B,orbit_unit_3731f08bfb3dfb7e4c13ac57,65421,STARLINK-35146,SYNTHETIC_RELATIVE_TO_A,same_plane_altitude_offset:+0km,same_tle_65421_20260310T131350Z:segment:2,2026-03-10T13:16:19.500000Z,315434193,2026-03-09T17:56:44.636640Z,2026-03-10T03:44:43Z,True,True,True,PRIMARY_CORE,True,,False,INCLUDE_ALL_R0_CORE_UNITS,"latest CREATION_DATE<=evaluation_time, then latest EPOCH, then GP_ID","Perturb(A_causal, frozen original factor/rule); do not preserve legacy absolute B state",60,0,60,120
controlled_altitude_difference_synthetic_B,orbit_unit_374f85e3dc0faa5c6be0ac97,65421,STARLINK-35146,SYNTHETIC_RELATIVE_TO_A,same_plane_altitude_offset:-1km,same_tle_65421_20260310T064225Z:segment:3,2026-03-10T06:45:54.500000Z,315434193,2026-03-09T17:56:44.636640Z,2026-03-10T03:44:43Z,True,True,True,PRIMARY_CORE,True,,False,INCLUDE_ALL_R0_CORE_UNITS,"latest CREATION_DATE<=evaluation_time, then latest EPOCH, then GP_ID","Perturb(A_causal, frozen original factor/rule); do not preserve legacy absolute B state",60,60,0,120
controlled_altitude_difference_synthetic_B,orbit_unit_377425f9759cc344a1c9fe9d,65410,STARLINK-35024,SYNTHETIC_RELATIVE_TO_A,same_plane_altitude_offset:-1km,same_tle_65410_20260311T110240Z:segment:3,2026-03-11T11:06:09.500000Z,315555532,2026-03-10T17:24:38.025504Z,2026-03-11T02:43:10Z,True,True,True,PRIMARY_CORE,True,,False,INCLUDE_ALL_R0_CORE_UNITS,"latest CREATION_DATE<=evaluation_time, then latest EPOCH, then GP_ID","Perturb(A_causal, frozen original factor/rule); do not preserve legacy absolute B state",60,60,0,120
controlled_altitude_difference_synthetic_B,orbit_unit_39faf6b4d77b52d69d47a835,65421,STARLINK-35146,SYNTHETIC_RELATIVE_TO_A,same_plane_altitude_offset:+20km,same_tle_65421_20260311T110455Z:segment:3,2026-03-11T11:08:24.500000Z,315556037,2026-03-10T20:34:46.163136Z,2026-03-11T02:43:10Z,True,True,True,PRIMARY_CORE,True,,False,INCLUDE_ALL_R0_CORE_UNITS,"latest CREATION_DATE<=evaluation_time, then latest EPOCH, then GP_ID","Perturb(A_causal, frozen original factor/rule); do not preserve legacy absolute B state",60,60,0,120
controlled_altitude_difference_synthetic_B,orbit_unit_3a08c48ab686f0a11ddb65d1,65686,STARLINK-35137,SYNTHETIC_RELATIVE_TO_A,same_plane_altitude_offset:-50km,same_tle_65686_20260312T121505Z:segment:2,2026-03-12T12:17:34.500000Z,315682814,2026-03-11T21:55:43.056192Z,2026-03-12T07:26:32Z,True,True,True,PRIMARY_CORE,True,,False,INCLUDE_ALL_R0_CORE_UNITS,"latest CREATION_DATE<=evaluation_time, then latest EPOCH, then GP_ID","Perturb(A_causal, frozen original factor/rule); do not preserve legacy absolute B state",60,60,0,120
controlled_altitude_difference_synthetic_B,orbit_unit_3a6d8ae8cc5ab39c37dff701,65409,STARLINK-35022,SYNTHETIC_RELATIVE_TO_A,same_plane_altitude_offset:+50km,same_tle_65409_20260311T110325Z:segment:3,2026-03-11T11:06:54.500000Z,315556031,2026-03-10T20:33:19.547136Z,2026-03-11T02:43:10Z,True,True,True,PRIMARY_CORE,True,,False,INCLUDE_ALL_R0_CORE_UNITS,"latest CREATION_DATE<=evaluation_time, then latest EPOCH, then GP_ID","Perturb(A_causal, frozen original factor/rule); do not preserve legacy absolute B state",60,60,0,120
controlled_altitude_difference_synthetic_B,orbit_unit_3ac46a5572e9ad1ab171b4e8,65686,STARLINK-35137,SYNTHETIC_RELATIVE_TO_A,same_plane_altitude_offset:-100km,same_tle_65686_20260312T121505Z:segment:2,2026-03-12T12:17:34.500000Z,315682814,2026-03-11T21:55:43.056192Z,2026-03-12T07:26:32Z,True,True,True,PRIMARY_CORE,True,,False,INCLUDE_ALL_R0_CORE_UNITS,"latest CREATION_DATE<=evaluation_time, then latest EPOCH, then GP_ID","Perturb(A_causal, frozen original factor/rule); do not preserve legacy absolute B state",60,60,0,120
controlled_altitude_difference_synthetic_B,orbit_unit_3ad3a1928f08326bf59dab43,65421,STARLINK-35146,SYNTHETIC_RELATIVE_TO_A,same_plane_altitude_offset:+1km,same_tle_65421_20260311T110455Z:segment:3,2026-03-11T11:08:24.500000Z,315556037,2026-03-10T20:34:46.163136Z,2026-03-11T02:43:10Z,True,True,True,PRIMARY_CORE,True,,False,INCLUDE_ALL_R0_CORE_UNITS,"latest CREATION_DATE<=evaluation_time, then latest EPOCH, then GP_ID","Perturb(A_causal, frozen original factor/rule); do not preserve legacy absolute B state",60,60,0,120
controlled_altitude_difference_synthetic_B,orbit_unit_3cb046c8ac4f719077e78b42,65421,STARLINK-35146,SYNTHETIC_RELATIVE_TO_A,same_plane_altitude_offset:-50km,same_tle_65421_20260311T110455Z:segment:3,2026-03-11T11:08:24.500000Z,315556037,2026-03-10T20:34:46.163136Z,2026-03-11T02:43:10Z,True,True,True,PRIMARY_CORE,True,,False,INCLUDE_ALL_R0_CORE_UNITS,"latest CREATION_DATE<=evaluation_time, then latest EPOCH, then GP_ID","Perturb(A_causal, frozen original factor/rule); do not preserve legacy absolute B state",60,60,0,120
controlled_altitude_difference_synthetic_B,orbit_unit_3cd7392133f06e862307b00d,65421,STARLINK-35146,SYNTHETIC_RELATIVE_TO_A,same_plane_altitude_offset:+1km,same_tle_65421_20260310T064225Z:segment:3,2026-03-10T06:45:54.500000Z,315434193,2026-03-09T17:56:44.636640Z,2026-03-10T03:44:43Z,True,True,True,PRIMARY_CORE,True,,False,INCLUDE_ALL_R0_CORE_UNITS,"latest CREATION_DATE<=evaluation_time, then latest EPOCH, then GP_ID","Perturb(A_causal, frozen original factor/rule); do not preserve legacy absolute B state",60,60,0,120
controlled_altitude_difference_synthetic_B,orbit_unit_3d1f2dc02af11ab000a3a7c2,65410,STARLINK-35024,SYNTHETIC_RELATIVE_TO_A,same_plane_altitude_offset:+20km,same_tle_65410_20260312T085425Z:segment:3,2026-03-12T08:57:54.500000Z,315679831,2026-03-11T16:54:40.030272Z,2026-03-12T03:14:55Z,True,True,True,PRIMARY_CORE,True,,False,INCLUDE_ALL_R0_CORE_UNITS,"latest CREATION_DATE<=evaluation_time, then latest EPOCH, then GP_ID","Perturb(A_causal, frozen original factor/rule); do not preserve legacy absolute B state",60,60,0,120
controlled_altitude_difference_synthetic_B,orbit_unit_3d22c5180c6c8b757969d4b6,65421,STARLINK-35146,SYNTHETIC_RELATIVE_TO_A,same_plane_altitude_offset:+0km,same_tle_65421_20260312T085635Z:segment:3,2026-03-12T09:00:04.500000Z,315679337,2026-03-11T13:48:47.386944Z,2026-03-12T03:14:55Z,True,True,True,PRIMARY_CORE,True,,False,INCLUDE_ALL_R0_CORE_UNITS,"latest CREATION_DATE<=evaluation_time, then latest EPOCH, then GP_ID","Perturb(A_causal, frozen original factor/rule); do not preserve legacy absolute B state",60,0,60,120
controlled_altitude_difference_synthetic_B,orbit_unit_3eec782b0536289e00dd7045,65421,STARLINK-35146,SYNTHETIC_RELATIVE_TO_A,same_plane_altitude_offset:-10km,same_tle_65421_20260311T110455Z:segment:3,2026-03-11T11:08:24.500000Z,315556037,2026-03-10T20:34:46.163136Z,2026-03-11T02:43:10Z,True,True,True,PRIMARY_CORE,True,,False,INCLUDE_ALL_R0_CORE_UNITS,"latest CREATION_DATE<=evaluation_time, then latest EPOCH, then GP_ID","Perturb(A_causal, frozen original factor/rule); do not preserve legacy absolute B state",60,60,0,120
controlled_altitude_difference_synthetic_B,orbit_unit_4065e50930179a8ac67f3734,65421,STARLINK-35146,SYNTHETIC_RELATIVE_TO_A,same_plane_altitude_offset:+100km,same_tle_65421_20260312T085635Z:segment:3,2026-03-12T09:00:04.500000Z,315679337,2026-03-11T13:48:47.386944Z,2026-03-12T03:14:55Z,True,True,True,PRIMARY_CORE,True,,False,INCLUDE_ALL_R0_CORE_UNITS,"latest CREATION_DATE<=evaluation_time, then latest EPOCH, then GP_ID","Perturb(A_causal, frozen original factor/rule); do not preserve legacy absolute B state",60,60,0,120
controlled_altitude_difference_synthetic_B,orbit_unit_41bebe4dbe561745e3373b05,44714,STARLINK-1008,SYNTHETIC_RELATIVE_TO_A,same_plane_altitude_offset:+20km,same_tle_44714_20260310T023440Z:segment:2,2026-03-10T02:37:09.500000Z,315393241,2026-03-09T13:49:15.828096Z,2026-03-09T22:56:35Z,True,True,True,PRIMARY_CORE,True,,False,INCLUDE_ALL_R0_CORE_UNITS,"latest CREATION_DATE<=evaluation_time, then latest EPOCH, then GP_ID","Perturb(A_causal, frozen original factor/rule); do not preserve legacy absolute B state",60,60,0,120
controlled_altitude_difference_synthetic_B,orbit_unit_429d035eb7777e87c43b3cf2,65421,STARLINK-35146,SYNTHETIC_RELATIVE_TO_A,same_plane_altitude_offset:+2km,same_tle_65421_20260312T085635Z:segment:3,2026-03-12T09:00:04.500000Z,315679337,2026-03-11T13:48:47.386944Z,2026-03-12T03:14:55Z,True,True,True,PRIMARY_CORE,True,,False,INCLUDE_ALL_R0_CORE_UNITS,"latest CREATION_DATE<=evaluation_time, then latest EPOCH, then GP_ID","Perturb(A_causal, frozen original factor/rule); do not preserve legacy absolute B state",60,60,0,120
controlled_altitude_difference_synthetic_B,orbit_unit_44ec0da0cd3264a2a475a8bb,44714,STARLINK-1008,SYNTHETIC_RELATIVE_TO_A,same_plane_altitude_offset:-5km,same_tle_44714_20260310T023440Z:segment:2,2026-03-10T02:37:09.500000Z,315393241,2026-03-09T13:49:15.828096Z,2026-03-09T22:56:35Z,True,True,True,PRIMARY_CORE,True,,False,INCLUDE_ALL_R0_CORE_UNITS,"latest CREATION_DATE<=evaluation_time, then latest EPOCH, then GP_ID","Perturb(A_causal, frozen original factor/rule); do not preserve legacy absolute B state",60,60,0,120
controlled_altitude_difference_synthetic_B,orbit_unit_455dcf449c6edd8723567a25,65686,STARLINK-35137,SYNTHETIC_RELATIVE_TO_A,same_plane_altitude_offset:+20km,same_tle_65686_20260310T131505Z:segment:2,2026-03-10T13:17:34.500000Z,315485957,2026-03-10T00:29:40.547616Z,2026-03-10T09:52:28Z,True,True,True,PRIMARY_CORE,True,,False,INCLUDE_ALL_R0_CORE_UNITS,"latest CREATION_DATE<=evaluation_time, then latest EPOCH, then GP_ID","Perturb(A_causal, frozen original factor/rule); do not preserve legacy absolute B state",60,60,0,120
controlled_altitude_difference_synthetic_B,orbit_unit_45a2a7296a677a37424e5509,44714,STARLINK-1008,SYNTHETIC_RELATIVE_TO_A,same_plane_altitude_offset:-2km,same_tle_44714_20260312T044740Z:segment:3,2026-03-12T04:51:09.500000Z,315665530,2026-03-11T12:49:19.719264Z,2026-03-12T03:14:55Z,True,True,True,PRIMARY_CORE,True,,False,INCLUDE_ALL_R0_CORE_UNITS,"latest CREATION_DATE<=evaluation_time, then latest EPOCH, then GP_ID","Perturb(A_causal, frozen original factor/rule); do not preserve legacy absolute B state",60,60,0,120
controlled_altitude_difference_synthetic_B,orbit_unit_47d2904e124351a13d898c9a,65686,STARLINK-35137,SYNTHETIC_RELATIVE_TO_A,same_plane_altitude_offset:-1km,same_tle_65686_20260312T152900Z:segment:3,2026-03-12T15:32:29.500000Z,315682814,2026-03-11T21:55:43.056192Z,2026-03-12T07:26:32Z,True,True,True,PRIMARY_CORE,True,,False,INCLUDE_ALL_R0_CORE_UNITS,"latest CREATION_DATE<=evaluation_time, then latest EPOCH, then GP_ID","Perturb(A_causal, frozen original factor/rule); do not preserve legacy absolute B state",60,60,0,120
controlled_altitude_difference_synthetic_B,orbit_unit_4a5b52abd5385ab8156c9faf,65409,STARLINK-35022,SYNTHETIC_RELATIVE_TO_A,same_plane_altitude_offset:-2km,same_tle_65409_20260311T110325Z:segment:3,2026-03-11T11:06:54.500000Z,315556031,2026-03-10T20:33:19.547136Z,2026-03-11T02:43:10Z,True,True,True,PRIMARY_CORE,True,,False,INCLUDE_ALL_R0_CORE_UNITS,"latest CREATION_DATE<=evaluation_time, then latest EPOCH, then GP_ID","Perturb(A_causal, frozen original factor/rule); do not preserve legacy absolute B state",60,60,0,120
controlled_altitude_difference_synthetic_B,orbit_unit_4b69abaa58302fb09430ff00,65409,STARLINK-35022,SYNTHETIC_RELATIVE_TO_A,same_plane_altitude_offset:-20km,same_tle_65409_20260310T113340Z:segment:3,2026-03-10T11:37:09.500000Z,315434187,2026-03-09T17:55:17.144544Z,2026-03-10T03:44:43Z,True,True,True,PRIMARY_CORE,True,,False,INCLUDE_ALL_R0_CORE_UNITS,"latest CREATION_DATE<=evaluation_time, then latest EPOCH, then GP_ID","Perturb(A_causal, frozen original factor/rule); do not preserve legacy absolute B state",60,60,0,120
controlled_altitude_difference_synthetic_B,orbit_unit_4dde5bce86c59845e53e857c,65409,STARLINK-35022,SYNTHETIC_RELATIVE_TO_A,same_plane_altitude_offset:+2km,same_tle_65409_20260311T110325Z:segment:3,2026-03-11T11:06:54.500000Z,315556031,2026-03-10T20:33:19.547136Z,2026-03-11T02:43:10Z,True,True,True,PRIMARY_CORE,True,,False,INCLUDE_ALL_R0_CORE_UNITS,"latest CREATION_DATE<=evaluation_time, then latest EPOCH, then GP_ID","Perturb(A_causal, frozen original factor/rule); do not preserve legacy absolute B state",60,60,0,120
controlled_altitude_difference_synthetic_B,orbit_unit_4dffdfe84e5f4e8552a533a1,65409,STARLINK-35022,SYNTHETIC_RELATIVE_TO_A,same_plane_altitude_offset:-2km,same_tle_65409_20260310T064055Z:segment:3,2026-03-10T06:44:24.500000Z,315434187,2026-03-09T17:55:17.144544Z,2026-03-10T03:44:43Z,True,True,True,PRIMARY_CORE,True,,False,INCLUDE_ALL_R0_CORE_UNITS,"latest CREATION_DATE<=evaluation_time, then latest EPOCH, then GP_ID","Perturb(A_causal, frozen original factor/rule); do not preserve legacy absolute B state",60,60,0,120
controlled_altitude_difference_synthetic_B,orbit_unit_4ebe83456a8267863b89afd6,65686,STARLINK-35137,SYNTHETIC_RELATIVE_TO_A,same_plane_altitude_offset:-50km,same_tle_65686_20260312T152900Z:segment:3,2026-03-12T15:32:29.500000Z,315682814,2026-03-11T21:55:43.056192Z,2026-03-12T07:26:32Z,True,True,True,PRIMARY_CORE,True,,False,INCLUDE_ALL_R0_CORE_UNITS,"latest CREATION_DATE<=evaluation_time, then latest EPOCH, then GP_ID","Perturb(A_causal, frozen original factor/rule); do not preserve legacy absolute B state",60,60,0,120
controlled_altitude_difference_synthetic_B,orbit_unit_52300a8d3394b0274bf369a1,44714,STARLINK-1008,SYNTHETIC_RELATIVE_TO_A,same_plane_altitude_offset:+20km,same_tle_44714_20260311T034020Z:segment:3,2026-03-11T03:43:49.500000Z,315542230,2026-03-10T16:27:18.322272Z,2026-03-11T02:43:10Z,True,True,True,PRIMARY_CORE,True,,False,INCLUDE_ALL_R0_CORE_UNITS,"latest CREATION_DATE<=evaluation_time, then latest EPOCH, then GP_ID","Perturb(A_causal, frozen original factor/rule); do not preserve legacy absolute B state",60,60,0,120
controlled_altitude_difference_synthetic_B,orbit_unit_52dd9da1ac920c7f9faeecf4,65410,STARLINK-35024,SYNTHETIC_RELATIVE_TO_A,same_plane_altitude_offset:-50km,same_tle_65410_20260311T110240Z:segment:3,2026-03-11T11:06:09.500000Z,315555532,2026-03-10T17:24:38.025504Z,2026-03-11T02:43:10Z,True,True,True,PRIMARY_CORE,True,,False,INCLUDE_ALL_R0_CORE_UNITS,"latest CREATION_DATE<=evaluation_time, then latest EPOCH, then GP_ID","Perturb(A_causal, frozen original factor/rule); do not preserve legacy absolute B state",60,60,0,120
controlled_altitude_difference_synthetic_B,orbit_unit_53b482385a42aebc5cfa3313,65410,STARLINK-35024,SYNTHETIC_RELATIVE_TO_A,same_plane_altitude_offset:-20km,same_tle_65410_20260310T064015Z:segment:3,2026-03-10T06:43:44.500000Z,315434688,2026-03-09T16:20:35.643840Z,2026-03-10T03:44:43Z,True,True,True,PRIMARY_CORE,True,,False,INCLUDE_ALL_R0_CORE_UNITS,"latest CREATION_DATE<=evaluation_time, then latest EPOCH, then GP_ID","Perturb(A_causal, frozen original factor/rule); do not preserve legacy absolute B state",60,60,0,120
controlled_altitude_difference_synthetic_B,orbit_unit_546bd79ec3e684234865610d,65409,STARLINK-35022,SYNTHETIC_RELATIVE_TO_A,same_plane_altitude_offset:+2km,same_tle_65409_20260310T064055Z:segment:3,2026-03-10T06:44:24.500000Z,315434187,2026-03-09T17:55:17.144544Z,2026-03-10T03:44:43Z,True,True,True,PRIMARY_CORE,True,,False,INCLUDE_ALL_R0_CORE_UNITS,"latest CREATION_DATE<=evaluation_time, then latest EPOCH, then GP_ID","Perturb(A_causal, frozen original factor/rule); do not preserve legacy absolute B state",60,60,0,120
controlled_altitude_difference_synthetic_B,orbit_unit_54956deef91c612834296dea,65686,STARLINK-35137,SYNTHETIC_RELATIVE_TO_A,same_plane_altitude_offset:-1km,same_tle_65686_20260310T131505Z:segment:2,2026-03-10T13:17:34.500000Z,315485957,2026-03-10T00:29:40.547616Z,2026-03-10T09:52:28Z,True,True,True,PRIMARY_CORE,True,,False,INCLUDE_ALL_R0_CORE_UNITS,"latest CREATION_DATE<=evaluation_time, then latest EPOCH, then GP_ID","Perturb(A_causal, frozen original factor/rule); do not preserve legacy absolute B state",60,60,0,120
controlled_altitude_difference_synthetic_B,orbit_unit_549f0e03e67523d6c9f32874,65410,STARLINK-35024,SYNTHETIC_RELATIVE_TO_A,same_plane_altitude_offset:-2km,same_tle_65410_20260312T085425Z:segment:3,2026-03-12T08:57:54.500000Z,315679831,2026-03-11T16:54:40.030272Z,2026-03-12T03:14:55Z,True,True,True,PRIMARY_CORE,True,,False,INCLUDE_ALL_R0_CORE_UNITS,"latest CREATION_DATE<=evaluation_time, then latest EPOCH, then GP_ID","Perturb(A_causal, frozen original factor/rule); do not preserve legacy absolute B state",60,60,0,120
controlled_altitude_difference_synthetic_B,orbit_unit_54cd20037cb97e3e1dbe3a74,65409,STARLINK-35022,SYNTHETIC_RELATIVE_TO_A,same_plane_altitude_offset:-2km,same_tle_65409_20260310T113340Z:segment:3,2026-03-10T11:37:09.500000Z,315434187,2026-03-09T17:55:17.144544Z,2026-03-10T03:44:43Z,True,True,True,PRIMARY_CORE,True,,False,INCLUDE_ALL_R0_CORE_UNITS,"latest CREATION_DATE<=evaluation_time, then latest EPOCH, then GP_ID","Perturb(A_causal, frozen original factor/rule); do not preserve legacy absolute B state",60,60,0,120
controlled_altitude_difference_synthetic_B,orbit_unit_55ab7194ab8f9da70fe934d4,44714,STARLINK-1008,SYNTHETIC_RELATIVE_TO_A,same_plane_altitude_offset:+1km,same_tle_44714_20260311T034020Z:segment:3,2026-03-11T03:43:49.500000Z,315542230,2026-03-10T16:27:18.322272Z,2026-03-11T02:43:10Z,True,True,True,PRIMARY_CORE,True,,False,INCLUDE_ALL_R0_CORE_UNITS,"latest CREATION_DATE<=evaluation_time, then latest EPOCH, then GP_ID","Perturb(A_causal, frozen original factor/rule); do not preserve legacy absolute B state",60,60,0,120
controlled_altitude_difference_synthetic_B,orbit_unit_5601cfc277bf6e4a3af6af28,65686,STARLINK-35137,SYNTHETIC_RELATIVE_TO_A,same_plane_altitude_offset:-10km,same_tle_65686_20260311T142130Z:segment:3,2026-03-11T14:24:59.500000Z,315558516,2026-03-10T22:25:41.529216Z,2026-03-11T07:06:59Z,True,True,True,PRIMARY_CORE,True,,False,INCLUDE_ALL_R0_CORE_UNITS,"latest CREATION_DATE<=evaluation_time, then latest EPOCH, then GP_ID","Perturb(A_causal, frozen original factor/rule); do not preserve legacy absolute B state",60,60,0,120
controlled_altitude_difference_synthetic_B,orbit_unit_56de11d55567524279cf1ab5,65421,STARLINK-35146,SYNTHETIC_RELATIVE_TO_A,same_plane_altitude_offset:-10km,same_tle_65421_20260312T085635Z:segment:3,2026-03-12T09:00:04.500000Z,315679337,2026-03-11T13:48:47.386944Z,2026-03-12T03:14:55Z,True,True,True,PRIMARY_CORE,True,,False,INCLUDE_ALL_R0_CORE_UNITS,"latest CREATION_DATE<=evaluation_time, then latest EPOCH, then GP_ID","Perturb(A_causal, frozen original factor/rule); do not preserve legacy absolute B state",60,60,0,120
controlled_altitude_difference_synthetic_B,orbit_unit_57147c979fdf97b212f01541,44714,STARLINK-1008,SYNTHETIC_RELATIVE_TO_A,same_plane_altitude_offset:-50km,same_tle_44714_20260312T044740Z:segment:3,2026-03-12T04:51:09.500000Z,315665530,2026-03-11T12:49:19.719264Z,2026-03-12T03:14:55Z,True,True,True,PRIMARY_CORE,True,,False,INCLUDE_ALL_R0_CORE_UNITS,"latest CREATION_DATE<=evaluation_time, then latest EPOCH, then GP_ID","Perturb(A_causal, frozen original factor/rule); do not preserve legacy absolute B state",60,60,0,120
controlled_altitude_difference_synthetic_B,orbit_unit_5738b61622e8c6cdbc9219fa,65686,STARLINK-35137,SYNTHETIC_RELATIVE_TO_A,same_plane_altitude_offset:-2km,same_tle_65686_20260310T131505Z:segment:2,2026-03-10T13:17:34.500000Z,315485957,2026-03-10T00:29:40.547616Z,2026-03-10T09:52:28Z,True,True,True,PRIMARY_CORE,True,,False,INCLUDE_ALL_R0_CORE_UNITS,"latest CREATION_DATE<=evaluation_time, then latest EPOCH, then GP_ID","Perturb(A_causal, frozen original factor/rule); do not preserve legacy absolute B state",60,60,0,120
controlled_altitude_difference_synthetic_B,orbit_unit_57d91d6d38693904d559a0a1,65421,STARLINK-35146,SYNTHETIC_RELATIVE_TO_A,same_plane_altitude_offset:+50km,same_tle_65421_20260311T110455Z:segment:3,2026-03-11T11:08:24.500000Z,315556037,2026-03-10T20:34:46.163136Z,2026-03-11T02:43:10Z,True,True,True,PRIMARY_CORE,True,,False,INCLUDE_ALL_R0_CORE_UNITS,"latest CREATION_DATE<=evaluation_time, then latest EPOCH, then GP_ID","Perturb(A_causal, frozen original factor/rule); do not preserve legacy absolute B state",60,60,0,120
controlled_altitude_difference_synthetic_B,orbit_unit_58417bee57b5777299e69185,65409,STARLINK-35022,SYNTHETIC_RELATIVE_TO_A,same_plane_altitude_offset:+2km,same_tle_65409_20260310T113340Z:segment:3,2026-03-10T11:37:09.500000Z,315434187,2026-03-09T17:55:17.144544Z,2026-03-10T03:44:43Z,True,True,True,PRIMARY_CORE,True,,False,INCLUDE_ALL_R0_CORE_UNITS,"latest CREATION_DATE<=evaluation_time, then latest EPOCH, then GP_ID","Perturb(A_causal, frozen original factor/rule); do not preserve legacy absolute B state",60,60,0,120
controlled_altitude_difference_synthetic_B,orbit_unit_59c924067fc2035a2b837d37,65410,STARLINK-35024,SYNTHETIC_RELATIVE_TO_A,same_plane_altitude_offset:-5km,same_tle_65410_20260312T085425Z:segment:3,2026-03-12T08:57:54.500000Z,315679831,2026-03-11T16:54:40.030272Z,2026-03-12T03:14:55Z,True,True,True,PRIMARY_CORE,True,,False,INCLUDE_ALL_R0_CORE_UNITS,"latest CREATION_DATE<=evaluation_time, then latest EPOCH, then GP_ID","Perturb(A_causal, frozen original factor/rule); do not preserve legacy absolute B state",60,60,0,120
controlled_altitude_difference_synthetic_B,orbit_unit_5a543377fc82a96ff609c475,44714,STARLINK-1008,SYNTHETIC_RELATIVE_TO_A,same_plane_altitude_offset:-10km,same_tle_44714_20260311T034020Z:segment:3,2026-03-11T03:43:49.500000Z,315542230,2026-03-10T16:27:18.322272Z,2026-03-11T02:43:10Z,True,True,True,PRIMARY_CORE,True,,False,INCLUDE_ALL_R0_CORE_UNITS,"latest CREATION_DATE<=evaluation_time, then latest EPOCH, then GP_ID","Perturb(A_causal, frozen original factor/rule); do not preserve legacy absolute B state",60,60,0,120
controlled_altitude_difference_synthetic_B,orbit_unit_5bb5ec8d685de748f82525eb,65686,STARLINK-35137,SYNTHETIC_RELATIVE_TO_A,same_plane_altitude_offset:+20km,same_tle_65686_20260312T121505Z:segment:2,2026-03-12T12:17:34.500000Z,315682814,2026-03-11T21:55:43.056192Z,2026-03-12T07:26:32Z,True,True,True,PRIMARY_CORE,True,,False,INCLUDE_ALL_R0_CORE_UNITS,"latest CREATION_DATE<=evaluation_time, then latest EPOCH, then GP_ID","Perturb(A_causal, frozen original factor/rule); do not preserve legacy absolute B state",60,60,0,120
controlled_altitude_difference_synthetic_B,orbit_unit_5c19ca81588b971979a2107e,65410,STARLINK-35024,SYNTHETIC_RELATIVE_TO_A,same_plane_altitude_offset:+5km,same_tle_65410_20260310T064015Z:segment:3,2026-03-10T06:43:44.500000Z,315434688,2026-03-09T16:20:35.643840Z,2026-03-10T03:44:43Z,True,True,True,PRIMARY_CORE,True,,False,INCLUDE_ALL_R0_CORE_UNITS,"latest CREATION_DATE<=evaluation_time, then latest EPOCH, then GP_ID","Perturb(A_causal, frozen original factor/rule); do not preserve legacy absolute B state",60,60,0,120
controlled_altitude_difference_synthetic_B,orbit_unit_5d7e7c74eb762baff9a75dbf,65421,STARLINK-35146,SYNTHETIC_RELATIVE_TO_A,same_plane_altitude_offset:+2km,same_tle_65421_20260310T131350Z:segment:2,2026-03-10T13:16:19.500000Z,315434193,2026-03-09T17:56:44.636640Z,2026-03-10T03:44:43Z,True,True,True,PRIMARY_CORE,True,,False,INCLUDE_ALL_R0_CORE_UNITS,"latest CREATION_DATE<=evaluation_time, then latest EPOCH, then GP_ID","Perturb(A_causal, frozen original factor/rule); do not preserve legacy absolute B state",60,60,0,120
controlled_altitude_difference_synthetic_B,orbit_unit_5db90911a1b79e57791dee31,44714,STARLINK-1008,SYNTHETIC_RELATIVE_TO_A,same_plane_altitude_offset:+0km,same_tle_44714_20260310T090420Z:segment:3,2026-03-10T09:07:49.500000Z,315443210,2026-03-09T21:39:16.344864Z,2026-03-10T08:26:21Z,True,True,True,PRIMARY_CORE,True,,False,INCLUDE_ALL_R0_CORE_UNITS,"latest CREATION_DATE<=evaluation_time, then latest EPOCH, then GP_ID","Perturb(A_causal, frozen original factor/rule); do not preserve legacy absolute B state",60,0,60,120
controlled_altitude_difference_synthetic_B,orbit_unit_5e2e89ecf755055eacabe7cd,65409,STARLINK-35022,SYNTHETIC_RELATIVE_TO_A,same_plane_altitude_offset:+0km,same_tle_65409_20260312T054045Z:segment:2,2026-03-12T05:43:14.500000Z,315679331,2026-03-11T20:03:20.806272Z,2026-03-12T03:14:55Z,True,True,True,PRIMARY_CORE,True,,False,INCLUDE_ALL_R0_CORE_UNITS,"latest CREATION_DATE<=evaluation_time, then latest EPOCH, then GP_ID","Perturb(A_causal, frozen original factor/rule); do not preserve legacy absolute B state",60,0,60,120
controlled_altitude_difference_synthetic_B,orbit_unit_5e673c39ab7b2ba78646e251,65686,STARLINK-35137,SYNTHETIC_RELATIVE_TO_A,same_plane_altitude_offset:-20km,same_tle_65686_20260311T142130Z:segment:3,2026-03-11T14:24:59.500000Z,315558516,2026-03-10T22:25:41.529216Z,2026-03-11T07:06:59Z,True,True,True,PRIMARY_CORE,True,,False,INCLUDE_ALL_R0_CORE_UNITS,"latest CREATION_DATE<=evaluation_time, then latest EPOCH, then GP_ID","Perturb(A_causal, frozen original factor/rule); do not preserve legacy absolute B state",60,60,0,120
controlled_altitude_difference_synthetic_B,orbit_unit_5e8187a17d635ce1d8040da5,65410,STARLINK-35024,SYNTHETIC_RELATIVE_TO_A,same_plane_altitude_offset:-10km,same_tle_65410_20260310T064015Z:segment:3,2026-03-10T06:43:44.500000Z,315434688,2026-03-09T16:20:35.643840Z,2026-03-10T03:44:43Z,True,True,True,PRIMARY_CORE,True,,False,INCLUDE_ALL_R0_CORE_UNITS,"latest CREATION_DATE<=evaluation_time, then latest EPOCH, then GP_ID","Perturb(A_causal, frozen original factor/rule); do not preserve legacy absolute B state",60,60,0,120
controlled_altitude_difference_synthetic_B,orbit_unit_5f44327eab46bf94763fc186,44714,STARLINK-1008,SYNTHETIC_RELATIVE_TO_A,same_plane_altitude_offset:-20km,same_tle_44714_20260311T034020Z:segment:3,2026-03-11T03:43:49.500000Z,315542230,2026-03-10T16:27:18.322272Z,2026-03-11T02:43:10Z,True,True,True,PRIMARY_CORE,True,,False,INCLUDE_ALL_R0_CORE_UNITS,"latest CREATION_DATE<=evaluation_time, then latest EPOCH, then GP_ID","Perturb(A_causal, frozen original factor/rule); do not preserve legacy absolute B state",60,60,0,120
controlled_altitude_difference_synthetic_B,orbit_unit_6050ae6129c9cb335d3c7a5f,65421,STARLINK-35146,SYNTHETIC_RELATIVE_TO_A,same_plane_altitude_offset:-2km,same_tle_65421_20260311T110455Z:segment:3,2026-03-11T11:08:24.500000Z,315556037,2026-03-10T20:34:46.163136Z,2026-03-11T02:43:10Z,True,True,True,PRIMARY_CORE,True,,False,INCLUDE_ALL_R0_CORE_UNITS,"latest CREATION_DATE<=evaluation_time, then latest EPOCH, then GP_ID","Perturb(A_causal, frozen original factor/rule); do not preserve legacy absolute B state",60,60,0,120
controlled_altitude_difference_synthetic_B,orbit_unit_614cd40fb78f9fbeb6f96bea,65409,STARLINK-35022,SYNTHETIC_RELATIVE_TO_A,same_plane_altitude_offset:-10km,same_tle_65409_20260310T113340Z:segment:3,2026-03-10T11:37:09.500000Z,315434187,2026-03-09T17:55:17.144544Z,2026-03-10T03:44:43Z,True,True,True,PRIMARY_CORE,True,,False,INCLUDE_ALL_R0_CORE_UNITS,"latest CREATION_DATE<=evaluation_time, then latest EPOCH, then GP_ID","Perturb(A_causal, frozen original factor/rule); do not preserve legacy absolute B state",60,60,0,120
controlled_altitude_difference_synthetic_B,orbit_unit_6154426ffc4dfe2debd7199a,65421,STARLINK-35146,SYNTHETIC_RELATIVE_TO_A,same_plane_altitude_offset:+10km,same_tle_65421_20260310T131350Z:segment:2,2026-03-10T13:16:19.500000Z,315434193,2026-03-09T17:56:44.636640Z,2026-03-10T03:44:43Z,True,True,True,PRIMARY_CORE,True,,False,INCLUDE_ALL_R0_CORE_UNITS,"latest CREATION_DATE<=evaluation_time, then latest EPOCH, then GP_ID","Perturb(A_causal, frozen original factor/rule); do not preserve legacy absolute B state",60,60,0,120
controlled_altitude_difference_synthetic_B,orbit_unit_618c3fd462861a1a27fb9117,65409,STARLINK-35022,SYNTHETIC_RELATIVE_TO_A,same_plane_altitude_offset:+5km,same_tle_65409_20260311T110325Z:segment:3,2026-03-11T11:06:54.500000Z,315556031,2026-03-10T20:33:19.547136Z,2026-03-11T02:43:10Z,True,True,True,PRIMARY_CORE,True,,False,INCLUDE_ALL_R0_CORE_UNITS,"latest CREATION_DATE<=evaluation_time, then latest EPOCH, then GP_ID","Perturb(A_causal, frozen original factor/rule); do not preserve legacy absolute B state",60,60,0,120
controlled_altitude_difference_synthetic_B,orbit_unit_639a56625115ba979ddf05cf,65410,STARLINK-35024,SYNTHETIC_RELATIVE_TO_A,same_plane_altitude_offset:+5km,same_tle_65410_20260312T085425Z:segment:3,2026-03-12T08:57:54.500000Z,315679831,2026-03-11T16:54:40.030272Z,2026-03-12T03:14:55Z,True,True,True,PRIMARY_CORE,True,,False,INCLUDE_ALL_R0_CORE_UNITS,"latest CREATION_DATE<=evaluation_time, then latest EPOCH, then GP_ID","Perturb(A_causal, frozen original factor/rule); do not preserve legacy absolute B state",60,60,0,120
controlled_altitude_difference_synthetic_B,orbit_unit_656eba510980ed9de4797b2b,65686,STARLINK-35137,SYNTHETIC_RELATIVE_TO_A,same_plane_altitude_offset:-50km,same_tle_65686_20260310T131505Z:segment:2,2026-03-10T13:17:34.500000Z,315485957,2026-03-10T00:29:40.547616Z,2026-03-10T09:52:28Z,True,True,True,PRIMARY_CORE,True,,False,INCLUDE_ALL_R0_CORE_UNITS,"latest CREATION_DATE<=evaluation_time, then latest EPOCH, then GP_ID","Perturb(A_causal, frozen original factor/rule); do not preserve legacy absolute B state",60,60,0,120
controlled_altitude_difference_synthetic_B,orbit_unit_65d28d339ac425582109f70c,65421,STARLINK-35146,SYNTHETIC_RELATIVE_TO_A,same_plane_altitude_offset:+100km,same_tle_65421_20260311T110455Z:segment:3,2026-03-11T11:08:24.500000Z,315556037,2026-03-10T20:34:46.163136Z,2026-03-11T02:43:10Z,True,True,True,PRIMARY_CORE,True,,False,INCLUDE_ALL_R0_CORE_UNITS,"latest CREATION_DATE<=evaluation_time, then latest EPOCH, then GP_ID","Perturb(A_causal, frozen original factor/rule); do not preserve legacy absolute B state",60,60,0,120
controlled_altitude_difference_synthetic_B,orbit_unit_667a5e13fbf7ac8a24205d05,65686,STARLINK-35137,SYNTHETIC_RELATIVE_TO_A,same_plane_altitude_offset:-5km,same_tle_65686_20260311T142130Z:segment:3,2026-03-11T14:24:59.500000Z,315558516,2026-03-10T22:25:41.529216Z,2026-03-11T07:06:59Z,True,True,True,PRIMARY_CORE,True,,False,INCLUDE_ALL_R0_CORE_UNITS,"latest CREATION_DATE<=evaluation_time, then latest EPOCH, then GP_ID","Perturb(A_causal, frozen original factor/rule); do not preserve legacy absolute B state",60,60,0,120
controlled_altitude_difference_synthetic_B,orbit_unit_685ab98cbd5ea440981a6933,65409,STARLINK-35022,SYNTHETIC_RELATIVE_TO_A,same_plane_altitude_offset:+20km,same_tle_65409_20260310T064055Z:segment:3,2026-03-10T06:44:24.500000Z,315434187,2026-03-09T17:55:17.144544Z,2026-03-10T03:44:43Z,True,True,True,PRIMARY_CORE,True,,False,INCLUDE_ALL_R0_CORE_UNITS,"latest CREATION_DATE<=evaluation_time, then latest EPOCH, then GP_ID","Perturb(A_causal, frozen original factor/rule); do not preserve legacy absolute B state",60,60,0,120
controlled_altitude_difference_synthetic_B,orbit_unit_69663af7a25b4af65f866787,44714,STARLINK-1008,SYNTHETIC_RELATIVE_TO_A,same_plane_altitude_offset:+50km,same_tle_44714_20260310T023440Z:segment:2,2026-03-10T02:37:09.500000Z,315393241,2026-03-09T13:49:15.828096Z,2026-03-09T22:56:35Z,True,True,True,PRIMARY_CORE,True,,False,INCLUDE_ALL_R0_CORE_UNITS,"latest CREATION_DATE<=evaluation_time, then latest EPOCH, then GP_ID","Perturb(A_causal, frozen original factor/rule); do not preserve legacy absolute B state",60,60,0,120
controlled_altitude_difference_synthetic_B,orbit_unit_6a8c565fad45bf383bfefa4c,65686,STARLINK-35137,SYNTHETIC_RELATIVE_TO_A,same_plane_altitude_offset:+50km,same_tle_65686_20260312T121505Z:segment:2,2026-03-12T12:17:34.500000Z,315682814,2026-03-11T21:55:43.056192Z,2026-03-12T07:26:32Z,True,True,True,PRIMARY_CORE,True,,False,INCLUDE_ALL_R0_CORE_UNITS,"latest CREATION_DATE<=evaluation_time, then latest EPOCH, then GP_ID","Perturb(A_causal, frozen original factor/rule); do not preserve legacy absolute B state",60,60,0,120
controlled_altitude_difference_synthetic_B,orbit_unit_6b3f8dd565b62a459b080dd0,65409,STARLINK-35022,SYNTHETIC_RELATIVE_TO_A,same_plane_altitude_offset:+10km,same_tle_65409_20260310T113340Z:segment:3,2026-03-10T11:37:09.500000Z,315434187,2026-03-09T17:55:17.144544Z,2026-03-10T03:44:43Z,True,True,True,PRIMARY_CORE,True,,False,INCLUDE_ALL_R0_CORE_UNITS,"latest CREATION_DATE<=evaluation_time, then latest EPOCH, then GP_ID","Perturb(A_causal, frozen original factor/rule); do not preserve legacy absolute B state",60,60,0,120
controlled_altitude_difference_synthetic_B,orbit_unit_6b6addf52d23e271a1a78016,44714,STARLINK-1008,SYNTHETIC_RELATIVE_TO_A,same_plane_altitude_offset:+0km,same_tle_44714_20260310T023440Z:segment:2,2026-03-10T02:37:09.500000Z,315393241,2026-03-09T13:49:15.828096Z,2026-03-09T22:56:35Z,True,True,True,PRIMARY_CORE,True,,False,INCLUDE_ALL_R0_CORE_UNITS,"latest CREATION_DATE<=evaluation_time, then latest EPOCH, then GP_ID","Perturb(A_causal, frozen original factor/rule); do not preserve legacy absolute B state",60,0,60,120
controlled_altitude_difference_synthetic_B,orbit_unit_6c6f22037e3f5ea4fa507005,44714,STARLINK-1008,SYNTHETIC_RELATIVE_TO_A,same_plane_altitude_offset:-50km,same_tle_44714_20260310T023440Z:segment:2,2026-03-10T02:37:09.500000Z,315393241,2026-03-09T13:49:15.828096Z,2026-03-09T22:56:35Z,True,True,True,PRIMARY_CORE,True,,False,INCLUDE_ALL_R0_CORE_UNITS,"latest CREATION_DATE<=evaluation_time, then latest EPOCH, then GP_ID","Perturb(A_causal, frozen original factor/rule); do not preserve legacy absolute B state",60,60,0,120
controlled_altitude_difference_synthetic_B,orbit_unit_6d02281d2f644a27b485f288,65409,STARLINK-35022,SYNTHETIC_RELATIVE_TO_A,same_plane_altitude_offset:-10km,same_tle_65409_20260312T054045Z:segment:2,2026-03-12T05:43:14.500000Z,315679331,2026-03-11T20:03:20.806272Z,2026-03-12T03:14:55Z,True,True,True,PRIMARY_CORE,True,,False,INCLUDE_ALL_R0_CORE_UNITS,"latest CREATION_DATE<=evaluation_time, then latest EPOCH, then GP_ID","Perturb(A_causal, frozen original factor/rule); do not preserve legacy absolute B state",60,60,0,120
controlled_altitude_difference_synthetic_B,orbit_unit_6d5a196be61a28182f6b34fb,65409,STARLINK-35022,SYNTHETIC_RELATIVE_TO_A,same_plane_altitude_offset:-100km,same_tle_65409_20260312T054045Z:segment:2,2026-03-12T05:43:14.500000Z,315679331,2026-03-11T20:03:20.806272Z,2026-03-12T03:14:55Z,True,True,True,PRIMARY_CORE,True,,False,INCLUDE_ALL_R0_CORE_UNITS,"latest CREATION_DATE<=evaluation_time, then latest EPOCH, then GP_ID","Perturb(A_causal, frozen original factor/rule); do not preserve legacy absolute B state",60,60,0,120
controlled_altitude_difference_synthetic_B,orbit_unit_6df6b15eb0c01fd010678ee8,65409,STARLINK-35022,SYNTHETIC_RELATIVE_TO_A,same_plane_altitude_offset:-5km,same_tle_65409_20260310T064055Z:segment:3,2026-03-10T06:44:24.500000Z,315434187,2026-03-09T17:55:17.144544Z,2026-03-10T03:44:43Z,True,True,True,PRIMARY_CORE,True,,False,INCLUDE_ALL_R0_CORE_UNITS,"latest CREATION_DATE<=evaluation_time, then latest EPOCH, then GP_ID","Perturb(A_causal, frozen original factor/rule); do not preserve legacy absolute B state",60,60,0,120
controlled_altitude_difference_synthetic_B,orbit_unit_6e1f99c1bcc541b2adfa7138,65686,STARLINK-35137,SYNTHETIC_RELATIVE_TO_A,same_plane_altitude_offset:+10km,same_tle_65686_20260312T152900Z:segment:3,2026-03-12T15:32:29.500000Z,315682814,2026-03-11T21:55:43.056192Z,2026-03-12T07:26:32Z,True,True,True,PRIMARY_CORE,True,,False,INCLUDE_ALL_R0_CORE_UNITS,"latest CREATION_DATE<=evaluation_time, then latest EPOCH, then GP_ID","Perturb(A_causal, frozen original factor/rule); do not preserve legacy absolute B state",60,60,0,120
controlled_altitude_difference_synthetic_B,orbit_unit_6e4d5e2959fb3e579de4f810,65421,STARLINK-35146,SYNTHETIC_RELATIVE_TO_A,same_plane_altitude_offset:+10km,same_tle_65421_20260311T110455Z:segment:3,2026-03-11T11:08:24.500000Z,315556037,2026-03-10T20:34:46.163136Z,2026-03-11T02:43:10Z,True,True,True,PRIMARY_CORE,True,,False,INCLUDE_ALL_R0_CORE_UNITS,"latest CREATION_DATE<=evaluation_time, then latest EPOCH, then GP_ID","Perturb(A_causal, frozen original factor/rule); do not preserve legacy absolute B state",60,60,0,120
controlled_altitude_difference_synthetic_B,orbit_unit_6ea7638a0d30e4c3ed873d1b,65686,STARLINK-35137,SYNTHETIC_RELATIVE_TO_A,same_plane_altitude_offset:+1km,same_tle_65686_20260311T142130Z:segment:3,2026-03-11T14:24:59.500000Z,315558516,2026-03-10T22:25:41.529216Z,2026-03-11T07:06:59Z,True,True,True,PRIMARY_CORE,True,,False,INCLUDE_ALL_R0_CORE_UNITS,"latest CREATION_DATE<=evaluation_time, then latest EPOCH, then GP_ID","Perturb(A_causal, frozen original factor/rule); do not preserve legacy absolute B state",60,60,0,120
controlled_altitude_difference_synthetic_B,orbit_unit_6f3262d3b84e804b4f2ef371,65421,STARLINK-35146,SYNTHETIC_RELATIVE_TO_A,same_plane_altitude_offset:-5km,same_tle_65421_20260312T085635Z:segment:3,2026-03-12T09:00:04.500000Z,315679337,2026-03-11T13:48:47.386944Z,2026-03-12T03:14:55Z,True,True,True,PRIMARY_CORE,True,,False,INCLUDE_ALL_R0_CORE_UNITS,"latest CREATION_DATE<=evaluation_time, then latest EPOCH, then GP_ID","Perturb(A_causal, frozen original factor/rule); do not preserve legacy absolute B state",60,60,0,120
controlled_altitude_difference_synthetic_B,orbit_unit_70008be25b86966e9b4c3afc,44714,STARLINK-1008,SYNTHETIC_RELATIVE_TO_A,same_plane_altitude_offset:+100km,same_tle_44714_20260312T044740Z:segment:3,2026-03-12T04:51:09.500000Z,315665530,2026-03-11T12:49:19.719264Z,2026-03-12T03:14:55Z,True,True,True,PRIMARY_CORE,True,,False,INCLUDE_ALL_R0_CORE_UNITS,"latest CREATION_DATE<=evaluation_time, then latest EPOCH, then GP_ID","Perturb(A_causal, frozen original factor/rule); do not preserve legacy absolute B state",60,60,0,120
controlled_altitude_difference_synthetic_B,orbit_unit_71174280d0d928f60ddbd680,44714,STARLINK-1008,SYNTHETIC_RELATIVE_TO_A,same_plane_altitude_offset:-50km,same_tle_44714_20260311T034020Z:segment:3,2026-03-11T03:43:49.500000Z,315542230,2026-03-10T16:27:18.322272Z,2026-03-11T02:43:10Z,True,True,True,PRIMARY_CORE,True,,False,INCLUDE_ALL_R0_CORE_UNITS,"latest CREATION_DATE<=evaluation_time, then latest EPOCH, then GP_ID","Perturb(A_causal, frozen original factor/rule); do not preserve legacy absolute B state",60,60,0,120
controlled_altitude_difference_synthetic_B,orbit_unit_71bd63434566f6ecda92fc95,65410,STARLINK-35024,SYNTHETIC_RELATIVE_TO_A,same_plane_altitude_offset:+1km,same_tle_65410_20260312T085425Z:segment:3,2026-03-12T08:57:54.500000Z,315679831,2026-03-11T16:54:40.030272Z,2026-03-12T03:14:55Z,True,True,True,PRIMARY_CORE,True,,False,INCLUDE_ALL_R0_CORE_UNITS,"latest CREATION_DATE<=evaluation_time, then latest EPOCH, then GP_ID","Perturb(A_causal, frozen original factor/rule); do not preserve legacy absolute B state",60,60,0,120
controlled_altitude_difference_synthetic_B,orbit_unit_73233ea59213bab316c0eb8b,65409,STARLINK-35022,SYNTHETIC_RELATIVE_TO_A,same_plane_altitude_offset:+5km,same_tle_65409_20260312T054045Z:segment:2,2026-03-12T05:43:14.500000Z,315679331,2026-03-11T20:03:20.806272Z,2026-03-12T03:14:55Z,True,True,True,PRIMARY_CORE,True,,False,INCLUDE_ALL_R0_CORE_UNITS,"latest CREATION_DATE<=evaluation_time, then latest EPOCH, then GP_ID","Perturb(A_causal, frozen original factor/rule); do not preserve legacy absolute B state",60,60,0,120
controlled_altitude_difference_synthetic_B,orbit_unit_74d49d5f4743151fe9f9a525,65410,STARLINK-35024,SYNTHETIC_RELATIVE_TO_A,same_plane_altitude_offset:-20km,same_tle_65410_20260312T085425Z:segment:3,2026-03-12T08:57:54.500000Z,315679831,2026-03-11T16:54:40.030272Z,2026-03-12T03:14:55Z,True,True,True,PRIMARY_CORE,True,,False,INCLUDE_ALL_R0_CORE_UNITS,"latest CREATION_DATE<=evaluation_time, then latest EPOCH, then GP_ID","Perturb(A_causal, frozen original factor/rule); do not preserve legacy absolute B state",60,60,0,120
controlled_altitude_difference_synthetic_B,orbit_unit_7549509841383fbe04e6f679,65410,STARLINK-35024,SYNTHETIC_RELATIVE_TO_A,same_plane_altitude_offset:+1km,same_tle_65410_20260311T110240Z:segment:3,2026-03-11T11:06:09.500000Z,315555532,2026-03-10T17:24:38.025504Z,2026-03-11T02:43:10Z,True,True,True,PRIMARY_CORE,True,,False,INCLUDE_ALL_R0_CORE_UNITS,"latest CREATION_DATE<=evaluation_time, then latest EPOCH, then GP_ID","Perturb(A_causal, frozen original factor/rule); do not preserve legacy absolute B state",60,60,0,120
controlled_altitude_difference_synthetic_B,orbit_unit_7586c33a864b05a7f5cc6a01,65410,STARLINK-35024,SYNTHETIC_RELATIVE_TO_A,same_plane_altitude_offset:-50km,same_tle_65410_20260310T131135Z:segment:2,2026-03-10T13:14:04.500000Z,315434688,2026-03-09T16:20:35.643840Z,2026-03-10T03:44:43Z,True,True,True,PRIMARY_CORE,True,,False,INCLUDE_ALL_R0_CORE_UNITS,"latest CREATION_DATE<=evaluation_time, then latest EPOCH, then GP_ID","Perturb(A_causal, frozen original factor/rule); do not preserve legacy absolute B state",60,60,0,120
controlled_altitude_difference_synthetic_B,orbit_unit_75902747bbb153b9dbe65e0e,65686,STARLINK-35137,SYNTHETIC_RELATIVE_TO_A,same_plane_altitude_offset:+100km,same_tle_65686_20260312T121505Z:segment:2,2026-03-12T12:17:34.500000Z,315682814,2026-03-11T21:55:43.056192Z,2026-03-12T07:26:32Z,True,True,True,PRIMARY_CORE,True,,False,INCLUDE_ALL_R0_CORE_UNITS,"latest CREATION_DATE<=evaluation_time, then latest EPOCH, then GP_ID","Perturb(A_causal, frozen original factor/rule); do not preserve legacy absolute B state",60,60,0,120
controlled_altitude_difference_synthetic_B,orbit_unit_7598af76d21770482df3098d,65409,STARLINK-35022,SYNTHETIC_RELATIVE_TO_A,same_plane_altitude_offset:-10km,same_tle_65409_20260310T064055Z:segment:3,2026-03-10T06:44:24.500000Z,315434187,2026-03-09T17:55:17.144544Z,2026-03-10T03:44:43Z,True,True,True,PRIMARY_CORE,True,,False,INCLUDE_ALL_R0_CORE_UNITS,"latest CREATION_DATE<=evaluation_time, then latest EPOCH, then GP_ID","Perturb(A_causal, frozen original factor/rule); do not preserve legacy absolute B state",60,60,0,120
controlled_altitude_difference_synthetic_B,orbit_unit_765d1a487b0d18a38cc25698,44714,STARLINK-1008,SYNTHETIC_RELATIVE_TO_A,same_plane_altitude_offset:+100km,same_tle_44714_20260311T034020Z:segment:3,2026-03-11T03:43:49.500000Z,315542230,2026-03-10T16:27:18.322272Z,2026-03-11T02:43:10Z,True,True,True,PRIMARY_CORE,True,,False,INCLUDE_ALL_R0_CORE_UNITS,"latest CREATION_DATE<=evaluation_time, then latest EPOCH, then GP_ID","Perturb(A_causal, frozen original factor/rule); do not preserve legacy absolute B state",60,60,0,120
controlled_altitude_difference_synthetic_B,orbit_unit_7779864f9a1ecb22ee55d9fc,44714,STARLINK-1008,SYNTHETIC_RELATIVE_TO_A,same_plane_altitude_offset:-1km,same_tle_44714_20260310T090420Z:segment:3,2026-03-10T09:07:49.500000Z,315443210,2026-03-09T21:39:16.344864Z,2026-03-10T08:26:21Z,True,True,True,PRIMARY_CORE,True,,False,INCLUDE_ALL_R0_CORE_UNITS,"latest CREATION_DATE<=evaluation_time, then latest EPOCH, then GP_ID","Perturb(A_causal, frozen original factor/rule); do not preserve legacy absolute B state",60,60,0,120
controlled_altitude_difference_synthetic_B,orbit_unit_7858aa3348ccf371734b1982,65686,STARLINK-35137,SYNTHETIC_RELATIVE_TO_A,same_plane_altitude_offset:+10km,same_tle_65686_20260311T142130Z:segment:3,2026-03-11T14:24:59.500000Z,315558516,2026-03-10T22:25:41.529216Z,2026-03-11T07:06:59Z,True,True,True,PRIMARY_CORE,True,,False,INCLUDE_ALL_R0_CORE_UNITS,"latest CREATION_DATE<=evaluation_time, then latest EPOCH, then GP_ID","Perturb(A_causal, frozen original factor/rule); do not preserve legacy absolute B state",60,60,0,120
controlled_altitude_difference_synthetic_B,orbit_unit_78a988a0749abeb38e8bee5f,44714,STARLINK-1008,SYNTHETIC_RELATIVE_TO_A,same_plane_altitude_offset:-2km,same_tle_44714_20260310T090420Z:segment:3,2026-03-10T09:07:49.500000Z,315443210,2026-03-09T21:39:16.344864Z,2026-03-10T08:26:21Z,True,True,True,PRIMARY_CORE,True,,False,INCLUDE_ALL_R0_CORE_UNITS,"latest CREATION_DATE<=evaluation_time, then latest EPOCH, then GP_ID","Perturb(A_causal, frozen original factor/rule); do not preserve legacy absolute B state",60,60,0,120
controlled_altitude_difference_synthetic_B,orbit_unit_79dc0d943b4bfa9999b5df6d,65421,STARLINK-35146,SYNTHETIC_RELATIVE_TO_A,same_plane_altitude_offset:-2km,same_tle_65421_20260310T131350Z:segment:2,2026-03-10T13:16:19.500000Z,315434193,2026-03-09T17:56:44.636640Z,2026-03-10T03:44:43Z,True,True,True,PRIMARY_CORE,True,,False,INCLUDE_ALL_R0_CORE_UNITS,"latest CREATION_DATE<=evaluation_time, then latest EPOCH, then GP_ID","Perturb(A_causal, frozen original factor/rule); do not preserve legacy absolute B state",60,60,0,120
controlled_altitude_difference_synthetic_B,orbit_unit_79fc674aa26d84230d0ff60a,65409,STARLINK-35022,SYNTHETIC_RELATIVE_TO_A,same_plane_altitude_offset:-50km,same_tle_65409_20260311T110325Z:segment:3,2026-03-11T11:06:54.500000Z,315556031,2026-03-10T20:33:19.547136Z,2026-03-11T02:43:10Z,True,True,True,PRIMARY_CORE,True,,False,INCLUDE_ALL_R0_CORE_UNITS,"latest CREATION_DATE<=evaluation_time, then latest EPOCH, then GP_ID","Perturb(A_causal, frozen original factor/rule); do not preserve legacy absolute B state",60,60,0,120
controlled_altitude_difference_synthetic_B,orbit_unit_7a41e2b448ffe108474da8fe,44714,STARLINK-1008,SYNTHETIC_RELATIVE_TO_A,same_plane_altitude_offset:+2km,same_tle_44714_20260312T044740Z:segment:3,2026-03-12T04:51:09.500000Z,315665530,2026-03-11T12:49:19.719264Z,2026-03-12T03:14:55Z,True,True,True,PRIMARY_CORE,True,,False,INCLUDE_ALL_R0_CORE_UNITS,"latest CREATION_DATE<=evaluation_time, then latest EPOCH, then GP_ID","Perturb(A_causal, frozen original factor/rule); do not preserve legacy absolute B state",60,60,0,120
controlled_altitude_difference_synthetic_B,orbit_unit_7a82d1cf7e0d34c77130d966,65421,STARLINK-35146,SYNTHETIC_RELATIVE_TO_A,same_plane_altitude_offset:+5km,same_tle_65421_20260310T064225Z:segment:3,2026-03-10T06:45:54.500000Z,315434193,2026-03-09T17:56:44.636640Z,2026-03-10T03:44:43Z,True,True,True,PRIMARY_CORE,True,,False,INCLUDE_ALL_R0_CORE_UNITS,"latest CREATION_DATE<=evaluation_time, then latest EPOCH, then GP_ID","Perturb(A_causal, frozen original factor/rule); do not preserve legacy absolute B state",60,60,0,120
controlled_altitude_difference_synthetic_B,orbit_unit_7aed3a2600a13693d5faf597,65421,STARLINK-35146,SYNTHETIC_RELATIVE_TO_A,same_plane_altitude_offset:-100km,same_tle_65421_20260311T110455Z:segment:3,2026-03-11T11:08:24.500000Z,315556037,2026-03-10T20:34:46.163136Z,2026-03-11T02:43:10Z,True,True,True,PRIMARY_CORE,True,,False,INCLUDE_ALL_R0_CORE_UNITS,"latest CREATION_DATE<=evaluation_time, then latest EPOCH, then GP_ID","Perturb(A_causal, frozen original factor/rule); do not preserve legacy absolute B state",60,60,0,120
controlled_altitude_difference_synthetic_B,orbit_unit_7bcc431b8d3436eadd039c39,65409,STARLINK-35022,SYNTHETIC_RELATIVE_TO_A,same_plane_altitude_offset:-2km,same_tle_65409_20260312T054045Z:segment:2,2026-03-12T05:43:14.500000Z,315679331,2026-03-11T20:03:20.806272Z,2026-03-12T03:14:55Z,True,True,True,PRIMARY_CORE,True,,False,INCLUDE_ALL_R0_CORE_UNITS,"latest CREATION_DATE<=evaluation_time, then latest EPOCH, then GP_ID","Perturb(A_causal, frozen original factor/rule); do not preserve legacy absolute B state",60,60,0,120
controlled_altitude_difference_synthetic_B,orbit_unit_7da69478417048031387aa8e,65409,STARLINK-35022,SYNTHETIC_RELATIVE_TO_A,same_plane_altitude_offset:-20km,same_tle_65409_20260311T110325Z:segment:3,2026-03-11T11:06:54.500000Z,315556031,2026-03-10T20:33:19.547136Z,2026-03-11T02:43:10Z,True,True,True,PRIMARY_CORE,True,,False,INCLUDE_ALL_R0_CORE_UNITS,"latest CREATION_DATE<=evaluation_time, then latest EPOCH, then GP_ID","Perturb(A_causal, frozen original factor/rule); do not preserve legacy absolute B state",60,60,0,120
controlled_altitude_difference_synthetic_B,orbit_unit_7fa107f4ff07ae402763820f,44714,STARLINK-1008,SYNTHETIC_RELATIVE_TO_A,same_plane_altitude_offset:-1km,same_tle_44714_20260310T023440Z:segment:2,2026-03-10T02:37:09.500000Z,315393241,2026-03-09T13:49:15.828096Z,2026-03-09T22:56:35Z,True,True,True,PRIMARY_CORE,True,,False,INCLUDE_ALL_R0_CORE_UNITS,"latest CREATION_DATE<=evaluation_time, then latest EPOCH, then GP_ID","Perturb(A_causal, frozen original factor/rule); do not preserve legacy absolute B state",60,60,0,120
controlled_altitude_difference_synthetic_B,orbit_unit_80115f27590ee31635ea53ce,65421,STARLINK-35146,SYNTHETIC_RELATIVE_TO_A,same_plane_altitude_offset:+50km,same_tle_65421_20260312T085635Z:segment:3,2026-03-12T09:00:04.500000Z,315679337,2026-03-11T13:48:47.386944Z,2026-03-12T03:14:55Z,True,True,True,PRIMARY_CORE,True,,False,INCLUDE_ALL_R0_CORE_UNITS,"latest CREATION_DATE<=evaluation_time, then latest EPOCH, then GP_ID","Perturb(A_causal, frozen original factor/rule); do not preserve legacy absolute B state",60,60,0,120
controlled_altitude_difference_synthetic_B,orbit_unit_806857481fdfe55b2d2e4824,44714,STARLINK-1008,SYNTHETIC_RELATIVE_TO_A,same_plane_altitude_offset:+5km,same_tle_44714_20260310T090420Z:segment:3,2026-03-10T09:07:49.500000Z,315443210,2026-03-09T21:39:16.344864Z,2026-03-10T08:26:21Z,True,True,True,PRIMARY_CORE,True,,False,INCLUDE_ALL_R0_CORE_UNITS,"latest CREATION_DATE<=evaluation_time, then latest EPOCH, then GP_ID","Perturb(A_causal, frozen original factor/rule); do not preserve legacy absolute B state",60,60,0,120
controlled_altitude_difference_synthetic_B,orbit_unit_808890f4a5e66eab17336d66,65410,STARLINK-35024,SYNTHETIC_RELATIVE_TO_A,same_plane_altitude_offset:+100km,same_tle_65410_20260310T131135Z:segment:2,2026-03-10T13:14:04.500000Z,315434688,2026-03-09T16:20:35.643840Z,2026-03-10T03:44:43Z,True,True,True,PRIMARY_CORE,True,,False,INCLUDE_ALL_R0_CORE_UNITS,"latest CREATION_DATE<=evaluation_time, then latest EPOCH, then GP_ID","Perturb(A_causal, frozen original factor/rule); do not preserve legacy absolute B state",60,60,0,120
controlled_altitude_difference_synthetic_B,orbit_unit_808f8b07f02f09f6eca72b76,65686,STARLINK-35137,SYNTHETIC_RELATIVE_TO_A,same_plane_altitude_offset:+2km,same_tle_65686_20260312T152900Z:segment:3,2026-03-12T15:32:29.500000Z,315682814,2026-03-11T21:55:43.056192Z,2026-03-12T07:26:32Z,True,True,True,PRIMARY_CORE,True,,False,INCLUDE_ALL_R0_CORE_UNITS,"latest CREATION_DATE<=evaluation_time, then latest EPOCH, then GP_ID","Perturb(A_causal, frozen original factor/rule); do not preserve legacy absolute B state",60,60,0,120
controlled_altitude_difference_synthetic_B,orbit_unit_821dd2b9ed6a8d01abbbd3ca,65686,STARLINK-35137,SYNTHETIC_RELATIVE_TO_A,same_plane_altitude_offset:+2km,same_tle_65686_20260311T142130Z:segment:3,2026-03-11T14:24:59.500000Z,315558516,2026-03-10T22:25:41.529216Z,2026-03-11T07:06:59Z,True,True,True,PRIMARY_CORE,True,,False,INCLUDE_ALL_R0_CORE_UNITS,"latest CREATION_DATE<=evaluation_time, then latest EPOCH, then GP_ID","Perturb(A_causal, frozen original factor/rule); do not preserve legacy absolute B state",60,60,0,120
controlled_altitude_difference_synthetic_B,orbit_unit_83c942a5250c389c10c17c72,44714,STARLINK-1008,SYNTHETIC_RELATIVE_TO_A,same_plane_altitude_offset:-20km,same_tle_44714_20260310T090420Z:segment:3,2026-03-10T09:07:49.500000Z,315443210,2026-03-09T21:39:16.344864Z,2026-03-10T08:26:21Z,True,True,True,PRIMARY_CORE,True,,False,INCLUDE_ALL_R0_CORE_UNITS,"latest CREATION_DATE<=evaluation_time, then latest EPOCH, then GP_ID","Perturb(A_causal, frozen original factor/rule); do not preserve legacy absolute B state",60,60,0,120
controlled_altitude_difference_synthetic_B,orbit_unit_840eb4983df941d1874d4cfd,65409,STARLINK-35022,SYNTHETIC_RELATIVE_TO_A,same_plane_altitude_offset:+2km,same_tle_65409_20260312T054045Z:segment:2,2026-03-12T05:43:14.500000Z,315679331,2026-03-11T20:03:20.806272Z,2026-03-12T03:14:55Z,True,True,True,PRIMARY_CORE,True,,False,INCLUDE_ALL_R0_CORE_UNITS,"latest CREATION_DATE<=evaluation_time, then latest EPOCH, then GP_ID","Perturb(A_causal, frozen original factor/rule); do not preserve legacy absolute B state",60,60,0,120
controlled_altitude_difference_synthetic_B,orbit_unit_84b211efa9cfce0cb6f1e20f,44714,STARLINK-1008,SYNTHETIC_RELATIVE_TO_A,same_plane_altitude_offset:+1km,same_tle_44714_20260312T044740Z:segment:3,2026-03-12T04:51:09.500000Z,315665530,2026-03-11T12:49:19.719264Z,2026-03-12T03:14:55Z,True,True,True,PRIMARY_CORE,True,,False,INCLUDE_ALL_R0_CORE_UNITS,"latest CREATION_DATE<=evaluation_time, then latest EPOCH, then GP_ID","Perturb(A_causal, frozen original factor/rule); do not preserve legacy absolute B state",60,60,0,120
controlled_altitude_difference_synthetic_B,orbit_unit_85cfed6df633cc109b6c674c,65686,STARLINK-35137,SYNTHETIC_RELATIVE_TO_A,same_plane_altitude_offset:-2km,same_tle_65686_20260311T142130Z:segment:3,2026-03-11T14:24:59.500000Z,315558516,2026-03-10T22:25:41.529216Z,2026-03-11T07:06:59Z,True,True,True,PRIMARY_CORE,True,,False,INCLUDE_ALL_R0_CORE_UNITS,"latest CREATION_DATE<=evaluation_time, then latest EPOCH, then GP_ID","Perturb(A_causal, frozen original factor/rule); do not preserve legacy absolute B state",60,60,0,120
controlled_altitude_difference_synthetic_B,orbit_unit_86964b636c76e976216b8c48,65421,STARLINK-35146,SYNTHETIC_RELATIVE_TO_A,same_plane_altitude_offset:-50km,same_tle_65421_20260310T064225Z:segment:3,2026-03-10T06:45:54.500000Z,315434193,2026-03-09T17:56:44.636640Z,2026-03-10T03:44:43Z,True,True,True,PRIMARY_CORE,True,,False,INCLUDE_ALL_R0_CORE_UNITS,"latest CREATION_DATE<=evaluation_time, then latest EPOCH, then GP_ID","Perturb(A_causal, frozen original factor/rule); do not preserve legacy absolute B state",60,60,0,120
controlled_altitude_difference_synthetic_B,orbit_unit_86effb69637119061146dd95,65686,STARLINK-35137,SYNTHETIC_RELATIVE_TO_A,same_plane_altitude_offset:-20km,same_tle_65686_20260310T131505Z:segment:2,2026-03-10T13:17:34.500000Z,315485957,2026-03-10T00:29:40.547616Z,2026-03-10T09:52:28Z,True,True,True,PRIMARY_CORE,True,,False,INCLUDE_ALL_R0_CORE_UNITS,"latest CREATION_DATE<=evaluation_time, then latest EPOCH, then GP_ID","Perturb(A_causal, frozen original factor/rule); do not preserve legacy absolute B state",60,60,0,120
controlled_altitude_difference_synthetic_B,orbit_unit_895df5d59b89e801ac2c3f15,65421,STARLINK-35146,SYNTHETIC_RELATIVE_TO_A,same_plane_altitude_offset:-50km,same_tle_65421_20260312T085635Z:segment:3,2026-03-12T09:00:04.500000Z,315679337,2026-03-11T13:48:47.386944Z,2026-03-12T03:14:55Z,True,True,True,PRIMARY_CORE,True,,False,INCLUDE_ALL_R0_CORE_UNITS,"latest CREATION_DATE<=evaluation_time, then latest EPOCH, then GP_ID","Perturb(A_causal, frozen original factor/rule); do not preserve legacy absolute B state",60,60,0,120
controlled_altitude_difference_synthetic_B,orbit_unit_8982b8445a9f5ecf6ba8a9c0,65409,STARLINK-35022,SYNTHETIC_RELATIVE_TO_A,same_plane_altitude_offset:+100km,same_tle_65409_20260310T064055Z:segment:3,2026-03-10T06:44:24.500000Z,315434187,2026-03-09T17:55:17.144544Z,2026-03-10T03:44:43Z,True,True,True,PRIMARY_CORE,True,,False,INCLUDE_ALL_R0_CORE_UNITS,"latest CREATION_DATE<=evaluation_time, then latest EPOCH, then GP_ID","Perturb(A_causal, frozen original factor/rule); do not preserve legacy absolute B state",60,60,0,120
controlled_altitude_difference_synthetic_B,orbit_unit_8a1eb3284211bd1b73615c0d,65410,STARLINK-35024,SYNTHETIC_RELATIVE_TO_A,same_plane_altitude_offset:+10km,same_tle_65410_20260311T110240Z:segment:3,2026-03-11T11:06:09.500000Z,315555532,2026-03-10T17:24:38.025504Z,2026-03-11T02:43:10Z,True,True,True,PRIMARY_CORE,True,,False,INCLUDE_ALL_R0_CORE_UNITS,"latest CREATION_DATE<=evaluation_time, then latest EPOCH, then GP_ID","Perturb(A_causal, frozen original factor/rule); do not preserve legacy absolute B state",60,60,0,120
controlled_altitude_difference_synthetic_B,orbit_unit_8a69fb7a30165f7278b5fd88,65410,STARLINK-35024,SYNTHETIC_RELATIVE_TO_A,same_plane_altitude_offset:+0km,same_tle_65410_20260311T110240Z:segment:3,2026-03-11T11:06:09.500000Z,315555532,2026-03-10T17:24:38.025504Z,2026-03-11T02:43:10Z,True,True,True,PRIMARY_CORE,True,,False,INCLUDE_ALL_R0_CORE_UNITS,"latest CREATION_DATE<=evaluation_time, then latest EPOCH, then GP_ID","Perturb(A_causal, frozen original factor/rule); do not preserve legacy absolute B state",60,0,60,120
controlled_altitude_difference_synthetic_B,orbit_unit_8b697258b80dc03f26e54038,65421,STARLINK-35146,SYNTHETIC_RELATIVE_TO_A,same_plane_altitude_offset:+5km,same_tle_65421_20260311T110455Z:segment:3,2026-03-11T11:08:24.500000Z,315556037,2026-03-10T20:34:46.163136Z,2026-03-11T02:43:10Z,True,True,True,PRIMARY_CORE,True,,False,INCLUDE_ALL_R0_CORE_UNITS,"latest CREATION_DATE<=evaluation_time, then latest EPOCH, then GP_ID","Perturb(A_causal, frozen original factor/rule); do not preserve legacy absolute B state",60,60,0,120
controlled_altitude_difference_synthetic_B,orbit_unit_8c8974a75aa9577f605ebb73,65686,STARLINK-35137,SYNTHETIC_RELATIVE_TO_A,same_plane_altitude_offset:+20km,same_tle_65686_20260312T152900Z:segment:3,2026-03-12T15:32:29.500000Z,315682814,2026-03-11T21:55:43.056192Z,2026-03-12T07:26:32Z,True,True,True,PRIMARY_CORE,True,,False,INCLUDE_ALL_R0_CORE_UNITS,"latest CREATION_DATE<=evaluation_time, then latest EPOCH, then GP_ID","Perturb(A_causal, frozen original factor/rule); do not preserve legacy absolute B state",60,60,0,120
controlled_altitude_difference_synthetic_B,orbit_unit_8dbf3910e75b21c9dc0cc825,65421,STARLINK-35146,SYNTHETIC_RELATIVE_TO_A,same_plane_altitude_offset:+5km,same_tle_65421_20260312T085635Z:segment:3,2026-03-12T09:00:04.500000Z,315679337,2026-03-11T13:48:47.386944Z,2026-03-12T03:14:55Z,True,True,True,PRIMARY_CORE,True,,False,INCLUDE_ALL_R0_CORE_UNITS,"latest CREATION_DATE<=evaluation_time, then latest EPOCH, then GP_ID","Perturb(A_causal, frozen original factor/rule); do not preserve legacy absolute B state",60,60,0,120
controlled_altitude_difference_synthetic_B,orbit_unit_8dd680646e7b2a85860ce7ef,65410,STARLINK-35024,SYNTHETIC_RELATIVE_TO_A,same_plane_altitude_offset:+100km,same_tle_65410_20260312T085425Z:segment:3,2026-03-12T08:57:54.500000Z,315679831,2026-03-11T16:54:40.030272Z,2026-03-12T03:14:55Z,True,True,True,PRIMARY_CORE,True,,False,INCLUDE_ALL_R0_CORE_UNITS,"latest CREATION_DATE<=evaluation_time, then latest EPOCH, then GP_ID","Perturb(A_causal, frozen original factor/rule); do not preserve legacy absolute B state",60,60,0,120
controlled_altitude_difference_synthetic_B,orbit_unit_903d96498f13c3cb0fc60e24,65421,STARLINK-35146,SYNTHETIC_RELATIVE_TO_A,same_plane_altitude_offset:-10km,same_tle_65421_20260310T131350Z:segment:2,2026-03-10T13:16:19.500000Z,315434193,2026-03-09T17:56:44.636640Z,2026-03-10T03:44:43Z,True,True,True,PRIMARY_CORE,True,,False,INCLUDE_ALL_R0_CORE_UNITS,"latest CREATION_DATE<=evaluation_time, then latest EPOCH, then GP_ID","Perturb(A_causal, frozen original factor/rule); do not preserve legacy absolute B state",60,60,0,120
controlled_altitude_difference_synthetic_B,orbit_unit_90f94f7d0cb66b0d7346d5ed,65409,STARLINK-35022,SYNTHETIC_RELATIVE_TO_A,same_plane_altitude_offset:+10km,same_tle_65409_20260310T064055Z:segment:3,2026-03-10T06:44:24.500000Z,315434187,2026-03-09T17:55:17.144544Z,2026-03-10T03:44:43Z,True,True,True,PRIMARY_CORE,True,,False,INCLUDE_ALL_R0_CORE_UNITS,"latest CREATION_DATE<=evaluation_time, then latest EPOCH, then GP_ID","Perturb(A_causal, frozen original factor/rule); do not preserve legacy absolute B state",60,60,0,120
controlled_altitude_difference_synthetic_B,orbit_unit_91999199b0dd19d31d5fe887,65409,STARLINK-35022,SYNTHETIC_RELATIVE_TO_A,same_plane_altitude_offset:-100km,same_tle_65409_20260310T064055Z:segment:3,2026-03-10T06:44:24.500000Z,315434187,2026-03-09T17:55:17.144544Z,2026-03-10T03:44:43Z,True,True,True,PRIMARY_CORE,True,,False,INCLUDE_ALL_R0_CORE_UNITS,"latest CREATION_DATE<=evaluation_time, then latest EPOCH, then GP_ID","Perturb(A_causal, frozen original factor/rule); do not preserve legacy absolute B state",60,60,0,120
controlled_altitude_difference_synthetic_B,orbit_unit_926707bcfe2680c254431798,65421,STARLINK-35146,SYNTHETIC_RELATIVE_TO_A,same_plane_altitude_offset:+0km,same_tle_65421_20260310T064225Z:segment:3,2026-03-10T06:45:54.500000Z,315434193,2026-03-09T17:56:44.636640Z,2026-03-10T03:44:43Z,True,True,True,PRIMARY_CORE,True,,False,INCLUDE_ALL_R0_CORE_UNITS,"latest CREATION_DATE<=evaluation_time, then latest EPOCH, then GP_ID","Perturb(A_causal, frozen original factor/rule); do not preserve legacy absolute B state",60,0,60,120
controlled_altitude_difference_synthetic_B,orbit_unit_929b273ccdbbab7d75711861,65421,STARLINK-35146,SYNTHETIC_RELATIVE_TO_A,same_plane_altitude_offset:+20km,same_tle_65421_20260310T064225Z:segment:3,2026-03-10T06:45:54.500000Z,315434193,2026-03-09T17:56:44.636640Z,2026-03-10T03:44:43Z,True,True,True,PRIMARY_CORE,True,,False,INCLUDE_ALL_R0_CORE_UNITS,"latest CREATION_DATE<=evaluation_time, then latest EPOCH, then GP_ID","Perturb(A_causal, frozen original factor/rule); do not preserve legacy absolute B state",60,60,0,120
controlled_altitude_difference_synthetic_B,orbit_unit_9305b4f037a53b130b57b3c5,44714,STARLINK-1008,SYNTHETIC_RELATIVE_TO_A,same_plane_altitude_offset:+50km,same_tle_44714_20260312T044740Z:segment:3,2026-03-12T04:51:09.500000Z,315665530,2026-03-11T12:49:19.719264Z,2026-03-12T03:14:55Z,True,True,True,PRIMARY_CORE,True,,False,INCLUDE_ALL_R0_CORE_UNITS,"latest CREATION_DATE<=evaluation_time, then latest EPOCH, then GP_ID","Perturb(A_causal, frozen original factor/rule); do not preserve legacy absolute B state",60,60,0,120
controlled_altitude_difference_synthetic_B,orbit_unit_94293ef673f08f4cbfafbf10,65409,STARLINK-35022,SYNTHETIC_RELATIVE_TO_A,same_plane_altitude_offset:-50km,same_tle_65409_20260310T064055Z:segment:3,2026-03-10T06:44:24.500000Z,315434187,2026-03-09T17:55:17.144544Z,2026-03-10T03:44:43Z,True,True,True,PRIMARY_CORE,True,,False,INCLUDE_ALL_R0_CORE_UNITS,"latest CREATION_DATE<=evaluation_time, then latest EPOCH, then GP_ID","Perturb(A_causal, frozen original factor/rule); do not preserve legacy absolute B state",60,60,0,120
controlled_altitude_difference_synthetic_B,orbit_unit_94a346c5a6a2fce56f02ae1a,65410,STARLINK-35024,SYNTHETIC_RELATIVE_TO_A,same_plane_altitude_offset:+10km,same_tle_65410_20260312T085425Z:segment:3,2026-03-12T08:57:54.500000Z,315679831,2026-03-11T16:54:40.030272Z,2026-03-12T03:14:55Z,True,True,True,PRIMARY_CORE,True,,False,INCLUDE_ALL_R0_CORE_UNITS,"latest CREATION_DATE<=evaluation_time, then latest EPOCH, then GP_ID","Perturb(A_causal, frozen original factor/rule); do not preserve legacy absolute B state",60,60,0,120
controlled_altitude_difference_synthetic_B,orbit_unit_94ea1606cace4a6af7bde8e5,65686,STARLINK-35137,SYNTHETIC_RELATIVE_TO_A,same_plane_altitude_offset:+50km,same_tle_65686_20260310T131505Z:segment:2,2026-03-10T13:17:34.500000Z,315485957,2026-03-10T00:29:40.547616Z,2026-03-10T09:52:28Z,True,True,True,PRIMARY_CORE,True,,False,INCLUDE_ALL_R0_CORE_UNITS,"latest CREATION_DATE<=evaluation_time, then latest EPOCH, then GP_ID","Perturb(A_causal, frozen original factor/rule); do not preserve legacy absolute B state",60,60,0,120
controlled_altitude_difference_synthetic_B,orbit_unit_9618fc1fd77f359e563ea0c6,65686,STARLINK-35137,SYNTHETIC_RELATIVE_TO_A,same_plane_altitude_offset:+100km,same_tle_65686_20260312T152900Z:segment:3,2026-03-12T15:32:29.500000Z,315682814,2026-03-11T21:55:43.056192Z,2026-03-12T07:26:32Z,True,True,True,PRIMARY_CORE,True,,False,INCLUDE_ALL_R0_CORE_UNITS,"latest CREATION_DATE<=evaluation_time, then latest EPOCH, then GP_ID","Perturb(A_causal, frozen original factor/rule); do not preserve legacy absolute B state",60,60,0,120
controlled_altitude_difference_synthetic_B,orbit_unit_965bbdf4b64113b45243ef39,65409,STARLINK-35022,SYNTHETIC_RELATIVE_TO_A,same_plane_altitude_offset:+20km,same_tle_65409_20260312T054045Z:segment:2,2026-03-12T05:43:14.500000Z,315679331,2026-03-11T20:03:20.806272Z,2026-03-12T03:14:55Z,True,True,True,PRIMARY_CORE,True,,False,INCLUDE_ALL_R0_CORE_UNITS,"latest CREATION_DATE<=evaluation_time, then latest EPOCH, then GP_ID","Perturb(A_causal, frozen original factor/rule); do not preserve legacy absolute B state",60,60,0,120
controlled_altitude_difference_synthetic_B,orbit_unit_96bd2c0c7403690f7c57061c,65421,STARLINK-35146,SYNTHETIC_RELATIVE_TO_A,same_plane_altitude_offset:+20km,same_tle_65421_20260310T131350Z:segment:2,2026-03-10T13:16:19.500000Z,315434193,2026-03-09T17:56:44.636640Z,2026-03-10T03:44:43Z,True,True,True,PRIMARY_CORE,True,,False,INCLUDE_ALL_R0_CORE_UNITS,"latest CREATION_DATE<=evaluation_time, then latest EPOCH, then GP_ID","Perturb(A_causal, frozen original factor/rule); do not preserve legacy absolute B state",60,60,0,120
controlled_altitude_difference_synthetic_B,orbit_unit_9727036ab376a12eb7ce8404,65410,STARLINK-35024,SYNTHETIC_RELATIVE_TO_A,same_plane_altitude_offset:+100km,same_tle_65410_20260311T110240Z:segment:3,2026-03-11T11:06:09.500000Z,315555532,2026-03-10T17:24:38.025504Z,2026-03-11T02:43:10Z,True,True,True,PRIMARY_CORE,True,,False,INCLUDE_ALL_R0_CORE_UNITS,"latest CREATION_DATE<=evaluation_time, then latest EPOCH, then GP_ID","Perturb(A_causal, frozen original factor/rule); do not preserve legacy absolute B state",60,60,0,120
controlled_altitude_difference_synthetic_B,orbit_unit_979e3e8ee847ab66c1d9964f,65409,STARLINK-35022,SYNTHETIC_RELATIVE_TO_A,same_plane_altitude_offset:+1km,same_tle_65409_20260311T110325Z:segment:3,2026-03-11T11:06:54.500000Z,315556031,2026-03-10T20:33:19.547136Z,2026-03-11T02:43:10Z,True,True,True,PRIMARY_CORE,True,,False,INCLUDE_ALL_R0_CORE_UNITS,"latest CREATION_DATE<=evaluation_time, then latest EPOCH, then GP_ID","Perturb(A_causal, frozen original factor/rule); do not preserve legacy absolute B state",60,60,0,120
controlled_altitude_difference_synthetic_B,orbit_unit_97ad7299342d352b284a9113,65409,STARLINK-35022,SYNTHETIC_RELATIVE_TO_A,same_plane_altitude_offset:-10km,same_tle_65409_20260311T110325Z:segment:3,2026-03-11T11:06:54.500000Z,315556031,2026-03-10T20:33:19.547136Z,2026-03-11T02:43:10Z,True,True,True,PRIMARY_CORE,True,,False,INCLUDE_ALL_R0_CORE_UNITS,"latest CREATION_DATE<=evaluation_time, then latest EPOCH, then GP_ID","Perturb(A_causal, frozen original factor/rule); do not preserve legacy absolute B state",60,60,0,120
controlled_altitude_difference_synthetic_B,orbit_unit_987844d88613ee5682cf3b19,65409,STARLINK-35022,SYNTHETIC_RELATIVE_TO_A,same_plane_altitude_offset:+0km,same_tle_65409_20260311T110325Z:segment:3,2026-03-11T11:06:54.500000Z,315556031,2026-03-10T20:33:19.547136Z,2026-03-11T02:43:10Z,True,True,True,PRIMARY_CORE,True,,False,INCLUDE_ALL_R0_CORE_UNITS,"latest CREATION_DATE<=evaluation_time, then latest EPOCH, then GP_ID","Perturb(A_causal, frozen original factor/rule); do not preserve legacy absolute B state",60,0,60,120
controlled_altitude_difference_synthetic_B,orbit_unit_988a33cfe819e10db7ca2890,44714,STARLINK-1008,SYNTHETIC_RELATIVE_TO_A,same_plane_altitude_offset:-100km,same_tle_44714_20260312T044740Z:segment:3,2026-03-12T04:51:09.500000Z,315665530,2026-03-11T12:49:19.719264Z,2026-03-12T03:14:55Z,True,True,True,PRIMARY_CORE,True,,False,INCLUDE_ALL_R0_CORE_UNITS,"latest CREATION_DATE<=evaluation_time, then latest EPOCH, then GP_ID","Perturb(A_causal, frozen original factor/rule); do not preserve legacy absolute B state",60,60,0,120
controlled_altitude_difference_synthetic_B,orbit_unit_98bd280cda37ceee285cea29,44714,STARLINK-1008,SYNTHETIC_RELATIVE_TO_A,same_plane_altitude_offset:-20km,same_tle_44714_20260312T044740Z:segment:3,2026-03-12T04:51:09.500000Z,315665530,2026-03-11T12:49:19.719264Z,2026-03-12T03:14:55Z,True,True,True,PRIMARY_CORE,True,,False,INCLUDE_ALL_R0_CORE_UNITS,"latest CREATION_DATE<=evaluation_time, then latest EPOCH, then GP_ID","Perturb(A_causal, frozen original factor/rule); do not preserve legacy absolute B state",60,60,0,120
controlled_altitude_difference_synthetic_B,orbit_unit_99a632b3a19b5ccb47280c5b,65686,STARLINK-35137,SYNTHETIC_RELATIVE_TO_A,same_plane_altitude_offset:-100km,same_tle_65686_20260311T142130Z:segment:3,2026-03-11T14:24:59.500000Z,315558516,2026-03-10T22:25:41.529216Z,2026-03-11T07:06:59Z,True,True,True,PRIMARY_CORE,True,,False,INCLUDE_ALL_R0_CORE_UNITS,"latest CREATION_DATE<=evaluation_time, then latest EPOCH, then GP_ID","Perturb(A_causal, frozen original factor/rule); do not preserve legacy absolute B state",60,60,0,120
controlled_altitude_difference_synthetic_B,orbit_unit_9ab3cbb34faaf6bcaa5d8dee,65421,STARLINK-35146,SYNTHETIC_RELATIVE_TO_A,same_plane_altitude_offset:+2km,same_tle_65421_20260311T110455Z:segment:3,2026-03-11T11:08:24.500000Z,315556037,2026-03-10T20:34:46.163136Z,2026-03-11T02:43:10Z,True,True,True,PRIMARY_CORE,True,,False,INCLUDE_ALL_R0_CORE_UNITS,"latest CREATION_DATE<=evaluation_time, then latest EPOCH, then GP_ID","Perturb(A_causal, frozen original factor/rule); do not preserve legacy absolute B state",60,60,0,120
controlled_altitude_difference_synthetic_B,orbit_unit_9b256590f31bb98136285142,65686,STARLINK-35137,SYNTHETIC_RELATIVE_TO_A,same_plane_altitude_offset:+10km,same_tle_65686_20260310T131505Z:segment:2,2026-03-10T13:17:34.500000Z,315485957,2026-03-10T00:29:40.547616Z,2026-03-10T09:52:28Z,True,True,True,PRIMARY_CORE,True,,False,INCLUDE_ALL_R0_CORE_UNITS,"latest CREATION_DATE<=evaluation_time, then latest EPOCH, then GP_ID","Perturb(A_causal, frozen original factor/rule); do not preserve legacy absolute B state",60,60,0,120
controlled_altitude_difference_synthetic_B,orbit_unit_9c03b96b3fa94c226e7c7e24,65410,STARLINK-35024,SYNTHETIC_RELATIVE_TO_A,same_plane_altitude_offset:-1km,same_tle_65410_20260310T131135Z:segment:2,2026-03-10T13:14:04.500000Z,315434688,2026-03-09T16:20:35.643840Z,2026-03-10T03:44:43Z,True,True,True,PRIMARY_CORE,True,,False,INCLUDE_ALL_R0_CORE_UNITS,"latest CREATION_DATE<=evaluation_time, then latest EPOCH, then GP_ID","Perturb(A_causal, frozen original factor/rule); do not preserve legacy absolute B state",60,60,0,120
controlled_altitude_difference_synthetic_B,orbit_unit_9d63f0afc4cfb0443cf2d8e7,65686,STARLINK-35137,SYNTHETIC_RELATIVE_TO_A,same_plane_altitude_offset:-10km,same_tle_65686_20260312T152900Z:segment:3,2026-03-12T15:32:29.500000Z,315682814,2026-03-11T21:55:43.056192Z,2026-03-12T07:26:32Z,True,True,True,PRIMARY_CORE,True,,False,INCLUDE_ALL_R0_CORE_UNITS,"latest CREATION_DATE<=evaluation_time, then latest EPOCH, then GP_ID","Perturb(A_causal, frozen original factor/rule); do not preserve legacy absolute B state",60,60,0,120
controlled_altitude_difference_synthetic_B,orbit_unit_9d6d66d268fa3a60b507cd46,65686,STARLINK-35137,SYNTHETIC_RELATIVE_TO_A,same_plane_altitude_offset:+0km,same_tle_65686_20260310T131505Z:segment:2,2026-03-10T13:17:34.500000Z,315485957,2026-03-10T00:29:40.547616Z,2026-03-10T09:52:28Z,True,True,True,PRIMARY_CORE,True,,False,INCLUDE_ALL_R0_CORE_UNITS,"latest CREATION_DATE<=evaluation_time, then latest EPOCH, then GP_ID","Perturb(A_causal, frozen original factor/rule); do not preserve legacy absolute B state",60,0,60,120
controlled_altitude_difference_synthetic_B,orbit_unit_9e98abb9392da740eec248f8,65409,STARLINK-35022,SYNTHETIC_RELATIVE_TO_A,same_plane_altitude_offset:+5km,same_tle_65409_20260310T113340Z:segment:3,2026-03-10T11:37:09.500000Z,315434187,2026-03-09T17:55:17.144544Z,2026-03-10T03:44:43Z,True,True,True,PRIMARY_CORE,True,,False,INCLUDE_ALL_R0_CORE_UNITS,"latest CREATION_DATE<=evaluation_time, then latest EPOCH, then GP_ID","Perturb(A_causal, frozen original factor/rule); do not preserve legacy absolute B state",60,60,0,120
controlled_altitude_difference_synthetic_B,orbit_unit_9eba4963dd7cab6866ea1283,65686,STARLINK-35137,SYNTHETIC_RELATIVE_TO_A,same_plane_altitude_offset:+1km,same_tle_65686_20260310T131505Z:segment:2,2026-03-10T13:17:34.500000Z,315485957,2026-03-10T00:29:40.547616Z,2026-03-10T09:52:28Z,True,True,True,PRIMARY_CORE,True,,False,INCLUDE_ALL_R0_CORE_UNITS,"latest CREATION_DATE<=evaluation_time, then latest EPOCH, then GP_ID","Perturb(A_causal, frozen original factor/rule); do not preserve legacy absolute B state",60,60,0,120
controlled_altitude_difference_synthetic_B,orbit_unit_9f582bdbe9921c1007eed371,65686,STARLINK-35137,SYNTHETIC_RELATIVE_TO_A,same_plane_altitude_offset:-1km,same_tle_65686_20260312T121505Z:segment:2,2026-03-12T12:17:34.500000Z,315682814,2026-03-11T21:55:43.056192Z,2026-03-12T07:26:32Z,True,True,True,PRIMARY_CORE,True,,False,INCLUDE_ALL_R0_CORE_UNITS,"latest CREATION_DATE<=evaluation_time, then latest EPOCH, then GP_ID","Perturb(A_causal, frozen original factor/rule); do not preserve legacy absolute B state",60,60,0,120
controlled_altitude_difference_synthetic_B,orbit_unit_a089a3dcca99396555b17a93,65421,STARLINK-35146,SYNTHETIC_RELATIVE_TO_A,same_plane_altitude_offset:-20km,same_tle_65421_20260311T110455Z:segment:3,2026-03-11T11:08:24.500000Z,315556037,2026-03-10T20:34:46.163136Z,2026-03-11T02:43:10Z,True,True,True,PRIMARY_CORE,True,,False,INCLUDE_ALL_R0_CORE_UNITS,"latest CREATION_DATE<=evaluation_time, then latest EPOCH, then GP_ID","Perturb(A_causal, frozen original factor/rule); do not preserve legacy absolute B state",60,60,0,120
controlled_altitude_difference_synthetic_B,orbit_unit_a0efe598344f679e52243c57,65410,STARLINK-35024,SYNTHETIC_RELATIVE_TO_A,same_plane_altitude_offset:+10km,same_tle_65410_20260310T064015Z:segment:3,2026-03-10T06:43:44.500000Z,315434688,2026-03-09T16:20:35.643840Z,2026-03-10T03:44:43Z,True,True,True,PRIMARY_CORE,True,,False,INCLUDE_ALL_R0_CORE_UNITS,"latest CREATION_DATE<=evaluation_time, then latest EPOCH, then GP_ID","Perturb(A_causal, frozen original factor/rule); do not preserve legacy absolute B state",60,60,0,120
controlled_altitude_difference_synthetic_B,orbit_unit_a248a745cbadbb3334265fea,65409,STARLINK-35022,SYNTHETIC_RELATIVE_TO_A,same_plane_altitude_offset:-5km,same_tle_65409_20260310T113340Z:segment:3,2026-03-10T11:37:09.500000Z,315434187,2026-03-09T17:55:17.144544Z,2026-03-10T03:44:43Z,True,True,True,PRIMARY_CORE,True,,False,INCLUDE_ALL_R0_CORE_UNITS,"latest CREATION_DATE<=evaluation_time, then latest EPOCH, then GP_ID","Perturb(A_causal, frozen original factor/rule); do not preserve legacy absolute B state",60,60,0,120
controlled_altitude_difference_synthetic_B,orbit_unit_a40e6d39bf09bbfd09efc559,65421,STARLINK-35146,SYNTHETIC_RELATIVE_TO_A,same_plane_altitude_offset:+100km,same_tle_65421_20260310T131350Z:segment:2,2026-03-10T13:16:19.500000Z,315434193,2026-03-09T17:56:44.636640Z,2026-03-10T03:44:43Z,True,True,True,PRIMARY_CORE,True,,False,INCLUDE_ALL_R0_CORE_UNITS,"latest CREATION_DATE<=evaluation_time, then latest EPOCH, then GP_ID","Perturb(A_causal, frozen original factor/rule); do not preserve legacy absolute B state",60,60,0,120
controlled_altitude_difference_synthetic_B,orbit_unit_a49a4b99ec39b579290fa5a4,44714,STARLINK-1008,SYNTHETIC_RELATIVE_TO_A,same_plane_altitude_offset:-5km,same_tle_44714_20260311T034020Z:segment:3,2026-03-11T03:43:49.500000Z,315542230,2026-03-10T16:27:18.322272Z,2026-03-11T02:43:10Z,True,True,True,PRIMARY_CORE,True,,False,INCLUDE_ALL_R0_CORE_UNITS,"latest CREATION_DATE<=evaluation_time, then latest EPOCH, then GP_ID","Perturb(A_causal, frozen original factor/rule); do not preserve legacy absolute B state",60,60,0,120
controlled_altitude_difference_synthetic_B,orbit_unit_a4f2dbb1b92bb0f06de6ef00,65409,STARLINK-35022,SYNTHETIC_RELATIVE_TO_A,same_plane_altitude_offset:-5km,same_tle_65409_20260311T110325Z:segment:3,2026-03-11T11:06:54.500000Z,315556031,2026-03-10T20:33:19.547136Z,2026-03-11T02:43:10Z,True,True,True,PRIMARY_CORE,True,,False,INCLUDE_ALL_R0_CORE_UNITS,"latest CREATION_DATE<=evaluation_time, then latest EPOCH, then GP_ID","Perturb(A_causal, frozen original factor/rule); do not preserve legacy absolute B state",60,60,0,120
controlled_altitude_difference_synthetic_B,orbit_unit_a513b0aa321888ed64e05bf6,44714,STARLINK-1008,SYNTHETIC_RELATIVE_TO_A,same_plane_altitude_offset:+5km,same_tle_44714_20260310T023440Z:segment:2,2026-03-10T02:37:09.500000Z,315393241,2026-03-09T13:49:15.828096Z,2026-03-09T22:56:35Z,True,True,True,PRIMARY_CORE,True,,False,INCLUDE_ALL_R0_CORE_UNITS,"latest CREATION_DATE<=evaluation_time, then latest EPOCH, then GP_ID","Perturb(A_causal, frozen original factor/rule); do not preserve legacy absolute B state",60,60,0,120
controlled_altitude_difference_synthetic_B,orbit_unit_a5d1c84f7d70f06267e4b32d,44714,STARLINK-1008,SYNTHETIC_RELATIVE_TO_A,same_plane_altitude_offset:+10km,same_tle_44714_20260311T034020Z:segment:3,2026-03-11T03:43:49.500000Z,315542230,2026-03-10T16:27:18.322272Z,2026-03-11T02:43:10Z,True,True,True,PRIMARY_CORE,True,,False,INCLUDE_ALL_R0_CORE_UNITS,"latest CREATION_DATE<=evaluation_time, then latest EPOCH, then GP_ID","Perturb(A_causal, frozen original factor/rule); do not preserve legacy absolute B state",60,60,0,120
controlled_altitude_difference_synthetic_B,orbit_unit_a5efadd3ab7f43993ce5a9af,44714,STARLINK-1008,SYNTHETIC_RELATIVE_TO_A,same_plane_altitude_offset:+100km,same_tle_44714_20260310T090420Z:segment:3,2026-03-10T09:07:49.500000Z,315443210,2026-03-09T21:39:16.344864Z,2026-03-10T08:26:21Z,True,True,True,PRIMARY_CORE,True,,False,INCLUDE_ALL_R0_CORE_UNITS,"latest CREATION_DATE<=evaluation_time, then latest EPOCH, then GP_ID","Perturb(A_causal, frozen original factor/rule); do not preserve legacy absolute B state",60,60,0,120
controlled_altitude_difference_synthetic_B,orbit_unit_ab265af6b49a1bc3e9643c83,65686,STARLINK-35137,SYNTHETIC_RELATIVE_TO_A,same_plane_altitude_offset:+100km,same_tle_65686_20260311T142130Z:segment:3,2026-03-11T14:24:59.500000Z,315558516,2026-03-10T22:25:41.529216Z,2026-03-11T07:06:59Z,True,True,True,PRIMARY_CORE,True,,False,INCLUDE_ALL_R0_CORE_UNITS,"latest CREATION_DATE<=evaluation_time, then latest EPOCH, then GP_ID","Perturb(A_causal, frozen original factor/rule); do not preserve legacy absolute B state",60,60,0,120
controlled_altitude_difference_synthetic_B,orbit_unit_ac43dc20a058de2e59e3e6dc,65410,STARLINK-35024,SYNTHETIC_RELATIVE_TO_A,same_plane_altitude_offset:-10km,same_tle_65410_20260312T085425Z:segment:3,2026-03-12T08:57:54.500000Z,315679831,2026-03-11T16:54:40.030272Z,2026-03-12T03:14:55Z,True,True,True,PRIMARY_CORE,True,,False,INCLUDE_ALL_R0_CORE_UNITS,"latest CREATION_DATE<=evaluation_time, then latest EPOCH, then GP_ID","Perturb(A_causal, frozen original factor/rule); do not preserve legacy absolute B state",60,60,0,120
controlled_altitude_difference_synthetic_B,orbit_unit_ac8748ced649b1feb09c0195,65686,STARLINK-35137,SYNTHETIC_RELATIVE_TO_A,same_plane_altitude_offset:-5km,same_tle_65686_20260312T152900Z:segment:3,2026-03-12T15:32:29.500000Z,315682814,2026-03-11T21:55:43.056192Z,2026-03-12T07:26:32Z,True,True,True,PRIMARY_CORE,True,,False,INCLUDE_ALL_R0_CORE_UNITS,"latest CREATION_DATE<=evaluation_time, then latest EPOCH, then GP_ID","Perturb(A_causal, frozen original factor/rule); do not preserve legacy absolute B state",60,60,0,120
controlled_altitude_difference_synthetic_B,orbit_unit_ac9df571ed2ea9db9098a723,65686,STARLINK-35137,SYNTHETIC_RELATIVE_TO_A,same_plane_altitude_offset:+0km,same_tle_65686_20260312T121505Z:segment:2,2026-03-12T12:17:34.500000Z,315682814,2026-03-11T21:55:43.056192Z,2026-03-12T07:26:32Z,True,True,True,PRIMARY_CORE,True,,False,INCLUDE_ALL_R0_CORE_UNITS,"latest CREATION_DATE<=evaluation_time, then latest EPOCH, then GP_ID","Perturb(A_causal, frozen original factor/rule); do not preserve legacy absolute B state",60,0,60,120
controlled_altitude_difference_synthetic_B,orbit_unit_b1007f4a761f2515ede02a91,65410,STARLINK-35024,SYNTHETIC_RELATIVE_TO_A,same_plane_altitude_offset:-5km,same_tle_65410_20260310T131135Z:segment:2,2026-03-10T13:14:04.500000Z,315434688,2026-03-09T16:20:35.643840Z,2026-03-10T03:44:43Z,True,True,True,PRIMARY_CORE,True,,False,INCLUDE_ALL_R0_CORE_UNITS,"latest CREATION_DATE<=evaluation_time, then latest EPOCH, then GP_ID","Perturb(A_causal, frozen original factor/rule); do not preserve legacy absolute B state",60,60,0,120
controlled_altitude_difference_synthetic_B,orbit_unit_b103dcfce0a42e182a35c6a9,65410,STARLINK-35024,SYNTHETIC_RELATIVE_TO_A,same_plane_altitude_offset:-100km,same_tle_65410_20260310T064015Z:segment:3,2026-03-10T06:43:44.500000Z,315434688,2026-03-09T16:20:35.643840Z,2026-03-10T03:44:43Z,True,True,True,PRIMARY_CORE,True,,False,INCLUDE_ALL_R0_CORE_UNITS,"latest CREATION_DATE<=evaluation_time, then latest EPOCH, then GP_ID","Perturb(A_causal, frozen original factor/rule); do not preserve legacy absolute B state",60,60,0,120
controlled_altitude_difference_synthetic_B,orbit_unit_b194ab77a65eb00c47eb086d,65409,STARLINK-35022,SYNTHETIC_RELATIVE_TO_A,same_plane_altitude_offset:+50km,same_tle_65409_20260310T113340Z:segment:3,2026-03-10T11:37:09.500000Z,315434187,2026-03-09T17:55:17.144544Z,2026-03-10T03:44:43Z,True,True,True,PRIMARY_CORE,True,,False,INCLUDE_ALL_R0_CORE_UNITS,"latest CREATION_DATE<=evaluation_time, then latest EPOCH, then GP_ID","Perturb(A_causal, frozen original factor/rule); do not preserve legacy absolute B state",60,60,0,120
controlled_altitude_difference_synthetic_B,orbit_unit_b1e4aebc72cedb71f12d7005,65421,STARLINK-35146,SYNTHETIC_RELATIVE_TO_A,same_plane_altitude_offset:+0km,same_tle_65421_20260311T110455Z:segment:3,2026-03-11T11:08:24.500000Z,315556037,2026-03-10T20:34:46.163136Z,2026-03-11T02:43:10Z,True,True,True,PRIMARY_CORE,True,,False,INCLUDE_ALL_R0_CORE_UNITS,"latest CREATION_DATE<=evaluation_time, then latest EPOCH, then GP_ID","Perturb(A_causal, frozen original factor/rule); do not preserve legacy absolute B state",60,0,60,120
controlled_altitude_difference_synthetic_B,orbit_unit_b20922e54f67dd8b780e2b04,44714,STARLINK-1008,SYNTHETIC_RELATIVE_TO_A,same_plane_altitude_offset:+2km,same_tle_44714_20260311T034020Z:segment:3,2026-03-11T03:43:49.500000Z,315542230,2026-03-10T16:27:18.322272Z,2026-03-11T02:43:10Z,True,True,True,PRIMARY_CORE,True,,False,INCLUDE_ALL_R0_CORE_UNITS,"latest CREATION_DATE<=evaluation_time, then latest EPOCH, then GP_ID","Perturb(A_causal, frozen original factor/rule); do not preserve legacy absolute B state",60,60,0,120
controlled_altitude_difference_synthetic_B,orbit_unit_b2490af5d5fbb5fdba49346e,44714,STARLINK-1008,SYNTHETIC_RELATIVE_TO_A,same_plane_altitude_offset:+2km,same_tle_44714_20260310T023440Z:segment:2,2026-03-10T02:37:09.500000Z,315393241,2026-03-09T13:49:15.828096Z,2026-03-09T22:56:35Z,True,True,True,PRIMARY_CORE,True,,False,INCLUDE_ALL_R0_CORE_UNITS,"latest CREATION_DATE<=evaluation_time, then latest EPOCH, then GP_ID","Perturb(A_causal, frozen original factor/rule); do not preserve legacy absolute B state",60,60,0,120
controlled_altitude_difference_synthetic_B,orbit_unit_b43082ce78e8e0f84afc05dd,65410,STARLINK-35024,SYNTHETIC_RELATIVE_TO_A,same_plane_altitude_offset:+2km,same_tle_65410_20260310T131135Z:segment:2,2026-03-10T13:14:04.500000Z,315434688,2026-03-09T16:20:35.643840Z,2026-03-10T03:44:43Z,True,True,True,PRIMARY_CORE,True,,False,INCLUDE_ALL_R0_CORE_UNITS,"latest CREATION_DATE<=evaluation_time, then latest EPOCH, then GP_ID","Perturb(A_causal, frozen original factor/rule); do not preserve legacy absolute B state",60,60,0,120
controlled_altitude_difference_synthetic_B,orbit_unit_b6d75d7d1725e877b2004c96,65409,STARLINK-35022,SYNTHETIC_RELATIVE_TO_A,same_plane_altitude_offset:+50km,same_tle_65409_20260312T054045Z:segment:2,2026-03-12T05:43:14.500000Z,315679331,2026-03-11T20:03:20.806272Z,2026-03-12T03:14:55Z,True,True,True,PRIMARY_CORE,True,,False,INCLUDE_ALL_R0_CORE_UNITS,"latest CREATION_DATE<=evaluation_time, then latest EPOCH, then GP_ID","Perturb(A_causal, frozen original factor/rule); do not preserve legacy absolute B state",60,60,0,120
controlled_altitude_difference_synthetic_B,orbit_unit_b72d673d05203906c4f3b349,44714,STARLINK-1008,SYNTHETIC_RELATIVE_TO_A,same_plane_altitude_offset:-100km,same_tle_44714_20260311T034020Z:segment:3,2026-03-11T03:43:49.500000Z,315542230,2026-03-10T16:27:18.322272Z,2026-03-11T02:43:10Z,True,True,True,PRIMARY_CORE,True,,False,INCLUDE_ALL_R0_CORE_UNITS,"latest CREATION_DATE<=evaluation_time, then latest EPOCH, then GP_ID","Perturb(A_causal, frozen original factor/rule); do not preserve legacy absolute B state",60,60,0,120
controlled_altitude_difference_synthetic_B,orbit_unit_b876722ed294af6471bf101a,44714,STARLINK-1008,SYNTHETIC_RELATIVE_TO_A,same_plane_altitude_offset:-100km,same_tle_44714_20260310T090420Z:segment:3,2026-03-10T09:07:49.500000Z,315443210,2026-03-09T21:39:16.344864Z,2026-03-10T08:26:21Z,True,True,True,PRIMARY_CORE,True,,False,INCLUDE_ALL_R0_CORE_UNITS,"latest CREATION_DATE<=evaluation_time, then latest EPOCH, then GP_ID","Perturb(A_causal, frozen original factor/rule); do not preserve legacy absolute B state",60,60,0,120
controlled_altitude_difference_synthetic_B,orbit_unit_b9a1cc957705a76b2378238b,65686,STARLINK-35137,SYNTHETIC_RELATIVE_TO_A,same_plane_altitude_offset:+5km,same_tle_65686_20260312T152900Z:segment:3,2026-03-12T15:32:29.500000Z,315682814,2026-03-11T21:55:43.056192Z,2026-03-12T07:26:32Z,True,True,True,PRIMARY_CORE,True,,False,INCLUDE_ALL_R0_CORE_UNITS,"latest CREATION_DATE<=evaluation_time, then latest EPOCH, then GP_ID","Perturb(A_causal, frozen original factor/rule); do not preserve legacy absolute B state",60,60,0,120
controlled_altitude_difference_synthetic_B,orbit_unit_ba42fbc6ecc1ddfdd1ffe159,44714,STARLINK-1008,SYNTHETIC_RELATIVE_TO_A,same_plane_altitude_offset:+2km,same_tle_44714_20260310T090420Z:segment:3,2026-03-10T09:07:49.500000Z,315443210,2026-03-09T21:39:16.344864Z,2026-03-10T08:26:21Z,True,True,True,PRIMARY_CORE,True,,False,INCLUDE_ALL_R0_CORE_UNITS,"latest CREATION_DATE<=evaluation_time, then latest EPOCH, then GP_ID","Perturb(A_causal, frozen original factor/rule); do not preserve legacy absolute B state",60,60,0,120
controlled_altitude_difference_synthetic_B,orbit_unit_bbdbcde0d32dcc50cbca94da,65409,STARLINK-35022,SYNTHETIC_RELATIVE_TO_A,same_plane_altitude_offset:+10km,same_tle_65409_20260312T054045Z:segment:2,2026-03-12T05:43:14.500000Z,315679331,2026-03-11T20:03:20.806272Z,2026-03-12T03:14:55Z,True,True,True,PRIMARY_CORE,True,,False,INCLUDE_ALL_R0_CORE_UNITS,"latest CREATION_DATE<=evaluation_time, then latest EPOCH, then GP_ID","Perturb(A_causal, frozen original factor/rule); do not preserve legacy absolute B state",60,60,0,120
controlled_altitude_difference_synthetic_B,orbit_unit_bcf0d23b55328454b429d53d,65421,STARLINK-35146,SYNTHETIC_RELATIVE_TO_A,same_plane_altitude_offset:-2km,same_tle_65421_20260310T064225Z:segment:3,2026-03-10T06:45:54.500000Z,315434193,2026-03-09T17:56:44.636640Z,2026-03-10T03:44:43Z,True,True,True,PRIMARY_CORE,True,,False,INCLUDE_ALL_R0_CORE_UNITS,"latest CREATION_DATE<=evaluation_time, then latest EPOCH, then GP_ID","Perturb(A_causal, frozen original factor/rule); do not preserve legacy absolute B state",60,60,0,120
controlled_altitude_difference_synthetic_B,orbit_unit_bd3d2c9a1dc2f31314d22384,65409,STARLINK-35022,SYNTHETIC_RELATIVE_TO_A,same_plane_altitude_offset:-50km,same_tle_65409_20260312T054045Z:segment:2,2026-03-12T05:43:14.500000Z,315679331,2026-03-11T20:03:20.806272Z,2026-03-12T03:14:55Z,True,True,True,PRIMARY_CORE,True,,False,INCLUDE_ALL_R0_CORE_UNITS,"latest CREATION_DATE<=evaluation_time, then latest EPOCH, then GP_ID","Perturb(A_causal, frozen original factor/rule); do not preserve legacy absolute B state",60,60,0,120
controlled_altitude_difference_synthetic_B,orbit_unit_bd6cdff79beb666b8ecca89d,65686,STARLINK-35137,SYNTHETIC_RELATIVE_TO_A,same_plane_altitude_offset:+1km,same_tle_65686_20260312T121505Z:segment:2,2026-03-12T12:17:34.500000Z,315682814,2026-03-11T21:55:43.056192Z,2026-03-12T07:26:32Z,True,True,True,PRIMARY_CORE,True,,False,INCLUDE_ALL_R0_CORE_UNITS,"latest CREATION_DATE<=evaluation_time, then latest EPOCH, then GP_ID","Perturb(A_causal, frozen original factor/rule); do not preserve legacy absolute B state",60,60,0,120
controlled_altitude_difference_synthetic_B,orbit_unit_be3cca78f93af52aded4711a,65409,STARLINK-35022,SYNTHETIC_RELATIVE_TO_A,same_plane_altitude_offset:-1km,same_tle_65409_20260310T113340Z:segment:3,2026-03-10T11:37:09.500000Z,315434187,2026-03-09T17:55:17.144544Z,2026-03-10T03:44:43Z,True,True,True,PRIMARY_CORE,True,,False,INCLUDE_ALL_R0_CORE_UNITS,"latest CREATION_DATE<=evaluation_time, then latest EPOCH, then GP_ID","Perturb(A_causal, frozen original factor/rule); do not preserve legacy absolute B state",60,60,0,120
controlled_altitude_difference_synthetic_B,orbit_unit_be8ce8093beb80322ebbf4f6,44714,STARLINK-1008,SYNTHETIC_RELATIVE_TO_A,same_plane_altitude_offset:-2km,same_tle_44714_20260311T034020Z:segment:3,2026-03-11T03:43:49.500000Z,315542230,2026-03-10T16:27:18.322272Z,2026-03-11T02:43:10Z,True,True,True,PRIMARY_CORE,True,,False,INCLUDE_ALL_R0_CORE_UNITS,"latest CREATION_DATE<=evaluation_time, then latest EPOCH, then GP_ID","Perturb(A_causal, frozen original factor/rule); do not preserve legacy absolute B state",60,60,0,120
controlled_altitude_difference_synthetic_B,orbit_unit_bfdf2a2b17c703797b32f28b,65410,STARLINK-35024,SYNTHETIC_RELATIVE_TO_A,same_plane_altitude_offset:+100km,same_tle_65410_20260310T064015Z:segment:3,2026-03-10T06:43:44.500000Z,315434688,2026-03-09T16:20:35.643840Z,2026-03-10T03:44:43Z,True,True,True,PRIMARY_CORE,True,,False,INCLUDE_ALL_R0_CORE_UNITS,"latest CREATION_DATE<=evaluation_time, then latest EPOCH, then GP_ID","Perturb(A_causal, frozen original factor/rule); do not preserve legacy absolute B state",60,60,0,120
controlled_altitude_difference_synthetic_B,orbit_unit_c00abf59d07a6b77e8460904,65409,STARLINK-35022,SYNTHETIC_RELATIVE_TO_A,same_plane_altitude_offset:+20km,same_tle_65409_20260310T113340Z:segment:3,2026-03-10T11:37:09.500000Z,315434187,2026-03-09T17:55:17.144544Z,2026-03-10T03:44:43Z,True,True,True,PRIMARY_CORE,True,,False,INCLUDE_ALL_R0_CORE_UNITS,"latest CREATION_DATE<=evaluation_time, then latest EPOCH, then GP_ID","Perturb(A_causal, frozen original factor/rule); do not preserve legacy absolute B state",60,60,0,120
controlled_altitude_difference_synthetic_B,orbit_unit_c0b30d0cc8868c78b87df4a8,65409,STARLINK-35022,SYNTHETIC_RELATIVE_TO_A,same_plane_altitude_offset:-50km,same_tle_65409_20260310T113340Z:segment:3,2026-03-10T11:37:09.500000Z,315434187,2026-03-09T17:55:17.144544Z,2026-03-10T03:44:43Z,True,True,True,PRIMARY_CORE,True,,False,INCLUDE_ALL_R0_CORE_UNITS,"latest CREATION_DATE<=evaluation_time, then latest EPOCH, then GP_ID","Perturb(A_causal, frozen original factor/rule); do not preserve legacy absolute B state",60,60,0,120
controlled_altitude_difference_synthetic_B,orbit_unit_c0cc640bd55932b459b10080,65686,STARLINK-35137,SYNTHETIC_RELATIVE_TO_A,same_plane_altitude_offset:+0km,same_tle_65686_20260312T152900Z:segment:3,2026-03-12T15:32:29.500000Z,315682814,2026-03-11T21:55:43.056192Z,2026-03-12T07:26:32Z,True,True,True,PRIMARY_CORE,True,,False,INCLUDE_ALL_R0_CORE_UNITS,"latest CREATION_DATE<=evaluation_time, then latest EPOCH, then GP_ID","Perturb(A_causal, frozen original factor/rule); do not preserve legacy absolute B state",60,0,60,120
controlled_altitude_difference_synthetic_B,orbit_unit_c1a65db29fd0d10f65420166,65421,STARLINK-35146,SYNTHETIC_RELATIVE_TO_A,same_plane_altitude_offset:-5km,same_tle_65421_20260310T064225Z:segment:3,2026-03-10T06:45:54.500000Z,315434193,2026-03-09T17:56:44.636640Z,2026-03-10T03:44:43Z,True,True,True,PRIMARY_CORE,True,,False,INCLUDE_ALL_R0_CORE_UNITS,"latest CREATION_DATE<=evaluation_time, then latest EPOCH, then GP_ID","Perturb(A_causal, frozen original factor/rule); do not preserve legacy absolute B state",60,60,0,120
controlled_altitude_difference_synthetic_B,orbit_unit_c21212101365ed4fc18b66eb,65410,STARLINK-35024,SYNTHETIC_RELATIVE_TO_A,same_plane_altitude_offset:-5km,same_tle_65410_20260311T110240Z:segment:3,2026-03-11T11:06:09.500000Z,315555532,2026-03-10T17:24:38.025504Z,2026-03-11T02:43:10Z,True,True,True,PRIMARY_CORE,True,,False,INCLUDE_ALL_R0_CORE_UNITS,"latest CREATION_DATE<=evaluation_time, then latest EPOCH, then GP_ID","Perturb(A_causal, frozen original factor/rule); do not preserve legacy absolute B state",60,60,0,120
controlled_altitude_difference_synthetic_B,orbit_unit_c3ecf0d1390d3bbdbc41f8fd,65410,STARLINK-35024,SYNTHETIC_RELATIVE_TO_A,same_plane_altitude_offset:+20km,same_tle_65410_20260311T110240Z:segment:3,2026-03-11T11:06:09.500000Z,315555532,2026-03-10T17:24:38.025504Z,2026-03-11T02:43:10Z,True,True,True,PRIMARY_CORE,True,,False,INCLUDE_ALL_R0_CORE_UNITS,"latest CREATION_DATE<=evaluation_time, then latest EPOCH, then GP_ID","Perturb(A_causal, frozen original factor/rule); do not preserve legacy absolute B state",60,60,0,120
controlled_altitude_difference_synthetic_B,orbit_unit_c41c997330660ce3da920457,65686,STARLINK-35137,SYNTHETIC_RELATIVE_TO_A,same_plane_altitude_offset:+20km,same_tle_65686_20260311T142130Z:segment:3,2026-03-11T14:24:59.500000Z,315558516,2026-03-10T22:25:41.529216Z,2026-03-11T07:06:59Z,True,True,True,PRIMARY_CORE,True,,False,INCLUDE_ALL_R0_CORE_UNITS,"latest CREATION_DATE<=evaluation_time, then latest EPOCH, then GP_ID","Perturb(A_causal, frozen original factor/rule); do not preserve legacy absolute B state",60,60,0,120
controlled_altitude_difference_synthetic_B,orbit_unit_c49a639b5f609c45aa09aeaf,44714,STARLINK-1008,SYNTHETIC_RELATIVE_TO_A,same_plane_altitude_offset:+50km,same_tle_44714_20260310T090420Z:segment:3,2026-03-10T09:07:49.500000Z,315443210,2026-03-09T21:39:16.344864Z,2026-03-10T08:26:21Z,True,True,True,PRIMARY_CORE,True,,False,INCLUDE_ALL_R0_CORE_UNITS,"latest CREATION_DATE<=evaluation_time, then latest EPOCH, then GP_ID","Perturb(A_causal, frozen original factor/rule); do not preserve legacy absolute B state",60,60,0,120
controlled_altitude_difference_synthetic_B,orbit_unit_c56565eca121bc601ee418c5,65410,STARLINK-35024,SYNTHETIC_RELATIVE_TO_A,same_plane_altitude_offset:+2km,same_tle_65410_20260310T064015Z:segment:3,2026-03-10T06:43:44.500000Z,315434688,2026-03-09T16:20:35.643840Z,2026-03-10T03:44:43Z,True,True,True,PRIMARY_CORE,True,,False,INCLUDE_ALL_R0_CORE_UNITS,"latest CREATION_DATE<=evaluation_time, then latest EPOCH, then GP_ID","Perturb(A_causal, frozen original factor/rule); do not preserve legacy absolute B state",60,60,0,120
controlled_altitude_difference_synthetic_B,orbit_unit_c75c4b33f500f2d173140e7f,44714,STARLINK-1008,SYNTHETIC_RELATIVE_TO_A,same_plane_altitude_offset:+50km,same_tle_44714_20260311T034020Z:segment:3,2026-03-11T03:43:49.500000Z,315542230,2026-03-10T16:27:18.322272Z,2026-03-11T02:43:10Z,True,True,True,PRIMARY_CORE,True,,False,INCLUDE_ALL_R0_CORE_UNITS,"latest CREATION_DATE<=evaluation_time, then latest EPOCH, then GP_ID","Perturb(A_causal, frozen original factor/rule); do not preserve legacy absolute B state",60,60,0,120
controlled_altitude_difference_synthetic_B,orbit_unit_c790087079aa9432bb379f79,44714,STARLINK-1008,SYNTHETIC_RELATIVE_TO_A,same_plane_altitude_offset:+20km,same_tle_44714_20260310T090420Z:segment:3,2026-03-10T09:07:49.500000Z,315443210,2026-03-09T21:39:16.344864Z,2026-03-10T08:26:21Z,True,True,True,PRIMARY_CORE,True,,False,INCLUDE_ALL_R0_CORE_UNITS,"latest CREATION_DATE<=evaluation_time, then latest EPOCH, then GP_ID","Perturb(A_causal, frozen original factor/rule); do not preserve legacy absolute B state",60,60,0,120
controlled_altitude_difference_synthetic_B,orbit_unit_c8c59c2d41af1a2e9a4cfa21,65410,STARLINK-35024,SYNTHETIC_RELATIVE_TO_A,same_plane_altitude_offset:-2km,same_tle_65410_20260310T131135Z:segment:2,2026-03-10T13:14:04.500000Z,315434688,2026-03-09T16:20:35.643840Z,2026-03-10T03:44:43Z,True,True,True,PRIMARY_CORE,True,,False,INCLUDE_ALL_R0_CORE_UNITS,"latest CREATION_DATE<=evaluation_time, then latest EPOCH, then GP_ID","Perturb(A_causal, frozen original factor/rule); do not preserve legacy absolute B state",60,60,0,120
controlled_altitude_difference_synthetic_B,orbit_unit_ca52f27285f0a886177ec0fb,65410,STARLINK-35024,SYNTHETIC_RELATIVE_TO_A,same_plane_altitude_offset:+0km,same_tle_65410_20260310T064015Z:segment:3,2026-03-10T06:43:44.500000Z,315434688,2026-03-09T16:20:35.643840Z,2026-03-10T03:44:43Z,True,True,True,PRIMARY_CORE,True,,False,INCLUDE_ALL_R0_CORE_UNITS,"latest CREATION_DATE<=evaluation_time, then latest EPOCH, then GP_ID","Perturb(A_causal, frozen original factor/rule); do not preserve legacy absolute B state",60,0,60,120
controlled_altitude_difference_synthetic_B,orbit_unit_ca8a43fd57eb1d72582518d6,65410,STARLINK-35024,SYNTHETIC_RELATIVE_TO_A,same_plane_altitude_offset:-20km,same_tle_65410_20260311T110240Z:segment:3,2026-03-11T11:06:09.500000Z,315555532,2026-03-10T17:24:38.025504Z,2026-03-11T02:43:10Z,True,True,True,PRIMARY_CORE,True,,False,INCLUDE_ALL_R0_CORE_UNITS,"latest CREATION_DATE<=evaluation_time, then latest EPOCH, then GP_ID","Perturb(A_causal, frozen original factor/rule); do not preserve legacy absolute B state",60,60,0,120
controlled_altitude_difference_synthetic_B,orbit_unit_cb6072dcf56b63f65331b841,65421,STARLINK-35146,SYNTHETIC_RELATIVE_TO_A,same_plane_altitude_offset:-5km,same_tle_65421_20260311T110455Z:segment:3,2026-03-11T11:08:24.500000Z,315556037,2026-03-10T20:34:46.163136Z,2026-03-11T02:43:10Z,True,True,True,PRIMARY_CORE,True,,False,INCLUDE_ALL_R0_CORE_UNITS,"latest CREATION_DATE<=evaluation_time, then latest EPOCH, then GP_ID","Perturb(A_causal, frozen original factor/rule); do not preserve legacy absolute B state",60,60,0,120
controlled_altitude_difference_synthetic_B,orbit_unit_cd2d47d27943101c0202f0ea,65409,STARLINK-35022,SYNTHETIC_RELATIVE_TO_A,same_plane_altitude_offset:-20km,same_tle_65409_20260310T064055Z:segment:3,2026-03-10T06:44:24.500000Z,315434187,2026-03-09T17:55:17.144544Z,2026-03-10T03:44:43Z,True,True,True,PRIMARY_CORE,True,,False,INCLUDE_ALL_R0_CORE_UNITS,"latest CREATION_DATE<=evaluation_time, then latest EPOCH, then GP_ID","Perturb(A_causal, frozen original factor/rule); do not preserve legacy absolute B state",60,60,0,120
controlled_altitude_difference_synthetic_B,orbit_unit_cd61ece6a5b9adb0258ce786,65686,STARLINK-35137,SYNTHETIC_RELATIVE_TO_A,same_plane_altitude_offset:-100km,same_tle_65686_20260310T131505Z:segment:2,2026-03-10T13:17:34.500000Z,315485957,2026-03-10T00:29:40.547616Z,2026-03-10T09:52:28Z,True,True,True,PRIMARY_CORE,True,,False,INCLUDE_ALL_R0_CORE_UNITS,"latest CREATION_DATE<=evaluation_time, then latest EPOCH, then GP_ID","Perturb(A_causal, frozen original factor/rule); do not preserve legacy absolute B state",60,60,0,120
controlled_altitude_difference_synthetic_B,orbit_unit_ce411654b46a4ccaf5be8489,65410,STARLINK-35024,SYNTHETIC_RELATIVE_TO_A,same_plane_altitude_offset:+50km,same_tle_65410_20260310T064015Z:segment:3,2026-03-10T06:43:44.500000Z,315434688,2026-03-09T16:20:35.643840Z,2026-03-10T03:44:43Z,True,True,True,PRIMARY_CORE,True,,False,INCLUDE_ALL_R0_CORE_UNITS,"latest CREATION_DATE<=evaluation_time, then latest EPOCH, then GP_ID","Perturb(A_causal, frozen original factor/rule); do not preserve legacy absolute B state",60,60,0,120
controlled_altitude_difference_synthetic_B,orbit_unit_cf1d8eca2a4978ad2f7e94ab,44714,STARLINK-1008,SYNTHETIC_RELATIVE_TO_A,same_plane_altitude_offset:-5km,same_tle_44714_20260312T044740Z:segment:3,2026-03-12T04:51:09.500000Z,315665530,2026-03-11T12:49:19.719264Z,2026-03-12T03:14:55Z,True,True,True,PRIMARY_CORE,True,,False,INCLUDE_ALL_R0_CORE_UNITS,"latest CREATION_DATE<=evaluation_time, then latest EPOCH, then GP_ID","Perturb(A_causal, frozen original factor/rule); do not preserve legacy absolute B state",60,60,0,120
controlled_altitude_difference_synthetic_B,orbit_unit_cfa465d9fbb6afd5e7e3a9da,44714,STARLINK-1008,SYNTHETIC_RELATIVE_TO_A,same_plane_altitude_offset:+10km,same_tle_44714_20260310T090420Z:segment:3,2026-03-10T09:07:49.500000Z,315443210,2026-03-09T21:39:16.344864Z,2026-03-10T08:26:21Z,True,True,True,PRIMARY_CORE,True,,False,INCLUDE_ALL_R0_CORE_UNITS,"latest CREATION_DATE<=evaluation_time, then latest EPOCH, then GP_ID","Perturb(A_causal, frozen original factor/rule); do not preserve legacy absolute B state",60,60,0,120
controlled_altitude_difference_synthetic_B,orbit_unit_d157faba8ad51bfb502ae831,44714,STARLINK-1008,SYNTHETIC_RELATIVE_TO_A,same_plane_altitude_offset:-100km,same_tle_44714_20260310T023440Z:segment:2,2026-03-10T02:37:09.500000Z,315393241,2026-03-09T13:49:15.828096Z,2026-03-09T22:56:35Z,True,True,True,PRIMARY_CORE,True,,False,INCLUDE_ALL_R0_CORE_UNITS,"latest CREATION_DATE<=evaluation_time, then latest EPOCH, then GP_ID","Perturb(A_causal, frozen original factor/rule); do not preserve legacy absolute B state",60,60,0,120
controlled_altitude_difference_synthetic_B,orbit_unit_d19a73a693fb40954535bc74,65410,STARLINK-35024,SYNTHETIC_RELATIVE_TO_A,same_plane_altitude_offset:-2km,same_tle_65410_20260310T064015Z:segment:3,2026-03-10T06:43:44.500000Z,315434688,2026-03-09T16:20:35.643840Z,2026-03-10T03:44:43Z,True,True,True,PRIMARY_CORE,True,,False,INCLUDE_ALL_R0_CORE_UNITS,"latest CREATION_DATE<=evaluation_time, then latest EPOCH, then GP_ID","Perturb(A_causal, frozen original factor/rule); do not preserve legacy absolute B state",60,60,0,120
controlled_altitude_difference_synthetic_B,orbit_unit_d1f7e23b7ad75c198f0a97b7,65409,STARLINK-35022,SYNTHETIC_RELATIVE_TO_A,same_plane_altitude_offset:+0km,same_tle_65409_20260310T113340Z:segment:3,2026-03-10T11:37:09.500000Z,315434187,2026-03-09T17:55:17.144544Z,2026-03-10T03:44:43Z,True,True,True,PRIMARY_CORE,True,,False,INCLUDE_ALL_R0_CORE_UNITS,"latest CREATION_DATE<=evaluation_time, then latest EPOCH, then GP_ID","Perturb(A_causal, frozen original factor/rule); do not preserve legacy absolute B state",60,0,60,120
controlled_altitude_difference_synthetic_B,orbit_unit_d21ac42c4827a0cc4a15eaa3,65686,STARLINK-35137,SYNTHETIC_RELATIVE_TO_A,same_plane_altitude_offset:-1km,same_tle_65686_20260311T142130Z:segment:3,2026-03-11T14:24:59.500000Z,315558516,2026-03-10T22:25:41.529216Z,2026-03-11T07:06:59Z,True,True,True,PRIMARY_CORE,True,,False,INCLUDE_ALL_R0_CORE_UNITS,"latest CREATION_DATE<=evaluation_time, then latest EPOCH, then GP_ID","Perturb(A_causal, frozen original factor/rule); do not preserve legacy absolute B state",60,60,0,120
controlled_altitude_difference_synthetic_B,orbit_unit_d30df97547e45a7c70385d21,44714,STARLINK-1008,SYNTHETIC_RELATIVE_TO_A,same_plane_altitude_offset:+1km,same_tle_44714_20260310T090420Z:segment:3,2026-03-10T09:07:49.500000Z,315443210,2026-03-09T21:39:16.344864Z,2026-03-10T08:26:21Z,True,True,True,PRIMARY_CORE,True,,False,INCLUDE_ALL_R0_CORE_UNITS,"latest CREATION_DATE<=evaluation_time, then latest EPOCH, then GP_ID","Perturb(A_causal, frozen original factor/rule); do not preserve legacy absolute B state",60,60,0,120
controlled_altitude_difference_synthetic_B,orbit_unit_d33c3e6e05028b7612602b63,65421,STARLINK-35146,SYNTHETIC_RELATIVE_TO_A,same_plane_altitude_offset:-1km,same_tle_65421_20260311T110455Z:segment:3,2026-03-11T11:08:24.500000Z,315556037,2026-03-10T20:34:46.163136Z,2026-03-11T02:43:10Z,True,True,True,PRIMARY_CORE,True,,False,INCLUDE_ALL_R0_CORE_UNITS,"latest CREATION_DATE<=evaluation_time, then latest EPOCH, then GP_ID","Perturb(A_causal, frozen original factor/rule); do not preserve legacy absolute B state",60,60,0,120
controlled_altitude_difference_synthetic_B,orbit_unit_d7bd258935ae69c6ec754539,44714,STARLINK-1008,SYNTHETIC_RELATIVE_TO_A,same_plane_altitude_offset:+0km,same_tle_44714_20260312T044740Z:segment:3,2026-03-12T04:51:09.500000Z,315665530,2026-03-11T12:49:19.719264Z,2026-03-12T03:14:55Z,True,True,True,PRIMARY_CORE,True,,False,INCLUDE_ALL_R0_CORE_UNITS,"latest CREATION_DATE<=evaluation_time, then latest EPOCH, then GP_ID","Perturb(A_causal, frozen original factor/rule); do not preserve legacy absolute B state",60,0,60,120
controlled_altitude_difference_synthetic_B,orbit_unit_d7d92671ff26b5f5b3e1700d,65409,STARLINK-35022,SYNTHETIC_RELATIVE_TO_A,same_plane_altitude_offset:-1km,same_tle_65409_20260310T064055Z:segment:3,2026-03-10T06:44:24.500000Z,315434187,2026-03-09T17:55:17.144544Z,2026-03-10T03:44:43Z,True,True,True,PRIMARY_CORE,True,,False,INCLUDE_ALL_R0_CORE_UNITS,"latest CREATION_DATE<=evaluation_time, then latest EPOCH, then GP_ID","Perturb(A_causal, frozen original factor/rule); do not preserve legacy absolute B state",60,60,0,120
controlled_altitude_difference_synthetic_B,orbit_unit_d8cbaa1d9fb97b779a1d0d16,65686,STARLINK-35137,SYNTHETIC_RELATIVE_TO_A,same_plane_altitude_offset:-5km,same_tle_65686_20260310T131505Z:segment:2,2026-03-10T13:17:34.500000Z,315485957,2026-03-10T00:29:40.547616Z,2026-03-10T09:52:28Z,True,True,True,PRIMARY_CORE,True,,False,INCLUDE_ALL_R0_CORE_UNITS,"latest CREATION_DATE<=evaluation_time, then latest EPOCH, then GP_ID","Perturb(A_causal, frozen original factor/rule); do not preserve legacy absolute B state",60,60,0,120
controlled_altitude_difference_synthetic_B,orbit_unit_d987c88cecc2156d53fea80d,65686,STARLINK-35137,SYNTHETIC_RELATIVE_TO_A,same_plane_altitude_offset:+2km,same_tle_65686_20260310T131505Z:segment:2,2026-03-10T13:17:34.500000Z,315485957,2026-03-10T00:29:40.547616Z,2026-03-10T09:52:28Z,True,True,True,PRIMARY_CORE,True,,False,INCLUDE_ALL_R0_CORE_UNITS,"latest CREATION_DATE<=evaluation_time, then latest EPOCH, then GP_ID","Perturb(A_causal, frozen original factor/rule); do not preserve legacy absolute B state",60,60,0,120
controlled_altitude_difference_synthetic_B,orbit_unit_d9ea472d8a5f19180ae4921e,65410,STARLINK-35024,SYNTHETIC_RELATIVE_TO_A,same_plane_altitude_offset:+10km,same_tle_65410_20260310T131135Z:segment:2,2026-03-10T13:14:04.500000Z,315434688,2026-03-09T16:20:35.643840Z,2026-03-10T03:44:43Z,True,True,True,PRIMARY_CORE,True,,False,INCLUDE_ALL_R0_CORE_UNITS,"latest CREATION_DATE<=evaluation_time, then latest EPOCH, then GP_ID","Perturb(A_causal, frozen original factor/rule); do not preserve legacy absolute B state",60,60,0,120
controlled_altitude_difference_synthetic_B,orbit_unit_daa8ca289730b139f7f9be2b,65410,STARLINK-35024,SYNTHETIC_RELATIVE_TO_A,same_plane_altitude_offset:-10km,same_tle_65410_20260310T131135Z:segment:2,2026-03-10T13:14:04.500000Z,315434688,2026-03-09T16:20:35.643840Z,2026-03-10T03:44:43Z,True,True,True,PRIMARY_CORE,True,,False,INCLUDE_ALL_R0_CORE_UNITS,"latest CREATION_DATE<=evaluation_time, then latest EPOCH, then GP_ID","Perturb(A_causal, frozen original factor/rule); do not preserve legacy absolute B state",60,60,0,120
controlled_altitude_difference_synthetic_B,orbit_unit_dd25de37117411e82ea8cd51,65421,STARLINK-35146,SYNTHETIC_RELATIVE_TO_A,same_plane_altitude_offset:-2km,same_tle_65421_20260312T085635Z:segment:3,2026-03-12T09:00:04.500000Z,315679337,2026-03-11T13:48:47.386944Z,2026-03-12T03:14:55Z,True,True,True,PRIMARY_CORE,True,,False,INCLUDE_ALL_R0_CORE_UNITS,"latest CREATION_DATE<=evaluation_time, then latest EPOCH, then GP_ID","Perturb(A_causal, frozen original factor/rule); do not preserve legacy absolute B state",60,60,0,120
controlled_altitude_difference_synthetic_B,orbit_unit_ddba2a90e4e2b718befd1532,65421,STARLINK-35146,SYNTHETIC_RELATIVE_TO_A,same_plane_altitude_offset:+2km,same_tle_65421_20260310T064225Z:segment:3,2026-03-10T06:45:54.500000Z,315434193,2026-03-09T17:56:44.636640Z,2026-03-10T03:44:43Z,True,True,True,PRIMARY_CORE,True,,False,INCLUDE_ALL_R0_CORE_UNITS,"latest CREATION_DATE<=evaluation_time, then latest EPOCH, then GP_ID","Perturb(A_causal, frozen original factor/rule); do not preserve legacy absolute B state",60,60,0,120
controlled_altitude_difference_synthetic_B,orbit_unit_de23f0ca822b6df78cb5250e,65421,STARLINK-35146,SYNTHETIC_RELATIVE_TO_A,same_plane_altitude_offset:-20km,same_tle_65421_20260312T085635Z:segment:3,2026-03-12T09:00:04.500000Z,315679337,2026-03-11T13:48:47.386944Z,2026-03-12T03:14:55Z,True,True,True,PRIMARY_CORE,True,,False,INCLUDE_ALL_R0_CORE_UNITS,"latest CREATION_DATE<=evaluation_time, then latest EPOCH, then GP_ID","Perturb(A_causal, frozen original factor/rule); do not preserve legacy absolute B state",60,60,0,120
controlled_altitude_difference_synthetic_B,orbit_unit_de6649471d9e925e8e26ffa2,65409,STARLINK-35022,SYNTHETIC_RELATIVE_TO_A,same_plane_altitude_offset:+100km,same_tle_65409_20260311T110325Z:segment:3,2026-03-11T11:06:54.500000Z,315556031,2026-03-10T20:33:19.547136Z,2026-03-11T02:43:10Z,True,True,True,PRIMARY_CORE,True,,False,INCLUDE_ALL_R0_CORE_UNITS,"latest CREATION_DATE<=evaluation_time, then latest EPOCH, then GP_ID","Perturb(A_causal, frozen original factor/rule); do not preserve legacy absolute B state",60,60,0,120
controlled_altitude_difference_synthetic_B,orbit_unit_def1b853cdf0da2287251dd9,65686,STARLINK-35137,SYNTHETIC_RELATIVE_TO_A,same_plane_altitude_offset:+5km,same_tle_65686_20260311T142130Z:segment:3,2026-03-11T14:24:59.500000Z,315558516,2026-03-10T22:25:41.529216Z,2026-03-11T07:06:59Z,True,True,True,PRIMARY_CORE,True,,False,INCLUDE_ALL_R0_CORE_UNITS,"latest CREATION_DATE<=evaluation_time, then latest EPOCH, then GP_ID","Perturb(A_causal, frozen original factor/rule); do not preserve legacy absolute B state",60,60,0,120
controlled_altitude_difference_synthetic_B,orbit_unit_df609f07b3d380524e6a2311,44714,STARLINK-1008,SYNTHETIC_RELATIVE_TO_A,same_plane_altitude_offset:-5km,same_tle_44714_20260310T090420Z:segment:3,2026-03-10T09:07:49.500000Z,315443210,2026-03-09T21:39:16.344864Z,2026-03-10T08:26:21Z,True,True,True,PRIMARY_CORE,True,,False,INCLUDE_ALL_R0_CORE_UNITS,"latest CREATION_DATE<=evaluation_time, then latest EPOCH, then GP_ID","Perturb(A_causal, frozen original factor/rule); do not preserve legacy absolute B state",60,60,0,120
controlled_altitude_difference_synthetic_B,orbit_unit_e1283463d5e1a82f40a91f75,65421,STARLINK-35146,SYNTHETIC_RELATIVE_TO_A,same_plane_altitude_offset:-1km,same_tle_65421_20260310T131350Z:segment:2,2026-03-10T13:16:19.500000Z,315434193,2026-03-09T17:56:44.636640Z,2026-03-10T03:44:43Z,True,True,True,PRIMARY_CORE,True,,False,INCLUDE_ALL_R0_CORE_UNITS,"latest CREATION_DATE<=evaluation_time, then latest EPOCH, then GP_ID","Perturb(A_causal, frozen original factor/rule); do not preserve legacy absolute B state",60,60,0,120
controlled_altitude_difference_synthetic_B,orbit_unit_e164129db47740f5e387cc74,65410,STARLINK-35024,SYNTHETIC_RELATIVE_TO_A,same_plane_altitude_offset:-100km,same_tle_65410_20260310T131135Z:segment:2,2026-03-10T13:14:04.500000Z,315434688,2026-03-09T16:20:35.643840Z,2026-03-10T03:44:43Z,True,True,True,PRIMARY_CORE,True,,False,INCLUDE_ALL_R0_CORE_UNITS,"latest CREATION_DATE<=evaluation_time, then latest EPOCH, then GP_ID","Perturb(A_causal, frozen original factor/rule); do not preserve legacy absolute B state",60,60,0,120
controlled_altitude_difference_synthetic_B,orbit_unit_e1b59b2301475fd8365a6d88,65409,STARLINK-35022,SYNTHETIC_RELATIVE_TO_A,same_plane_altitude_offset:-1km,same_tle_65409_20260311T110325Z:segment:3,2026-03-11T11:06:54.500000Z,315556031,2026-03-10T20:33:19.547136Z,2026-03-11T02:43:10Z,True,True,True,PRIMARY_CORE,True,,False,INCLUDE_ALL_R0_CORE_UNITS,"latest CREATION_DATE<=evaluation_time, then latest EPOCH, then GP_ID","Perturb(A_causal, frozen original factor/rule); do not preserve legacy absolute B state",60,60,0,120
controlled_altitude_difference_synthetic_B,orbit_unit_e1f501ad80e2fa6f16c5af6a,65410,STARLINK-35024,SYNTHETIC_RELATIVE_TO_A,same_plane_altitude_offset:+2km,same_tle_65410_20260312T085425Z:segment:3,2026-03-12T08:57:54.500000Z,315679831,2026-03-11T16:54:40.030272Z,2026-03-12T03:14:55Z,True,True,True,PRIMARY_CORE,True,,False,INCLUDE_ALL_R0_CORE_UNITS,"latest CREATION_DATE<=evaluation_time, then latest EPOCH, then GP_ID","Perturb(A_causal, frozen original factor/rule); do not preserve legacy absolute B state",60,60,0,120
controlled_altitude_difference_synthetic_B,orbit_unit_e2c8a767de55b83ad3d3c84c,65421,STARLINK-35146,SYNTHETIC_RELATIVE_TO_A,same_plane_altitude_offset:-50km,same_tle_65421_20260310T131350Z:segment:2,2026-03-10T13:16:19.500000Z,315434193,2026-03-09T17:56:44.636640Z,2026-03-10T03:44:43Z,True,True,True,PRIMARY_CORE,True,,False,INCLUDE_ALL_R0_CORE_UNITS,"latest CREATION_DATE<=evaluation_time, then latest EPOCH, then GP_ID","Perturb(A_causal, frozen original factor/rule); do not preserve legacy absolute B state",60,60,0,120
controlled_altitude_difference_synthetic_B,orbit_unit_e351ef5297a53d661c8b3d38,65409,STARLINK-35022,SYNTHETIC_RELATIVE_TO_A,same_plane_altitude_offset:+20km,same_tle_65409_20260311T110325Z:segment:3,2026-03-11T11:06:54.500000Z,315556031,2026-03-10T20:33:19.547136Z,2026-03-11T02:43:10Z,True,True,True,PRIMARY_CORE,True,,False,INCLUDE_ALL_R0_CORE_UNITS,"latest CREATION_DATE<=evaluation_time, then latest EPOCH, then GP_ID","Perturb(A_causal, frozen original factor/rule); do not preserve legacy absolute B state",60,60,0,120
controlled_altitude_difference_synthetic_B,orbit_unit_e38befcfa89371ca415c773f,65686,STARLINK-35137,SYNTHETIC_RELATIVE_TO_A,same_plane_altitude_offset:+5km,same_tle_65686_20260312T121505Z:segment:2,2026-03-12T12:17:34.500000Z,315682814,2026-03-11T21:55:43.056192Z,2026-03-12T07:26:32Z,True,True,True,PRIMARY_CORE,True,,False,INCLUDE_ALL_R0_CORE_UNITS,"latest CREATION_DATE<=evaluation_time, then latest EPOCH, then GP_ID","Perturb(A_causal, frozen original factor/rule); do not preserve legacy absolute B state",60,60,0,120
controlled_altitude_difference_synthetic_B,orbit_unit_e495a94bf478ac69f590dacf,65410,STARLINK-35024,SYNTHETIC_RELATIVE_TO_A,same_plane_altitude_offset:+5km,same_tle_65410_20260310T131135Z:segment:2,2026-03-10T13:14:04.500000Z,315434688,2026-03-09T16:20:35.643840Z,2026-03-10T03:44:43Z,True,True,True,PRIMARY_CORE,True,,False,INCLUDE_ALL_R0_CORE_UNITS,"latest CREATION_DATE<=evaluation_time, then latest EPOCH, then GP_ID","Perturb(A_causal, frozen original factor/rule); do not preserve legacy absolute B state",60,60,0,120
controlled_altitude_difference_synthetic_B,orbit_unit_e66ed268720f19094cc7048c,65686,STARLINK-35137,SYNTHETIC_RELATIVE_TO_A,same_plane_altitude_offset:-100km,same_tle_65686_20260312T152900Z:segment:3,2026-03-12T15:32:29.500000Z,315682814,2026-03-11T21:55:43.056192Z,2026-03-12T07:26:32Z,True,True,True,PRIMARY_CORE,True,,False,INCLUDE_ALL_R0_CORE_UNITS,"latest CREATION_DATE<=evaluation_time, then latest EPOCH, then GP_ID","Perturb(A_causal, frozen original factor/rule); do not preserve legacy absolute B state",60,60,0,120
controlled_altitude_difference_synthetic_B,orbit_unit_ea22d127e33fdfcf26ffc0d6,65409,STARLINK-35022,SYNTHETIC_RELATIVE_TO_A,same_plane_altitude_offset:+10km,same_tle_65409_20260311T110325Z:segment:3,2026-03-11T11:06:54.500000Z,315556031,2026-03-10T20:33:19.547136Z,2026-03-11T02:43:10Z,True,True,True,PRIMARY_CORE,True,,False,INCLUDE_ALL_R0_CORE_UNITS,"latest CREATION_DATE<=evaluation_time, then latest EPOCH, then GP_ID","Perturb(A_causal, frozen original factor/rule); do not preserve legacy absolute B state",60,60,0,120
controlled_altitude_difference_synthetic_B,orbit_unit_eacec38fa468e5d1be8f8cc0,65410,STARLINK-35024,SYNTHETIC_RELATIVE_TO_A,same_plane_altitude_offset:+5km,same_tle_65410_20260311T110240Z:segment:3,2026-03-11T11:06:09.500000Z,315555532,2026-03-10T17:24:38.025504Z,2026-03-11T02:43:10Z,True,True,True,PRIMARY_CORE,True,,False,INCLUDE_ALL_R0_CORE_UNITS,"latest CREATION_DATE<=evaluation_time, then latest EPOCH, then GP_ID","Perturb(A_causal, frozen original factor/rule); do not preserve legacy absolute B state",60,60,0,120
controlled_altitude_difference_synthetic_B,orbit_unit_ec32017e35d7ebe6cfe1de8c,65410,STARLINK-35024,SYNTHETIC_RELATIVE_TO_A,same_plane_altitude_offset:+20km,same_tle_65410_20260310T064015Z:segment:3,2026-03-10T06:43:44.500000Z,315434688,2026-03-09T16:20:35.643840Z,2026-03-10T03:44:43Z,True,True,True,PRIMARY_CORE,True,,False,INCLUDE_ALL_R0_CORE_UNITS,"latest CREATION_DATE<=evaluation_time, then latest EPOCH, then GP_ID","Perturb(A_causal, frozen original factor/rule); do not preserve legacy absolute B state",60,60,0,120
controlled_altitude_difference_synthetic_B,orbit_unit_ee1ef47153ddcdffcc5ead79,65686,STARLINK-35137,SYNTHETIC_RELATIVE_TO_A,same_plane_altitude_offset:+10km,same_tle_65686_20260312T121505Z:segment:2,2026-03-12T12:17:34.500000Z,315682814,2026-03-11T21:55:43.056192Z,2026-03-12T07:26:32Z,True,True,True,PRIMARY_CORE,True,,False,INCLUDE_ALL_R0_CORE_UNITS,"latest CREATION_DATE<=evaluation_time, then latest EPOCH, then GP_ID","Perturb(A_causal, frozen original factor/rule); do not preserve legacy absolute B state",60,60,0,120
controlled_altitude_difference_synthetic_B,orbit_unit_ef23ec54c095dcfa8cbdb58d,44714,STARLINK-1008,SYNTHETIC_RELATIVE_TO_A,same_plane_altitude_offset:-1km,same_tle_44714_20260311T034020Z:segment:3,2026-03-11T03:43:49.500000Z,315542230,2026-03-10T16:27:18.322272Z,2026-03-11T02:43:10Z,True,True,True,PRIMARY_CORE,True,,False,INCLUDE_ALL_R0_CORE_UNITS,"latest CREATION_DATE<=evaluation_time, then latest EPOCH, then GP_ID","Perturb(A_causal, frozen original factor/rule); do not preserve legacy absolute B state",60,60,0,120
controlled_altitude_difference_synthetic_B,orbit_unit_f175ac7280db202bdf91b4d9,65410,STARLINK-35024,SYNTHETIC_RELATIVE_TO_A,same_plane_altitude_offset:+0km,same_tle_65410_20260310T131135Z:segment:2,2026-03-10T13:14:04.500000Z,315434688,2026-03-09T16:20:35.643840Z,2026-03-10T03:44:43Z,True,True,True,PRIMARY_CORE,True,,False,INCLUDE_ALL_R0_CORE_UNITS,"latest CREATION_DATE<=evaluation_time, then latest EPOCH, then GP_ID","Perturb(A_causal, frozen original factor/rule); do not preserve legacy absolute B state",60,0,60,120
controlled_altitude_difference_synthetic_B,orbit_unit_f262af9cd51c838b886535c0,65421,STARLINK-35146,SYNTHETIC_RELATIVE_TO_A,same_plane_altitude_offset:+100km,same_tle_65421_20260310T064225Z:segment:3,2026-03-10T06:45:54.500000Z,315434193,2026-03-09T17:56:44.636640Z,2026-03-10T03:44:43Z,True,True,True,PRIMARY_CORE,True,,False,INCLUDE_ALL_R0_CORE_UNITS,"latest CREATION_DATE<=evaluation_time, then latest EPOCH, then GP_ID","Perturb(A_causal, frozen original factor/rule); do not preserve legacy absolute B state",60,60,0,120
controlled_altitude_difference_synthetic_B,orbit_unit_f4a8af8c9fcc0f83153fb0c1,65410,STARLINK-35024,SYNTHETIC_RELATIVE_TO_A,same_plane_altitude_offset:+50km,same_tle_65410_20260312T085425Z:segment:3,2026-03-12T08:57:54.500000Z,315679831,2026-03-11T16:54:40.030272Z,2026-03-12T03:14:55Z,True,True,True,PRIMARY_CORE,True,,False,INCLUDE_ALL_R0_CORE_UNITS,"latest CREATION_DATE<=evaluation_time, then latest EPOCH, then GP_ID","Perturb(A_causal, frozen original factor/rule); do not preserve legacy absolute B state",60,60,0,120
controlled_altitude_difference_synthetic_B,orbit_unit_f517b55e1bfd9d97799d784d,65421,STARLINK-35146,SYNTHETIC_RELATIVE_TO_A,same_plane_altitude_offset:-20km,same_tle_65421_20260310T064225Z:segment:3,2026-03-10T06:45:54.500000Z,315434193,2026-03-09T17:56:44.636640Z,2026-03-10T03:44:43Z,True,True,True,PRIMARY_CORE,True,,False,INCLUDE_ALL_R0_CORE_UNITS,"latest CREATION_DATE<=evaluation_time, then latest EPOCH, then GP_ID","Perturb(A_causal, frozen original factor/rule); do not preserve legacy absolute B state",60,60,0,120
controlled_altitude_difference_synthetic_B,orbit_unit_f54f14ed6d02c1622463a939,44714,STARLINK-1008,SYNTHETIC_RELATIVE_TO_A,same_plane_altitude_offset:-10km,same_tle_44714_20260312T044740Z:segment:3,2026-03-12T04:51:09.500000Z,315665530,2026-03-11T12:49:19.719264Z,2026-03-12T03:14:55Z,True,True,True,PRIMARY_CORE,True,,False,INCLUDE_ALL_R0_CORE_UNITS,"latest CREATION_DATE<=evaluation_time, then latest EPOCH, then GP_ID","Perturb(A_causal, frozen original factor/rule); do not preserve legacy absolute B state",60,60,0,120
controlled_altitude_difference_synthetic_B,orbit_unit_f65e2cf4373218fe8d405b19,65421,STARLINK-35146,SYNTHETIC_RELATIVE_TO_A,same_plane_altitude_offset:-20km,same_tle_65421_20260310T131350Z:segment:2,2026-03-10T13:16:19.500000Z,315434193,2026-03-09T17:56:44.636640Z,2026-03-10T03:44:43Z,True,True,True,PRIMARY_CORE,True,,False,INCLUDE_ALL_R0_CORE_UNITS,"latest CREATION_DATE<=evaluation_time, then latest EPOCH, then GP_ID","Perturb(A_causal, frozen original factor/rule); do not preserve legacy absolute B state",60,60,0,120
controlled_altitude_difference_synthetic_B,orbit_unit_f75142c140f26e47536c9211,65409,STARLINK-35022,SYNTHETIC_RELATIVE_TO_A,same_plane_altitude_offset:+1km,same_tle_65409_20260310T064055Z:segment:3,2026-03-10T06:44:24.500000Z,315434187,2026-03-09T17:55:17.144544Z,2026-03-10T03:44:43Z,True,True,True,PRIMARY_CORE,True,,False,INCLUDE_ALL_R0_CORE_UNITS,"latest CREATION_DATE<=evaluation_time, then latest EPOCH, then GP_ID","Perturb(A_causal, frozen original factor/rule); do not preserve legacy absolute B state",60,60,0,120
controlled_altitude_difference_synthetic_B,orbit_unit_f805d5b61ca4cfca3a955175,65410,STARLINK-35024,SYNTHETIC_RELATIVE_TO_A,same_plane_altitude_offset:+50km,same_tle_65410_20260310T131135Z:segment:2,2026-03-10T13:14:04.500000Z,315434688,2026-03-09T16:20:35.643840Z,2026-03-10T03:44:43Z,True,True,True,PRIMARY_CORE,True,,False,INCLUDE_ALL_R0_CORE_UNITS,"latest CREATION_DATE<=evaluation_time, then latest EPOCH, then GP_ID","Perturb(A_causal, frozen original factor/rule); do not preserve legacy absolute B state",60,60,0,120
controlled_altitude_difference_synthetic_B,orbit_unit_f84f1efb7d163b286ce19e8f,65686,STARLINK-35137,SYNTHETIC_RELATIVE_TO_A,same_plane_altitude_offset:+50km,same_tle_65686_20260311T142130Z:segment:3,2026-03-11T14:24:59.500000Z,315558516,2026-03-10T22:25:41.529216Z,2026-03-11T07:06:59Z,True,True,True,PRIMARY_CORE,True,,False,INCLUDE_ALL_R0_CORE_UNITS,"latest CREATION_DATE<=evaluation_time, then latest EPOCH, then GP_ID","Perturb(A_causal, frozen original factor/rule); do not preserve legacy absolute B state",60,60,0,120
controlled_altitude_difference_synthetic_B,orbit_unit_f864f3a55db3aebbd328da35,65421,STARLINK-35146,SYNTHETIC_RELATIVE_TO_A,same_plane_altitude_offset:+10km,same_tle_65421_20260310T064225Z:segment:3,2026-03-10T06:45:54.500000Z,315434193,2026-03-09T17:56:44.636640Z,2026-03-10T03:44:43Z,True,True,True,PRIMARY_CORE,True,,False,INCLUDE_ALL_R0_CORE_UNITS,"latest CREATION_DATE<=evaluation_time, then latest EPOCH, then GP_ID","Perturb(A_causal, frozen original factor/rule); do not preserve legacy absolute B state",60,60,0,120
controlled_altitude_difference_synthetic_B,orbit_unit_fb0987713d7a9c1a3b876327,65686,STARLINK-35137,SYNTHETIC_RELATIVE_TO_A,same_plane_altitude_offset:+100km,same_tle_65686_20260310T131505Z:segment:2,2026-03-10T13:17:34.500000Z,315485957,2026-03-10T00:29:40.547616Z,2026-03-10T09:52:28Z,True,True,True,PRIMARY_CORE,True,,False,INCLUDE_ALL_R0_CORE_UNITS,"latest CREATION_DATE<=evaluation_time, then latest EPOCH, then GP_ID","Perturb(A_causal, frozen original factor/rule); do not preserve legacy absolute B state",60,60,0,120
controlled_altitude_difference_synthetic_B,orbit_unit_fbd230b18b770a392150acc8,65410,STARLINK-35024,SYNTHETIC_RELATIVE_TO_A,same_plane_altitude_offset:-20km,same_tle_65410_20260310T131135Z:segment:2,2026-03-10T13:14:04.500000Z,315434688,2026-03-09T16:20:35.643840Z,2026-03-10T03:44:43Z,True,True,True,PRIMARY_CORE,True,,False,INCLUDE_ALL_R0_CORE_UNITS,"latest CREATION_DATE<=evaluation_time, then latest EPOCH, then GP_ID","Perturb(A_causal, frozen original factor/rule); do not preserve legacy absolute B state",60,60,0,120
controlled_altitude_difference_synthetic_B,orbit_unit_fc2be0f78ba29517352cb455,44714,STARLINK-1008,SYNTHETIC_RELATIVE_TO_A,same_plane_altitude_offset:-2km,same_tle_44714_20260310T023440Z:segment:2,2026-03-10T02:37:09.500000Z,315393241,2026-03-09T13:49:15.828096Z,2026-03-09T22:56:35Z,True,True,True,PRIMARY_CORE,True,,False,INCLUDE_ALL_R0_CORE_UNITS,"latest CREATION_DATE<=evaluation_time, then latest EPOCH, then GP_ID","Perturb(A_causal, frozen original factor/rule); do not preserve legacy absolute B state",60,60,0,120
controlled_altitude_difference_synthetic_B,orbit_unit_fd0702e42070377deca0dde9,65410,STARLINK-35024,SYNTHETIC_RELATIVE_TO_A,same_plane_altitude_offset:-100km,same_tle_65410_20260311T110240Z:segment:3,2026-03-11T11:06:09.500000Z,315555532,2026-03-10T17:24:38.025504Z,2026-03-11T02:43:10Z,True,True,True,PRIMARY_CORE,True,,False,INCLUDE_ALL_R0_CORE_UNITS,"latest CREATION_DATE<=evaluation_time, then latest EPOCH, then GP_ID","Perturb(A_causal, frozen original factor/rule); do not preserve legacy absolute B state",60,60,0,120
controlled_altitude_difference_synthetic_B,orbit_unit_fd89f96073695c2e0801cc9a,44714,STARLINK-1008,SYNTHETIC_RELATIVE_TO_A,same_plane_altitude_offset:+5km,same_tle_44714_20260312T044740Z:segment:3,2026-03-12T04:51:09.500000Z,315665530,2026-03-11T12:49:19.719264Z,2026-03-12T03:14:55Z,True,True,True,PRIMARY_CORE,True,,False,INCLUDE_ALL_R0_CORE_UNITS,"latest CREATION_DATE<=evaluation_time, then latest EPOCH, then GP_ID","Perturb(A_causal, frozen original factor/rule); do not preserve legacy absolute B state",60,60,0,120
controlled_altitude_difference_synthetic_B,orbit_unit_fe1c2f67a0ab0e4ccdd3d248,65409,STARLINK-35022,SYNTHETIC_RELATIVE_TO_A,same_plane_altitude_offset:+100km,same_tle_65409_20260310T113340Z:segment:3,2026-03-10T11:37:09.500000Z,315434187,2026-03-09T17:55:17.144544Z,2026-03-10T03:44:43Z,True,True,True,PRIMARY_CORE,True,,False,INCLUDE_ALL_R0_CORE_UNITS,"latest CREATION_DATE<=evaluation_time, then latest EPOCH, then GP_ID","Perturb(A_causal, frozen original factor/rule); do not preserve legacy absolute B state",60,60,0,120
controlled_altitude_difference_synthetic_B,orbit_unit_fe7b7eab56414a44d6546ae1,65410,STARLINK-35024,SYNTHETIC_RELATIVE_TO_A,same_plane_altitude_offset:-50km,same_tle_65410_20260310T064015Z:segment:3,2026-03-10T06:43:44.500000Z,315434688,2026-03-09T16:20:35.643840Z,2026-03-10T03:44:43Z,True,True,True,PRIMARY_CORE,True,,False,INCLUDE_ALL_R0_CORE_UNITS,"latest CREATION_DATE<=evaluation_time, then latest EPOCH, then GP_ID","Perturb(A_causal, frozen original factor/rule); do not preserve legacy absolute B state",60,60,0,120
controlled_altitude_difference_synthetic_B,orbit_unit_ff8ffce59c2c487be0a13bc6,65421,STARLINK-35146,SYNTHETIC_RELATIVE_TO_A,same_plane_altitude_offset:+1km,same_tle_65421_20260310T131350Z:segment:2,2026-03-10T13:16:19.500000Z,315434193,2026-03-09T17:56:44.636640Z,2026-03-10T03:44:43Z,True,True,True,PRIMARY_CORE,True,,False,INCLUDE_ALL_R0_CORE_UNITS,"latest CREATION_DATE<=evaluation_time, then latest EPOCH, then GP_ID","Perturb(A_causal, frozen original factor/rule); do not preserve legacy absolute B state",60,60,0,120
same_pair_multi_pass_real_TLE,orbit_unit_0fa0c88af6002789eff58049,65421,,REAL_B,47749,same_tle_65421_20260312T085635Z_segment_3,2026-03-12T09:00:04.500000Z,315679337,2026-03-11T13:48:47.386944Z,2026-03-12T03:14:55Z,True,True,True,PRIMARY_CORE,True,,False,INCLUDE_ALL_R0_CORE_UNITS,"latest CREATION_DATE<=evaluation_time, then latest EPOCH, then GP_ID",preserve original real-B identity and frozen historical TLE physical semantics,60,60,0,120
same_pair_multi_pass_real_TLE,orbit_unit_10dd809845b1848248e8de75,65686,,REAL_B,47749,same_tle_65686_20260312T121505Z_segment_2,2026-03-12T12:17:34.500000Z,315682814,2026-03-11T21:55:43.056192Z,2026-03-12T07:26:32Z,True,True,True,PRIMARY_CORE,True,,False,INCLUDE_ALL_R0_CORE_UNITS,"latest CREATION_DATE<=evaluation_time, then latest EPOCH, then GP_ID",preserve original real-B identity and frozen historical TLE physical semantics,60,60,0,120
same_pair_multi_pass_real_TLE,orbit_unit_1a49b921647bcac4749396b5,65421,,REAL_B,65686,same_tle_65421_20260312T085635Z_segment_3,2026-03-12T09:00:04.500000Z,315679337,2026-03-11T13:48:47.386944Z,2026-03-12T03:14:55Z,True,True,True,PRIMARY_CORE,True,,False,INCLUDE_ALL_R0_CORE_UNITS,"latest CREATION_DATE<=evaluation_time, then latest EPOCH, then GP_ID",preserve original real-B identity and frozen historical TLE physical semantics,60,60,0,120
same_pair_multi_pass_real_TLE,orbit_unit_3c0b21fd95defda7027c3f78,65409,,REAL_B,47383,same_tle_65409_20260310T064055Z_segment_3,2026-03-10T06:44:24.500000Z,315434187,2026-03-09T17:55:17.144544Z,2026-03-10T03:44:43Z,True,True,True,PRIMARY_CORE,True,,False,INCLUDE_ALL_R0_CORE_UNITS,"latest CREATION_DATE<=evaluation_time, then latest EPOCH, then GP_ID",preserve original real-B identity and frozen historical TLE physical semantics,60,60,0,120
same_pair_multi_pass_real_TLE,orbit_unit_4338539a1e1193e95fa38af5,65409,,REAL_B,47383,same_tle_65409_20260311T092530Z_segment_3,2026-03-11T09:28:59.500000Z,315556031,2026-03-10T20:33:19.547136Z,2026-03-11T02:43:10Z,True,True,True,PRIMARY_CORE,True,,False,INCLUDE_ALL_R0_CORE_UNITS,"latest CREATION_DATE<=evaluation_time, then latest EPOCH, then GP_ID",preserve original real-B identity and frozen historical TLE physical semantics,60,60,0,120
same_pair_multi_pass_real_TLE,orbit_unit_448680309496d71f10f88a4f,65686,,REAL_B,47749,same_tle_65686_20260312T152900Z_segment_3,2026-03-12T15:32:29.500000Z,315682814,2026-03-11T21:55:43.056192Z,2026-03-12T07:26:32Z,True,True,True,PRIMARY_CORE,True,,False,INCLUDE_ALL_R0_CORE_UNITS,"latest CREATION_DATE<=evaluation_time, then latest EPOCH, then GP_ID",preserve original real-B identity and frozen historical TLE physical semantics,60,60,0,120
same_pair_multi_pass_real_TLE,orbit_unit_4687e9a31465e79d364f459d,65686,,REAL_B,44714,same_tle_65686_20260311T142130Z_segment_3,2026-03-11T14:24:59.500000Z,315558516,2026-03-10T22:25:41.529216Z,2026-03-11T07:06:59Z,True,True,True,PRIMARY_CORE,True,,False,INCLUDE_ALL_R0_CORE_UNITS,"latest CREATION_DATE<=evaluation_time, then latest EPOCH, then GP_ID",preserve original real-B identity and frozen historical TLE physical semantics,60,60,0,120
same_pair_multi_pass_real_TLE,orbit_unit_4717c3235238b0689f7215ee,44714,,REAL_B,65409,same_tle_44714_20260310T023440Z_segment_2,2026-03-10T02:37:09.500000Z,315393241,2026-03-09T13:49:15.828096Z,2026-03-09T22:56:35Z,True,True,True,PRIMARY_CORE,True,,False,INCLUDE_ALL_R0_CORE_UNITS,"latest CREATION_DATE<=evaluation_time, then latest EPOCH, then GP_ID",preserve original real-B identity and frozen historical TLE physical semantics,60,60,0,120
same_pair_multi_pass_real_TLE,orbit_unit_534778f7511d4e5ccc10de67,65409,,REAL_B,47749,same_tle_65409_20260310T131215Z_segment_2,2026-03-10T13:14:44.500000Z,315434187,2026-03-09T17:55:17.144544Z,2026-03-10T03:44:43Z,True,True,True,PRIMARY_CORE,True,,False,INCLUDE_ALL_R0_CORE_UNITS,"latest CREATION_DATE<=evaluation_time, then latest EPOCH, then GP_ID",preserve original real-B identity and frozen historical TLE physical semantics,60,60,0,120
same_pair_multi_pass_real_TLE,orbit_unit_57112ed6cc56dabee5ab7815,44714,,REAL_B,65409,same_tle_44714_20260312T044740Z_segment_3,2026-03-12T04:51:09.500000Z,315665530,2026-03-11T12:49:19.719264Z,2026-03-12T03:14:55Z,True,True,True,PRIMARY_CORE,True,,False,INCLUDE_ALL_R0_CORE_UNITS,"latest CREATION_DATE<=evaluation_time, then latest EPOCH, then GP_ID",preserve original real-B identity and frozen historical TLE physical semantics,60,60,0,120
same_pair_multi_pass_real_TLE,orbit_unit_5a72d4f1a8320be6064c7e9b,65686,,REAL_B,47749,same_tle_65686_20260311T142130Z_segment_3,2026-03-11T14:24:59.500000Z,315558516,2026-03-10T22:25:41.529216Z,2026-03-11T07:06:59Z,True,True,True,PRIMARY_CORE,True,,False,INCLUDE_ALL_R0_CORE_UNITS,"latest CREATION_DATE<=evaluation_time, then latest EPOCH, then GP_ID",preserve original real-B identity and frozen historical TLE physical semantics,60,60,0,120
same_pair_multi_pass_real_TLE,orbit_unit_5e961cd09ae7f28b1393dcc3,44714,,REAL_B,47749,same_tle_44714_20260310T023440Z_segment_2,2026-03-10T02:37:09.500000Z,315393241,2026-03-09T13:49:15.828096Z,2026-03-09T22:56:35Z,True,True,True,PRIMARY_CORE,True,,False,INCLUDE_ALL_R0_CORE_UNITS,"latest CREATION_DATE<=evaluation_time, then latest EPOCH, then GP_ID",preserve original real-B identity and frozen historical TLE physical semantics,60,60,0,120
same_pair_multi_pass_real_TLE,orbit_unit_5f9a1980f00c103f7d284a6e,44714,,REAL_B,65409,same_tle_44714_20260310T090420Z_segment_3,2026-03-10T09:07:49.500000Z,315443210,2026-03-09T21:39:16.344864Z,2026-03-10T08:26:21Z,True,True,True,PRIMARY_CORE,True,,False,INCLUDE_ALL_R0_CORE_UNITS,"latest CREATION_DATE<=evaluation_time, then latest EPOCH, then GP_ID",preserve original real-B identity and frozen historical TLE physical semantics,60,60,0,120
same_pair_multi_pass_real_TLE,orbit_unit_61e8cff4fa33193ff9bd39d3,65686,,REAL_B,65421,same_tle_65686_20260311T142130Z_segment_3,2026-03-11T14:24:59.500000Z,315558516,2026-03-10T22:25:41.529216Z,2026-03-11T07:06:59Z,True,True,True,PRIMARY_CORE,True,,False,INCLUDE_ALL_R0_CORE_UNITS,"latest CREATION_DATE<=evaluation_time, then latest EPOCH, then GP_ID",preserve original real-B identity and frozen historical TLE physical semantics,60,60,0,120
same_pair_multi_pass_real_TLE,orbit_unit_64858c14ddb2a80aa0952079,65686,,REAL_B,44714,same_tle_65686_20260312T152900Z_segment_3,2026-03-12T15:32:29.500000Z,315682814,2026-03-11T21:55:43.056192Z,2026-03-12T07:26:32Z,True,True,True,PRIMARY_CORE,True,,False,INCLUDE_ALL_R0_CORE_UNITS,"latest CREATION_DATE<=evaluation_time, then latest EPOCH, then GP_ID",preserve original real-B identity and frozen historical TLE physical semantics,60,60,0,120
same_pair_multi_pass_real_TLE,orbit_unit_6843755a94a0380de08c306d,65421,,REAL_B,65686,same_tle_65421_20260311T110455Z_segment_3,2026-03-11T11:08:24.500000Z,315556037,2026-03-10T20:34:46.163136Z,2026-03-11T02:43:10Z,True,True,True,PRIMARY_CORE,True,,False,INCLUDE_ALL_R0_CORE_UNITS,"latest CREATION_DATE<=evaluation_time, then latest EPOCH, then GP_ID",preserve original real-B identity and frozen historical TLE physical semantics,60,60,0,120
same_pair_multi_pass_real_TLE,orbit_unit_69e7bcdfe31dc40a7f14539f,65686,,REAL_B,44714,same_tle_65686_20260312T121505Z_segment_2,2026-03-12T12:17:34.500000Z,315682814,2026-03-11T21:55:43.056192Z,2026-03-12T07:26:32Z,True,True,True,PRIMARY_CORE,True,,False,INCLUDE_ALL_R0_CORE_UNITS,"latest CREATION_DATE<=evaluation_time, then latest EPOCH, then GP_ID",preserve original real-B identity and frozen historical TLE physical semantics,60,60,0,120
same_pair_multi_pass_real_TLE,orbit_unit_7e5e2ed47165a019c95b95c8,65410,,REAL_B,45230,same_tle_65410_20260310T131135Z_segment_2,2026-03-10T13:14:04.500000Z,315434688,2026-03-09T16:20:35.643840Z,2026-03-10T03:44:43Z,True,True,True,PRIMARY_CORE,True,,False,INCLUDE_ALL_R0_CORE_UNITS,"latest CREATION_DATE<=evaluation_time, then latest EPOCH, then GP_ID",preserve original real-B identity and frozen historical TLE physical semantics,60,60,0,120
same_pair_multi_pass_real_TLE,orbit_unit_7f0c99e21a52875d5689e262,65421,,REAL_B,65686,same_tle_65421_20260310T064225Z_segment_3,2026-03-10T06:45:54.500000Z,315434193,2026-03-09T17:56:44.636640Z,2026-03-10T03:44:43Z,True,True,True,PRIMARY_CORE,True,,False,INCLUDE_ALL_R0_CORE_UNITS,"latest CREATION_DATE<=evaluation_time, then latest EPOCH, then GP_ID",preserve original real-B identity and frozen historical TLE physical semantics,60,60,0,120
same_pair_multi_pass_real_TLE,orbit_unit_8226dc0359789a2795020342,65421,,REAL_B,47749,same_tle_65421_20260310T131350Z_segment_2,2026-03-10T13:16:19.500000Z,315434193,2026-03-09T17:56:44.636640Z,2026-03-10T03:44:43Z,True,True,True,PRIMARY_CORE,True,,False,INCLUDE_ALL_R0_CORE_UNITS,"latest CREATION_DATE<=evaluation_time, then latest EPOCH, then GP_ID",preserve original real-B identity and frozen historical TLE physical semantics,60,60,0,120
same_pair_multi_pass_real_TLE,orbit_unit_893a0af82834c948fd258132,44714,,REAL_B,47749,same_tle_44714_20260311T034020Z_segment_3,2026-03-11T03:43:49.500000Z,315542230,2026-03-10T16:27:18.322272Z,2026-03-11T02:43:10Z,True,True,True,PRIMARY_CORE,True,,False,INCLUDE_ALL_R0_CORE_UNITS,"latest CREATION_DATE<=evaluation_time, then latest EPOCH, then GP_ID",preserve original real-B identity and frozen historical TLE physical semantics,60,60,0,120
same_pair_multi_pass_real_TLE,orbit_unit_8a2d15c625c2a616fb8b8a19,65686,,REAL_B,65421,same_tle_65686_20260310T131505Z_segment_2,2026-03-10T13:17:34.500000Z,315485957,2026-03-10T00:29:40.547616Z,2026-03-10T09:52:28Z,True,True,True,PRIMARY_CORE,True,,False,INCLUDE_ALL_R0_CORE_UNITS,"latest CREATION_DATE<=evaluation_time, then latest EPOCH, then GP_ID",preserve original real-B identity and frozen historical TLE physical semantics,60,60,0,120
same_pair_multi_pass_real_TLE,orbit_unit_8bb357fa3f3c6160faa12256,65409,,REAL_B,47383,same_tle_65409_20260310T113340Z_segment_3,2026-03-10T11:37:09.500000Z,315434187,2026-03-09T17:55:17.144544Z,2026-03-10T03:44:43Z,True,True,True,PRIMARY_CORE,True,,False,INCLUDE_ALL_R0_CORE_UNITS,"latest CREATION_DATE<=evaluation_time, then latest EPOCH, then GP_ID",preserve original real-B identity and frozen historical TLE physical semantics,60,60,0,120
same_pair_multi_pass_real_TLE,orbit_unit_90b220cc47c908983a04ec8d,65686,,REAL_B,47749,same_tle_65686_20260310T131505Z_segment_2,2026-03-10T13:17:34.500000Z,315485957,2026-03-10T00:29:40.547616Z,2026-03-10T09:52:28Z,True,True,True,PRIMARY_CORE,True,,False,INCLUDE_ALL_R0_CORE_UNITS,"latest CREATION_DATE<=evaluation_time, then latest EPOCH, then GP_ID",preserve original real-B identity and frozen historical TLE physical semantics,60,60,0,120
same_pair_multi_pass_real_TLE,orbit_unit_968e340e78a34ed283cd0d79,65409,,REAL_B,47749,same_tle_65409_20260312T085505Z_segment_3,2026-03-12T08:58:34.500000Z,315679331,2026-03-11T20:03:20.806272Z,2026-03-12T03:14:55Z,True,True,True,PRIMARY_CORE,True,,False,INCLUDE_ALL_R0_CORE_UNITS,"latest CREATION_DATE<=evaluation_time, then latest EPOCH, then GP_ID",preserve original real-B identity and frozen historical TLE physical semantics,60,60,0,120
same_pair_multi_pass_real_TLE,orbit_unit_9b5c1cf2c5fe3fb376542a14,65410,,REAL_B,45230,same_tle_65410_20260311T110240Z_segment_3,2026-03-11T11:06:09.500000Z,315555532,2026-03-10T17:24:38.025504Z,2026-03-11T02:43:10Z,True,True,True,PRIMARY_CORE,True,,False,INCLUDE_ALL_R0_CORE_UNITS,"latest CREATION_DATE<=evaluation_time, then latest EPOCH, then GP_ID",preserve original real-B identity and frozen historical TLE physical semantics,60,60,0,120
same_pair_multi_pass_real_TLE,orbit_unit_9bc3c5aaf88b96035dd39f7f,65410,,REAL_B,45230,same_tle_65410_20260310T064015Z_segment_3,2026-03-10T06:43:44.500000Z,315434688,2026-03-09T16:20:35.643840Z,2026-03-10T03:44:43Z,True,True,True,PRIMARY_CORE,True,,False,INCLUDE_ALL_R0_CORE_UNITS,"latest CREATION_DATE<=evaluation_time, then latest EPOCH, then GP_ID",preserve original real-B identity and frozen historical TLE physical semantics,60,60,0,120
same_pair_multi_pass_real_TLE,orbit_unit_a11d83247bd38a500c6412b6,65686,,REAL_B,65421,same_tle_65686_20260312T121505Z_segment_2,2026-03-12T12:17:34.500000Z,315682814,2026-03-11T21:55:43.056192Z,2026-03-12T07:26:32Z,True,True,True,PRIMARY_CORE,True,,False,INCLUDE_ALL_R0_CORE_UNITS,"latest CREATION_DATE<=evaluation_time, then latest EPOCH, then GP_ID",preserve original real-B identity and frozen historical TLE physical semantics,60,60,0,120
same_pair_multi_pass_real_TLE,orbit_unit_a43b1d824ecd15413d05e9e6,44714,,REAL_B,65409,same_tle_44714_20260311T034020Z_segment_3,2026-03-11T03:43:49.500000Z,315542230,2026-03-10T16:27:18.322272Z,2026-03-11T02:43:10Z,True,True,True,PRIMARY_CORE,True,,False,INCLUDE_ALL_R0_CORE_UNITS,"latest CREATION_DATE<=evaluation_time, then latest EPOCH, then GP_ID",preserve original real-B identity and frozen historical TLE physical semantics,60,60,0,120
same_pair_multi_pass_real_TLE,orbit_unit_ad716ff611712ba6e00fb636,65421,,REAL_B,47749,same_tle_65421_20260311T110455Z_segment_3,2026-03-11T11:08:24.500000Z,315556037,2026-03-10T20:34:46.163136Z,2026-03-11T02:43:10Z,True,True,True,PRIMARY_CORE,True,,False,INCLUDE_ALL_R0_CORE_UNITS,"latest CREATION_DATE<=evaluation_time, then latest EPOCH, then GP_ID",preserve original real-B identity and frozen historical TLE physical semantics,60,60,0,120
same_pair_multi_pass_real_TLE,orbit_unit_ba78985c658138ef4bef56f9,44714,,REAL_B,47749,same_tle_44714_20260310T090420Z_segment_3,2026-03-10T09:07:49.500000Z,315443210,2026-03-09T21:39:16.344864Z,2026-03-10T08:26:21Z,True,True,True,PRIMARY_CORE,True,,False,INCLUDE_ALL_R0_CORE_UNITS,"latest CREATION_DATE<=evaluation_time, then latest EPOCH, then GP_ID",preserve original real-B identity and frozen historical TLE physical semantics,60,60,0,120
same_pair_multi_pass_real_TLE,orbit_unit_c3a7b9d76a49bdb79048cc52,65421,,REAL_B,47749,same_tle_65421_20260310T064225Z_segment_3,2026-03-10T06:45:54.500000Z,315434193,2026-03-09T17:56:44.636640Z,2026-03-10T03:44:43Z,True,True,True,PRIMARY_CORE,True,,False,INCLUDE_ALL_R0_CORE_UNITS,"latest CREATION_DATE<=evaluation_time, then latest EPOCH, then GP_ID",preserve original real-B identity and frozen historical TLE physical semantics,60,60,0,120
same_pair_multi_pass_real_TLE,orbit_unit_c57a6f9b62fda32828caa6d3,65409,,REAL_B,47749,same_tle_65409_20260311T110325Z_segment_3,2026-03-11T11:06:54.500000Z,315556031,2026-03-10T20:33:19.547136Z,2026-03-11T02:43:10Z,True,True,True,PRIMARY_CORE,True,,False,INCLUDE_ALL_R0_CORE_UNITS,"latest CREATION_DATE<=evaluation_time, then latest EPOCH, then GP_ID",preserve original real-B identity and frozen historical TLE physical semantics,60,60,0,120
same_pair_multi_pass_real_TLE,orbit_unit_dbea98e58ee20dd22a5cc550,65421,,REAL_B,65686,same_tle_65421_20260310T131350Z_segment_2,2026-03-10T13:16:19.500000Z,315434193,2026-03-09T17:56:44.636640Z,2026-03-10T03:44:43Z,True,True,True,PRIMARY_CORE,True,,False,INCLUDE_ALL_R0_CORE_UNITS,"latest CREATION_DATE<=evaluation_time, then latest EPOCH, then GP_ID",preserve original real-B identity and frozen historical TLE physical semantics,60,60,0,120
same_pair_multi_pass_real_TLE,orbit_unit_df624eb2ae18157472d6c489,65410,,REAL_B,45230,same_tle_65410_20260312T085425Z_segment_3,2026-03-12T08:57:54.500000Z,315679831,2026-03-11T16:54:40.030272Z,2026-03-12T03:14:55Z,True,True,True,PRIMARY_CORE,True,,False,INCLUDE_ALL_R0_CORE_UNITS,"latest CREATION_DATE<=evaluation_time, then latest EPOCH, then GP_ID",preserve original real-B identity and frozen historical TLE physical semantics,60,60,0,120
same_pair_multi_pass_real_TLE,orbit_unit_e1b673a537d048421367d0b9,44714,,REAL_B,47749,same_tle_44714_20260312T044740Z_segment_3,2026-03-12T04:51:09.500000Z,315665530,2026-03-11T12:49:19.719264Z,2026-03-12T03:14:55Z,True,True,True,PRIMARY_CORE,True,,False,INCLUDE_ALL_R0_CORE_UNITS,"latest CREATION_DATE<=evaluation_time, then latest EPOCH, then GP_ID",preserve original real-B identity and frozen historical TLE physical semantics,60,60,0,120
same_pair_multi_pass_real_TLE,orbit_unit_ed7a185bcf098759983586ed,65686,,REAL_B,44714,same_tle_65686_20260310T131505Z_segment_2,2026-03-10T13:17:34.500000Z,315485957,2026-03-10T00:29:40.547616Z,2026-03-10T09:52:28Z,True,True,True,PRIMARY_CORE,True,,False,INCLUDE_ALL_R0_CORE_UNITS,"latest CREATION_DATE<=evaluation_time, then latest EPOCH, then GP_ID",preserve original real-B identity and frozen historical TLE physical semantics,60,60,0,120
same_pair_multi_pass_real_TLE,orbit_unit_edc9922fbb194474433e5fee,65409,,REAL_B,47749,same_tle_65409_20260310T064055Z_segment_3,2026-03-10T06:44:24.500000Z,315434187,2026-03-09T17:55:17.144544Z,2026-03-10T03:44:43Z,True,True,True,PRIMARY_CORE,True,,False,INCLUDE_ALL_R0_CORE_UNITS,"latest CREATION_DATE<=evaluation_time, then latest EPOCH, then GP_ID",preserve original real-B identity and frozen historical TLE physical semantics,60,60,0,120
same_pair_multi_pass_real_TLE,orbit_unit_f7da9ce4ede19438b11778f5,65409,,REAL_B,47383,same_tle_65409_20260312T054045Z_segment_2,2026-03-12T05:43:14.500000Z,315679331,2026-03-11T20:03:20.806272Z,2026-03-12T03:14:55Z,True,True,True,PRIMARY_CORE,True,,False,INCLUDE_ALL_R0_CORE_UNITS,"latest CREATION_DATE<=evaluation_time, then latest EPOCH, then GP_ID",preserve original real-B identity and frozen historical TLE physical semantics,60,60,0,120
same_pair_multi_pass_real_TLE,orbit_unit_f9ebff79997a584e3a24f750,65686,,REAL_B,65421,same_tle_65686_20260312T152900Z_segment_3,2026-03-12T15:32:29.500000Z,315682814,2026-03-11T21:55:43.056192Z,2026-03-12T07:26:32Z,True,True,True,PRIMARY_CORE,True,,False,INCLUDE_ALL_R0_CORE_UNITS,"latest CREATION_DATE<=evaluation_time, then latest EPOCH, then GP_ID",preserve original real-B identity and frozen historical TLE physical semantics,60,60,0,120
segment_local_heatmap_and_direction_sensitivity,orbit_unit_00083ba4f539c11fd2eb129f,65421,STARLINK-35146,REAL_B,65410,65421_20260310T064222Z:segment:0.0:59.0,2026-03-10T06:42:51.500000Z,315434193,2026-03-09T17:56:44.636640Z,2026-03-10T03:44:43Z,True,True,True,PRIMARY_CORE,True,,False,INCLUDE_ALL_R0_CORE_UNITS,"latest CREATION_DATE<=evaluation_time, then latest EPOCH, then GP_ID",preserve original real-B identity and frozen historical TLE physical semantics,200,200,0,400
segment_local_heatmap_and_direction_sensitivity,orbit_unit_039db0a7b0f47fe671ce1da6,65410,STARLINK-35024,REAL_B,45230,65410_20260310T064012Z:segment:0.0:59.0,2026-03-10T06:40:41.500000Z,315434688,2026-03-09T16:20:35.643840Z,2026-03-10T03:44:43Z,True,True,True,PRIMARY_CORE,True,,False,INCLUDE_ALL_R0_CORE_UNITS,"latest CREATION_DATE<=evaluation_time, then latest EPOCH, then GP_ID",preserve original real-B identity and frozen historical TLE physical semantics,200,200,0,400
segment_local_heatmap_and_direction_sensitivity,orbit_unit_09052dc2d5b44caf00ce6959,65409,STARLINK-35022,REAL_B,65686,65409_20260310T064053Z:segment:0.0:59.0,2026-03-10T06:41:22.500000Z,315434187,2026-03-09T17:55:17.144544Z,2026-03-10T03:44:43Z,True,True,True,PRIMARY_CORE,True,,False,INCLUDE_ALL_R0_CORE_UNITS,"latest CREATION_DATE<=evaluation_time, then latest EPOCH, then GP_ID",preserve original real-B identity and frozen historical TLE physical semantics,200,200,0,400
segment_local_heatmap_and_direction_sensitivity,orbit_unit_0d54b366492d22eb4a2aaa94,65409,STARLINK-35022,REAL_B,47383,65409_20260310T064053Z:segment:0.0:59.0,2026-03-10T06:41:22.500000Z,315434187,2026-03-09T17:55:17.144544Z,2026-03-10T03:44:43Z,True,True,True,PRIMARY_CORE,True,,False,INCLUDE_ALL_R0_CORE_UNITS,"latest CREATION_DATE<=evaluation_time, then latest EPOCH, then GP_ID",preserve original real-B identity and frozen historical TLE physical semantics,200,200,0,400
segment_local_heatmap_and_direction_sensitivity,orbit_unit_162cee6dc4496501293ebaf6,44714,STARLINK-1008,SYNTHETIC_RELATIVE_TO_A,synthetic_same_plane_altitude_offset_-10,44714_20260310T023437Z:segment:0.0:59.0,2026-03-10T02:35:06.500000Z,315393241,2026-03-09T13:49:15.828096Z,2026-03-09T22:56:35Z,True,True,True,PRIMARY_CORE,True,,False,INCLUDE_ALL_R0_CORE_UNITS,"latest CREATION_DATE<=evaluation_time, then latest EPOCH, then GP_ID","Perturb(A_causal, frozen original factor/rule); do not preserve legacy absolute B state",100,100,0,200
segment_local_heatmap_and_direction_sensitivity,orbit_unit_1b373b67814be87a7fd42df0,44714,STARLINK-1008,REAL_B,47749,44714_20260310T023437Z:segment:0.0:59.0,2026-03-10T02:35:06.500000Z,315393241,2026-03-09T13:49:15.828096Z,2026-03-09T22:56:35Z,True,True,True,PRIMARY_CORE,True,,False,INCLUDE_ALL_R0_CORE_UNITS,"latest CREATION_DATE<=evaluation_time, then latest EPOCH, then GP_ID",preserve original real-B identity and frozen historical TLE physical semantics,200,200,0,400
segment_local_heatmap_and_direction_sensitivity,orbit_unit_1c03a510db3a61521739461c,65686,STARLINK-35137,SYNTHETIC_RELATIVE_TO_A,synthetic_same_plane_altitude_offset_-1,65686_20260310T131505Z:segment:0.0:59.0,2026-03-10T13:15:34.500000Z,315485957,2026-03-10T00:29:40.547616Z,2026-03-10T09:52:28Z,True,True,True,PRIMARY_CORE,True,,False,INCLUDE_ALL_R0_CORE_UNITS,"latest CREATION_DATE<=evaluation_time, then latest EPOCH, then GP_ID","Perturb(A_causal, frozen original factor/rule); do not preserve legacy absolute B state",100,100,0,200
segment_local_heatmap_and_direction_sensitivity,orbit_unit_1e157262f22b02d41b3c8b49,65410,STARLINK-35024,REAL_B,65421,65410_20260310T064012Z:segment:0.0:59.0,2026-03-10T06:40:41.500000Z,315434688,2026-03-09T16:20:35.643840Z,2026-03-10T03:44:43Z,True,True,True,PRIMARY_CORE,True,,False,INCLUDE_ALL_R0_CORE_UNITS,"latest CREATION_DATE<=evaluation_time, then latest EPOCH, then GP_ID",preserve original real-B identity and frozen historical TLE physical semantics,200,200,0,400
segment_local_heatmap_and_direction_sensitivity,orbit_unit_206a4059c719a31d6970e75e,65421,STARLINK-35146,REAL_B,65411,65421_20260310T064222Z:segment:0.0:59.0,2026-03-10T06:42:51.500000Z,315434193,2026-03-09T17:56:44.636640Z,2026-03-10T03:44:43Z,True,True,True,PRIMARY_CORE,True,,False,INCLUDE_ALL_R0_CORE_UNITS,"latest CREATION_DATE<=evaluation_time, then latest EPOCH, then GP_ID",preserve original real-B identity and frozen historical TLE physical semantics,200,200,0,400
segment_local_heatmap_and_direction_sensitivity,orbit_unit_239d32e6ed93ab3d8bf26832,44714,STARLINK-1008,SYNTHETIC_RELATIVE_TO_A,synthetic_same_plane_phase_offset_60,44714_20260310T023437Z:segment:0.0:59.0,2026-03-10T02:35:06.500000Z,315393241,2026-03-09T13:49:15.828096Z,2026-03-09T22:56:35Z,True,True,True,PRIMARY_CORE,True,,False,INCLUDE_ALL_R0_CORE_UNITS,"latest CREATION_DATE<=evaluation_time, then latest EPOCH, then GP_ID","Perturb(A_causal, frozen original factor/rule); do not preserve legacy absolute B state",100,100,0,200
segment_local_heatmap_and_direction_sensitivity,orbit_unit_30a930356434a24357ba0018,65409,STARLINK-35022,SYNTHETIC_RELATIVE_TO_A,synthetic_inclination_offset_0.05,65409_20260310T064053Z:segment:0.0:59.0,2026-03-10T06:41:22.500000Z,315434187,2026-03-09T17:55:17.144544Z,2026-03-10T03:44:43Z,True,True,True,PRIMARY_CORE,True,,False,INCLUDE_ALL_R0_CORE_UNITS,"latest CREATION_DATE<=evaluation_time, then latest EPOCH, then GP_ID","Perturb(A_causal, frozen original factor/rule); do not preserve legacy absolute B state",100,100,0,200
segment_local_heatmap_and_direction_sensitivity,orbit_unit_3f733466eafcd55390d94b87,44714,STARLINK-1008,SYNTHETIC_RELATIVE_TO_A,synthetic_same_plane_altitude_offset_-2,44714_20260310T023437Z:segment:0.0:59.0,2026-03-10T02:35:06.500000Z,315393241,2026-03-09T13:49:15.828096Z,2026-03-09T22:56:35Z,True,True,True,PRIMARY_CORE,True,,False,INCLUDE_ALL_R0_CORE_UNITS,"latest CREATION_DATE<=evaluation_time, then latest EPOCH, then GP_ID","Perturb(A_causal, frozen original factor/rule); do not preserve legacy absolute B state",100,100,0,200
segment_local_heatmap_and_direction_sensitivity,orbit_unit_4695716f1da0a7700724a60d,44714,STARLINK-1008,SYNTHETIC_RELATIVE_TO_A,synthetic_same_plane_altitude_offset_10,44714_20260310T023437Z:segment:0.0:59.0,2026-03-10T02:35:06.500000Z,315393241,2026-03-09T13:49:15.828096Z,2026-03-09T22:56:35Z,True,True,True,PRIMARY_CORE,True,,False,INCLUDE_ALL_R0_CORE_UNITS,"latest CREATION_DATE<=evaluation_time, then latest EPOCH, then GP_ID","Perturb(A_causal, frozen original factor/rule); do not preserve legacy absolute B state",100,100,0,200
segment_local_heatmap_and_direction_sensitivity,orbit_unit_52c84639e4263a6e03ea2932,65409,STARLINK-35022,SYNTHETIC_RELATIVE_TO_A,synthetic_same_plane_altitude_offset_-1,65409_20260310T064053Z:segment:0.0:59.0,2026-03-10T06:41:22.500000Z,315434187,2026-03-09T17:55:17.144544Z,2026-03-10T03:44:43Z,True,True,True,PRIMARY_CORE,True,,False,INCLUDE_ALL_R0_CORE_UNITS,"latest CREATION_DATE<=evaluation_time, then latest EPOCH, then GP_ID","Perturb(A_causal, frozen original factor/rule); do not preserve legacy absolute B state",100,100,0,200
segment_local_heatmap_and_direction_sensitivity,orbit_unit_5688e91c8302b1c99c8991f2,44714,STARLINK-1008,REAL_B,65421,44714_20260310T023437Z:segment:0.0:59.0,2026-03-10T02:35:06.500000Z,315393241,2026-03-09T13:49:15.828096Z,2026-03-09T22:56:35Z,True,True,True,PRIMARY_CORE,True,,False,INCLUDE_ALL_R0_CORE_UNITS,"latest CREATION_DATE<=evaluation_time, then latest EPOCH, then GP_ID",preserve original real-B identity and frozen historical TLE physical semantics,200,200,0,400
segment_local_heatmap_and_direction_sensitivity,orbit_unit_59e9d654131370a8bf955a80,65421,STARLINK-35146,SYNTHETIC_RELATIVE_TO_A,synthetic_same_plane_altitude_offset_-1,65421_20260310T064222Z:segment:0.0:59.0,2026-03-10T06:42:51.500000Z,315434193,2026-03-09T17:56:44.636640Z,2026-03-10T03:44:43Z,True,True,True,PRIMARY_CORE,True,,False,INCLUDE_ALL_R0_CORE_UNITS,"latest CREATION_DATE<=evaluation_time, then latest EPOCH, then GP_ID","Perturb(A_causal, frozen original factor/rule); do not preserve legacy absolute B state",100,100,0,200
segment_local_heatmap_and_direction_sensitivity,orbit_unit_6a9531995b67c2963c9426b6,65409,STARLINK-35022,REAL_B,48309,65409_20260310T064053Z:segment:0.0:59.0,2026-03-10T06:41:22.500000Z,315434187,2026-03-09T17:55:17.144544Z,2026-03-10T03:44:43Z,True,True,True,PRIMARY_CORE,True,,False,INCLUDE_ALL_R0_CORE_UNITS,"latest CREATION_DATE<=evaluation_time, then latest EPOCH, then GP_ID",preserve original real-B identity and frozen historical TLE physical semantics,200,200,0,400
segment_local_heatmap_and_direction_sensitivity,orbit_unit_751b0eefa7a940247e443936,65686,STARLINK-35137,REAL_B,65410,65686_20260310T131505Z:segment:0.0:59.0,2026-03-10T13:15:34.500000Z,315485957,2026-03-10T00:29:40.547616Z,2026-03-10T09:52:28Z,True,True,True,PRIMARY_CORE,True,,False,INCLUDE_ALL_R0_CORE_UNITS,"latest CREATION_DATE<=evaluation_time, then latest EPOCH, then GP_ID",preserve original real-B identity and frozen historical TLE physical semantics,200,200,0,400
segment_local_heatmap_and_direction_sensitivity,orbit_unit_7abb89cd4a6ed0336244e190,65686,STARLINK-35137,REAL_B,65421,65686_20260310T131505Z:segment:0.0:59.0,2026-03-10T13:15:34.500000Z,315485957,2026-03-10T00:29:40.547616Z,2026-03-10T09:52:28Z,True,True,True,PRIMARY_CORE,True,,False,INCLUDE_ALL_R0_CORE_UNITS,"latest CREATION_DATE<=evaluation_time, then latest EPOCH, then GP_ID",preserve original real-B identity and frozen historical TLE physical semantics,200,200,0,400
segment_local_heatmap_and_direction_sensitivity,orbit_unit_8d45467e3c60a8d8865e75f5,44714,STARLINK-1008,SYNTHETIC_RELATIVE_TO_A,synthetic_inclination_offset_0.2,44714_20260310T023437Z:segment:0.0:59.0,2026-03-10T02:35:06.500000Z,315393241,2026-03-09T13:49:15.828096Z,2026-03-09T22:56:35Z,True,True,True,PRIMARY_CORE,True,,False,INCLUDE_ALL_R0_CORE_UNITS,"latest CREATION_DATE<=evaluation_time, then latest EPOCH, then GP_ID","Perturb(A_causal, frozen original factor/rule); do not preserve legacy absolute B state",100,100,0,200
segment_local_heatmap_and_direction_sensitivity,orbit_unit_8efe2ae5533bdc3630ec1c81,65686,STARLINK-35137,REAL_B,47749,65686_20260310T131505Z:segment:0.0:59.0,2026-03-10T13:15:34.500000Z,315485957,2026-03-10T00:29:40.547616Z,2026-03-10T09:52:28Z,True,True,True,PRIMARY_CORE,True,,False,INCLUDE_ALL_R0_CORE_UNITS,"latest CREATION_DATE<=evaluation_time, then latest EPOCH, then GP_ID",preserve original real-B identity and frozen historical TLE physical semantics,200,200,0,400
segment_local_heatmap_and_direction_sensitivity,orbit_unit_931c23f3cb9115dcb3bc09bb,65410,STARLINK-35024,REAL_B,65686,65410_20260310T064012Z:segment:0.0:59.0,2026-03-10T06:40:41.500000Z,315434688,2026-03-09T16:20:35.643840Z,2026-03-10T03:44:43Z,True,True,True,PRIMARY_CORE,True,,False,INCLUDE_ALL_R0_CORE_UNITS,"latest CREATION_DATE<=evaluation_time, then latest EPOCH, then GP_ID",preserve original real-B identity and frozen historical TLE physical semantics,200,200,0,400
segment_local_heatmap_and_direction_sensitivity,orbit_unit_984c28b86ed7c916eca821d0,65421,STARLINK-35146,REAL_B,44714,65421_20260310T064222Z:segment:0.0:59.0,2026-03-10T06:42:51.500000Z,315434193,2026-03-09T17:56:44.636640Z,2026-03-10T03:44:43Z,True,True,True,PRIMARY_CORE,True,,False,INCLUDE_ALL_R0_CORE_UNITS,"latest CREATION_DATE<=evaluation_time, then latest EPOCH, then GP_ID",preserve original real-B identity and frozen historical TLE physical semantics,200,200,0,400
segment_local_heatmap_and_direction_sensitivity,orbit_unit_9da6b606e814d633c5875acd,44714,STARLINK-1008,REAL_B,65686,44714_20260310T023437Z:segment:0.0:59.0,2026-03-10T02:35:06.500000Z,315393241,2026-03-09T13:49:15.828096Z,2026-03-09T22:56:35Z,True,True,True,PRIMARY_CORE,True,,False,INCLUDE_ALL_R0_CORE_UNITS,"latest CREATION_DATE<=evaluation_time, then latest EPOCH, then GP_ID",preserve original real-B identity and frozen historical TLE physical semantics,200,200,0,400
segment_local_heatmap_and_direction_sensitivity,orbit_unit_a1862b3f717d9758a530bf7c,44714,STARLINK-1008,SYNTHETIC_RELATIVE_TO_A,synthetic_same_plane_phase_offset_-60,44714_20260310T023437Z:segment:0.0:59.0,2026-03-10T02:35:06.500000Z,315393241,2026-03-09T13:49:15.828096Z,2026-03-09T22:56:35Z,True,True,True,PRIMARY_CORE,True,,False,INCLUDE_ALL_R0_CORE_UNITS,"latest CREATION_DATE<=evaluation_time, then latest EPOCH, then GP_ID","Perturb(A_causal, frozen original factor/rule); do not preserve legacy absolute B state",100,100,0,200
segment_local_heatmap_and_direction_sensitivity,orbit_unit_b307e4bc84bf69b4632f7cac,44714,STARLINK-1008,SYNTHETIC_RELATIVE_TO_A,synthetic_inclination_offset_-0.2,44714_20260310T023437Z:segment:0.0:59.0,2026-03-10T02:35:06.500000Z,315393241,2026-03-09T13:49:15.828096Z,2026-03-09T22:56:35Z,True,True,True,PRIMARY_CORE,True,,False,INCLUDE_ALL_R0_CORE_UNITS,"latest CREATION_DATE<=evaluation_time, then latest EPOCH, then GP_ID","Perturb(A_causal, frozen original factor/rule); do not preserve legacy absolute B state",100,100,0,200
segment_local_heatmap_and_direction_sensitivity,orbit_unit_c541e7c0bc7b1009ab3c85d8,44714,STARLINK-1008,SYNTHETIC_RELATIVE_TO_A,synthetic_same_plane_altitude_offset_-1,44714_20260310T023437Z:segment:0.0:59.0,2026-03-10T02:35:06.500000Z,315393241,2026-03-09T13:49:15.828096Z,2026-03-09T22:56:35Z,True,True,True,PRIMARY_CORE,True,,False,INCLUDE_ALL_R0_CORE_UNITS,"latest CREATION_DATE<=evaluation_time, then latest EPOCH, then GP_ID","Perturb(A_causal, frozen original factor/rule); do not preserve legacy absolute B state",100,100,0,200
segment_local_heatmap_and_direction_sensitivity,orbit_unit_cbd52cc0053eb9f66ad0abbf,44714,STARLINK-1008,REAL_B,65410,44714_20260310T023437Z:segment:0.0:59.0,2026-03-10T02:35:06.500000Z,315393241,2026-03-09T13:49:15.828096Z,2026-03-09T22:56:35Z,True,True,True,PRIMARY_CORE,True,,False,INCLUDE_ALL_R0_CORE_UNITS,"latest CREATION_DATE<=evaluation_time, then latest EPOCH, then GP_ID",preserve original real-B identity and frozen historical TLE physical semantics,200,200,0,400
segment_local_heatmap_and_direction_sensitivity,orbit_unit_d70706124708d0800d467de5,65410,STARLINK-35024,REAL_B,47749,65410_20260310T064012Z:segment:0.0:59.0,2026-03-10T06:40:41.500000Z,315434688,2026-03-09T16:20:35.643840Z,2026-03-10T03:44:43Z,True,True,True,PRIMARY_CORE,True,,False,INCLUDE_ALL_R0_CORE_UNITS,"latest CREATION_DATE<=evaluation_time, then latest EPOCH, then GP_ID",preserve original real-B identity and frozen historical TLE physical semantics,200,200,0,400
segment_local_heatmap_and_direction_sensitivity,orbit_unit_e78e86fa148232911fd635b0,65409,STARLINK-35022,REAL_B,65411,65409_20260310T064053Z:segment:0.0:59.0,2026-03-10T06:41:22.500000Z,315434187,2026-03-09T17:55:17.144544Z,2026-03-10T03:44:43Z,True,True,True,PRIMARY_CORE,True,,False,INCLUDE_ALL_R0_CORE_UNITS,"latest CREATION_DATE<=evaluation_time, then latest EPOCH, then GP_ID",preserve original real-B identity and frozen historical TLE physical semantics,200,200,0,400
segment_local_heatmap_and_direction_sensitivity,orbit_unit_e88e0236957454d7fd514c50,65410,STARLINK-35024,REAL_B,65411,65410_20260310T064012Z:segment:0.0:59.0,2026-03-10T06:40:41.500000Z,315434688,2026-03-09T16:20:35.643840Z,2026-03-10T03:44:43Z,True,True,True,PRIMARY_CORE,True,,False,INCLUDE_ALL_R0_CORE_UNITS,"latest CREATION_DATE<=evaluation_time, then latest EPOCH, then GP_ID",preserve original real-B identity and frozen historical TLE physical semantics,200,200,0,400
segment_local_heatmap_and_direction_sensitivity,orbit_unit_e8ef71ef04007ad514938c2e,65686,STARLINK-35137,REAL_B,44714,65686_20260310T131505Z:segment:0.0:59.0,2026-03-10T13:15:34.500000Z,315485957,2026-03-10T00:29:40.547616Z,2026-03-10T09:52:28Z,True,True,True,PRIMARY_CORE,True,,False,INCLUDE_ALL_R0_CORE_UNITS,"latest CREATION_DATE<=evaluation_time, then latest EPOCH, then GP_ID",preserve original real-B identity and frozen historical TLE physical semantics,200,200,0,400
segment_local_heatmap_and_direction_sensitivity,orbit_unit_ebdb3d51bcde8a467940cc71,65409,STARLINK-35022,REAL_B,47749,65409_20260310T064053Z:segment:0.0:59.0,2026-03-10T06:41:22.500000Z,315434187,2026-03-09T17:55:17.144544Z,2026-03-10T03:44:43Z,True,True,True,PRIMARY_CORE,True,,False,INCLUDE_ALL_R0_CORE_UNITS,"latest CREATION_DATE<=evaluation_time, then latest EPOCH, then GP_ID",preserve original real-B identity and frozen historical TLE physical semantics,200,200,0,400
segment_local_heatmap_and_direction_sensitivity,orbit_unit_ed62a656ff5819b2c12f5eb6,65421,STARLINK-35146,REAL_B,47749,65421_20260310T064222Z:segment:0.0:59.0,2026-03-10T06:42:51.500000Z,315434193,2026-03-09T17:56:44.636640Z,2026-03-10T03:44:43Z,True,True,True,PRIMARY_CORE,True,,False,INCLUDE_ALL_R0_CORE_UNITS,"latest CREATION_DATE<=evaluation_time, then latest EPOCH, then GP_ID",preserve original real-B identity and frozen historical TLE physical semantics,200,200,0,400
segment_local_heatmap_and_direction_sensitivity,orbit_unit_f5f814b3690a7369740f43ab,65686,STARLINK-35137,REAL_B,65409,65686_20260310T131505Z:segment:0.0:59.0,2026-03-10T13:15:34.500000Z,315485957,2026-03-10T00:29:40.547616Z,2026-03-10T09:52:28Z,True,True,True,PRIMARY_CORE,True,,False,INCLUDE_ALL_R0_CORE_UNITS,"latest CREATION_DATE<=evaluation_time, then latest EPOCH, then GP_ID",preserve original real-B identity and frozen historical TLE physical semantics,200,200,0,400
segment_local_heatmap_and_direction_sensitivity,orbit_unit_f6233a57fa037b3e866e6bc7,44714,STARLINK-1008,REAL_B,65409,44714_20260310T023437Z:segment:0.0:59.0,2026-03-10T02:35:06.500000Z,315393241,2026-03-09T13:49:15.828096Z,2026-03-09T22:56:35Z,True,True,True,PRIMARY_CORE,True,,False,INCLUDE_ALL_R0_CORE_UNITS,"latest CREATION_DATE<=evaluation_time, then latest EPOCH, then GP_ID",preserve original real-B identity and frozen historical TLE physical semantics,200,200,0,400
segment_local_heatmap_and_direction_sensitivity,orbit_unit_f6998bc7a2d72b5c8c91108f,65421,STARLINK-35146,REAL_B,65686,65421_20260310T064222Z:segment:0.0:59.0,2026-03-10T06:42:51.500000Z,315434193,2026-03-09T17:56:44.636640Z,2026-03-10T03:44:43Z,True,True,True,PRIMARY_CORE,True,,False,INCLUDE_ALL_R0_CORE_UNITS,"latest CREATION_DATE<=evaluation_time, then latest EPOCH, then GP_ID",preserve original real-B identity and frozen historical TLE physical semantics,200,200,0,400
