analysis_split,freshness_bin,geometry_dimension,geometry_level,metric,n,median,p90
EXPLORATORY_APRIL_MAY,0-6 h,elevation_bin,10-20,raw_rms_hz,36,208.17479455579263,561.5027624772127
EXPLORATORY_APRIL_MAY,0-6 h,elevation_bin,10-20,score_orbit_hz,36,1.4545270971082604,3.725781729261777
EXPLORATORY_APRIL_MAY,0-6 h,elevation_bin,10-20,abs_delta_k_orbit_hz_per_s,36,1.067728649252373,3.6356896934025142
EXPLORATORY_APRIL_MAY,0-6 h,elevation_bin,20-40,raw_rms_hz,146,105.00229568728196,374.8510748556259
EXPLORATORY_APRIL_MAY,0-6 h,elevation_bin,20-40,score_orbit_hz,146,5.687838262493526,15.787537793542718
EXPLORATORY_APRIL_MAY,0-6 h,elevation_bin,20-40,abs_delta_k_orbit_hz_per_s,146,1.6572470108710045,4.622214017300177
EXPLORATORY_APRIL_MAY,0-6 h,elevation_bin,40-60,raw_rms_hz,6,663.0048391144983,
EXPLORATORY_APRIL_MAY,0-6 h,elevation_bin,40-60,score_orbit_hz,6,33.286353006286404,
EXPLORATORY_APRIL_MAY,0-6 h,elevation_bin,40-60,abs_delta_k_orbit_hz_per_s,6,0.9324717401638666,
EXPLORATORY_APRIL_MAY,0-6 h,elevation_bin,60-90,raw_rms_hz,51,582.3902587713523,1432.4073517274426
EXPLORATORY_APRIL_MAY,0-6 h,elevation_bin,60-90,score_orbit_hz,51,45.80100190065832,110.2722827386362
EXPLORATORY_APRIL_MAY,0-6 h,elevation_bin,60-90,abs_delta_k_orbit_hz_per_s,51,1.2086320057046411,2.7261801204752034
EXPLORATORY_APRIL_MAY,12-18 h,elevation_bin,10-20,raw_rms_hz,38,552.8135177519343,1259.1728988966506
EXPLORATORY_APRIL_MAY,12-18 h,elevation_bin,10-20,score_orbit_hz,38,3.6539229258731436,9.57054878362034
EXPLORATORY_APRIL_MAY,12-18 h,elevation_bin,10-20,abs_delta_k_orbit_hz_per_s,38,0.7089652393306773,5.591570232125079
EXPLORATORY_APRIL_MAY,12-18 h,elevation_bin,20-40,raw_rms_hz,146,459.54087725100584,1520.8593391629379
EXPLORATORY_APRIL_MAY,12-18 h,elevation_bin,20-40,score_orbit_hz,146,19.724646751356744,52.13658671117197
EXPLORATORY_APRIL_MAY,12-18 h,elevation_bin,20-40,abs_delta_k_orbit_hz_per_s,146,6.21109789863962,16.554552299796065
EXPLORATORY_APRIL_MAY,12-18 h,elevation_bin,40-60,raw_rms_hz,10,1144.7705333091885,2631.9630919238793
EXPLORATORY_APRIL_MAY,12-18 h,elevation_bin,40-60,score_orbit_hz,10,66.15821090470482,162.25578163836389
EXPLORATORY_APRIL_MAY,12-18 h,elevation_bin,40-60,abs_delta_k_orbit_hz_per_s,10,0.548966020506441,1.0303909033458085
EXPLORATORY_APRIL_MAY,12-18 h,elevation_bin,60-90,raw_rms_hz,48,2005.443224403552,4664.870177654884
EXPLORATORY_APRIL_MAY,12-18 h,elevation_bin,60-90,score_orbit_hz,48,160.1297481668965,360.0143207006002
EXPLORATORY_APRIL_MAY,12-18 h,elevation_bin,60-90,abs_delta_k_orbit_hz_per_s,48,1.216953735966839,3.452292406060979
EXPLORATORY_APRIL_MAY,18-24 h,elevation_bin,10-20,raw_rms_hz,101,1093.9970526609202,3156.639697095822
EXPLORATORY_APRIL_MAY,18-24 h,elevation_bin,10-20,score_orbit_hz,101,5.015502488368519,20.156726934171992
EXPLORATORY_APRIL_MAY,18-24 h,elevation_bin,10-20,abs_delta_k_orbit_hz_per_s,101,4.444853802624992,14.83566625767572
EXPLORATORY_APRIL_MAY,18-24 h,elevation_bin,20-40,raw_rms_hz,110,923.6875988016081,2557.2233485459337
EXPLORATORY_APRIL_MAY,18-24 h,elevation_bin,20-40,score_orbit_hz,110,37.54068638810432,93.55617821135381
EXPLORATORY_APRIL_MAY,18-24 h,elevation_bin,20-40,abs_delta_k_orbit_hz_per_s,110,9.73558873232555,27.781270237584287
EXPLORATORY_APRIL_MAY,18-24 h,elevation_bin,40-60,raw_rms_hz,4,1892.1463540513469,
EXPLORATORY_APRIL_MAY,18-24 h,elevation_bin,40-60,score_orbit_hz,4,109.01533427246184,
EXPLORATORY_APRIL_MAY,18-24 h,elevation_bin,40-60,abs_delta_k_orbit_hz_per_s,4,1.024237640467601,
EXPLORATORY_APRIL_MAY,18-24 h,elevation_bin,60-90,raw_rms_hz,24,5663.62872925247,8680.981005951406
EXPLORATORY_APRIL_MAY,18-24 h,elevation_bin,60-90,score_orbit_hz,24,466.51228167275406,671.5703500267849
EXPLORATORY_APRIL_MAY,18-24 h,elevation_bin,60-90,abs_delta_k_orbit_hz_per_s,24,4.606376296991013,9.20648737702149
EXPLORATORY_APRIL_MAY,24-36 h,elevation_bin,10-20,raw_rms_hz,77,2117.4317540813945,3514.0037857792395
EXPLORATORY_APRIL_MAY,24-36 h,elevation_bin,10-20,score_orbit_hz,77,11.032440756864684,28.661471557583223
EXPLORATORY_APRIL_MAY,24-36 h,elevation_bin,10-20,abs_delta_k_orbit_hz_per_s,77,3.738087615886107,20.435264589459994
EXPLORATORY_APRIL_MAY,24-36 h,elevation_bin,20-40,raw_rms_hz,84,924.1571934976006,3255.159017815332
EXPLORATORY_APRIL_MAY,24-36 h,elevation_bin,20-40,score_orbit_hz,84,38.82308009550955,114.81401474185854
EXPLORATORY_APRIL_MAY,24-36 h,elevation_bin,20-40,abs_delta_k_orbit_hz_per_s,84,10.376593915575214,40.06713731578141
EXPLORATORY_APRIL_MAY,24-36 h,elevation_bin,40-60,raw_rms_hz,12,5417.090055914388,6762.794937956935
EXPLORATORY_APRIL_MAY,24-36 h,elevation_bin,40-60,score_orbit_hz,12,282.6216893972887,373.34056864032743
EXPLORATORY_APRIL_MAY,24-36 h,elevation_bin,40-60,abs_delta_k_orbit_hz_per_s,12,1.6134778910878476,4.4205602318064265
EXPLORATORY_APRIL_MAY,24-36 h,elevation_bin,60-90,raw_rms_hz,13,3270.043391725103,13481.553483002044
EXPLORATORY_APRIL_MAY,24-36 h,elevation_bin,60-90,score_orbit_hz,13,279.233823672456,1076.747355355446
EXPLORATORY_APRIL_MAY,24-36 h,elevation_bin,60-90,abs_delta_k_orbit_hz_per_s,13,2.9018293104368458,12.12100013307262
EXPLORATORY_APRIL_MAY,6-9 h,elevation_bin,10-20,raw_rms_hz,33,440.07608493273614,985.4860454717523
EXPLORATORY_APRIL_MAY,6-9 h,elevation_bin,10-20,score_orbit_hz,33,1.6869903891961178,8.712014211539348
EXPLORATORY_APRIL_MAY,6-9 h,elevation_bin,10-20,abs_delta_k_orbit_hz_per_s,33,1.5758243039321298,6.2244219549694515
EXPLORATORY_APRIL_MAY,6-9 h,elevation_bin,20-40,raw_rms_hz,154,229.0687288475877,628.5524495830292
EXPLORATORY_APRIL_MAY,6-9 h,elevation_bin,20-40,score_orbit_hz,154,9.74314530244199,22.518668471670615
EXPLORATORY_APRIL_MAY,6-9 h,elevation_bin,20-40,abs_delta_k_orbit_hz_per_s,154,2.949445181079545,8.336585452293107
EXPLORATORY_APRIL_MAY,6-9 h,elevation_bin,40-60,raw_rms_hz,21,1434.18524621262,2063.161579923421
EXPLORATORY_APRIL_MAY,6-9 h,elevation_bin,40-60,score_orbit_hz,21,71.8174939220924,112.70291510713432
EXPLORATORY_APRIL_MAY,6-9 h,elevation_bin,40-60,abs_delta_k_orbit_hz_per_s,21,1.000095113555571,2.455045302061731
EXPLORATORY_APRIL_MAY,6-9 h,elevation_bin,60-90,raw_rms_hz,32,836.1286233599171,1801.5960793130837
EXPLORATORY_APRIL_MAY,6-9 h,elevation_bin,60-90,score_orbit_hz,32,67.04008850702684,141.5015250658362
EXPLORATORY_APRIL_MAY,6-9 h,elevation_bin,60-90,abs_delta_k_orbit_hz_per_s,32,1.343469892085261,3.468472262634165
EXPLORATORY_APRIL_MAY,9-12 h,elevation_bin,10-20,raw_rms_hz,121,540.7612104379438,1461.138609981473
EXPLORATORY_APRIL_MAY,9-12 h,elevation_bin,10-20,score_orbit_hz,121,3.719857350666356,9.911410335348156
EXPLORATORY_APRIL_MAY,9-12 h,elevation_bin,10-20,abs_delta_k_orbit_hz_per_s,121,0.891196201088441,6.542708269721424
EXPLORATORY_APRIL_MAY,9-12 h,elevation_bin,20-40,raw_rms_hz,95,466.9096589296631,1285.7432574662175
EXPLORATORY_APRIL_MAY,9-12 h,elevation_bin,20-40,score_orbit_hz,95,18.25836837690179,48.52477051641198
EXPLORATORY_APRIL_MAY,9-12 h,elevation_bin,20-40,abs_delta_k_orbit_hz_per_s,95,4.750253876172193,11.565033669433927
EXPLORATORY_APRIL_MAY,9-12 h,elevation_bin,40-60,raw_rms_hz,8,1722.4936210212181,
EXPLORATORY_APRIL_MAY,9-12 h,elevation_bin,40-60,score_orbit_hz,8,84.70874603448561,
EXPLORATORY_APRIL_MAY,9-12 h,elevation_bin,40-60,abs_delta_k_orbit_hz_per_s,8,0.541448746252029,
EXPLORATORY_APRIL_MAY,9-12 h,elevation_bin,60-90,raw_rms_hz,16,2125.949100257212,3252.109943699798
EXPLORATORY_APRIL_MAY,9-12 h,elevation_bin,60-90,score_orbit_hz,16,187.96847208293855,241.25001816413354
EXPLORATORY_APRIL_MAY,9-12 h,elevation_bin,60-90,abs_delta_k_orbit_hz_per_s,16,0.948442232362938,3.733233754235182
EXPLORATORY_APRIL_MAY,0-6 h,phase_label,PEAK,raw_rms_hz,80,517.4753555334684,1190.045103276424
EXPLORATORY_APRIL_MAY,0-6 h,phase_label,PEAK,score_orbit_hz,80,26.224780426960407,84.12777865498042
EXPLORATORY_APRIL_MAY,0-6 h,phase_label,PEAK,abs_delta_k_orbit_hz_per_s,80,0.7718352666801399,2.5351583412347956
EXPLORATORY_APRIL_MAY,0-6 h,phase_label,RISING_25_PERCENT,raw_rms_hz,78,113.23402619528322,377.6159900550308
EXPLORATORY_APRIL_MAY,0-6 h,phase_label,RISING_25_PERCENT,score_orbit_hz,78,4.5204401816268955,13.828250802135157
EXPLORATORY_APRIL_MAY,0-6 h,phase_label,RISING_25_PERCENT,abs_delta_k_orbit_hz_per_s,78,1.8003206425025824,4.767405517392535
EXPLORATORY_APRIL_MAY,0-6 h,phase_label,SETTING_75_PERCENT,raw_rms_hz,81,126.94120646704832,390.2255666252844
EXPLORATORY_APRIL_MAY,0-6 h,phase_label,SETTING_75_PERCENT,score_orbit_hz,81,4.485263093431947,13.077041041038502
EXPLORATORY_APRIL_MAY,0-6 h,phase_label,SETTING_75_PERCENT,abs_delta_k_orbit_hz_per_s,81,1.7903069433114454,4.678319561361701
EXPLORATORY_APRIL_MAY,12-18 h,phase_label,PEAK,raw_rms_hz,80,1594.756587996758,4233.48746546275
EXPLORATORY_APRIL_MAY,12-18 h,phase_label,PEAK,score_orbit_hz,80,80.81922652726107,303.1700966487306
EXPLORATORY_APRIL_MAY,12-18 h,phase_label,PEAK,abs_delta_k_orbit_hz_per_s,80,0.8531086600942638,2.3813039480498888
EXPLORATORY_APRIL_MAY,12-18 h,phase_label,RISING_25_PERCENT,raw_rms_hz,82,452.2683942083073,1004.5732895463451
EXPLORATORY_APRIL_MAY,12-18 h,phase_label,RISING_25_PERCENT,score_orbit_hz,82,14.744040082205489,43.40158765192375
EXPLORATORY_APRIL_MAY,12-18 h,phase_label,RISING_25_PERCENT,abs_delta_k_orbit_hz_per_s,82,5.8572141693232265,16.02356084325339
EXPLORATORY_APRIL_MAY,12-18 h,phase_label,SETTING_75_PERCENT,raw_rms_hz,80,463.6562463973198,1151.1408339584125
EXPLORATORY_APRIL_MAY,12-18 h,phase_label,SETTING_75_PERCENT,score_orbit_hz,80,14.653357639490604,43.164877966669174
EXPLORATORY_APRIL_MAY,12-18 h,phase_label,SETTING_75_PERCENT,abs_delta_k_orbit_hz_per_s,80,5.768334018156558,15.786667316160418
EXPLORATORY_APRIL_MAY,18-24 h,phase_label,PEAK,raw_rms_hz,80,1919.15893820451,7650.878469832203
EXPLORATORY_APRIL_MAY,18-24 h,phase_label,PEAK,score_orbit_hz,80,43.006907152826784,583.5893946332218
EXPLORATORY_APRIL_MAY,18-24 h,phase_label,PEAK,abs_delta_k_orbit_hz_per_s,80,0.7130612732934174,7.396282197305724
EXPLORATORY_APRIL_MAY,18-24 h,phase_label,RISING_25_PERCENT,raw_rms_hz,80,904.0497815370748,2349.028556733126
EXPLORATORY_APRIL_MAY,18-24 h,phase_label,RISING_25_PERCENT,score_orbit_hz,80,10.648066681836823,72.50931167452453
EXPLORATORY_APRIL_MAY,18-24 h,phase_label,RISING_25_PERCENT,abs_delta_k_orbit_hz_per_s,80,9.353918554113381,26.10448441210405
EXPLORATORY_APRIL_MAY,18-24 h,phase_label,SETTING_75_PERCENT,raw_rms_hz,79,945.7059565152322,2447.956783688851
EXPLORATORY_APRIL_MAY,18-24 h,phase_label,SETTING_75_PERCENT,score_orbit_hz,79,12.41249250747499,76.262896961466
EXPLORATORY_APRIL_MAY,18-24 h,phase_label,SETTING_75_PERCENT,abs_delta_k_orbit_hz_per_s,79,9.55588536325553,27.798414108744396
EXPLORATORY_APRIL_MAY,24-36 h,phase_label,PEAK,raw_rms_hz,62,2368.9630644447843,7214.104672131841
EXPLORATORY_APRIL_MAY,24-36 h,phase_label,PEAK,score_orbit_hz,62,55.76407828649238,419.77931899790894
EXPLORATORY_APRIL_MAY,24-36 h,phase_label,PEAK,abs_delta_k_orbit_hz_per_s,62,0.8008495900190933,4.586360350658759
EXPLORATORY_APRIL_MAY,24-36 h,phase_label,RISING_25_PERCENT,raw_rms_hz,62,1137.2634509060572,2893.9643738803625
EXPLORATORY_APRIL_MAY,24-36 h,phase_label,RISING_25_PERCENT,score_orbit_hz,62,15.592624174350828,82.83617589413115
EXPLORATORY_APRIL_MAY,24-36 h,phase_label,RISING_25_PERCENT,abs_delta_k_orbit_hz_per_s,62,9.334773511397405,32.563277906219156
EXPLORATORY_APRIL_MAY,24-36 h,phase_label,SETTING_75_PERCENT,raw_rms_hz,62,1105.0727138743146,2999.623589689391
EXPLORATORY_APRIL_MAY,24-36 h,phase_label,SETTING_75_PERCENT,score_orbit_hz,62,15.084860967049682,82.38445104999673
EXPLORATORY_APRIL_MAY,24-36 h,phase_label,SETTING_75_PERCENT,abs_delta_k_orbit_hz_per_s,62,9.397860094077506,33.417887201183134
EXPLORATORY_APRIL_MAY,6-9 h,phase_label,PEAK,raw_rms_hz,80,799.7281266995969,1814.176043451427
EXPLORATORY_APRIL_MAY,6-9 h,phase_label,PEAK,score_orbit_hz,80,38.89636486289612,114.090144688267
EXPLORATORY_APRIL_MAY,6-9 h,phase_label,PEAK,abs_delta_k_orbit_hz_per_s,80,0.7073150300903962,2.47188352050257
EXPLORATORY_APRIL_MAY,6-9 h,phase_label,RISING_25_PERCENT,raw_rms_hz,80,209.51781899712276,601.0461929431347
EXPLORATORY_APRIL_MAY,6-9 h,phase_label,RISING_25_PERCENT,score_orbit_hz,80,6.33056413304662,20.233940799869945
EXPLORATORY_APRIL_MAY,6-9 h,phase_label,RISING_25_PERCENT,abs_delta_k_orbit_hz_per_s,80,3.225251398989287,8.145312200956788
EXPLORATORY_APRIL_MAY,6-9 h,phase_label,SETTING_75_PERCENT,raw_rms_hz,80,235.83459692288898,632.5779464126508
EXPLORATORY_APRIL_MAY,6-9 h,phase_label,SETTING_75_PERCENT,score_orbit_hz,80,6.553673611833133,20.460338886250334
EXPLORATORY_APRIL_MAY,6-9 h,phase_label,SETTING_75_PERCENT,abs_delta_k_orbit_hz_per_s,80,3.564248275403812,8.388416757659272
EXPLORATORY_APRIL_MAY,9-12 h,phase_label,PEAK,raw_rms_hz,80,809.1782761722867,2838.7831741192504
EXPLORATORY_APRIL_MAY,9-12 h,phase_label,PEAK,score_orbit_hz,80,18.458610281651076,195.8080701218933
EXPLORATORY_APRIL_MAY,9-12 h,phase_label,PEAK,abs_delta_k_orbit_hz_per_s,80,0.3108572761196725,1.273057851725828
EXPLORATORY_APRIL_MAY,9-12 h,phase_label,RISING_25_PERCENT,raw_rms_hz,80,488.3226041454916,1258.5123682756016
EXPLORATORY_APRIL_MAY,9-12 h,phase_label,RISING_25_PERCENT,score_orbit_hz,80,5.17282357503851,29.057612776026083
EXPLORATORY_APRIL_MAY,9-12 h,phase_label,RISING_25_PERCENT,abs_delta_k_orbit_hz_per_s,80,3.5003870867724673,10.366336457279235
EXPLORATORY_APRIL_MAY,9-12 h,phase_label,SETTING_75_PERCENT,raw_rms_hz,80,453.3356823349029,1274.5739115190033
EXPLORATORY_APRIL_MAY,9-12 h,phase_label,SETTING_75_PERCENT,score_orbit_hz,80,5.607431013370805,28.80986518452492
EXPLORATORY_APRIL_MAY,9-12 h,phase_label,SETTING_75_PERCENT,abs_delta_k_orbit_hz_per_s,80,3.513437518740635,10.56387333334849
EXPLORATORY_APRIL_MAY,0-6 h,satellite_norad_id,44714,raw_rms_hz,12,191.4715044949893,484.08219112964935
EXPLORATORY_APRIL_MAY,0-6 h,satellite_norad_id,44714,score_orbit_hz,12,7.895037847529306,21.561762229961197
EXPLORATORY_APRIL_MAY,0-6 h,satellite_norad_id,44714,abs_delta_k_orbit_hz_per_s,12,1.0035863864743355,5.8593437543613875
EXPLORATORY_APRIL_MAY,0-6 h,satellite_norad_id,45230,raw_rms_hz,12,103.48945506051595,197.8192999465754
EXPLORATORY_APRIL_MAY,0-6 h,satellite_norad_id,45230,score_orbit_hz,12,2.3414621986301287,16.133291990564864
EXPLORATORY_APRIL_MAY,0-6 h,satellite_norad_id,45230,abs_delta_k_orbit_hz_per_s,12,0.6857298956416644,1.3518823325905083
EXPLORATORY_APRIL_MAY,0-6 h,satellite_norad_id,47383,raw_rms_hz,12,120.54409333985643,254.91877114672323
EXPLORATORY_APRIL_MAY,0-6 h,satellite_norad_id,47383,score_orbit_hz,12,2.4935589187654985,18.536583236663635
EXPLORATORY_APRIL_MAY,0-6 h,satellite_norad_id,47383,abs_delta_k_orbit_hz_per_s,12,0.8359953510641489,3.1042173497983248
EXPLORATORY_APRIL_MAY,0-6 h,satellite_norad_id,47749,raw_rms_hz,10,195.67720087015962,401.8453959946815
EXPLORATORY_APRIL_MAY,0-6 h,satellite_norad_id,47749,score_orbit_hz,10,4.901253569332598,41.566472734360154
EXPLORATORY_APRIL_MAY,0-6 h,satellite_norad_id,47749,abs_delta_k_orbit_hz_per_s,10,0.8548111528772838,1.4803958993485087
EXPLORATORY_APRIL_MAY,0-6 h,satellite_norad_id,47767,raw_rms_hz,12,154.57305216113113,363.8231838744193
EXPLORATORY_APRIL_MAY,0-6 h,satellite_norad_id,47767,score_orbit_hz,12,1.9158186602093303,7.9795912404385225
EXPLORATORY_APRIL_MAY,0-6 h,satellite_norad_id,47767,abs_delta_k_orbit_hz_per_s,12,0.9776396129069543,2.3431104939832457
EXPLORATORY_APRIL_MAY,0-6 h,satellite_norad_id,47844,raw_rms_hz,12,314.6408684973195,721.071233907558
EXPLORATORY_APRIL_MAY,0-6 h,satellite_norad_id,47844,score_orbit_hz,12,7.682939334013721,54.02816530974637
EXPLORATORY_APRIL_MAY,0-6 h,satellite_norad_id,47844,abs_delta_k_orbit_hz_per_s,12,2.0488356614982823,5.01588712325114
EXPLORATORY_APRIL_MAY,0-6 h,satellite_norad_id,48111,raw_rms_hz,12,176.45591865518244,559.9250787794919
EXPLORATORY_APRIL_MAY,0-6 h,satellite_norad_id,48111,score_orbit_hz,12,4.285980471147169,30.41772665148309
EXPLORATORY_APRIL_MAY,0-6 h,satellite_norad_id,48111,abs_delta_k_orbit_hz_per_s,12,1.3207993164950116,2.7970724230503556
EXPLORATORY_APRIL_MAY,0-6 h,satellite_norad_id,48309,raw_rms_hz,13,227.61497690785455,698.6299931504429
EXPLORATORY_APRIL_MAY,0-6 h,satellite_norad_id,48309,score_orbit_hz,13,7.8471312340102894,49.25707229937825
EXPLORATORY_APRIL_MAY,0-6 h,satellite_norad_id,48309,abs_delta_k_orbit_hz_per_s,13,1.515425543076522,4.297607822206401
EXPLORATORY_APRIL_MAY,0-6 h,satellite_norad_id,48458,raw_rms_hz,12,130.0384172507934,680.6407529033236
EXPLORATORY_APRIL_MAY,0-6 h,satellite_norad_id,48458,score_orbit_hz,12,6.852647897639011,21.127750565840373
EXPLORATORY_APRIL_MAY,0-6 h,satellite_norad_id,48458,abs_delta_k_orbit_hz_per_s,12,1.6803749228708966,3.87558345868309
EXPLORATORY_APRIL_MAY,0-6 h,satellite_norad_id,48672,raw_rms_hz,12,139.6165660985174,611.2499461282802
EXPLORATORY_APRIL_MAY,0-6 h,satellite_norad_id,48672,score_orbit_hz,12,6.597758246948546,48.673454926313056
EXPLORATORY_APRIL_MAY,0-6 h,satellite_norad_id,48672,abs_delta_k_orbit_hz_per_s,12,1.4025720060218398,5.282946487317829
EXPLORATORY_APRIL_MAY,0-6 h,satellite_norad_id,58380,raw_rms_hz,12,66.01398845328332,973.4182679606943
EXPLORATORY_APRIL_MAY,0-6 h,satellite_norad_id,58380,score_orbit_hz,12,6.654076129293968,76.98055006729768
EXPLORATORY_APRIL_MAY,0-6 h,satellite_norad_id,58380,abs_delta_k_orbit_hz_per_s,12,1.285444683173799,5.76651912482437
EXPLORATORY_APRIL_MAY,0-6 h,satellite_norad_id,60265,raw_rms_hz,12,280.1546224755758,578.5775496120434
EXPLORATORY_APRIL_MAY,0-6 h,satellite_norad_id,60265,score_orbit_hz,12,7.894150016061854,43.282470913000715
EXPLORATORY_APRIL_MAY,0-6 h,satellite_norad_id,60265,abs_delta_k_orbit_hz_per_s,12,2.334783233680908,3.0975948823740227
EXPLORATORY_APRIL_MAY,0-6 h,satellite_norad_id,65405,raw_rms_hz,12,320.4981564383736,662.0600749100598
EXPLORATORY_APRIL_MAY,0-6 h,satellite_norad_id,65405,score_orbit_hz,12,10.92663374421008,51.73411898739999
EXPLORATORY_APRIL_MAY,0-6 h,satellite_norad_id,65405,abs_delta_k_orbit_hz_per_s,12,2.176948376902194,5.5232334234801534
EXPLORATORY_APRIL_MAY,0-6 h,satellite_norad_id,65407,raw_rms_hz,12,162.1727675767774,636.6683475378043
EXPLORATORY_APRIL_MAY,0-6 h,satellite_norad_id,65407,score_orbit_hz,12,6.947088961035462,49.41018389712929
EXPLORATORY_APRIL_MAY,0-6 h,satellite_norad_id,65407,abs_delta_k_orbit_hz_per_s,12,1.6880665423566241,2.5585599232577336
EXPLORATORY_APRIL_MAY,0-6 h,satellite_norad_id,65409,raw_rms_hz,12,260.95724443841993,915.642934450464
EXPLORATORY_APRIL_MAY,0-6 h,satellite_norad_id,65409,score_orbit_hz,12,9.878666241878655,71.20845780267484
EXPLORATORY_APRIL_MAY,0-6 h,satellite_norad_id,65409,abs_delta_k_orbit_hz_per_s,12,2.8038991863547285,4.216973193081396
EXPLORATORY_APRIL_MAY,0-6 h,satellite_norad_id,65410,raw_rms_hz,12,552.3366243867413,1417.8813475041857
EXPLORATORY_APRIL_MAY,0-6 h,satellite_norad_id,65410,score_orbit_hz,12,11.028663111007948,72.36115951870157
EXPLORATORY_APRIL_MAY,0-6 h,satellite_norad_id,65410,abs_delta_k_orbit_hz_per_s,12,2.5246897357535207,22.297680449977513
EXPLORATORY_APRIL_MAY,0-6 h,satellite_norad_id,65411,raw_rms_hz,12,78.24419774936844,457.123414456734
EXPLORATORY_APRIL_MAY,0-6 h,satellite_norad_id,65411,score_orbit_hz,12,4.910103829193634,35.785897434992435
EXPLORATORY_APRIL_MAY,0-6 h,satellite_norad_id,65411,abs_delta_k_orbit_hz_per_s,12,0.991819700193683,4.406945753304309
EXPLORATORY_APRIL_MAY,0-6 h,satellite_norad_id,65421,raw_rms_hz,12,175.15164710522413,531.5146386071905
EXPLORATORY_APRIL_MAY,0-6 h,satellite_norad_id,65421,score_orbit_hz,12,11.823311830990246,40.51483977425103
EXPLORATORY_APRIL_MAY,0-6 h,satellite_norad_id,65421,abs_delta_k_orbit_hz_per_s,12,1.4534909560023515,6.768979374801341
EXPLORATORY_APRIL_MAY,0-6 h,satellite_norad_id,65686,raw_rms_hz,12,171.8171957820029,627.4051697836202
EXPLORATORY_APRIL_MAY,0-6 h,satellite_norad_id,65686,score_orbit_hz,12,6.7771107242922195,34.32985898903791
EXPLORATORY_APRIL_MAY,0-6 h,satellite_norad_id,65686,abs_delta_k_orbit_hz_per_s,12,2.091380823358288,3.71575347100535
EXPLORATORY_APRIL_MAY,0-6 h,satellite_norad_id,65693,raw_rms_hz,12,177.25417408055284,629.9205544030197
EXPLORATORY_APRIL_MAY,0-6 h,satellite_norad_id,65693,score_orbit_hz,12,8.346277596645983,30.56775691568314
EXPLORATORY_APRIL_MAY,0-6 h,satellite_norad_id,65693,abs_delta_k_orbit_hz_per_s,12,1.1355523487173778,3.110639857600318
EXPLORATORY_APRIL_MAY,12-18 h,satellite_norad_id,44714,raw_rms_hz,12,293.1219293909868,2585.0005892270938
EXPLORATORY_APRIL_MAY,12-18 h,satellite_norad_id,44714,score_orbit_hz,12,19.180286318675197,210.92051541222756
EXPLORATORY_APRIL_MAY,12-18 h,satellite_norad_id,44714,abs_delta_k_orbit_hz_per_s,12,0.739209572818781,11.012854888236193
EXPLORATORY_APRIL_MAY,12-18 h,satellite_norad_id,45230,raw_rms_hz,12,267.7181942899655,555.2582662885675
EXPLORATORY_APRIL_MAY,12-18 h,satellite_norad_id,45230,score_orbit_hz,12,3.9757078225648117,15.849460156565284
EXPLORATORY_APRIL_MAY,12-18 h,satellite_norad_id,45230,abs_delta_k_orbit_hz_per_s,12,0.6749987988040793,5.176086166297114
EXPLORATORY_APRIL_MAY,12-18 h,satellite_norad_id,47383,raw_rms_hz,12,201.0903188861517,875.8389728213506
EXPLORATORY_APRIL_MAY,12-18 h,satellite_norad_id,47383,score_orbit_hz,12,9.272412065672569,26.803244330239135
EXPLORATORY_APRIL_MAY,12-18 h,satellite_norad_id,47383,abs_delta_k_orbit_hz_per_s,12,1.645706412528698,5.234656574122179
EXPLORATORY_APRIL_MAY,12-18 h,satellite_norad_id,47749,raw_rms_hz,14,773.5295599645647,965.0081504133187
EXPLORATORY_APRIL_MAY,12-18 h,satellite_norad_id,47749,score_orbit_hz,14,8.248109549444102,63.59601665930218
EXPLORATORY_APRIL_MAY,12-18 h,satellite_norad_id,47749,abs_delta_k_orbit_hz_per_s,14,1.0544698836247428,14.82849031032803
EXPLORATORY_APRIL_MAY,12-18 h,satellite_norad_id,47767,raw_rms_hz,12,497.02248341047283,2218.9424350113677
EXPLORATORY_APRIL_MAY,12-18 h,satellite_norad_id,47767,score_orbit_hz,12,32.73753301353281,179.69909478605834
EXPLORATORY_APRIL_MAY,12-18 h,satellite_norad_id,47767,abs_delta_k_orbit_hz_per_s,12,5.336409296200179,9.837951174443017
EXPLORATORY_APRIL_MAY,12-18 h,satellite_norad_id,47844,raw_rms_hz,12,566.4916941589665,3284.956440957868
EXPLORATORY_APRIL_MAY,12-18 h,satellite_norad_id,47844,score_orbit_hz,12,33.642932327672256,256.29470424973414
EXPLORATORY_APRIL_MAY,12-18 h,satellite_norad_id,47844,abs_delta_k_orbit_hz_per_s,12,4.856207721010205,12.881201780713601
EXPLORATORY_APRIL_MAY,12-18 h,satellite_norad_id,48111,raw_rms_hz,12,90.37730195725536,915.9010608619915
EXPLORATORY_APRIL_MAY,12-18 h,satellite_norad_id,48111,score_orbit_hz,12,6.2498338732204,43.4667225128917
EXPLORATORY_APRIL_MAY,12-18 h,satellite_norad_id,48111,abs_delta_k_orbit_hz_per_s,12,0.34519973333269005,9.519861158172278
EXPLORATORY_APRIL_MAY,12-18 h,satellite_norad_id,48309,raw_rms_hz,12,516.2210622091898,911.8954169236731
EXPLORATORY_APRIL_MAY,12-18 h,satellite_norad_id,48309,score_orbit_hz,12,9.584965049450016,46.85870074646516
EXPLORATORY_APRIL_MAY,12-18 h,satellite_norad_id,48309,abs_delta_k_orbit_hz_per_s,12,3.1252377398111166,6.335391344940899
EXPLORATORY_APRIL_MAY,12-18 h,satellite_norad_id,48458,raw_rms_hz,12,356.27808191673853,1409.0633017558123
EXPLORATORY_APRIL_MAY,12-18 h,satellite_norad_id,48458,score_orbit_hz,12,15.228078286205076,62.962638852763845
EXPLORATORY_APRIL_MAY,12-18 h,satellite_norad_id,48458,abs_delta_k_orbit_hz_per_s,12,2.5165180433244085,7.971606797299525
EXPLORATORY_APRIL_MAY,12-18 h,satellite_norad_id,48672,raw_rms_hz,12,1348.8420479958859,5169.567729976329
EXPLORATORY_APRIL_MAY,12-18 h,satellite_norad_id,48672,score_orbit_hz,12,33.324822889344425,127.59659458885305
EXPLORATORY_APRIL_MAY,12-18 h,satellite_norad_id,48672,abs_delta_k_orbit_hz_per_s,12,5.846844745022733,31.877970273236265
EXPLORATORY_APRIL_MAY,12-18 h,satellite_norad_id,58380,raw_rms_hz,12,793.34176178598,1800.1937019853092
EXPLORATORY_APRIL_MAY,12-18 h,satellite_norad_id,58380,score_orbit_hz,12,19.23358578667296,143.68903748458652
EXPLORATORY_APRIL_MAY,12-18 h,satellite_norad_id,58380,abs_delta_k_orbit_hz_per_s,12,4.0680841078271595,10.721021121684242
EXPLORATORY_APRIL_MAY,12-18 h,satellite_norad_id,60265,raw_rms_hz,12,221.3816917913075,770.0326801834989
EXPLORATORY_APRIL_MAY,12-18 h,satellite_norad_id,60265,score_orbit_hz,12,9.900890817315261,57.443394954168355
EXPLORATORY_APRIL_MAY,12-18 h,satellite_norad_id,60265,abs_delta_k_orbit_hz_per_s,12,1.2111909262658687,4.043867661099409
EXPLORATORY_APRIL_MAY,12-18 h,satellite_norad_id,65405,raw_rms_hz,12,1133.9274916008128,3793.622446454661
EXPLORATORY_APRIL_MAY,12-18 h,satellite_norad_id,65405,score_orbit_hz,12,40.573238873692056,296.7032807830428
EXPLORATORY_APRIL_MAY,12-18 h,satellite_norad_id,65405,abs_delta_k_orbit_hz_per_s,12,10.145946993542882,16.51681925230466
EXPLORATORY_APRIL_MAY,12-18 h,satellite_norad_id,65407,raw_rms_hz,12,1821.005177928541,8817.781381160736
EXPLORATORY_APRIL_MAY,12-18 h,satellite_norad_id,65407,score_orbit_hz,12,98.35929681525707,685.0492123365993
EXPLORATORY_APRIL_MAY,12-18 h,satellite_norad_id,65407,abs_delta_k_orbit_hz_per_s,12,11.728646845593138,34.39281475129677
EXPLORATORY_APRIL_MAY,12-18 h,satellite_norad_id,65409,raw_rms_hz,12,722.030061670569,3285.688040597045
EXPLORATORY_APRIL_MAY,12-18 h,satellite_norad_id,65409,score_orbit_hz,12,41.84570626512885,253.2396467921238
EXPLORATORY_APRIL_MAY,12-18 h,satellite_norad_id,65409,abs_delta_k_orbit_hz_per_s,12,5.8677072378770845,14.342353737335376
EXPLORATORY_APRIL_MAY,12-18 h,satellite_norad_id,65410,raw_rms_hz,12,187.28346564489954,959.1250043545266
EXPLORATORY_APRIL_MAY,12-18 h,satellite_norad_id,65410,score_orbit_hz,12,10.769127565328947,75.73793642282017
EXPLORATORY_APRIL_MAY,12-18 h,satellite_norad_id,65410,abs_delta_k_orbit_hz_per_s,12,1.9787040743734519,3.365010835928997
EXPLORATORY_APRIL_MAY,12-18 h,satellite_norad_id,65411,raw_rms_hz,12,537.8726334427643,2368.019560653314
EXPLORATORY_APRIL_MAY,12-18 h,satellite_norad_id,65411,score_orbit_hz,12,28.383587902014966,135.11904894193256
EXPLORATORY_APRIL_MAY,12-18 h,satellite_norad_id,65411,abs_delta_k_orbit_hz_per_s,12,3.9236174160308295,10.980840195908492
EXPLORATORY_APRIL_MAY,12-18 h,satellite_norad_id,65421,raw_rms_hz,12,789.3081598451129,3329.180313903135
EXPLORATORY_APRIL_MAY,12-18 h,satellite_norad_id,65421,score_orbit_hz,12,42.852552357117744,252.1220066612943
EXPLORATORY_APRIL_MAY,12-18 h,satellite_norad_id,65421,abs_delta_k_orbit_hz_per_s,12,6.237657357321288,15.745398165038635
EXPLORATORY_APRIL_MAY,12-18 h,satellite_norad_id,65686,raw_rms_hz,12,1131.586963885362,4037.0293510596357
EXPLORATORY_APRIL_MAY,12-18 h,satellite_norad_id,65686,score_orbit_hz,12,44.495063152001734,292.6110025288541
EXPLORATORY_APRIL_MAY,12-18 h,satellite_norad_id,65686,abs_delta_k_orbit_hz_per_s,12,12.149523118158807,16.01785795260208
EXPLORATORY_APRIL_MAY,12-18 h,satellite_norad_id,65693,raw_rms_hz,12,1636.9910088577167,2884.103062408803
EXPLORATORY_APRIL_MAY,12-18 h,satellite_norad_id,65693,score_orbit_hz,12,25.367612594900827,170.77640493068148
EXPLORATORY_APRIL_MAY,12-18 h,satellite_norad_id,65693,abs_delta_k_orbit_hz_per_s,12,6.749688226265105,16.591012293847395
EXPLORATORY_APRIL_MAY,18-24 h,satellite_norad_id,44714,raw_rms_hz,12,425.8744872461955,1207.982176739206
EXPLORATORY_APRIL_MAY,18-24 h,satellite_norad_id,44714,score_orbit_hz,12,15.058543187196745,83.51315456738492
EXPLORATORY_APRIL_MAY,18-24 h,satellite_norad_id,44714,abs_delta_k_orbit_hz_per_s,12,3.3552600428895447,7.078115170336103
EXPLORATORY_APRIL_MAY,18-24 h,satellite_norad_id,45230,raw_rms_hz,12,430.164811566061,738.6982197745576
EXPLORATORY_APRIL_MAY,18-24 h,satellite_norad_id,45230,score_orbit_hz,12,1.6600704826663972,40.837553767146495
EXPLORATORY_APRIL_MAY,18-24 h,satellite_norad_id,45230,abs_delta_k_orbit_hz_per_s,12,1.4563043958481385,11.054325276611351
EXPLORATORY_APRIL_MAY,18-24 h,satellite_norad_id,47383,raw_rms_hz,12,952.2620603935982,2813.7697609697775
EXPLORATORY_APRIL_MAY,18-24 h,satellite_norad_id,47383,score_orbit_hz,12,9.739213064991585,40.557804746425326
EXPLORATORY_APRIL_MAY,18-24 h,satellite_norad_id,47383,abs_delta_k_orbit_hz_per_s,12,2.5312647401939823,18.053564417287838
EXPLORATORY_APRIL_MAY,18-24 h,satellite_norad_id,47749,raw_rms_hz,12,944.1137995315577,3778.9807211675225
EXPLORATORY_APRIL_MAY,18-24 h,satellite_norad_id,47749,score_orbit_hz,12,39.4740315095993,158.28545987773634
EXPLORATORY_APRIL_MAY,18-24 h,satellite_norad_id,47749,abs_delta_k_orbit_hz_per_s,12,5.223169657617944,25.019084933466036
EXPLORATORY_APRIL_MAY,18-24 h,satellite_norad_id,47767,raw_rms_hz,12,905.3880648195077,1644.030629282519
EXPLORATORY_APRIL_MAY,18-24 h,satellite_norad_id,47767,score_orbit_hz,12,22.312479887475064,55.710368865899085
EXPLORATORY_APRIL_MAY,18-24 h,satellite_norad_id,47767,abs_delta_k_orbit_hz_per_s,12,8.41813283417983,10.375510732790966
EXPLORATORY_APRIL_MAY,18-24 h,satellite_norad_id,47844,raw_rms_hz,12,153.2683137928454,591.105063516349
EXPLORATORY_APRIL_MAY,18-24 h,satellite_norad_id,47844,score_orbit_hz,12,5.275856986838369,19.85691643206092
EXPLORATORY_APRIL_MAY,18-24 h,satellite_norad_id,47844,abs_delta_k_orbit_hz_per_s,12,1.0397406615888174,3.810814973255242
EXPLORATORY_APRIL_MAY,18-24 h,satellite_norad_id,48111,raw_rms_hz,12,870.500267864324,1990.3231177405098
EXPLORATORY_APRIL_MAY,18-24 h,satellite_norad_id,48111,score_orbit_hz,12,8.541533308141485,34.110692719813024
EXPLORATORY_APRIL_MAY,18-24 h,satellite_norad_id,48111,abs_delta_k_orbit_hz_per_s,12,3.798801143985146,11.911272287192268
EXPLORATORY_APRIL_MAY,18-24 h,satellite_norad_id,48309,raw_rms_hz,11,1024.372129567576,1362.890080235981
EXPLORATORY_APRIL_MAY,18-24 h,satellite_norad_id,48309,score_orbit_hz,11,11.130776471425396,26.794410325884936
EXPLORATORY_APRIL_MAY,18-24 h,satellite_norad_id,48309,abs_delta_k_orbit_hz_per_s,11,4.444853802624992,10.173864342433829
EXPLORATORY_APRIL_MAY,18-24 h,satellite_norad_id,48458,raw_rms_hz,12,1797.74974531212,3304.3222782143066
EXPLORATORY_APRIL_MAY,18-24 h,satellite_norad_id,48458,score_orbit_hz,12,6.088514606544294,42.573116192313705
EXPLORATORY_APRIL_MAY,18-24 h,satellite_norad_id,48458,abs_delta_k_orbit_hz_per_s,12,5.628422155587025,18.91158855437225
EXPLORATORY_APRIL_MAY,18-24 h,satellite_norad_id,48672,raw_rms_hz,12,1058.3654433277993,3156.416013526999
EXPLORATORY_APRIL_MAY,18-24 h,satellite_norad_id,48672,score_orbit_hz,12,6.894873841058404,19.864723030740873
EXPLORATORY_APRIL_MAY,18-24 h,satellite_norad_id,48672,abs_delta_k_orbit_hz_per_s,12,3.019731611073302,13.789572531620971
EXPLORATORY_APRIL_MAY,18-24 h,satellite_norad_id,58380,raw_rms_hz,12,609.999035277525,1237.526383295558
EXPLORATORY_APRIL_MAY,18-24 h,satellite_norad_id,58380,score_orbit_hz,12,9.70077916279428,53.169393786514085
EXPLORATORY_APRIL_MAY,18-24 h,satellite_norad_id,58380,abs_delta_k_orbit_hz_per_s,12,1.8990784050484053,12.573260955286058
EXPLORATORY_APRIL_MAY,18-24 h,satellite_norad_id,60265,raw_rms_hz,12,991.6799828433814,4355.178722013069
EXPLORATORY_APRIL_MAY,18-24 h,satellite_norad_id,60265,score_orbit_hz,12,6.210909090800193,18.557298939190687
EXPLORATORY_APRIL_MAY,18-24 h,satellite_norad_id,60265,abs_delta_k_orbit_hz_per_s,12,4.5970321493385855,24.239270914068697
EXPLORATORY_APRIL_MAY,18-24 h,satellite_norad_id,65405,raw_rms_hz,12,1486.6215988913114,6752.90535103628
EXPLORATORY_APRIL_MAY,18-24 h,satellite_norad_id,65405,score_orbit_hz,12,72.18288794544362,540.5867914050036
EXPLORATORY_APRIL_MAY,18-24 h,satellite_norad_id,65405,abs_delta_k_orbit_hz_per_s,12,15.22004751677491,26.25426199357767
EXPLORATORY_APRIL_MAY,18-24 h,satellite_norad_id,65407,raw_rms_hz,12,1654.8188481699515,7288.156170654309
EXPLORATORY_APRIL_MAY,18-24 h,satellite_norad_id,65407,score_orbit_hz,12,45.60113753469037,210.96829866506363
EXPLORATORY_APRIL_MAY,18-24 h,satellite_norad_id,65407,abs_delta_k_orbit_hz_per_s,12,8.044345423256134,41.37779566603954
EXPLORATORY_APRIL_MAY,18-24 h,satellite_norad_id,65409,raw_rms_hz,12,1853.8667161020528,7336.652641251493
EXPLORATORY_APRIL_MAY,18-24 h,satellite_norad_id,65409,score_orbit_hz,12,79.25466021498897,588.8425242002285
EXPLORATORY_APRIL_MAY,18-24 h,satellite_norad_id,65409,abs_delta_k_orbit_hz_per_s,12,14.035060259780211,27.094483577813012
EXPLORATORY_APRIL_MAY,18-24 h,satellite_norad_id,65410,raw_rms_hz,12,1651.7316372159669,7010.738993019003
EXPLORATORY_APRIL_MAY,18-24 h,satellite_norad_id,65410,score_orbit_hz,12,79.1497592005442,562.6721867788315
EXPLORATORY_APRIL_MAY,18-24 h,satellite_norad_id,65410,abs_delta_k_orbit_hz_per_s,12,20.506789063877825,25.623388394315946
EXPLORATORY_APRIL_MAY,18-24 h,satellite_norad_id,65411,raw_rms_hz,12,1424.7700631017183,7676.6022389596565
EXPLORATORY_APRIL_MAY,18-24 h,satellite_norad_id,65411,score_orbit_hz,12,84.81628169035093,605.2008736036175
EXPLORATORY_APRIL_MAY,18-24 h,satellite_norad_id,65411,abs_delta_k_orbit_hz_per_s,12,11.608820324004604,30.195907644486706
EXPLORATORY_APRIL_MAY,18-24 h,satellite_norad_id,65421,raw_rms_hz,12,1176.9620505509004,4469.201661343646
EXPLORATORY_APRIL_MAY,18-24 h,satellite_norad_id,65421,score_orbit_hz,12,42.542670630194806,350.2352918951029
EXPLORATORY_APRIL_MAY,18-24 h,satellite_norad_id,65421,abs_delta_k_orbit_hz_per_s,12,9.395718754668014,18.110207338973627
EXPLORATORY_APRIL_MAY,18-24 h,satellite_norad_id,65686,raw_rms_hz,12,2504.4937397289386,4037.5470312541643
EXPLORATORY_APRIL_MAY,18-24 h,satellite_norad_id,65686,score_orbit_hz,12,18.520043801700492,109.716015568438
EXPLORATORY_APRIL_MAY,18-24 h,satellite_norad_id,65686,abs_delta_k_orbit_hz_per_s,12,10.39499385658236,31.392362416719788
EXPLORATORY_APRIL_MAY,18-24 h,satellite_norad_id,65693,raw_rms_hz,12,2477.3134368158526,5248.467347678971
EXPLORATORY_APRIL_MAY,18-24 h,satellite_norad_id,65693,score_orbit_hz,12,22.379256296902156,155.32039409658458
EXPLORATORY_APRIL_MAY,18-24 h,satellite_norad_id,65693,abs_delta_k_orbit_hz_per_s,12,5.868131439374405,34.93992557745521
EXPLORATORY_APRIL_MAY,24-36 h,satellite_norad_id,44714,raw_rms_hz,12,423.23691007669277,822.6512139652805
EXPLORATORY_APRIL_MAY,24-36 h,satellite_norad_id,44714,score_orbit_hz,12,5.214284095641955,21.243279591619938
EXPLORATORY_APRIL_MAY,24-36 h,satellite_norad_id,44714,abs_delta_k_orbit_hz_per_s,12,1.8062544117145356,7.560709178214479
EXPLORATORY_APRIL_MAY,24-36 h,satellite_norad_id,45230,raw_rms_hz,9,1447.5898642146117,
EXPLORATORY_APRIL_MAY,24-36 h,satellite_norad_id,45230,score_orbit_hz,9,17.142234425901005,
EXPLORATORY_APRIL_MAY,24-36 h,satellite_norad_id,45230,abs_delta_k_orbit_hz_per_s,9,2.7098609763941783,
EXPLORATORY_APRIL_MAY,24-36 h,satellite_norad_id,47383,raw_rms_hz,6,3809.823298408377,
EXPLORATORY_APRIL_MAY,24-36 h,satellite_norad_id,47383,score_orbit_hz,6,147.74668907001927,
EXPLORATORY_APRIL_MAY,24-36 h,satellite_norad_id,47383,abs_delta_k_orbit_hz_per_s,6,43.98652645279529,
EXPLORATORY_APRIL_MAY,24-36 h,satellite_norad_id,47749,raw_rms_hz,6,1086.1972337015634,
EXPLORATORY_APRIL_MAY,24-36 h,satellite_norad_id,47749,score_orbit_hz,6,38.05286914624533,
EXPLORATORY_APRIL_MAY,24-36 h,satellite_norad_id,47749,abs_delta_k_orbit_hz_per_s,6,9.535539928408042,
EXPLORATORY_APRIL_MAY,24-36 h,satellite_norad_id,47767,raw_rms_hz,9,858.9061994436847,
EXPLORATORY_APRIL_MAY,24-36 h,satellite_norad_id,47767,score_orbit_hz,9,13.294108883832608,
EXPLORATORY_APRIL_MAY,24-36 h,satellite_norad_id,47767,abs_delta_k_orbit_hz_per_s,9,1.3255726629183562,
EXPLORATORY_APRIL_MAY,24-36 h,satellite_norad_id,47844,raw_rms_hz,12,244.03399846284617,1762.7916796815098
EXPLORATORY_APRIL_MAY,24-36 h,satellite_norad_id,47844,score_orbit_hz,12,7.8387596801651505,14.112377229264325
EXPLORATORY_APRIL_MAY,24-36 h,satellite_norad_id,47844,abs_delta_k_orbit_hz_per_s,12,0.9023119020688987,3.321616852264568
EXPLORATORY_APRIL_MAY,24-36 h,satellite_norad_id,48111,raw_rms_hz,12,921.6692633679506,1328.8259067524389
EXPLORATORY_APRIL_MAY,24-36 h,satellite_norad_id,48111,score_orbit_hz,12,12.264646043890934,84.16147998996891
EXPLORATORY_APRIL_MAY,24-36 h,satellite_norad_id,48111,abs_delta_k_orbit_hz_per_s,12,3.5117356594878504,12.738541386522115
EXPLORATORY_APRIL_MAY,24-36 h,satellite_norad_id,48309,raw_rms_hz,6,77.80308437937605,
EXPLORATORY_APRIL_MAY,24-36 h,satellite_norad_id,48309,score_orbit_hz,6,1.2279128986163137,
EXPLORATORY_APRIL_MAY,24-36 h,satellite_norad_id,48309,abs_delta_k_orbit_hz_per_s,6,0.5164470579307717,
EXPLORATORY_APRIL_MAY,24-36 h,satellite_norad_id,48458,raw_rms_hz,12,408.51758618073995,1289.5664243471715
EXPLORATORY_APRIL_MAY,24-36 h,satellite_norad_id,48458,score_orbit_hz,12,16.36425538081855,85.60214659332311
EXPLORATORY_APRIL_MAY,24-36 h,satellite_norad_id,48458,abs_delta_k_orbit_hz_per_s,12,4.533753415757801,6.580892423774
EXPLORATORY_APRIL_MAY,24-36 h,satellite_norad_id,58380,raw_rms_hz,6,2197.6652556701583,
EXPLORATORY_APRIL_MAY,24-36 h,satellite_norad_id,58380,score_orbit_hz,6,40.67603783079469,
EXPLORATORY_APRIL_MAY,24-36 h,satellite_norad_id,58380,abs_delta_k_orbit_hz_per_s,6,4.960409398081441,
EXPLORATORY_APRIL_MAY,24-36 h,satellite_norad_id,60265,raw_rms_hz,12,15707.820347091578,171133.1568869989
EXPLORATORY_APRIL_MAY,24-36 h,satellite_norad_id,60265,score_orbit_hz,12,445.6047439611249,2525.5026789628496
EXPLORATORY_APRIL_MAY,24-36 h,satellite_norad_id,60265,abs_delta_k_orbit_hz_per_s,12,251.667276361164,2565.689970875373
EXPLORATORY_APRIL_MAY,24-36 h,satellite_norad_id,65405,raw_rms_hz,6,2696.070145507448,
EXPLORATORY_APRIL_MAY,24-36 h,satellite_norad_id,65405,score_orbit_hz,6,56.50364656714693,
EXPLORATORY_APRIL_MAY,24-36 h,satellite_norad_id,65405,abs_delta_k_orbit_hz_per_s,6,9.881892756064191,
EXPLORATORY_APRIL_MAY,24-36 h,satellite_norad_id,65407,raw_rms_hz,9,1890.083755253824,
EXPLORATORY_APRIL_MAY,24-36 h,satellite_norad_id,65407,score_orbit_hz,9,19.30735196097709,
EXPLORATORY_APRIL_MAY,24-36 h,satellite_norad_id,65407,abs_delta_k_orbit_hz_per_s,9,5.29486330820101,
EXPLORATORY_APRIL_MAY,24-36 h,satellite_norad_id,65409,raw_rms_hz,12,2126.544042462404,4851.73608025807
EXPLORATORY_APRIL_MAY,24-36 h,satellite_norad_id,65409,score_orbit_hz,12,56.049756908898836,291.0807166633661
EXPLORATORY_APRIL_MAY,24-36 h,satellite_norad_id,65409,abs_delta_k_orbit_hz_per_s,12,14.781324147245108,34.938130071580524
EXPLORATORY_APRIL_MAY,24-36 h,satellite_norad_id,65410,raw_rms_hz,9,862.7131313682755,
EXPLORATORY_APRIL_MAY,24-36 h,satellite_norad_id,65410,score_orbit_hz,9,11.048566734500843,
EXPLORATORY_APRIL_MAY,24-36 h,satellite_norad_id,65410,abs_delta_k_orbit_hz_per_s,9,4.174451846057686,
EXPLORATORY_APRIL_MAY,24-36 h,satellite_norad_id,65411,raw_rms_hz,12,2508.2924072456117,4060.6274661110524
EXPLORATORY_APRIL_MAY,24-36 h,satellite_norad_id,65411,score_orbit_hz,12,24.45316247347381,89.01157484040026
EXPLORATORY_APRIL_MAY,24-36 h,satellite_norad_id,65411,abs_delta_k_orbit_hz_per_s,12,11.731710780328827,30.682528953441317
EXPLORATORY_APRIL_MAY,24-36 h,satellite_norad_id,65421,raw_rms_hz,12,1931.5177238431565,5389.114307761475
EXPLORATORY_APRIL_MAY,24-36 h,satellite_norad_id,65421,score_orbit_hz,12,59.652808827373505,328.2320387085411
EXPLORATORY_APRIL_MAY,24-36 h,satellite_norad_id,65421,abs_delta_k_orbit_hz_per_s,12,11.834193551836666,26.12384755872408
EXPLORATORY_APRIL_MAY,24-36 h,satellite_norad_id,65686,raw_rms_hz,12,2118.8403258967755,3246.3096083372893
EXPLORATORY_APRIL_MAY,24-36 h,satellite_norad_id,65686,score_orbit_hz,12,17.87993217043656,85.97987947176362
EXPLORATORY_APRIL_MAY,24-36 h,satellite_norad_id,65686,abs_delta_k_orbit_hz_per_s,12,6.868006697361714,25.33012897516673
EXPLORATORY_APRIL_MAY,24-36 h,satellite_norad_id,65693,raw_rms_hz,12,2485.296732605867,5309.2963395411
EXPLORATORY_APRIL_MAY,24-36 h,satellite_norad_id,65693,score_orbit_hz,12,63.38255431634585,279.1395700759957
EXPLORATORY_APRIL_MAY,24-36 h,satellite_norad_id,65693,abs_delta_k_orbit_hz_per_s,12,17.550892350485825,39.14933271801455
EXPLORATORY_APRIL_MAY,6-9 h,satellite_norad_id,44714,raw_rms_hz,12,229.0687288475877,491.9948503634444
EXPLORATORY_APRIL_MAY,6-9 h,satellite_norad_id,44714,score_orbit_hz,12,5.990647745021979,20.90095877265094
EXPLORATORY_APRIL_MAY,6-9 h,satellite_norad_id,44714,abs_delta_k_orbit_hz_per_s,12,1.1449941601342222,3.4802751165417263
EXPLORATORY_APRIL_MAY,6-9 h,satellite_norad_id,45230,raw_rms_hz,12,144.86445230024617,817.911316574482
EXPLORATORY_APRIL_MAY,6-9 h,satellite_norad_id,45230,score_orbit_hz,12,10.100628282058922,55.38676069293287
EXPLORATORY_APRIL_MAY,6-9 h,satellite_norad_id,45230,abs_delta_k_orbit_hz_per_s,12,1.0568218365351028,3.55911807291726
EXPLORATORY_APRIL_MAY,6-9 h,satellite_norad_id,47383,raw_rms_hz,12,273.2062197787311,1369.1876840133284
EXPLORATORY_APRIL_MAY,6-9 h,satellite_norad_id,47383,score_orbit_hz,12,12.36931942502742,64.5206284259566
EXPLORATORY_APRIL_MAY,6-9 h,satellite_norad_id,47383,abs_delta_k_orbit_hz_per_s,12,2.417547832955009,7.888271439268381
EXPLORATORY_APRIL_MAY,6-9 h,satellite_norad_id,47749,raw_rms_hz,12,415.2944826064984,961.4981945748423
EXPLORATORY_APRIL_MAY,6-9 h,satellite_norad_id,47749,score_orbit_hz,12,15.793590752040569,80.1230435576801
EXPLORATORY_APRIL_MAY,6-9 h,satellite_norad_id,47749,abs_delta_k_orbit_hz_per_s,12,2.36426633994205,7.059697927175411
EXPLORATORY_APRIL_MAY,6-9 h,satellite_norad_id,47767,raw_rms_hz,12,169.94095808675627,594.1174542934705
EXPLORATORY_APRIL_MAY,6-9 h,satellite_norad_id,47767,score_orbit_hz,12,7.472504163768571,36.3923901494792
EXPLORATORY_APRIL_MAY,6-9 h,satellite_norad_id,47767,abs_delta_k_orbit_hz_per_s,12,2.4892651840343114,2.955280850761976
EXPLORATORY_APRIL_MAY,6-9 h,satellite_norad_id,47844,raw_rms_hz,12,289.5262970510748,852.5431223143497
EXPLORATORY_APRIL_MAY,6-9 h,satellite_norad_id,47844,score_orbit_hz,12,10.767497455732872,51.03585408279499
EXPLORATORY_APRIL_MAY,6-9 h,satellite_norad_id,47844,abs_delta_k_orbit_hz_per_s,12,2.8719144328443678,4.211809239571591
EXPLORATORY_APRIL_MAY,6-9 h,satellite_norad_id,48111,raw_rms_hz,12,167.47694665914287,457.97283164902944
EXPLORATORY_APRIL_MAY,6-9 h,satellite_norad_id,48111,score_orbit_hz,12,5.809387118354595,30.81331025301172
EXPLORATORY_APRIL_MAY,6-9 h,satellite_norad_id,48111,abs_delta_k_orbit_hz_per_s,12,1.4417815013262163,3.0036647047005545
EXPLORATORY_APRIL_MAY,6-9 h,satellite_norad_id,48309,raw_rms_hz,12,221.31856158112888,412.0991443970889
EXPLORATORY_APRIL_MAY,6-9 h,satellite_norad_id,48309,score_orbit_hz,12,6.124555261228149,28.413552829020475
EXPLORATORY_APRIL_MAY,6-9 h,satellite_norad_id,48309,abs_delta_k_orbit_hz_per_s,12,1.520497280576758,3.771024415395931
EXPLORATORY_APRIL_MAY,6-9 h,satellite_norad_id,48458,raw_rms_hz,12,405.37074237454215,1296.6217851064546
EXPLORATORY_APRIL_MAY,6-9 h,satellite_norad_id,48458,score_orbit_hz,12,15.702364394846718,60.966540221580985
EXPLORATORY_APRIL_MAY,6-9 h,satellite_norad_id,48458,abs_delta_k_orbit_hz_per_s,12,2.8194474001399823,7.614779627853956
EXPLORATORY_APRIL_MAY,6-9 h,satellite_norad_id,48672,raw_rms_hz,12,260.5816825084869,897.2514184596264
EXPLORATORY_APRIL_MAY,6-9 h,satellite_norad_id,48672,score_orbit_hz,12,13.437928003216335,73.19727738969075
EXPLORATORY_APRIL_MAY,6-9 h,satellite_norad_id,48672,abs_delta_k_orbit_hz_per_s,12,2.1285844727208048,5.90003780839054
EXPLORATORY_APRIL_MAY,6-9 h,satellite_norad_id,58380,raw_rms_hz,12,345.3113887338976,1697.7435146701075
EXPLORATORY_APRIL_MAY,6-9 h,satellite_norad_id,58380,score_orbit_hz,12,18.84429229656753,78.34733539026139
EXPLORATORY_APRIL_MAY,6-9 h,satellite_norad_id,58380,abs_delta_k_orbit_hz_per_s,12,1.832790130814947,9.53617304166999
EXPLORATORY_APRIL_MAY,6-9 h,satellite_norad_id,60265,raw_rms_hz,12,465.2134342994243,986.1337935793965
EXPLORATORY_APRIL_MAY,6-9 h,satellite_norad_id,60265,score_orbit_hz,12,3.2774188100537267,12.418142357569005
EXPLORATORY_APRIL_MAY,6-9 h,satellite_norad_id,60265,abs_delta_k_orbit_hz_per_s,12,0.6528202904651308,5.078010499208838
EXPLORATORY_APRIL_MAY,6-9 h,satellite_norad_id,65405,raw_rms_hz,12,456.73452765673846,1282.1733999699156
EXPLORATORY_APRIL_MAY,6-9 h,satellite_norad_id,65405,score_orbit_hz,12,3.4902023410835303,19.02436456953048
EXPLORATORY_APRIL_MAY,6-9 h,satellite_norad_id,65405,abs_delta_k_orbit_hz_per_s,12,2.7154604669729303,6.945678019480757
EXPLORATORY_APRIL_MAY,6-9 h,satellite_norad_id,65407,raw_rms_hz,12,614.2885518547282,2007.6263069081253
EXPLORATORY_APRIL_MAY,6-9 h,satellite_norad_id,65407,score_orbit_hz,12,24.9399146285158,113.35262716848068
EXPLORATORY_APRIL_MAY,6-9 h,satellite_norad_id,65407,abs_delta_k_orbit_hz_per_s,12,6.384080717085787,10.002481170837873
EXPLORATORY_APRIL_MAY,6-9 h,satellite_norad_id,65409,raw_rms_hz,12,479.13846377590824,1215.59145705848
EXPLORATORY_APRIL_MAY,6-9 h,satellite_norad_id,65409,score_orbit_hz,12,13.419858863225269,85.79671322830221
EXPLORATORY_APRIL_MAY,6-9 h,satellite_norad_id,65409,abs_delta_k_orbit_hz_per_s,12,3.551602919198799,7.758056061763355
EXPLORATORY_APRIL_MAY,6-9 h,satellite_norad_id,65410,raw_rms_hz,12,491.26085132161404,1842.658369492179
EXPLORATORY_APRIL_MAY,6-9 h,satellite_norad_id,65410,score_orbit_hz,12,24.316627459010398,139.3312859120948
EXPLORATORY_APRIL_MAY,6-9 h,satellite_norad_id,65410,abs_delta_k_orbit_hz_per_s,12,4.996644230080561,8.8855484423645
EXPLORATORY_APRIL_MAY,6-9 h,satellite_norad_id,65411,raw_rms_hz,12,589.6943124477241,2021.1780495685784
EXPLORATORY_APRIL_MAY,6-9 h,satellite_norad_id,65411,score_orbit_hz,12,22.124786187629436,161.1584878227886
EXPLORATORY_APRIL_MAY,6-9 h,satellite_norad_id,65411,abs_delta_k_orbit_hz_per_s,12,5.963114862225161,10.001943082501818
EXPLORATORY_APRIL_MAY,6-9 h,satellite_norad_id,65421,raw_rms_hz,12,138.56954861215314,836.6241335089494
EXPLORATORY_APRIL_MAY,6-9 h,satellite_norad_id,65421,score_orbit_hz,12,8.880482479561543,62.10115578011854
EXPLORATORY_APRIL_MAY,6-9 h,satellite_norad_id,65421,abs_delta_k_orbit_hz_per_s,12,1.485751338234533,5.992787886003795
EXPLORATORY_APRIL_MAY,6-9 h,satellite_norad_id,65686,raw_rms_hz,12,328.7801445309542,1286.603767340255
EXPLORATORY_APRIL_MAY,6-9 h,satellite_norad_id,65686,score_orbit_hz,12,14.312901128545873,95.75657945895767
EXPLORATORY_APRIL_MAY,6-9 h,satellite_norad_id,65686,abs_delta_k_orbit_hz_per_s,12,2.840664870999972,7.773341149512205
EXPLORATORY_APRIL_MAY,6-9 h,satellite_norad_id,65693,raw_rms_hz,12,292.07127219599136,711.463333780801
EXPLORATORY_APRIL_MAY,6-9 h,satellite_norad_id,65693,score_orbit_hz,12,6.645235105844474,38.55066977423453
EXPLORATORY_APRIL_MAY,6-9 h,satellite_norad_id,65693,abs_delta_k_orbit_hz_per_s,12,1.4712996534290048,8.84294197908601
EXPLORATORY_APRIL_MAY,9-12 h,satellite_norad_id,44714,raw_rms_hz,12,450.51410699806803,549.7044776504769
EXPLORATORY_APRIL_MAY,9-12 h,satellite_norad_id,44714,score_orbit_hz,12,4.3591013434545065,18.91161094623018
EXPLORATORY_APRIL_MAY,9-12 h,satellite_norad_id,44714,abs_delta_k_orbit_hz_per_s,12,1.067367828818997,7.673631451232047
EXPLORATORY_APRIL_MAY,9-12 h,satellite_norad_id,45230,raw_rms_hz,12,138.12254902027112,209.61191047200404
EXPLORATORY_APRIL_MAY,9-12 h,satellite_norad_id,45230,score_orbit_hz,12,1.1137467382403696,8.064958278961322
EXPLORATORY_APRIL_MAY,9-12 h,satellite_norad_id,45230,abs_delta_k_orbit_hz_per_s,12,0.4093735242507751,2.5958137100276235
EXPLORATORY_APRIL_MAY,9-12 h,satellite_norad_id,47383,raw_rms_hz,12,577.0984397552015,2798.229157036865
EXPLORATORY_APRIL_MAY,9-12 h,satellite_norad_id,47383,score_orbit_hz,12,21.485155618664756,160.5777468886099
EXPLORATORY_APRIL_MAY,9-12 h,satellite_norad_id,47383,abs_delta_k_orbit_hz_per_s,12,4.18651915020189,28.67451041748638
EXPLORATORY_APRIL_MAY,9-12 h,satellite_norad_id,47749,raw_rms_hz,12,605.5352238817079,1887.0938384570663
EXPLORATORY_APRIL_MAY,9-12 h,satellite_norad_id,47749,score_orbit_hz,12,26.850646006071592,179.05583083779882
EXPLORATORY_APRIL_MAY,9-12 h,satellite_norad_id,47749,abs_delta_k_orbit_hz_per_s,12,4.456408476917788,7.4922388733813925
EXPLORATORY_APRIL_MAY,9-12 h,satellite_norad_id,47767,raw_rms_hz,12,318.77428464380273,911.0125599840342
EXPLORATORY_APRIL_MAY,9-12 h,satellite_norad_id,47767,score_orbit_hz,12,8.796731121816395,66.72332905761778
EXPLORATORY_APRIL_MAY,9-12 h,satellite_norad_id,47767,abs_delta_k_orbit_hz_per_s,12,1.5075799035748627,5.582953241762823
EXPLORATORY_APRIL_MAY,9-12 h,satellite_norad_id,47844,raw_rms_hz,12,811.207471721189,2364.1252009350055
EXPLORATORY_APRIL_MAY,9-12 h,satellite_norad_id,47844,score_orbit_hz,12,19.163111511557908,128.7584188592402
EXPLORATORY_APRIL_MAY,9-12 h,satellite_norad_id,47844,abs_delta_k_orbit_hz_per_s,12,3.2137941787130693,22.072731693616827
EXPLORATORY_APRIL_MAY,9-12 h,satellite_norad_id,48111,raw_rms_hz,12,193.8296530097584,769.3547085396135
EXPLORATORY_APRIL_MAY,9-12 h,satellite_norad_id,48111,score_orbit_hz,12,4.12701317339515,23.645660319006783
EXPLORATORY_APRIL_MAY,9-12 h,satellite_norad_id,48111,abs_delta_k_orbit_hz_per_s,12,0.7048814501729619,7.136980076048004
EXPLORATORY_APRIL_MAY,9-12 h,satellite_norad_id,48309,raw_rms_hz,12,334.0466436705457,514.428560795605
EXPLORATORY_APRIL_MAY,9-12 h,satellite_norad_id,48309,score_orbit_hz,12,2.806492503534567,21.632549501394475
EXPLORATORY_APRIL_MAY,9-12 h,satellite_norad_id,48309,abs_delta_k_orbit_hz_per_s,12,1.048269019134457,7.495759126268834
EXPLORATORY_APRIL_MAY,9-12 h,satellite_norad_id,48458,raw_rms_hz,12,207.49228928800676,1458.2838722304252
EXPLORATORY_APRIL_MAY,9-12 h,satellite_norad_id,48458,score_orbit_hz,12,4.690254405945909,15.896780743072929
EXPLORATORY_APRIL_MAY,9-12 h,satellite_norad_id,48458,abs_delta_k_orbit_hz_per_s,12,0.7266936869548155,5.119237605376832
EXPLORATORY_APRIL_MAY,9-12 h,satellite_norad_id,48672,raw_rms_hz,12,653.9485070067161,1376.972467245746
EXPLORATORY_APRIL_MAY,9-12 h,satellite_norad_id,48672,score_orbit_hz,12,12.39470996680743,48.16738221720256
EXPLORATORY_APRIL_MAY,9-12 h,satellite_norad_id,48672,abs_delta_k_orbit_hz_per_s,12,3.513437518740635,11.302670784753076
EXPLORATORY_APRIL_MAY,9-12 h,satellite_norad_id,58380,raw_rms_hz,12,1956.6269490093136,4052.941467505323
EXPLORATORY_APRIL_MAY,9-12 h,satellite_norad_id,58380,score_orbit_hz,12,26.02509782279918,101.27788732575534
EXPLORATORY_APRIL_MAY,9-12 h,satellite_norad_id,58380,abs_delta_k_orbit_hz_per_s,12,2.6422989837206723,39.9124255332463
EXPLORATORY_APRIL_MAY,9-12 h,satellite_norad_id,60265,raw_rms_hz,12,559.3567704266661,1743.2971235759437
EXPLORATORY_APRIL_MAY,9-12 h,satellite_norad_id,60265,score_orbit_hz,12,9.110621733723002,29.870218283949313
EXPLORATORY_APRIL_MAY,9-12 h,satellite_norad_id,60265,abs_delta_k_orbit_hz_per_s,12,1.8676380927571545,10.123625626758198
EXPLORATORY_APRIL_MAY,9-12 h,satellite_norad_id,65405,raw_rms_hz,12,589.3775783017468,2011.7073023658543
EXPLORATORY_APRIL_MAY,9-12 h,satellite_norad_id,65405,score_orbit_hz,12,15.92056695004783,148.41775281852188
EXPLORATORY_APRIL_MAY,9-12 h,satellite_norad_id,65405,abs_delta_k_orbit_hz_per_s,12,2.3806776203597324,9.153203468706046
EXPLORATORY_APRIL_MAY,9-12 h,satellite_norad_id,65407,raw_rms_hz,12,747.0341673032124,1797.09974379692
EXPLORATORY_APRIL_MAY,9-12 h,satellite_norad_id,65407,score_orbit_hz,12,18.121824819113385,60.263625478489665
EXPLORATORY_APRIL_MAY,9-12 h,satellite_norad_id,65407,abs_delta_k_orbit_hz_per_s,12,4.3534193276476465,10.201561905716167
EXPLORATORY_APRIL_MAY,9-12 h,satellite_norad_id,65409,raw_rms_hz,12,416.6185761153806,773.0280926002214
EXPLORATORY_APRIL_MAY,9-12 h,satellite_norad_id,65409,score_orbit_hz,12,3.988914558171559,9.434568216576615
EXPLORATORY_APRIL_MAY,9-12 h,satellite_norad_id,65409,abs_delta_k_orbit_hz_per_s,12,1.2213536043131814,3.2909408621987257
EXPLORATORY_APRIL_MAY,9-12 h,satellite_norad_id,65410,raw_rms_hz,12,329.2719627831545,784.434242767401
EXPLORATORY_APRIL_MAY,9-12 h,satellite_norad_id,65410,score_orbit_hz,12,5.599843718851323,6.98601101665492
EXPLORATORY_APRIL_MAY,9-12 h,satellite_norad_id,65410,abs_delta_k_orbit_hz_per_s,12,0.9895908095482361,3.4505416345318958
EXPLORATORY_APRIL_MAY,9-12 h,satellite_norad_id,65411,raw_rms_hz,12,370.7987423312203,1648.5100522398059
EXPLORATORY_APRIL_MAY,9-12 h,satellite_norad_id,65411,score_orbit_hz,12,5.845904256304872,26.261120265043257
EXPLORATORY_APRIL_MAY,9-12 h,satellite_norad_id,65411,abs_delta_k_orbit_hz_per_s,12,1.2560231586034718,7.846343295875526
EXPLORATORY_APRIL_MAY,9-12 h,satellite_norad_id,65421,raw_rms_hz,12,656.9638701458665,969.2722440511648
EXPLORATORY_APRIL_MAY,9-12 h,satellite_norad_id,65421,score_orbit_hz,12,6.868714276172562,26.011015539057304
EXPLORATORY_APRIL_MAY,9-12 h,satellite_norad_id,65421,abs_delta_k_orbit_hz_per_s,12,3.638806700542578,7.663511701742226
EXPLORATORY_APRIL_MAY,9-12 h,satellite_norad_id,65686,raw_rms_hz,12,1312.619168586335,3031.207583759019
EXPLORATORY_APRIL_MAY,9-12 h,satellite_norad_id,65686,score_orbit_hz,12,12.896767206663506,41.829154201766556
EXPLORATORY_APRIL_MAY,9-12 h,satellite_norad_id,65686,abs_delta_k_orbit_hz_per_s,12,6.620719640208326,14.77447107263623
EXPLORATORY_APRIL_MAY,9-12 h,satellite_norad_id,65693,raw_rms_hz,12,565.9377151444254,1303.5128584424037
EXPLORATORY_APRIL_MAY,9-12 h,satellite_norad_id,65693,score_orbit_hz,12,12.481331485959709,44.21967147001508
EXPLORATORY_APRIL_MAY,9-12 h,satellite_norad_id,65693,abs_delta_k_orbit_hz_per_s,12,2.6260063074556768,7.543109468563978
EXPLORATORY_APRIL_MAY,0-6 h,month,2026-04,raw_rms_hz,119,174.4232445943455,675.5888967870502
EXPLORATORY_APRIL_MAY,0-6 h,month,2026-04,score_orbit_hz,119,6.666582922114,53.230551021204704
EXPLORATORY_APRIL_MAY,0-6 h,month,2026-04,abs_delta_k_orbit_hz_per_s,119,1.4327190036057549,3.4758476715249293
EXPLORATORY_APRIL_MAY,0-6 h,month,2026-05,raw_rms_hz,120,165.5582247545242,725.063304714516
EXPLORATORY_APRIL_MAY,0-6 h,month,2026-05,score_orbit_hz,120,6.594609027962969,58.111082842167946
EXPLORATORY_APRIL_MAY,0-6 h,month,2026-05,abs_delta_k_orbit_hz_per_s,120,1.4665391203841485,4.0893960008364045
EXPLORATORY_APRIL_MAY,12-18 h,month,2026-04,raw_rms_hz,121,546.8881722314683,2435.3552684706046
EXPLORATORY_APRIL_MAY,12-18 h,month,2026-04,score_orbit_hz,121,24.341982609807705,181.3843611693337
EXPLORATORY_APRIL_MAY,12-18 h,month,2026-04,abs_delta_k_orbit_hz_per_s,121,3.172975558115025,12.381741224174968
EXPLORATORY_APRIL_MAY,12-18 h,month,2026-05,raw_rms_hz,121,631.2583008179105,2836.7649310129864
EXPLORATORY_APRIL_MAY,12-18 h,month,2026-05,score_orbit_hz,121,19.53300105685909,148.9042311679085
EXPLORATORY_APRIL_MAY,12-18 h,month,2026-05,abs_delta_k_orbit_hz_per_s,121,2.8448975759230817,14.725404752189691
EXPLORATORY_APRIL_MAY,18-24 h,month,2026-04,raw_rms_hz,120,1235.936057440298,5461.79199673718
EXPLORATORY_APRIL_MAY,18-24 h,month,2026-04,score_orbit_hz,120,19.877427135166055,284.6807132144141
EXPLORATORY_APRIL_MAY,18-24 h,month,2026-04,abs_delta_k_orbit_hz_per_s,120,7.071700192859479,27.23712921808286
EXPLORATORY_APRIL_MAY,18-24 h,month,2026-05,raw_rms_hz,119,989.6311077823484,3659.8290491302846
EXPLORATORY_APRIL_MAY,18-24 h,month,2026-05,score_orbit_hz,119,15.432200552356276,91.8359285941671
EXPLORATORY_APRIL_MAY,18-24 h,month,2026-05,abs_delta_k_orbit_hz_per_s,119,4.0960827313548736,19.807321802862496
EXPLORATORY_APRIL_MAY,24-36 h,month,2026-04,raw_rms_hz,78,1564.3093995751904,6335.31498912188
EXPLORATORY_APRIL_MAY,24-36 h,month,2026-04,score_orbit_hz,78,17.033851462889018,330.7994776932819
EXPLORATORY_APRIL_MAY,24-36 h,month,2026-04,abs_delta_k_orbit_hz_per_s,78,4.910231595667252,32.52559536503713
EXPLORATORY_APRIL_MAY,24-36 h,month,2026-05,raw_rms_hz,108,1735.1551052173959,4100.1117239513105
EXPLORATORY_APRIL_MAY,24-36 h,month,2026-05,score_orbit_hz,108,22.392085398456366,154.63738441699928
EXPLORATORY_APRIL_MAY,24-36 h,month,2026-05,abs_delta_k_orbit_hz_per_s,108,5.249140469073499,27.25681297528184
EXPLORATORY_APRIL_MAY,6-9 h,month,2026-04,raw_rms_hz,120,326.7311749535027,1201.3398327310392
EXPLORATORY_APRIL_MAY,6-9 h,month,2026-04,score_orbit_hz,120,10.422759404155439,67.614416468782
EXPLORATORY_APRIL_MAY,6-9 h,month,2026-04,abs_delta_k_orbit_hz_per_s,120,2.1900432520099327,7.4556045042831816
EXPLORATORY_APRIL_MAY,6-9 h,month,2026-05,raw_rms_hz,120,337.7309292894074,1313.610357742214
EXPLORATORY_APRIL_MAY,6-9 h,month,2026-05,score_orbit_hz,120,11.243693881761935,83.18152308667818
EXPLORATORY_APRIL_MAY,6-9 h,month,2026-05,abs_delta_k_orbit_hz_per_s,120,1.6514061264611004,7.082498352145604
EXPLORATORY_APRIL_MAY,9-12 h,month,2026-04,raw_rms_hz,120,636.1514030548824,2452.1448384807723
EXPLORATORY_APRIL_MAY,9-12 h,month,2026-04,score_orbit_hz,120,7.2113295131384625,72.3753211864615
EXPLORATORY_APRIL_MAY,9-12 h,month,2026-04,abs_delta_k_orbit_hz_per_s,120,1.901194667110111,10.238671671414998
EXPLORATORY_APRIL_MAY,9-12 h,month,2026-05,raw_rms_hz,120,440.5389939996245,1476.4461824578673
EXPLORATORY_APRIL_MAY,9-12 h,month,2026-05,score_orbit_hz,120,6.256679680187185,46.93078130019842
EXPLORATORY_APRIL_MAY,9-12 h,month,2026-05,abs_delta_k_orbit_hz_per_s,120,1.4058437354976951,7.8858379494734185
EXPLORATORY_APRIL_MAY,0-6 h,station_id,controlled_example_station,raw_rms_hz,239,172.563870151233,704.4420728893376
EXPLORATORY_APRIL_MAY,0-6 h,station_id,controlled_example_station,score_orbit_hz,239,6.625802153793527,55.114409200658415
EXPLORATORY_APRIL_MAY,0-6 h,station_id,controlled_example_station,abs_delta_k_orbit_hz_per_s,239,1.441994919517191,4.072860716038569
EXPLORATORY_APRIL_MAY,12-18 h,station_id,controlled_example_station,raw_rms_hz,242,605.0413698198527,2711.258279511203
EXPLORATORY_APRIL_MAY,12-18 h,station_id,controlled_example_station,score_orbit_hz,242,20.925314068220743,165.03367292262473
EXPLORATORY_APRIL_MAY,12-18 h,station_id,controlled_example_station,abs_delta_k_orbit_hz_per_s,242,3.0261541524934508,13.891274862395349
EXPLORATORY_APRIL_MAY,18-24 h,station_id,controlled_example_station,raw_rms_hz,239,1126.636941845943,3994.487944622951
EXPLORATORY_APRIL_MAY,18-24 h,station_id,controlled_example_station,score_orbit_hz,239,17.752094150834196,140.33590741461927
EXPLORATORY_APRIL_MAY,18-24 h,station_id,controlled_example_station,abs_delta_k_orbit_hz_per_s,239,5.664486925820079,24.410925761847725
EXPLORATORY_APRIL_MAY,24-36 h,station_id,controlled_example_station,raw_rms_hz,186,1623.124550803388,4995.013789080539
EXPLORATORY_APRIL_MAY,24-36 h,station_id,controlled_example_station,score_orbit_hz,186,21.16452721334695,265.6471051376206
EXPLORATORY_APRIL_MAY,24-36 h,station_id,controlled_example_station,abs_delta_k_orbit_hz_per_s,186,5.149252787801345,28.19397102403365
EXPLORATORY_APRIL_MAY,6-9 h,station_id,controlled_example_station,raw_rms_hz,240,336.5368015047883,1313.6103577422136
EXPLORATORY_APRIL_MAY,6-9 h,station_id,controlled_example_station,score_orbit_hz,240,10.838572004975259,73.63871186080648
EXPLORATORY_APRIL_MAY,6-9 h,station_id,controlled_example_station,abs_delta_k_orbit_hz_per_s,240,2.0203895215821754,7.4556045042831816
EXPLORATORY_APRIL_MAY,9-12 h,station_id,controlled_example_station,raw_rms_hz,240,547.8842598680537,2060.1586731951293
EXPLORATORY_APRIL_MAY,9-12 h,station_id,controlled_example_station,score_orbit_hz,240,7.109823597162125,63.18416368530144
EXPLORATORY_APRIL_MAY,9-12 h,station_id,controlled_example_station,abs_delta_k_orbit_hz_per_s,240,1.5075799035748627,8.715715498548537
CONFIRMATORY_JUNE,0-6 h,elevation_bin,10-20,raw_rms_hz,21,161.12573415691946,830.885859583119
CONFIRMATORY_JUNE,0-6 h,elevation_bin,10-20,score_orbit_hz,21,1.413877375244876,7.594213219791437
CONFIRMATORY_JUNE,0-6 h,elevation_bin,10-20,abs_delta_k_orbit_hz_per_s,21,0.5412645023251136,3.6864690779631024
CONFIRMATORY_JUNE,0-6 h,elevation_bin,20-40,raw_rms_hz,67,146.7929585612757,588.06773667156
CONFIRMATORY_JUNE,0-6 h,elevation_bin,20-40,score_orbit_hz,67,6.196237690910159,28.74670595424662
CONFIRMATORY_JUNE,0-6 h,elevation_bin,20-40,abs_delta_k_orbit_hz_per_s,67,1.908014286692846,8.138571735969116
CONFIRMATORY_JUNE,0-6 h,elevation_bin,40-60,raw_rms_hz,3,1074.807409805991,
CONFIRMATORY_JUNE,0-6 h,elevation_bin,40-60,score_orbit_hz,3,48.88046735497216,
CONFIRMATORY_JUNE,0-6 h,elevation_bin,40-60,abs_delta_k_orbit_hz_per_s,3,0.5755689928608557,
CONFIRMATORY_JUNE,0-6 h,elevation_bin,60-90,raw_rms_hz,21,533.39816932004,2230.4282984192264
CONFIRMATORY_JUNE,0-6 h,elevation_bin,60-90,score_orbit_hz,21,49.80705007045474,184.4087744285335
CONFIRMATORY_JUNE,0-6 h,elevation_bin,60-90,abs_delta_k_orbit_hz_per_s,21,0.8836982773448478,3.1725449098600174
CONFIRMATORY_JUNE,12-18 h,elevation_bin,10-20,raw_rms_hz,16,393.0014390879799,3424.893378709131
CONFIRMATORY_JUNE,12-18 h,elevation_bin,10-20,score_orbit_hz,16,2.738650398430991,11.531088086147712
CONFIRMATORY_JUNE,12-18 h,elevation_bin,10-20,abs_delta_k_orbit_hz_per_s,16,1.1725283664600497,21.27960311167459
CONFIRMATORY_JUNE,12-18 h,elevation_bin,20-40,raw_rms_hz,75,631.5411990812537,1970.683154051646
CONFIRMATORY_JUNE,12-18 h,elevation_bin,20-40,score_orbit_hz,75,36.63833901142578,109.81941868538544
CONFIRMATORY_JUNE,12-18 h,elevation_bin,20-40,abs_delta_k_orbit_hz_per_s,75,10.040014764330872,31.833986436631086
CONFIRMATORY_JUNE,12-18 h,elevation_bin,40-60,raw_rms_hz,4,807.8953818474049,
CONFIRMATORY_JUNE,12-18 h,elevation_bin,40-60,score_orbit_hz,4,52.62048687256771,
CONFIRMATORY_JUNE,12-18 h,elevation_bin,40-60,abs_delta_k_orbit_hz_per_s,4,0.6171761496113699,
CONFIRMATORY_JUNE,12-18 h,elevation_bin,60-90,raw_rms_hz,25,4174.331197476059,9582.87460984245
CONFIRMATORY_JUNE,12-18 h,elevation_bin,60-90,score_orbit_hz,25,331.09442461685575,730.3067656112788
CONFIRMATORY_JUNE,12-18 h,elevation_bin,60-90,abs_delta_k_orbit_hz_per_s,25,2.0350858270775243,7.200488727757179
CONFIRMATORY_JUNE,18-24 h,elevation_bin,10-20,raw_rms_hz,51,640.9632926218701,3843.3955423034704
CONFIRMATORY_JUNE,18-24 h,elevation_bin,10-20,score_orbit_hz,51,4.972620439161401,27.99671047530036
CONFIRMATORY_JUNE,18-24 h,elevation_bin,10-20,abs_delta_k_orbit_hz_per_s,51,1.4005007838143808,15.07803746298594
CONFIRMATORY_JUNE,18-24 h,elevation_bin,20-40,raw_rms_hz,54,1032.9320530997313,2656.6353053541634
CONFIRMATORY_JUNE,18-24 h,elevation_bin,20-40,score_orbit_hz,54,29.270057285325713,124.18984853130803
CONFIRMATORY_JUNE,18-24 h,elevation_bin,20-40,abs_delta_k_orbit_hz_per_s,54,7.2535980250329875,32.24351844154171
CONFIRMATORY_JUNE,18-24 h,elevation_bin,40-60,raw_rms_hz,5,918.3576611098754,
CONFIRMATORY_JUNE,18-24 h,elevation_bin,40-60,score_orbit_hz,5,42.76809335602728,
CONFIRMATORY_JUNE,18-24 h,elevation_bin,40-60,abs_delta_k_orbit_hz_per_s,5,1.1966471641294407,
CONFIRMATORY_JUNE,18-24 h,elevation_bin,60-90,raw_rms_hz,10,2373.0615923257337,8020.091579337152
CONFIRMATORY_JUNE,18-24 h,elevation_bin,60-90,score_orbit_hz,10,224.48348849334053,877.3055960514781
CONFIRMATORY_JUNE,18-24 h,elevation_bin,60-90,abs_delta_k_orbit_hz_per_s,10,1.6886215955854313,12.330302427121412
CONFIRMATORY_JUNE,24-36 h,elevation_bin,10-20,raw_rms_hz,43,2405.564645563373,4416.717268454805
CONFIRMATORY_JUNE,24-36 h,elevation_bin,10-20,score_orbit_hz,43,19.859789766427166,46.71180587754705
CONFIRMATORY_JUNE,24-36 h,elevation_bin,10-20,abs_delta_k_orbit_hz_per_s,43,7.398547718425333,17.58727579008898
CONFIRMATORY_JUNE,24-36 h,elevation_bin,20-40,raw_rms_hz,54,1584.024073840667,4692.206853608131
CONFIRMATORY_JUNE,24-36 h,elevation_bin,20-40,score_orbit_hz,54,69.7209538961246,188.67662402628304
CONFIRMATORY_JUNE,24-36 h,elevation_bin,20-40,abs_delta_k_orbit_hz_per_s,54,19.880304088774093,53.23957943585992
CONFIRMATORY_JUNE,24-36 h,elevation_bin,40-60,raw_rms_hz,7,7648.1181298710735,
CONFIRMATORY_JUNE,24-36 h,elevation_bin,40-60,score_orbit_hz,7,355.0488130248678,
CONFIRMATORY_JUNE,24-36 h,elevation_bin,40-60,abs_delta_k_orbit_hz_per_s,7,5.338569286473512,
CONFIRMATORY_JUNE,24-36 h,elevation_bin,60-90,raw_rms_hz,10,7604.206627944907,11295.480014490851
CONFIRMATORY_JUNE,24-36 h,elevation_bin,60-90,score_orbit_hz,10,605.5226991006607,1025.5022411669427
CONFIRMATORY_JUNE,24-36 h,elevation_bin,60-90,abs_delta_k_orbit_hz_per_s,10,5.952805160631405,13.362309249048824
CONFIRMATORY_JUNE,6-9 h,elevation_bin,10-20,raw_rms_hz,14,244.01795808749597,582.1399429231037
CONFIRMATORY_JUNE,6-9 h,elevation_bin,10-20,score_orbit_hz,14,2.5443529110686782,4.7685826747482905
CONFIRMATORY_JUNE,6-9 h,elevation_bin,10-20,abs_delta_k_orbit_hz_per_s,14,1.854441103438485,6.355887635804436
CONFIRMATORY_JUNE,6-9 h,elevation_bin,20-40,raw_rms_hz,79,249.71336734411884,1394.0694775678135
CONFIRMATORY_JUNE,6-9 h,elevation_bin,20-40,score_orbit_hz,79,10.224386259163683,61.81401339044223
CONFIRMATORY_JUNE,6-9 h,elevation_bin,20-40,abs_delta_k_orbit_hz_per_s,79,2.59889273439243,16.0120806761711
CONFIRMATORY_JUNE,6-9 h,elevation_bin,40-60,raw_rms_hz,8,597.4469426374146,
CONFIRMATORY_JUNE,6-9 h,elevation_bin,40-60,score_orbit_hz,8,30.75293445195382,
CONFIRMATORY_JUNE,6-9 h,elevation_bin,40-60,abs_delta_k_orbit_hz_per_s,8,0.4010825066891758,
CONFIRMATORY_JUNE,6-9 h,elevation_bin,60-90,raw_rms_hz,18,807.4550791838042,5324.003218772066
CONFIRMATORY_JUNE,6-9 h,elevation_bin,60-90,score_orbit_hz,18,72.14639146302325,417.85698134311485
CONFIRMATORY_JUNE,6-9 h,elevation_bin,60-90,abs_delta_k_orbit_hz_per_s,18,0.5285304016565181,3.4253698312889593
CONFIRMATORY_JUNE,9-12 h,elevation_bin,10-20,raw_rms_hz,54,313.7405760159583,1226.1829711489943
CONFIRMATORY_JUNE,9-12 h,elevation_bin,10-20,score_orbit_hz,54,2.5962657689378745,10.591078938847179
CONFIRMATORY_JUNE,9-12 h,elevation_bin,10-20,abs_delta_k_orbit_hz_per_s,54,0.4966343046054209,4.0751547698329125
CONFIRMATORY_JUNE,9-12 h,elevation_bin,20-40,raw_rms_hz,45,577.7658192244293,5770.1830627546815
CONFIRMATORY_JUNE,9-12 h,elevation_bin,20-40,score_orbit_hz,45,25.92190893433401,296.9342982841402
CONFIRMATORY_JUNE,9-12 h,elevation_bin,20-40,abs_delta_k_orbit_hz_per_s,45,8.117257213945559,94.6234057428773
CONFIRMATORY_JUNE,9-12 h,elevation_bin,40-60,raw_rms_hz,7,1429.6046823954646,
CONFIRMATORY_JUNE,9-12 h,elevation_bin,40-60,score_orbit_hz,7,76.14301845430236,
CONFIRMATORY_JUNE,9-12 h,elevation_bin,40-60,abs_delta_k_orbit_hz_per_s,7,1.1510854396285488,
CONFIRMATORY_JUNE,9-12 h,elevation_bin,60-90,raw_rms_hz,11,2419.501449881995,32009.092271418387
CONFIRMATORY_JUNE,9-12 h,elevation_bin,60-90,score_orbit_hz,11,186.34452094045443,2387.9663962784703
CONFIRMATORY_JUNE,9-12 h,elevation_bin,60-90,abs_delta_k_orbit_hz_per_s,11,0.877276377624962,77.62638272255703
CONFIRMATORY_JUNE,0-6 h,phase_label,PEAK,raw_rms_hz,37,433.7531490665693,2211.8758452125157
CONFIRMATORY_JUNE,0-6 h,phase_label,PEAK,score_orbit_hz,37,27.97277282852276,143.72710554896238
CONFIRMATORY_JUNE,0-6 h,phase_label,PEAK,abs_delta_k_orbit_hz_per_s,37,0.5755689928608557,2.2376596222246556
CONFIRMATORY_JUNE,0-6 h,phase_label,RISING_25_PERCENT,raw_rms_hz,37,149.56738029606618,621.910600852463
CONFIRMATORY_JUNE,0-6 h,phase_label,RISING_25_PERCENT,score_orbit_hz,37,3.973171180371161,24.719638363438744
CONFIRMATORY_JUNE,0-6 h,phase_label,RISING_25_PERCENT,abs_delta_k_orbit_hz_per_s,37,1.9946720920120964,8.706166980124102
CONFIRMATORY_JUNE,0-6 h,phase_label,SETTING_75_PERCENT,raw_rms_hz,38,125.62354025497993,496.7636842205866
CONFIRMATORY_JUNE,0-6 h,phase_label,SETTING_75_PERCENT,score_orbit_hz,38,4.230037953886555,22.76465843412384
CONFIRMATORY_JUNE,0-6 h,phase_label,SETTING_75_PERCENT,abs_delta_k_orbit_hz_per_s,38,1.8816572997760428,7.745557788503931
CONFIRMATORY_JUNE,12-18 h,phase_label,PEAK,raw_rms_hz,40,2918.8595709477268,8875.253776990037
CONFIRMATORY_JUNE,12-18 h,phase_label,PEAK,score_orbit_hz,40,184.11905889020096,688.3100337259255
CONFIRMATORY_JUNE,12-18 h,phase_label,PEAK,abs_delta_k_orbit_hz_per_s,40,0.9515281032217289,6.821936112499173
CONFIRMATORY_JUNE,12-18 h,phase_label,RISING_25_PERCENT,raw_rms_hz,40,558.8863270336569,1927.5362908372867
CONFIRMATORY_JUNE,12-18 h,phase_label,RISING_25_PERCENT,score_orbit_hz,40,25.114789029679944,95.27452200730765
CONFIRMATORY_JUNE,12-18 h,phase_label,RISING_25_PERCENT,abs_delta_k_orbit_hz_per_s,40,10.255634433286398,28.458437230207483
CONFIRMATORY_JUNE,12-18 h,phase_label,SETTING_75_PERCENT,raw_rms_hz,40,549.4075728943037,2004.3843680026857
CONFIRMATORY_JUNE,12-18 h,phase_label,SETTING_75_PERCENT,score_orbit_hz,40,25.40873043716692,97.61315954766532
CONFIRMATORY_JUNE,12-18 h,phase_label,SETTING_75_PERCENT,abs_delta_k_orbit_hz_per_s,40,10.221375904456455,30.47039237207488
CONFIRMATORY_JUNE,18-24 h,phase_label,PEAK,raw_rms_hz,40,1526.1694428489827,7391.068139798709
CONFIRMATORY_JUNE,18-24 h,phase_label,PEAK,score_orbit_hz,40,47.03914878486128,585.0586941600295
CONFIRMATORY_JUNE,18-24 h,phase_label,PEAK,abs_delta_k_orbit_hz_per_s,40,0.5442141451197676,6.249059840685993
CONFIRMATORY_JUNE,18-24 h,phase_label,RISING_25_PERCENT,raw_rms_hz,40,689.9664546428679,2522.668457878742
CONFIRMATORY_JUNE,18-24 h,phase_label,RISING_25_PERCENT,score_orbit_hz,40,10.971793647151955,78.07388420306718
CONFIRMATORY_JUNE,18-24 h,phase_label,RISING_25_PERCENT,abs_delta_k_orbit_hz_per_s,40,7.540736267416649,27.919588475996473
CONFIRMATORY_JUNE,18-24 h,phase_label,SETTING_75_PERCENT,raw_rms_hz,40,682.5886967180077,2747.358976282577
CONFIRMATORY_JUNE,18-24 h,phase_label,SETTING_75_PERCENT,score_orbit_hz,40,14.34903630936067,97.9680306057451
CONFIRMATORY_JUNE,18-24 h,phase_label,SETTING_75_PERCENT,abs_delta_k_orbit_hz_per_s,40,7.450869406675425,26.687422509054773
CONFIRMATORY_JUNE,24-36 h,phase_label,PEAK,raw_rms_hz,38,4089.1784866808034,10725.659320229448
CONFIRMATORY_JUNE,24-36 h,phase_label,PEAK,score_orbit_hz,38,90.93982311023026,771.3577658676323
CONFIRMATORY_JUNE,24-36 h,phase_label,PEAK,abs_delta_k_orbit_hz_per_s,38,0.798434139445365,8.601959841782172
CONFIRMATORY_JUNE,24-36 h,phase_label,RISING_25_PERCENT,raw_rms_hz,38,1885.035900695555,3991.1378001894436
CONFIRMATORY_JUNE,24-36 h,phase_label,RISING_25_PERCENT,score_orbit_hz,38,26.199598022512454,117.36371698618832
CONFIRMATORY_JUNE,24-36 h,phase_label,RISING_25_PERCENT,abs_delta_k_orbit_hz_per_s,38,14.523004490152868,49.222021686416824
CONFIRMATORY_JUNE,24-36 h,phase_label,SETTING_75_PERCENT,raw_rms_hz,38,2017.361129221265,3988.352264124486
CONFIRMATORY_JUNE,24-36 h,phase_label,SETTING_75_PERCENT,score_orbit_hz,38,27.206643484009845,124.95338501259153
CONFIRMATORY_JUNE,24-36 h,phase_label,SETTING_75_PERCENT,abs_delta_k_orbit_hz_per_s,38,16.351358192853368,50.44930631316827
CONFIRMATORY_JUNE,6-9 h,phase_label,PEAK,raw_rms_hz,40,764.1169667802873,3977.7702999307344
CONFIRMATORY_JUNE,6-9 h,phase_label,PEAK,score_orbit_hz,40,31.299663524447908,310.7936105279258
CONFIRMATORY_JUNE,6-9 h,phase_label,PEAK,abs_delta_k_orbit_hz_per_s,40,0.34396292491289526,2.180108052470079
CONFIRMATORY_JUNE,6-9 h,phase_label,RISING_25_PERCENT,raw_rms_hz,40,234.90070520449484,945.2228014498891
CONFIRMATORY_JUNE,6-9 h,phase_label,RISING_25_PERCENT,score_orbit_hz,40,5.672219505527253,41.470160207292274
CONFIRMATORY_JUNE,6-9 h,phase_label,RISING_25_PERCENT,abs_delta_k_orbit_hz_per_s,40,3.773788192976978,15.670958563745634
CONFIRMATORY_JUNE,6-9 h,phase_label,SETTING_75_PERCENT,raw_rms_hz,39,216.8480076844365,991.5584658179496
CONFIRMATORY_JUNE,6-9 h,phase_label,SETTING_75_PERCENT,score_orbit_hz,39,6.614635478820424,42.58157782016389
CONFIRMATORY_JUNE,6-9 h,phase_label,SETTING_75_PERCENT,abs_delta_k_orbit_hz_per_s,39,3.8485440995061566,16.14937476038619
CONFIRMATORY_JUNE,9-12 h,phase_label,PEAK,raw_rms_hz,39,1065.7274356627606,7318.0280222401125
CONFIRMATORY_JUNE,9-12 h,phase_label,PEAK,score_orbit_hz,39,26.259304633509363,366.11256008185967
CONFIRMATORY_JUNE,9-12 h,phase_label,PEAK,abs_delta_k_orbit_hz_per_s,39,0.3264817893977905,11.284689287703113
CONFIRMATORY_JUNE,9-12 h,phase_label,RISING_25_PERCENT,raw_rms_hz,39,486.236375515272,2383.6679892615994
CONFIRMATORY_JUNE,9-12 h,phase_label,RISING_25_PERCENT,score_orbit_hz,39,9.100615701115965,77.84336218280475
CONFIRMATORY_JUNE,9-12 h,phase_label,RISING_25_PERCENT,abs_delta_k_orbit_hz_per_s,39,3.4884485598785564,36.75332839925478
CONFIRMATORY_JUNE,9-12 h,phase_label,SETTING_75_PERCENT,raw_rms_hz,39,482.6197626399843,2246.5683480633697
CONFIRMATORY_JUNE,9-12 h,phase_label,SETTING_75_PERCENT,score_orbit_hz,39,9.495459530319003,83.03634616609061
CONFIRMATORY_JUNE,9-12 h,phase_label,SETTING_75_PERCENT,abs_delta_k_orbit_hz_per_s,39,3.6585662434304114,38.45142051634244
CONFIRMATORY_JUNE,0-6 h,satellite_norad_id,44714,raw_rms_hz,6,148.00815678640288,
CONFIRMATORY_JUNE,0-6 h,satellite_norad_id,44714,score_orbit_hz,6,3.5952045031991426,
CONFIRMATORY_JUNE,0-6 h,satellite_norad_id,44714,abs_delta_k_orbit_hz_per_s,6,1.3172533296517508,
CONFIRMATORY_JUNE,0-6 h,satellite_norad_id,45230,raw_rms_hz,3,107.2619773146892,
CONFIRMATORY_JUNE,0-6 h,satellite_norad_id,45230,score_orbit_hz,3,6.804286722868068,
CONFIRMATORY_JUNE,0-6 h,satellite_norad_id,45230,abs_delta_k_orbit_hz_per_s,3,1.7233171178574676,
CONFIRMATORY_JUNE,0-6 h,satellite_norad_id,47383,raw_rms_hz,6,151.32022493917586,
CONFIRMATORY_JUNE,0-6 h,satellite_norad_id,47383,score_orbit_hz,6,1.3890720189226622,
CONFIRMATORY_JUNE,0-6 h,satellite_norad_id,47383,abs_delta_k_orbit_hz_per_s,6,0.504141940697358,
CONFIRMATORY_JUNE,0-6 h,satellite_norad_id,47749,raw_rms_hz,6,229.2003924652334,
CONFIRMATORY_JUNE,0-6 h,satellite_norad_id,47749,score_orbit_hz,6,20.282829640158614,
CONFIRMATORY_JUNE,0-6 h,satellite_norad_id,47749,abs_delta_k_orbit_hz_per_s,6,0.9897966687985704,
CONFIRMATORY_JUNE,0-6 h,satellite_norad_id,47767,raw_rms_hz,6,80.89388894005332,
CONFIRMATORY_JUNE,0-6 h,satellite_norad_id,47767,score_orbit_hz,6,5.784666539409253,
CONFIRMATORY_JUNE,0-6 h,satellite_norad_id,47767,abs_delta_k_orbit_hz_per_s,6,0.34668013725502717,
CONFIRMATORY_JUNE,0-6 h,satellite_norad_id,47844,raw_rms_hz,6,232.76475934659985,
CONFIRMATORY_JUNE,0-6 h,satellite_norad_id,47844,score_orbit_hz,6,6.974561982382948,
CONFIRMATORY_JUNE,0-6 h,satellite_norad_id,47844,abs_delta_k_orbit_hz_per_s,6,0.6073046712507214,
CONFIRMATORY_JUNE,0-6 h,satellite_norad_id,48111,raw_rms_hz,6,24.96011410381058,
CONFIRMATORY_JUNE,0-6 h,satellite_norad_id,48111,score_orbit_hz,6,1.8953927450320314,
CONFIRMATORY_JUNE,0-6 h,satellite_norad_id,48111,abs_delta_k_orbit_hz_per_s,6,0.2124570671557624,
CONFIRMATORY_JUNE,0-6 h,satellite_norad_id,48309,raw_rms_hz,6,360.2409317690308,
CONFIRMATORY_JUNE,0-6 h,satellite_norad_id,48309,score_orbit_hz,6,13.233128422301588,
CONFIRMATORY_JUNE,0-6 h,satellite_norad_id,48309,abs_delta_k_orbit_hz_per_s,6,4.094207595278512,
CONFIRMATORY_JUNE,0-6 h,satellite_norad_id,48458,raw_rms_hz,6,364.96159620730185,
CONFIRMATORY_JUNE,0-6 h,satellite_norad_id,48458,score_orbit_hz,6,10.478823795749841,
CONFIRMATORY_JUNE,0-6 h,satellite_norad_id,48458,abs_delta_k_orbit_hz_per_s,6,3.235931624387826,
CONFIRMATORY_JUNE,0-6 h,satellite_norad_id,48672,raw_rms_hz,3,18.49333509358716,
CONFIRMATORY_JUNE,0-6 h,satellite_norad_id,48672,score_orbit_hz,3,0.567789916061349,
CONFIRMATORY_JUNE,0-6 h,satellite_norad_id,48672,abs_delta_k_orbit_hz_per_s,3,0.2212482449366642,
CONFIRMATORY_JUNE,0-6 h,satellite_norad_id,58380,raw_rms_hz,6,57.11761956938808,
CONFIRMATORY_JUNE,0-6 h,satellite_norad_id,58380,score_orbit_hz,6,3.084431930323698,
CONFIRMATORY_JUNE,0-6 h,satellite_norad_id,58380,abs_delta_k_orbit_hz_per_s,6,0.34695559375062957,
CONFIRMATORY_JUNE,0-6 h,satellite_norad_id,60265,raw_rms_hz,6,1084.6036747602893,
CONFIRMATORY_JUNE,0-6 h,satellite_norad_id,60265,score_orbit_hz,6,63.37129885177515,
CONFIRMATORY_JUNE,0-6 h,satellite_norad_id,60265,abs_delta_k_orbit_hz_per_s,6,7.572921875782713,
CONFIRMATORY_JUNE,0-6 h,satellite_norad_id,65405,raw_rms_hz,6,164.64085798455417,
CONFIRMATORY_JUNE,0-6 h,satellite_norad_id,65405,score_orbit_hz,6,5.269496693674097,
CONFIRMATORY_JUNE,0-6 h,satellite_norad_id,65405,abs_delta_k_orbit_hz_per_s,6,1.616159052220935,
CONFIRMATORY_JUNE,0-6 h,satellite_norad_id,65407,raw_rms_hz,6,796.5914088038994,
CONFIRMATORY_JUNE,0-6 h,satellite_norad_id,65407,score_orbit_hz,6,18.133766011382363,
CONFIRMATORY_JUNE,0-6 h,satellite_norad_id,65407,abs_delta_k_orbit_hz_per_s,6,2.293773573053887,
CONFIRMATORY_JUNE,0-6 h,satellite_norad_id,65409,raw_rms_hz,6,130.76090526252716,
CONFIRMATORY_JUNE,0-6 h,satellite_norad_id,65409,score_orbit_hz,6,3.140084190775258,
CONFIRMATORY_JUNE,0-6 h,satellite_norad_id,65409,abs_delta_k_orbit_hz_per_s,6,1.0218372795835244,
CONFIRMATORY_JUNE,0-6 h,satellite_norad_id,65410,raw_rms_hz,6,601.1315850830306,
CONFIRMATORY_JUNE,0-6 h,satellite_norad_id,65410,score_orbit_hz,6,7.819542951249028,
CONFIRMATORY_JUNE,0-6 h,satellite_norad_id,65410,abs_delta_k_orbit_hz_per_s,6,1.2040841524718244,
CONFIRMATORY_JUNE,0-6 h,satellite_norad_id,65411,raw_rms_hz,6,400.1798341540797,
CONFIRMATORY_JUNE,0-6 h,satellite_norad_id,65411,score_orbit_hz,6,23.717104092866688,
CONFIRMATORY_JUNE,0-6 h,satellite_norad_id,65411,abs_delta_k_orbit_hz_per_s,6,4.615915218829355,
CONFIRMATORY_JUNE,0-6 h,satellite_norad_id,65421,raw_rms_hz,3,278.90342068707747,
CONFIRMATORY_JUNE,0-6 h,satellite_norad_id,65421,score_orbit_hz,3,15.777301435001592,
CONFIRMATORY_JUNE,0-6 h,satellite_norad_id,65421,abs_delta_k_orbit_hz_per_s,3,4.903307826981731,
CONFIRMATORY_JUNE,0-6 h,satellite_norad_id,65686,raw_rms_hz,7,105.3842994231777,
CONFIRMATORY_JUNE,0-6 h,satellite_norad_id,65686,score_orbit_hz,7,3.973171180371161,
CONFIRMATORY_JUNE,0-6 h,satellite_norad_id,65686,abs_delta_k_orbit_hz_per_s,7,0.7282290621575453,
CONFIRMATORY_JUNE,0-6 h,satellite_norad_id,65693,raw_rms_hz,6,207.9628545218028,
CONFIRMATORY_JUNE,0-6 h,satellite_norad_id,65693,score_orbit_hz,6,10.823475970370527,
CONFIRMATORY_JUNE,0-6 h,satellite_norad_id,65693,abs_delta_k_orbit_hz_per_s,6,2.477768095985789,
CONFIRMATORY_JUNE,12-18 h,satellite_norad_id,44714,raw_rms_hz,6,515.1068330102005,
CONFIRMATORY_JUNE,12-18 h,satellite_norad_id,44714,score_orbit_hz,6,37.107574924014166,
CONFIRMATORY_JUNE,12-18 h,satellite_norad_id,44714,abs_delta_k_orbit_hz_per_s,6,5.734617296417577,
CONFIRMATORY_JUNE,12-18 h,satellite_norad_id,45230,raw_rms_hz,6,225.5855315635331,
CONFIRMATORY_JUNE,12-18 h,satellite_norad_id,45230,score_orbit_hz,6,8.609162129405629,
CONFIRMATORY_JUNE,12-18 h,satellite_norad_id,45230,abs_delta_k_orbit_hz_per_s,6,2.4615088945970793,
CONFIRMATORY_JUNE,12-18 h,satellite_norad_id,47383,raw_rms_hz,6,1767.8461983378172,
CONFIRMATORY_JUNE,12-18 h,satellite_norad_id,47383,score_orbit_hz,6,109.54588070741856,
CONFIRMATORY_JUNE,12-18 h,satellite_norad_id,47383,abs_delta_k_orbit_hz_per_s,6,28.518441722886024,
CONFIRMATORY_JUNE,12-18 h,satellite_norad_id,47749,raw_rms_hz,6,89.19174202725554,
CONFIRMATORY_JUNE,12-18 h,satellite_norad_id,47749,score_orbit_hz,6,5.052006927627777,
CONFIRMATORY_JUNE,12-18 h,satellite_norad_id,47749,abs_delta_k_orbit_hz_per_s,6,0.5125173131477764,
CONFIRMATORY_JUNE,12-18 h,satellite_norad_id,47767,raw_rms_hz,6,314.7529992432148,
CONFIRMATORY_JUNE,12-18 h,satellite_norad_id,47767,score_orbit_hz,6,19.773877934397923,
CONFIRMATORY_JUNE,12-18 h,satellite_norad_id,47767,abs_delta_k_orbit_hz_per_s,6,4.632378110426688,
CONFIRMATORY_JUNE,12-18 h,satellite_norad_id,47844,raw_rms_hz,6,3424.893378709131,
CONFIRMATORY_JUNE,12-18 h,satellite_norad_id,47844,score_orbit_hz,6,94.3242231569211,
CONFIRMATORY_JUNE,12-18 h,satellite_norad_id,47844,abs_delta_k_orbit_hz_per_s,6,24.19537243492575,
CONFIRMATORY_JUNE,12-18 h,satellite_norad_id,48111,raw_rms_hz,6,393.0014390879799,
CONFIRMATORY_JUNE,12-18 h,satellite_norad_id,48111,score_orbit_hz,6,9.21627326198046,
CONFIRMATORY_JUNE,12-18 h,satellite_norad_id,48111,abs_delta_k_orbit_hz_per_s,6,1.5062552071323734,
CONFIRMATORY_JUNE,12-18 h,satellite_norad_id,48309,raw_rms_hz,6,854.832710673897,
CONFIRMATORY_JUNE,12-18 h,satellite_norad_id,48309,score_orbit_hz,6,50.24156170379756,
CONFIRMATORY_JUNE,12-18 h,satellite_norad_id,48309,abs_delta_k_orbit_hz_per_s,6,13.138807679180877,
CONFIRMATORY_JUNE,12-18 h,satellite_norad_id,48458,raw_rms_hz,6,493.63033347638657,
CONFIRMATORY_JUNE,12-18 h,satellite_norad_id,48458,score_orbit_hz,6,30.84351893399489,
CONFIRMATORY_JUNE,12-18 h,satellite_norad_id,48458,abs_delta_k_orbit_hz_per_s,6,2.291321103072306,
CONFIRMATORY_JUNE,12-18 h,satellite_norad_id,48672,raw_rms_hz,6,745.2024503563289,
CONFIRMATORY_JUNE,12-18 h,satellite_norad_id,48672,score_orbit_hz,6,44.48846551448946,
CONFIRMATORY_JUNE,12-18 h,satellite_norad_id,48672,abs_delta_k_orbit_hz_per_s,6,9.866850301237228,
CONFIRMATORY_JUNE,12-18 h,satellite_norad_id,58380,raw_rms_hz,6,354.34837881018893,
CONFIRMATORY_JUNE,12-18 h,satellite_norad_id,58380,score_orbit_hz,6,8.173798268815496,
CONFIRMATORY_JUNE,12-18 h,satellite_norad_id,58380,abs_delta_k_orbit_hz_per_s,6,2.580780151696007,
CONFIRMATORY_JUNE,12-18 h,satellite_norad_id,60265,raw_rms_hz,6,109.5364938681852,
CONFIRMATORY_JUNE,12-18 h,satellite_norad_id,60265,score_orbit_hz,6,5.387841641626256,
CONFIRMATORY_JUNE,12-18 h,satellite_norad_id,60265,abs_delta_k_orbit_hz_per_s,6,1.3588979413936788,
CONFIRMATORY_JUNE,12-18 h,satellite_norad_id,65405,raw_rms_hz,6,639.8222209128812,
CONFIRMATORY_JUNE,12-18 h,satellite_norad_id,65405,score_orbit_hz,6,38.963240895814906,
CONFIRMATORY_JUNE,12-18 h,satellite_norad_id,65405,abs_delta_k_orbit_hz_per_s,6,8.660284749015439,
CONFIRMATORY_JUNE,12-18 h,satellite_norad_id,65407,raw_rms_hz,6,952.1307830530243,
CONFIRMATORY_JUNE,12-18 h,satellite_norad_id,65407,score_orbit_hz,6,52.0671291404972,
CONFIRMATORY_JUNE,12-18 h,satellite_norad_id,65407,abs_delta_k_orbit_hz_per_s,6,14.816385763149178,
CONFIRMATORY_JUNE,12-18 h,satellite_norad_id,65409,raw_rms_hz,6,1996.8113733191285,
CONFIRMATORY_JUNE,12-18 h,satellite_norad_id,65409,score_orbit_hz,6,71.73825131153524,
CONFIRMATORY_JUNE,12-18 h,satellite_norad_id,65409,abs_delta_k_orbit_hz_per_s,6,18.535261974455757,
CONFIRMATORY_JUNE,12-18 h,satellite_norad_id,65410,raw_rms_hz,6,36137.39536648231,
CONFIRMATORY_JUNE,12-18 h,satellite_norad_id,65410,score_orbit_hz,6,362.2778228412602,
CONFIRMATORY_JUNE,12-18 h,satellite_norad_id,65410,abs_delta_k_orbit_hz_per_s,6,15.413360289982663,
CONFIRMATORY_JUNE,12-18 h,satellite_norad_id,65411,raw_rms_hz,6,1962.5324356534147,
CONFIRMATORY_JUNE,12-18 h,satellite_norad_id,65411,score_orbit_hz,6,114.5810073363816,
CONFIRMATORY_JUNE,12-18 h,satellite_norad_id,65411,abs_delta_k_orbit_hz_per_s,6,29.06848816778345,
CONFIRMATORY_JUNE,12-18 h,satellite_norad_id,65421,raw_rms_hz,6,931.2310844404788,
CONFIRMATORY_JUNE,12-18 h,satellite_norad_id,65421,score_orbit_hz,6,53.902196083549846,
CONFIRMATORY_JUNE,12-18 h,satellite_norad_id,65421,abs_delta_k_orbit_hz_per_s,6,13.882455291173127,
CONFIRMATORY_JUNE,12-18 h,satellite_norad_id,65686,raw_rms_hz,6,283.29909090654223,
CONFIRMATORY_JUNE,12-18 h,satellite_norad_id,65686,score_orbit_hz,6,4.954760814672326,
CONFIRMATORY_JUNE,12-18 h,satellite_norad_id,65686,abs_delta_k_orbit_hz_per_s,6,0.8131567728576179,
CONFIRMATORY_JUNE,12-18 h,satellite_norad_id,65693,raw_rms_hz,6,1265.3230009148451,
CONFIRMATORY_JUNE,12-18 h,satellite_norad_id,65693,score_orbit_hz,6,56.6767025332951,
CONFIRMATORY_JUNE,12-18 h,satellite_norad_id,65693,abs_delta_k_orbit_hz_per_s,6,15.430689530344889,
CONFIRMATORY_JUNE,18-24 h,satellite_norad_id,44714,raw_rms_hz,6,538.5512375954814,
CONFIRMATORY_JUNE,18-24 h,satellite_norad_id,44714,score_orbit_hz,6,3.7099903329067985,
CONFIRMATORY_JUNE,18-24 h,satellite_norad_id,44714,abs_delta_k_orbit_hz_per_s,6,0.48338436734922324,
CONFIRMATORY_JUNE,18-24 h,satellite_norad_id,45230,raw_rms_hz,6,264.6617648651048,
CONFIRMATORY_JUNE,18-24 h,satellite_norad_id,45230,score_orbit_hz,6,10.723339840892114,
CONFIRMATORY_JUNE,18-24 h,satellite_norad_id,45230,abs_delta_k_orbit_hz_per_s,6,0.4461872634907873,
CONFIRMATORY_JUNE,18-24 h,satellite_norad_id,47383,raw_rms_hz,6,202.1917593888632,
CONFIRMATORY_JUNE,18-24 h,satellite_norad_id,47383,score_orbit_hz,6,3.0126927227419613,
CONFIRMATORY_JUNE,18-24 h,satellite_norad_id,47383,abs_delta_k_orbit_hz_per_s,6,0.9587228187488415,
CONFIRMATORY_JUNE,18-24 h,satellite_norad_id,47749,raw_rms_hz,6,1006.9911517454242,
CONFIRMATORY_JUNE,18-24 h,satellite_norad_id,47749,score_orbit_hz,6,112.43004797932983,
CONFIRMATORY_JUNE,18-24 h,satellite_norad_id,47749,abs_delta_k_orbit_hz_per_s,6,6.12447091056707,
CONFIRMATORY_JUNE,18-24 h,satellite_norad_id,47767,raw_rms_hz,6,794.8425387418545,
CONFIRMATORY_JUNE,18-24 h,satellite_norad_id,47767,score_orbit_hz,6,16.103386831105237,
CONFIRMATORY_JUNE,18-24 h,satellite_norad_id,47767,abs_delta_k_orbit_hz_per_s,6,1.6029365239478754,
CONFIRMATORY_JUNE,18-24 h,satellite_norad_id,47844,raw_rms_hz,6,548.6627727099857,
CONFIRMATORY_JUNE,18-24 h,satellite_norad_id,47844,score_orbit_hz,6,15.42875184220869,
CONFIRMATORY_JUNE,18-24 h,satellite_norad_id,47844,abs_delta_k_orbit_hz_per_s,6,4.512224860067788,
CONFIRMATORY_JUNE,18-24 h,satellite_norad_id,48111,raw_rms_hz,6,1342.4262885693886,
CONFIRMATORY_JUNE,18-24 h,satellite_norad_id,48111,score_orbit_hz,6,11.883753468426768,
CONFIRMATORY_JUNE,18-24 h,satellite_norad_id,48111,abs_delta_k_orbit_hz_per_s,6,3.457842864516173,
CONFIRMATORY_JUNE,18-24 h,satellite_norad_id,48309,raw_rms_hz,6,322.1320329914963,
CONFIRMATORY_JUNE,18-24 h,satellite_norad_id,48309,score_orbit_hz,6,9.999834731649706,
CONFIRMATORY_JUNE,18-24 h,satellite_norad_id,48309,abs_delta_k_orbit_hz_per_s,6,2.884581374617749,
CONFIRMATORY_JUNE,18-24 h,satellite_norad_id,48458,raw_rms_hz,6,680.2983639766342,
CONFIRMATORY_JUNE,18-24 h,satellite_norad_id,48458,score_orbit_hz,6,7.9826180958067585,
CONFIRMATORY_JUNE,18-24 h,satellite_norad_id,48458,abs_delta_k_orbit_hz_per_s,6,0.8499086701762796,
CONFIRMATORY_JUNE,18-24 h,satellite_norad_id,48672,raw_rms_hz,6,386.4180215508538,
CONFIRMATORY_JUNE,18-24 h,satellite_norad_id,48672,score_orbit_hz,6,6.733568166982874,
CONFIRMATORY_JUNE,18-24 h,satellite_norad_id,48672,abs_delta_k_orbit_hz_per_s,6,1.4472537399283927,
CONFIRMATORY_JUNE,18-24 h,satellite_norad_id,58380,raw_rms_hz,6,292.38001732080374,
CONFIRMATORY_JUNE,18-24 h,satellite_norad_id,58380,score_orbit_hz,6,1.3750736709578395,
CONFIRMATORY_JUNE,18-24 h,satellite_norad_id,58380,abs_delta_k_orbit_hz_per_s,6,0.27061247323821414,
CONFIRMATORY_JUNE,18-24 h,satellite_norad_id,60265,raw_rms_hz,6,1412.0759408998608,
CONFIRMATORY_JUNE,18-24 h,satellite_norad_id,60265,score_orbit_hz,6,72.13946474074375,
CONFIRMATORY_JUNE,18-24 h,satellite_norad_id,60265,abs_delta_k_orbit_hz_per_s,6,9.965939125442306,
CONFIRMATORY_JUNE,18-24 h,satellite_norad_id,65405,raw_rms_hz,6,2142.155469191067,
CONFIRMATORY_JUNE,18-24 h,satellite_norad_id,65405,score_orbit_hz,6,30.54743581521553,
CONFIRMATORY_JUNE,18-24 h,satellite_norad_id,65405,abs_delta_k_orbit_hz_per_s,6,10.358725095211302,
CONFIRMATORY_JUNE,18-24 h,satellite_norad_id,65407,raw_rms_hz,6,991.0087895507074,
CONFIRMATORY_JUNE,18-24 h,satellite_norad_id,65407,score_orbit_hz,6,28.62697590531215,
CONFIRMATORY_JUNE,18-24 h,satellite_norad_id,65407,abs_delta_k_orbit_hz_per_s,6,6.8541988988076525,
CONFIRMATORY_JUNE,18-24 h,satellite_norad_id,65409,raw_rms_hz,6,663.0161629425752,
CONFIRMATORY_JUNE,18-24 h,satellite_norad_id,65409,score_orbit_hz,6,30.272650742390674,
CONFIRMATORY_JUNE,18-24 h,satellite_norad_id,65409,abs_delta_k_orbit_hz_per_s,6,6.950741664850167,
CONFIRMATORY_JUNE,18-24 h,satellite_norad_id,65410,raw_rms_hz,6,11445.54652860952,
CONFIRMATORY_JUNE,18-24 h,satellite_norad_id,65410,score_orbit_hz,6,66.7858996358101,
CONFIRMATORY_JUNE,18-24 h,satellite_norad_id,65410,abs_delta_k_orbit_hz_per_s,6,24.74605085034022,
CONFIRMATORY_JUNE,18-24 h,satellite_norad_id,65411,raw_rms_hz,6,4694.1755892348565,
CONFIRMATORY_JUNE,18-24 h,satellite_norad_id,65411,score_orbit_hz,6,100.47984987307112,
CONFIRMATORY_JUNE,18-24 h,satellite_norad_id,65411,abs_delta_k_orbit_hz_per_s,6,26.578168275682863,
CONFIRMATORY_JUNE,18-24 h,satellite_norad_id,65421,raw_rms_hz,6,1810.8867906035434,
CONFIRMATORY_JUNE,18-24 h,satellite_norad_id,65421,score_orbit_hz,6,77.74036277318491,
CONFIRMATORY_JUNE,18-24 h,satellite_norad_id,65421,abs_delta_k_orbit_hz_per_s,6,23.31179964583997,
CONFIRMATORY_JUNE,18-24 h,satellite_norad_id,65686,raw_rms_hz,6,3326.4075823497,
CONFIRMATORY_JUNE,18-24 h,satellite_norad_id,65686,score_orbit_hz,6,66.78726338704236,
CONFIRMATORY_JUNE,18-24 h,satellite_norad_id,65686,abs_delta_k_orbit_hz_per_s,6,15.224713831739672,
CONFIRMATORY_JUNE,18-24 h,satellite_norad_id,65693,raw_rms_hz,6,2638.6504802960667,
CONFIRMATORY_JUNE,18-24 h,satellite_norad_id,65693,score_orbit_hz,6,18.818289360583968,
CONFIRMATORY_JUNE,18-24 h,satellite_norad_id,65693,abs_delta_k_orbit_hz_per_s,6,8.62600492480443,
CONFIRMATORY_JUNE,24-36 h,satellite_norad_id,44714,raw_rms_hz,6,154.85320244664425,
CONFIRMATORY_JUNE,24-36 h,satellite_norad_id,44714,score_orbit_hz,6,11.265537873114631,
CONFIRMATORY_JUNE,24-36 h,satellite_norad_id,44714,abs_delta_k_orbit_hz_per_s,6,1.7400837001568559,
CONFIRMATORY_JUNE,24-36 h,satellite_norad_id,45230,raw_rms_hz,6,98.91724837275586,
CONFIRMATORY_JUNE,24-36 h,satellite_norad_id,45230,score_orbit_hz,6,5.50115128651927,
CONFIRMATORY_JUNE,24-36 h,satellite_norad_id,45230,abs_delta_k_orbit_hz_per_s,6,0.9622802272415366,
CONFIRMATORY_JUNE,24-36 h,satellite_norad_id,47383,raw_rms_hz,6,7544.032033217857,
CONFIRMATORY_JUNE,24-36 h,satellite_norad_id,47383,score_orbit_hz,6,135.97880457059546,
CONFIRMATORY_JUNE,24-36 h,satellite_norad_id,47383,abs_delta_k_orbit_hz_per_s,6,19.37926478363231,
CONFIRMATORY_JUNE,24-36 h,satellite_norad_id,47749,raw_rms_hz,6,3281.6062680910236,
CONFIRMATORY_JUNE,24-36 h,satellite_norad_id,47749,score_orbit_hz,6,258.87312386579447,
CONFIRMATORY_JUNE,24-36 h,satellite_norad_id,47749,abs_delta_k_orbit_hz_per_s,6,55.18773619607921,
CONFIRMATORY_JUNE,24-36 h,satellite_norad_id,47767,raw_rms_hz,6,1391.8671756346835,
CONFIRMATORY_JUNE,24-36 h,satellite_norad_id,47767,score_orbit_hz,6,43.64956235576229,
CONFIRMATORY_JUNE,24-36 h,satellite_norad_id,47767,abs_delta_k_orbit_hz_per_s,6,7.4417218792823085,
CONFIRMATORY_JUNE,24-36 h,satellite_norad_id,47844,raw_rms_hz,6,940.6929644760704,
CONFIRMATORY_JUNE,24-36 h,satellite_norad_id,47844,score_orbit_hz,6,36.673617067472364,
CONFIRMATORY_JUNE,24-36 h,satellite_norad_id,47844,abs_delta_k_orbit_hz_per_s,6,8.918839581286324,
CONFIRMATORY_JUNE,24-36 h,satellite_norad_id,48111,raw_rms_hz,6,455.1170417743201,
CONFIRMATORY_JUNE,24-36 h,satellite_norad_id,48111,score_orbit_hz,6,15.975529956820473,
CONFIRMATORY_JUNE,24-36 h,satellite_norad_id,48111,abs_delta_k_orbit_hz_per_s,6,4.36996838964526,
CONFIRMATORY_JUNE,24-36 h,satellite_norad_id,48309,raw_rms_hz,6,3864.1584345503597,
CONFIRMATORY_JUNE,24-36 h,satellite_norad_id,48309,score_orbit_hz,6,84.27556567532456,
CONFIRMATORY_JUNE,24-36 h,satellite_norad_id,48309,abs_delta_k_orbit_hz_per_s,6,17.408981601124033,
CONFIRMATORY_JUNE,24-36 h,satellite_norad_id,48458,raw_rms_hz,6,3958.9784805931813,
CONFIRMATORY_JUNE,24-36 h,satellite_norad_id,48458,score_orbit_hz,6,77.68888879904824,
CONFIRMATORY_JUNE,24-36 h,satellite_norad_id,48458,abs_delta_k_orbit_hz_per_s,6,11.487210999765711,
CONFIRMATORY_JUNE,24-36 h,satellite_norad_id,48672,raw_rms_hz,6,1227.718884536023,
CONFIRMATORY_JUNE,24-36 h,satellite_norad_id,48672,score_orbit_hz,6,27.119973461222266,
CONFIRMATORY_JUNE,24-36 h,satellite_norad_id,48672,abs_delta_k_orbit_hz_per_s,6,10.075734228762547,
CONFIRMATORY_JUNE,24-36 h,satellite_norad_id,58380,raw_rms_hz,6,1398.2542253341753,
CONFIRMATORY_JUNE,24-36 h,satellite_norad_id,58380,score_orbit_hz,6,7.613012796584631,
CONFIRMATORY_JUNE,24-36 h,satellite_norad_id,58380,abs_delta_k_orbit_hz_per_s,6,7.041740976875264,
CONFIRMATORY_JUNE,24-36 h,satellite_norad_id,65405,raw_rms_hz,6,2013.4990131882946,
CONFIRMATORY_JUNE,24-36 h,satellite_norad_id,65405,score_orbit_hz,6,119.09662974223883,
CONFIRMATORY_JUNE,24-36 h,satellite_norad_id,65405,abs_delta_k_orbit_hz_per_s,6,29.582037038717385,
CONFIRMATORY_JUNE,24-36 h,satellite_norad_id,65407,raw_rms_hz,6,2269.5315193457664,
CONFIRMATORY_JUNE,24-36 h,satellite_norad_id,65407,score_orbit_hz,6,13.509720351981558,
CONFIRMATORY_JUNE,24-36 h,satellite_norad_id,65407,abs_delta_k_orbit_hz_per_s,6,9.080769166689212,
CONFIRMATORY_JUNE,24-36 h,satellite_norad_id,65409,raw_rms_hz,6,3212.5268307912447,
CONFIRMATORY_JUNE,24-36 h,satellite_norad_id,65409,score_orbit_hz,6,10.362786142421019,
CONFIRMATORY_JUNE,24-36 h,satellite_norad_id,65409,abs_delta_k_orbit_hz_per_s,6,10.013967768368051,
CONFIRMATORY_JUNE,24-36 h,satellite_norad_id,65410,raw_rms_hz,6,1564.4953275818316,
CONFIRMATORY_JUNE,24-36 h,satellite_norad_id,65410,score_orbit_hz,6,92.28656425002328,
CONFIRMATORY_JUNE,24-36 h,satellite_norad_id,65410,abs_delta_k_orbit_hz_per_s,6,21.465779979338677,
CONFIRMATORY_JUNE,24-36 h,satellite_norad_id,65411,raw_rms_hz,6,2415.5765139449322,
CONFIRMATORY_JUNE,24-36 h,satellite_norad_id,65411,score_orbit_hz,6,34.015349242916955,
CONFIRMATORY_JUNE,24-36 h,satellite_norad_id,65411,abs_delta_k_orbit_hz_per_s,6,2.9518397498673004,
CONFIRMATORY_JUNE,24-36 h,satellite_norad_id,65421,raw_rms_hz,6,3492.1709191245204,
CONFIRMATORY_JUNE,24-36 h,satellite_norad_id,65421,score_orbit_hz,6,58.079798114535016,
CONFIRMATORY_JUNE,24-36 h,satellite_norad_id,65421,abs_delta_k_orbit_hz_per_s,6,7.106840766491188,
CONFIRMATORY_JUNE,24-36 h,satellite_norad_id,65686,raw_rms_hz,6,3018.9811961063865,
CONFIRMATORY_JUNE,24-36 h,satellite_norad_id,65686,score_orbit_hz,6,121.05041399134981,
CONFIRMATORY_JUNE,24-36 h,satellite_norad_id,65686,abs_delta_k_orbit_hz_per_s,6,32.11313615906876,
CONFIRMATORY_JUNE,24-36 h,satellite_norad_id,65693,raw_rms_hz,6,2706.455476625969,
CONFIRMATORY_JUNE,24-36 h,satellite_norad_id,65693,score_orbit_hz,6,54.55311357105999,
CONFIRMATORY_JUNE,24-36 h,satellite_norad_id,65693,abs_delta_k_orbit_hz_per_s,6,6.985900513877449,
CONFIRMATORY_JUNE,6-9 h,satellite_norad_id,44714,raw_rms_hz,6,271.8144172242396,
CONFIRMATORY_JUNE,6-9 h,satellite_norad_id,44714,score_orbit_hz,6,8.558424791923848,
CONFIRMATORY_JUNE,6-9 h,satellite_norad_id,44714,abs_delta_k_orbit_hz_per_s,6,2.3430279846736086,
CONFIRMATORY_JUNE,6-9 h,satellite_norad_id,45230,raw_rms_hz,6,436.7895828324574,
CONFIRMATORY_JUNE,6-9 h,satellite_norad_id,45230,score_orbit_hz,6,26.175596191893945,
CONFIRMATORY_JUNE,6-9 h,satellite_norad_id,45230,abs_delta_k_orbit_hz_per_s,6,1.2542017623017796,
CONFIRMATORY_JUNE,6-9 h,satellite_norad_id,47383,raw_rms_hz,6,457.32712138512875,
CONFIRMATORY_JUNE,6-9 h,satellite_norad_id,47383,score_orbit_hz,6,26.505135674407196,
CONFIRMATORY_JUNE,6-9 h,satellite_norad_id,47383,abs_delta_k_orbit_hz_per_s,6,1.690659423154351,
CONFIRMATORY_JUNE,6-9 h,satellite_norad_id,47749,raw_rms_hz,6,421.5033781631207,
CONFIRMATORY_JUNE,6-9 h,satellite_norad_id,47749,score_orbit_hz,6,4.5536213761108275,
CONFIRMATORY_JUNE,6-9 h,satellite_norad_id,47749,abs_delta_k_orbit_hz_per_s,6,1.854441103438485,
CONFIRMATORY_JUNE,6-9 h,satellite_norad_id,47767,raw_rms_hz,6,447.92928435028847,
CONFIRMATORY_JUNE,6-9 h,satellite_norad_id,47767,score_orbit_hz,6,16.699040846186428,
CONFIRMATORY_JUNE,6-9 h,satellite_norad_id,47767,abs_delta_k_orbit_hz_per_s,6,4.18317322380514,
CONFIRMATORY_JUNE,6-9 h,satellite_norad_id,47844,raw_rms_hz,6,338.00693946693696,
CONFIRMATORY_JUNE,6-9 h,satellite_norad_id,47844,score_orbit_hz,6,13.719677667147753,
CONFIRMATORY_JUNE,6-9 h,satellite_norad_id,47844,abs_delta_k_orbit_hz_per_s,6,4.216291202280903,
CONFIRMATORY_JUNE,6-9 h,satellite_norad_id,48111,raw_rms_hz,6,234.1310611949717,
CONFIRMATORY_JUNE,6-9 h,satellite_norad_id,48111,score_orbit_hz,6,9.805831931505669,
CONFIRMATORY_JUNE,6-9 h,satellite_norad_id,48111,abs_delta_k_orbit_hz_per_s,6,1.3079042525974807,
CONFIRMATORY_JUNE,6-9 h,satellite_norad_id,48309,raw_rms_hz,6,126.57753602940807,
CONFIRMATORY_JUNE,6-9 h,satellite_norad_id,48309,score_orbit_hz,6,3.1250392889847722,
CONFIRMATORY_JUNE,6-9 h,satellite_norad_id,48309,abs_delta_k_orbit_hz_per_s,6,0.9807000945952131,
CONFIRMATORY_JUNE,6-9 h,satellite_norad_id,48458,raw_rms_hz,6,453.987801685703,
CONFIRMATORY_JUNE,6-9 h,satellite_norad_id,48458,score_orbit_hz,6,20.283364579224152,
CONFIRMATORY_JUNE,6-9 h,satellite_norad_id,48458,abs_delta_k_orbit_hz_per_s,6,5.1778183018196735,
CONFIRMATORY_JUNE,6-9 h,satellite_norad_id,48672,raw_rms_hz,6,485.14184401277026,
CONFIRMATORY_JUNE,6-9 h,satellite_norad_id,48672,score_orbit_hz,6,9.060677331210506,
CONFIRMATORY_JUNE,6-9 h,satellite_norad_id,48672,abs_delta_k_orbit_hz_per_s,6,0.3187050514281712,
CONFIRMATORY_JUNE,6-9 h,satellite_norad_id,58380,raw_rms_hz,6,4879.517166870402,
CONFIRMATORY_JUNE,6-9 h,satellite_norad_id,58380,score_orbit_hz,6,262.87557292077474,
CONFIRMATORY_JUNE,6-9 h,satellite_norad_id,58380,abs_delta_k_orbit_hz_per_s,6,84.697605962365,
CONFIRMATORY_JUNE,6-9 h,satellite_norad_id,60265,raw_rms_hz,6,7672.392308934184,
CONFIRMATORY_JUNE,6-9 h,satellite_norad_id,60265,score_orbit_hz,6,108.13805486915824,
CONFIRMATORY_JUNE,6-9 h,satellite_norad_id,60265,abs_delta_k_orbit_hz_per_s,6,22.069388574724293,
CONFIRMATORY_JUNE,6-9 h,satellite_norad_id,65405,raw_rms_hz,6,41.55873056026864,
CONFIRMATORY_JUNE,6-9 h,satellite_norad_id,65405,score_orbit_hz,6,1.801421351699441,
CONFIRMATORY_JUNE,6-9 h,satellite_norad_id,65405,abs_delta_k_orbit_hz_per_s,6,0.2467822288218661,
CONFIRMATORY_JUNE,6-9 h,satellite_norad_id,65407,raw_rms_hz,6,829.0671442956699,
CONFIRMATORY_JUNE,6-9 h,satellite_norad_id,65407,score_orbit_hz,6,49.75887069483312,
CONFIRMATORY_JUNE,6-9 h,satellite_norad_id,65407,abs_delta_k_orbit_hz_per_s,6,12.828923265597362,
CONFIRMATORY_JUNE,6-9 h,satellite_norad_id,65409,raw_rms_hz,6,100.83697343798562,
CONFIRMATORY_JUNE,6-9 h,satellite_norad_id,65409,score_orbit_hz,6,4.273454341459264,
CONFIRMATORY_JUNE,6-9 h,satellite_norad_id,65409,abs_delta_k_orbit_hz_per_s,6,0.4446800883518587,
CONFIRMATORY_JUNE,6-9 h,satellite_norad_id,65410,raw_rms_hz,6,92.79801568794693,
CONFIRMATORY_JUNE,6-9 h,satellite_norad_id,65410,score_orbit_hz,6,4.229622521707887,
CONFIRMATORY_JUNE,6-9 h,satellite_norad_id,65410,abs_delta_k_orbit_hz_per_s,6,0.9340934179498687,
CONFIRMATORY_JUNE,6-9 h,satellite_norad_id,65411,raw_rms_hz,6,1425.3337049070974,
CONFIRMATORY_JUNE,6-9 h,satellite_norad_id,65411,score_orbit_hz,6,37.031350774390546,
CONFIRMATORY_JUNE,6-9 h,satellite_norad_id,65411,abs_delta_k_orbit_hz_per_s,6,11.367704928129335,
CONFIRMATORY_JUNE,6-9 h,satellite_norad_id,65421,raw_rms_hz,6,515.4013780876198,
CONFIRMATORY_JUNE,6-9 h,satellite_norad_id,65421,score_orbit_hz,6,9.88198417204081,
CONFIRMATORY_JUNE,6-9 h,satellite_norad_id,65421,abs_delta_k_orbit_hz_per_s,6,3.053476910865983,
CONFIRMATORY_JUNE,6-9 h,satellite_norad_id,65686,raw_rms_hz,5,209.87823500334653,
CONFIRMATORY_JUNE,6-9 h,satellite_norad_id,65686,score_orbit_hz,5,1.7302657402622843,
CONFIRMATORY_JUNE,6-9 h,satellite_norad_id,65686,abs_delta_k_orbit_hz_per_s,5,0.2024315205154945,
CONFIRMATORY_JUNE,6-9 h,satellite_norad_id,65693,raw_rms_hz,6,389.48848648853584,
CONFIRMATORY_JUNE,6-9 h,satellite_norad_id,65693,score_orbit_hz,6,2.9895872222419206,
CONFIRMATORY_JUNE,6-9 h,satellite_norad_id,65693,abs_delta_k_orbit_hz_per_s,6,1.1518526017256105,
CONFIRMATORY_JUNE,9-12 h,satellite_norad_id,44714,raw_rms_hz,6,379.4744128337192,
CONFIRMATORY_JUNE,9-12 h,satellite_norad_id,44714,score_orbit_hz,6,11.02101991199491,
CONFIRMATORY_JUNE,9-12 h,satellite_norad_id,44714,abs_delta_k_orbit_hz_per_s,6,0.48857697169658415,
CONFIRMATORY_JUNE,9-12 h,satellite_norad_id,45230,raw_rms_hz,6,567.312301210728,
CONFIRMATORY_JUNE,9-12 h,satellite_norad_id,45230,score_orbit_hz,6,4.921191860668632,
CONFIRMATORY_JUNE,9-12 h,satellite_norad_id,45230,abs_delta_k_orbit_hz_per_s,6,0.44327081370643706,
CONFIRMATORY_JUNE,9-12 h,satellite_norad_id,47383,raw_rms_hz,6,1802.119212165856,
CONFIRMATORY_JUNE,9-12 h,satellite_norad_id,47383,score_orbit_hz,6,44.11551145443056,
CONFIRMATORY_JUNE,9-12 h,satellite_norad_id,47383,abs_delta_k_orbit_hz_per_s,6,6.723604764741671,
CONFIRMATORY_JUNE,9-12 h,satellite_norad_id,47749,raw_rms_hz,6,166.68997496058614,
CONFIRMATORY_JUNE,9-12 h,satellite_norad_id,47749,score_orbit_hz,6,12.639733922566489,
CONFIRMATORY_JUNE,9-12 h,satellite_norad_id,47749,abs_delta_k_orbit_hz_per_s,6,2.806838595684342,
CONFIRMATORY_JUNE,9-12 h,satellite_norad_id,47767,raw_rms_hz,6,581.4218924252151,
CONFIRMATORY_JUNE,9-12 h,satellite_norad_id,47767,score_orbit_hz,6,4.462504864902552,
CONFIRMATORY_JUNE,9-12 h,satellite_norad_id,47767,abs_delta_k_orbit_hz_per_s,6,1.4892761115483175,
CONFIRMATORY_JUNE,9-12 h,satellite_norad_id,47844,raw_rms_hz,3,147.4720484674815,
CONFIRMATORY_JUNE,9-12 h,satellite_norad_id,47844,score_orbit_hz,3,1.0054593476453786,
CONFIRMATORY_JUNE,9-12 h,satellite_norad_id,47844,abs_delta_k_orbit_hz_per_s,3,0.4387250781248383,
CONFIRMATORY_JUNE,9-12 h,satellite_norad_id,48111,raw_rms_hz,6,180.33707437355054,
CONFIRMATORY_JUNE,9-12 h,satellite_norad_id,48111,score_orbit_hz,6,1.6982594998642377,
CONFIRMATORY_JUNE,9-12 h,satellite_norad_id,48111,abs_delta_k_orbit_hz_per_s,6,0.4398176384879949,
CONFIRMATORY_JUNE,9-12 h,satellite_norad_id,48309,raw_rms_hz,6,626.4413494974234,
CONFIRMATORY_JUNE,9-12 h,satellite_norad_id,48309,score_orbit_hz,6,18.636253218273893,
CONFIRMATORY_JUNE,9-12 h,satellite_norad_id,48309,abs_delta_k_orbit_hz_per_s,6,3.423696641755572,
CONFIRMATORY_JUNE,9-12 h,satellite_norad_id,48458,raw_rms_hz,6,318.4479276589964,
CONFIRMATORY_JUNE,9-12 h,satellite_norad_id,48458,score_orbit_hz,6,5.948225356613024,
CONFIRMATORY_JUNE,9-12 h,satellite_norad_id,48458,abs_delta_k_orbit_hz_per_s,6,1.3570093241146428,
CONFIRMATORY_JUNE,9-12 h,satellite_norad_id,48672,raw_rms_hz,6,492.549361450202,
CONFIRMATORY_JUNE,9-12 h,satellite_norad_id,48672,score_orbit_hz,6,7.190929519159838,
CONFIRMATORY_JUNE,9-12 h,satellite_norad_id,48672,abs_delta_k_orbit_hz_per_s,6,1.3189532498844336,
CONFIRMATORY_JUNE,9-12 h,satellite_norad_id,58380,raw_rms_hz,6,6906.410842118096,
CONFIRMATORY_JUNE,9-12 h,satellite_norad_id,58380,score_orbit_hz,6,307.14544706917474,
CONFIRMATORY_JUNE,9-12 h,satellite_norad_id,58380,abs_delta_k_orbit_hz_per_s,6,60.54860409091602,
CONFIRMATORY_JUNE,9-12 h,satellite_norad_id,60265,raw_rms_hz,6,6330.98452428547,
CONFIRMATORY_JUNE,9-12 h,satellite_norad_id,60265,score_orbit_hz,6,373.02306712447376,
CONFIRMATORY_JUNE,9-12 h,satellite_norad_id,60265,abs_delta_k_orbit_hz_per_s,6,94.24126269987565,
CONFIRMATORY_JUNE,9-12 h,satellite_norad_id,65405,raw_rms_hz,6,1226.009089285592,
CONFIRMATORY_JUNE,9-12 h,satellite_norad_id,65405,score_orbit_hz,6,12.91634161910336,
CONFIRMATORY_JUNE,9-12 h,satellite_norad_id,65405,abs_delta_k_orbit_hz_per_s,6,2.38489325728636,
CONFIRMATORY_JUNE,9-12 h,satellite_norad_id,65407,raw_rms_hz,6,388.69717951406943,
CONFIRMATORY_JUNE,9-12 h,satellite_norad_id,65407,score_orbit_hz,6,17.736314448494067,
CONFIRMATORY_JUNE,9-12 h,satellite_norad_id,65407,abs_delta_k_orbit_hz_per_s,6,0.8463738998239592,
CONFIRMATORY_JUNE,9-12 h,satellite_norad_id,65409,raw_rms_hz,6,238.46942211779464,
CONFIRMATORY_JUNE,9-12 h,satellite_norad_id,65409,score_orbit_hz,6,11.250322585305158,
CONFIRMATORY_JUNE,9-12 h,satellite_norad_id,65409,abs_delta_k_orbit_hz_per_s,6,0.6916079300285835,
CONFIRMATORY_JUNE,9-12 h,satellite_norad_id,65410,raw_rms_hz,6,1068.3483125149066,
CONFIRMATORY_JUNE,9-12 h,satellite_norad_id,65410,score_orbit_hz,6,52.08927230958029,
CONFIRMATORY_JUNE,9-12 h,satellite_norad_id,65410,abs_delta_k_orbit_hz_per_s,6,5.474017630828742,
CONFIRMATORY_JUNE,9-12 h,satellite_norad_id,65411,raw_rms_hz,6,840.1036037267725,
CONFIRMATORY_JUNE,9-12 h,satellite_norad_id,65411,score_orbit_hz,6,4.77787732843734,
CONFIRMATORY_JUNE,9-12 h,satellite_norad_id,65411,abs_delta_k_orbit_hz_per_s,6,1.4532537239938117,
CONFIRMATORY_JUNE,9-12 h,satellite_norad_id,65421,raw_rms_hz,6,907.9275844310175,
CONFIRMATORY_JUNE,9-12 h,satellite_norad_id,65421,score_orbit_hz,6,26.144536558045544,
CONFIRMATORY_JUNE,9-12 h,satellite_norad_id,65421,abs_delta_k_orbit_hz_per_s,6,3.573507401654484,
CONFIRMATORY_JUNE,9-12 h,satellite_norad_id,65686,raw_rms_hz,6,62.288463084966764,
CONFIRMATORY_JUNE,9-12 h,satellite_norad_id,65686,score_orbit_hz,6,3.460362072482543,
CONFIRMATORY_JUNE,9-12 h,satellite_norad_id,65686,abs_delta_k_orbit_hz_per_s,6,1.0281832639027504,
CONFIRMATORY_JUNE,9-12 h,satellite_norad_id,65693,raw_rms_hz,6,581.887695810429,
CONFIRMATORY_JUNE,9-12 h,satellite_norad_id,65693,score_orbit_hz,6,33.355960958264376,
CONFIRMATORY_JUNE,9-12 h,satellite_norad_id,65693,abs_delta_k_orbit_hz_per_s,6,8.137259776651515,
CONFIRMATORY_JUNE,0-6 h,month,2026-06,raw_rms_hz,112,194.43881162541618,1061.7410752550263
CONFIRMATORY_JUNE,0-6 h,month,2026-06,score_orbit_hz,112,7.6313613312201936,63.91302198351019
CONFIRMATORY_JUNE,0-6 h,month,2026-06,abs_delta_k_orbit_hz_per_s,112,1.322424717695861,6.788307324656106
CONFIRMATORY_JUNE,12-18 h,month,2026-06,raw_rms_hz,120,775.8004999686825,4751.155924423008
CONFIRMATORY_JUNE,12-18 h,month,2026-06,score_orbit_hz,120,40.776659996689986,345.13117263861193
CONFIRMATORY_JUNE,12-18 h,month,2026-06,abs_delta_k_orbit_hz_per_s,120,4.726281421213541,27.990682990327848
CONFIRMATORY_JUNE,18-24 h,month,2026-06,raw_rms_hz,120,947.7094043472339,4248.096083871184
CONFIRMATORY_JUNE,18-24 h,month,2026-06,score_orbit_hz,120,18.52248847433986,141.04339217544373
CONFIRMATORY_JUNE,18-24 h,month,2026-06,abs_delta_k_orbit_hz_per_s,120,4.566431692275721,25.129360499661928
CONFIRMATORY_JUNE,24-36 h,month,2026-06,raw_rms_hz,114,2210.961561713825,7640.605758516399
CONFIRMATORY_JUNE,24-36 h,month,2026-06,score_orbit_hz,114,40.59480159100032,348.3409262982023
CONFIRMATORY_JUNE,24-36 h,month,2026-06,abs_delta_k_orbit_hz_per_s,114,7.657081536878543,43.49673462584814
CONFIRMATORY_JUNE,6-9 h,month,2026-06,raw_rms_hz,119,301.4273109554708,2040.7448756282354
CONFIRMATORY_JUNE,6-9 h,month,2026-06,score_orbit_hz,119,13.67105777600313,107.37874667837494
CONFIRMATORY_JUNE,6-9 h,month,2026-06,abs_delta_k_orbit_hz_per_s,119,1.615767360225291,12.679512936649099
CONFIRMATORY_JUNE,9-12 h,month,2026-06,raw_rms_hz,117,499.961174238627,4192.148152292488
CONFIRMATORY_JUNE,9-12 h,month,2026-06,score_orbit_hz,117,11.16477115098319,231.99879674282934
CONFIRMATORY_JUNE,9-12 h,month,2026-06,abs_delta_k_orbit_hz_per_s,117,1.684744767219791,36.98081866850874
CONFIRMATORY_JUNE,0-6 h,station_id,controlled_example_station,raw_rms_hz,112,194.43881162541618,1061.7410752550263
CONFIRMATORY_JUNE,0-6 h,station_id,controlled_example_station,score_orbit_hz,112,7.6313613312201936,63.91302198351019
CONFIRMATORY_JUNE,0-6 h,station_id,controlled_example_station,abs_delta_k_orbit_hz_per_s,112,1.322424717695861,6.788307324656106
CONFIRMATORY_JUNE,12-18 h,station_id,controlled_example_station,raw_rms_hz,120,775.8004999686825,4751.155924423008
CONFIRMATORY_JUNE,12-18 h,station_id,controlled_example_station,score_orbit_hz,120,40.776659996689986,345.13117263861193
CONFIRMATORY_JUNE,12-18 h,station_id,controlled_example_station,abs_delta_k_orbit_hz_per_s,120,4.726281421213541,27.990682990327848
CONFIRMATORY_JUNE,18-24 h,station_id,controlled_example_station,raw_rms_hz,120,947.7094043472339,4248.096083871184
CONFIRMATORY_JUNE,18-24 h,station_id,controlled_example_station,score_orbit_hz,120,18.52248847433986,141.04339217544373
CONFIRMATORY_JUNE,18-24 h,station_id,controlled_example_station,abs_delta_k_orbit_hz_per_s,120,4.566431692275721,25.129360499661928
CONFIRMATORY_JUNE,24-36 h,station_id,controlled_example_station,raw_rms_hz,114,2210.961561713825,7640.605758516399
CONFIRMATORY_JUNE,24-36 h,station_id,controlled_example_station,score_orbit_hz,114,40.59480159100032,348.3409262982023
CONFIRMATORY_JUNE,24-36 h,station_id,controlled_example_station,abs_delta_k_orbit_hz_per_s,114,7.657081536878543,43.49673462584814
CONFIRMATORY_JUNE,6-9 h,station_id,controlled_example_station,raw_rms_hz,119,301.4273109554708,2040.7448756282354
CONFIRMATORY_JUNE,6-9 h,station_id,controlled_example_station,score_orbit_hz,119,13.67105777600313,107.37874667837494
CONFIRMATORY_JUNE,6-9 h,station_id,controlled_example_station,abs_delta_k_orbit_hz_per_s,119,1.615767360225291,12.679512936649099
CONFIRMATORY_JUNE,9-12 h,station_id,controlled_example_station,raw_rms_hz,117,499.961174238627,4192.148152292488
CONFIRMATORY_JUNE,9-12 h,station_id,controlled_example_station,score_orbit_hz,117,11.16477115098319,231.99879674282934
CONFIRMATORY_JUNE,9-12 h,station_id,controlled_example_station,abs_delta_k_orbit_hz_per_s,117,1.684744767219791,36.98081866850874
