experiment_family,orbit_unit_id,A_id,A_name,B_class,B_identity_or_perturbation_definition,segment_or_pass_id,evaluation_time,A_GP_ID,A_GP_EPOCH,A_GP_CREATION_DATE,element_age_hours,publication_age_hours,A_state_reconstruction_identity,B_state_reconstruction_identity,synthetic_construction_anchor_time,altitude_offset_km,phase_offset_s,inclination_offset_deg,physical_position_separation_km,physical_velocity_separation_km_s,delta_R_km,delta_T_km,delta_N_km,orbit_score_vector_R_km,orbit_score_vector_T_km,orbit_score_vector_N_km,freshness_bin,orbit_support_status,D2,c95,c99,rho95,rho99,orbit_decision,rtn_orthonormality_error,sign_mapping_error_km,future_publication_violation,SupGP_operational_use,orbit_scoring_status,planned_observation_rows,completed_observation_rows,condition_count,n_realizations,n_accept,n_reject,n_verifier_defer,controlled_observation_acceptance_fraction,endpoint_interpretation,descriptive_interval,descriptive_persistence_label,descriptive_label_status,abs_delta_R_fraction,abs_delta_T_fraction,abs_delta_N_fraction,dominant_RTN_axis,dominant_RTN_signed_direction
active_compensation_first_pass,orbit_unit_01da1cd7d49a5bcb2184f5d8,65410,STARLINK-35024,REAL_B,44714,full_pass:65410,2026-03-10T06:43:17.500000Z,315434688,2026-03-09T16:20:35.643840,2026-03-10T03:44:43,14.378293377777778,2.97625,CAUSAL_GP:65410:315434688,STATIC_TLE:data/tle/starlink_tle.txt:44714,,0.0,0.0,0.0,13674.669227680704,14.219587196765836,-13648.459287065598,-802.3584500073548,-268.99534102320195,13648.459287065598,802.3584500073548,268.99534102320195,12-18 h,WITHIN_CALIBRATED_SUPPORT,7635692666.604853,29.005502435074128,1099.4845501122445,16224.974524905609,2635.2975266570124,ORBIT_DISTINCT,8.751006412148381e-17,0.0,0,0,SCORED,6,6,6,3,1,2,0,0.3333333333333333,conditional verifier acceptance fraction under the controlled observation model,"(0.1,0.5]",MIXED,DESCRIPTIVE_ONLY,0.998083321784336,0.05867479766042129,0.019671067471138018,R,R-
active_compensation_first_pass,orbit_unit_0e31ce3ba8102f845414472b,47383,STARLINK-2103,REAL_B,47767,full_pass:47383,2026-03-10T15:51:15Z,315494855,2026-03-10T06:10:56.016192,2026-03-10T15:47:10,9.671939946666663,0.0680555555555555,CAUSAL_GP:47383:315494855,STATIC_TLE:data/tle/starlink_tle.txt:47767,,0.0,0.0,0.0,7184.224305216214,9.776118215363155,-3761.469972957936,-5515.401739316427,-2654.197838168916,3761.469972957936,5515.401739316427,2654.197838168916,9-12 h,WITHIN_CALIBRATED_SUPPORT,854670276.860507,31.32749048335574,948.5696084793932,5223.198091967217,949.215228925004,ORBIT_DISTINCT,7.364392534712851e-17,0.0,0,0,SCORED,6,6,6,3,1,2,0,0.3333333333333333,conditional verifier acceptance fraction under the controlled observation model,"(0.1,0.5]",MIXED,DESCRIPTIVE_ONLY,0.5235735708066444,0.7677101249903747,0.3694480747548202,T,T-
active_compensation_first_pass,orbit_unit_4049d2046071d80eef315b42,65411,STARLINK-34983,REAL_B,47767,full_pass:65411,2026-03-10T06:25:06Z,315434188,2026-03-09T16:02:59.594784,2026-03-10T03:44:43,14.368445893333334,2.6730555555555555,CAUSAL_GP:65411:315434188,STATIC_TLE:data/tle/starlink_tle.txt:47767,,0.0,0.0,0.0,11012.67420126063,12.391117597965874,-8851.88094167205,6026.7450855256175,-2569.346323808335,8851.88094167205,-6026.7450855256175,2569.346323808335,12-18 h,WITHIN_CALIBRATED_SUPPORT,3139251158.96568,29.005502435074128,1099.4845501122445,10403.341030224728,1689.7344796342686,ORBIT_DISTINCT,2.220446049250313e-16,0.0,0,0,SCORED,6,6,6,3,1,2,0,0.3333333333333333,conditional verifier acceptance fraction under the controlled observation model,"(0.1,0.5]",MIXED,DESCRIPTIVE_ONLY,0.8037903219418557,0.5472553691668942,0.2333081208844097,R,R-
active_compensation_first_pass,orbit_unit_46004e393d4efcc97179894e,44714,STARLINK-1008,REAL_B,65411,full_pass:44714,2026-03-10T02:36:50.500000Z,315393241,2026-03-09T13:49:15.828096,2026-03-09T22:56:35,12.792964417777778,3.6709722222222223,CAUSAL_GP:44714:315393241,STATIC_TLE:data/tle/starlink_tle.txt:65411,,0.0,0.0,0.0,11958.091975708046,12.327656684873062,-10434.069644271103,-5728.383902516793,-1145.3262519387035,10434.069644271103,5728.383902516793,1145.3262519387035,12-18 h,WITHIN_CALIBRATED_SUPPORT,4436110290.407791,29.005502435074128,1099.4845501122445,12366.90347651822,2008.6607898242028,ORBIT_DISTINCT,2.220446049250313e-16,0.0,0,0,SCORED,6,6,6,3,1,2,0,0.3333333333333333,conditional verifier acceptance fraction under the controlled observation model,"(0.1,0.5]",MIXED,DESCRIPTIVE_ONLY,0.8725530515626674,0.47903828755904937,0.09577834442696598,R,R-
active_compensation_first_pass,orbit_unit_47032e8a69da01ccc8443696,65421,STARLINK-35146,REAL_B,65410,full_pass:65421,2026-03-10T06:45:29.500000Z,315434193,2026-03-09T17:56:44.636640,2026-03-10T03:44:43,12.812462044444445,3.0129166666666665,CAUSAL_GP:65421:315434193,STATIC_TLE:data/tle/starlink_tle.txt:65410,,0.0,0.0,0.0,974.3568494166068,1.0854269752706065,-69.61187282175655,971.866973557768,0.2070627154952831,69.61187282175655,-971.866973557768,-0.2070627154952831,12-18 h,WITHIN_CALIBRATED_SUPPORT,168191.9358300756,29.005502435074128,1099.4845501122445,76.14868153604311,12.368243278415529,ORBIT_DISTINCT,3.3306690738754696e-16,0.0,0,0,SCORED,6,6,6,3,0,3,0,0.0,conditional verifier acceptance fraction under the controlled observation model,0,ZERO,DESCRIPTIVE_ONLY,0.07144392002112619,0.9974445955192602,0.00021251219778386254,T,T+
active_compensation_first_pass,orbit_unit_5190660b1c6f5be5ed6beb87,45230,STARLINK-1227,REAL_B,47844,full_pass:45230,2026-03-10T15:10:45Z,315473124,2026-03-10T05:29:47.380704,2026-03-10T09:52:28,9.682672026666664,5.304722222222222,CAUSAL_GP:45230:315473124,STATIC_TLE:data/tle/starlink_tle.txt:47844,,0.0,0.0,0.0,11282.577764856604,12.367147683074617,-9294.669463923909,16.520181655051942,6395.733551363377,9294.669463923909,-16.520181655051942,-6395.733551363377,9-12 h,WITHIN_CALIBRATED_SUPPORT,6657046879.533952,31.32749048335574,948.5696084793932,14577.330633836196,2649.147895805891,ORBIT_DISTINCT,2.220446049250313e-16,0.0,0,0,SCORED,6,6,6,3,1,2,0,0.3333333333333333,conditional verifier acceptance fraction under the controlled observation model,"(0.1,0.5]",MIXED,DESCRIPTIVE_ONLY,0.8238072590889018,0.0014642204999029231,0.5668681115839544,R,R-
active_compensation_first_pass,orbit_unit_564d0c7d33492d7174a4c984,65686,STARLINK-35137,REAL_B,48309,full_pass:65686,2026-03-10T13:17:56.500000Z,315485957,2026-03-10T00:29:40.547616,2026-03-10T09:52:28,12.804431217777775,3.424583333333333,CAUSAL_GP:65686:315485957,STATIC_TLE:data/tle/starlink_tle.txt:48309,,0.0,0.0,0.0,9361.76440861754,2.90155674858274,-6390.824008586625,-973.6224295033368,-6771.414970188945,6390.824008586625,973.6224295033368,6771.414970188945,12-18 h,WITHIN_CALIBRATED_SUPPORT,3230915985.51637,29.005502435074128,1099.4845501122445,10554.1347847546,1714.2267466475637,ORBIT_DISTINCT,2.220446049250313e-16,0.0,0,0,SCORED,6,6,6,3,1,2,0,0.3333333333333333,conditional verifier acceptance fraction under the controlled observation model,"(0.1,0.5]",MIXED,DESCRIPTIVE_ONLY,0.6826516594141,0.10399988581288304,0.723305423490024,N,N-
active_compensation_first_pass,orbit_unit_56d26dde1e75e9a35b0af9c6,44714,STARLINK-1008,REAL_B,47844,full_pass:44714,2026-03-10T02:36:50.500000Z,315393241,2026-03-09T13:49:15.828096,2026-03-09T22:56:35,12.792964417777778,3.6709722222222223,CAUSAL_GP:44714:315393241,STATIC_TLE:data/tle/starlink_tle.txt:47844,,0.0,0.0,0.0,4823.6171294105525,4.102163234688689,-1693.8811319141057,1159.7382111945394,-4364.980664743382,1693.8811319141057,-1159.7382111945394,4364.980664743382,12-18 h,WITHIN_CALIBRATED_SUPPORT,920420810.2337393,29.005502435074128,1099.4845501122445,5633.17208216144,914.95271271865,ORBIT_DISTINCT,2.220446049250313e-16,0.0,0,0,SCORED,6,6,6,3,0,3,0,0.0,conditional verifier acceptance fraction under the controlled observation model,0,ZERO,DESCRIPTIVE_ONLY,0.3511640925201497,0.2404291592969486,0.9049185595865865,N,N-
active_compensation_first_pass,orbit_unit_5a59587eea3a53e86c0d8f3e,47749,STARLINK-2163,REAL_B,65686,full_pass:47749,2026-03-10T04:40:56Z,315422051,2026-03-09T15:51:19.111968,2026-03-10T03:44:43,12.826913342222223,0.9369444444444444,CAUSAL_GP:47749:315422051,STATIC_TLE:data/tle/starlink_tle.txt:65686,,0.0,0.0,0.0,10560.920875123416,7.279670002275467,-8136.0922677834,-5677.17279376463,-3620.3261469750673,8136.0922677834,5677.17279376463,3620.3261469750673,12-18 h,WITHIN_CALIBRATED_SUPPORT,2957644199.31571,29.005502435074128,1099.4845501122445,10097.939572874366,1640.1304753902286,ORBIT_DISTINCT,2.220446049250313e-16,0.0,0,0,SCORED,6,6,6,3,1,2,0,0.3333333333333333,conditional verifier acceptance fraction under the controlled observation model,"(0.1,0.5]",MIXED,DESCRIPTIVE_ONLY,0.7703961012479723,0.5375641822236726,0.3428040215226744,R,R-
active_compensation_first_pass,orbit_unit_5f74b87c88ce26a869b02d29,47383,STARLINK-2103,REAL_B,65409,full_pass:47383,2026-03-10T15:51:15Z,315494855,2026-03-10T06:10:56.016192,2026-03-10T15:47:10,9.671939946666663,0.0680555555555555,CAUSAL_GP:47383:315494855,STATIC_TLE:data/tle/starlink_tle.txt:65409,,0.0,0.0,0.0,12602.27440030722,11.627373324774174,-11595.31396124156,3629.2489514793856,3345.8281858250148,11595.31396124156,-3629.2489514793856,-3345.8281858250148,9-12 h,WITHIN_CALIBRATED_SUPPORT,6924903406.281723,31.32749048335574,948.5696084793932,14867.709149519214,2701.918574686107,ORBIT_DISTINCT,7.364392534712851e-17,0.0,0,0,SCORED,6,6,6,3,1,2,0,0.3333333333333333,conditional verifier acceptance fraction under the controlled observation model,"(0.1,0.5]",MIXED,DESCRIPTIVE_ONLY,0.9200969279766582,0.2879836477287711,0.26549399573012383,R,R-
active_compensation_first_pass,orbit_unit_5fd8bdd961cbabb35eae6be3,65421,STARLINK-35146,REAL_B,65411,full_pass:65421,2026-03-10T06:45:29.500000Z,315434193,2026-03-09T17:56:44.636640,2026-03-10T03:44:43,12.812462044444445,3.0129166666666665,CAUSAL_GP:65421:315434193,STATIC_TLE:data/tle/starlink_tle.txt:65411,,0.0,0.0,0.0,8399.282617161147,9.35563632737393,-5151.216912177994,6634.210672666248,-12.71051997561142,5151.216912177994,-6634.210672666248,12.71051997561142,12-18 h,WITHIN_CALIBRATED_SUPPORT,1054472941.622598,29.005502435074128,1099.4845501122445,6029.447578023313,979.3166864504146,ORBIT_DISTINCT,3.3306690738754696e-16,0.0,0,0,SCORED,6,6,6,3,1,2,0,0.3333333333333333,conditional verifier acceptance fraction under the controlled observation model,"(0.1,0.5]",MIXED,DESCRIPTIVE_ONLY,0.6132924854383627,0.7898544405579878,0.0015132863787249752,T,T+
active_compensation_first_pass,orbit_unit_76c02f6fa9e7d19d30d96093,65686,STARLINK-35137,REAL_B,44714,full_pass:65686,2026-03-10T13:17:56.500000Z,315485957,2026-03-10T00:29:40.547616,2026-03-10T09:52:28,12.804431217777775,3.424583333333333,CAUSAL_GP:65686:315485957,STATIC_TLE:data/tle/starlink_tle.txt:44714,,0.0,0.0,0.0,12504.517009427484,10.793871104946025,-11414.68263222218,4861.152521617589,1561.1413152810806,11414.68263222218,-4861.152521617589,-1561.1413152810806,12-18 h,WITHIN_CALIBRATED_SUPPORT,5694409047.033736,29.005502435074128,1099.4845501122445,14011.483959559457,2275.777318894512,ORBIT_DISTINCT,2.220446049250313e-16,0.0,0,0,SCORED,6,6,6,3,1,2,0,0.3333333333333333,conditional verifier acceptance fraction under the controlled observation model,"(0.1,0.5]",MIXED,DESCRIPTIVE_ONLY,0.9128447443125034,0.38875172211390796,0.12484619070885306,R,R-
active_compensation_first_pass,orbit_unit_7eb62bffa9207967c37ce987,48309,STARLINK-2517,REAL_B,45230,full_pass:48309,2026-03-10T01:24:47Z,315394250,2026-03-09T20:00:00.999360,2026-03-09T22:56:35,5.412777955555555,2.47,CAUSAL_GP:48309:315394250,STATIC_TLE:data/tle/starlink_tle.txt:45230,,0.0,0.0,0.0,4466.07672204375,7.694791390285349,-1453.6706544777237,-3542.328865259261,-2298.823422066685,1453.6706544777237,3542.328865259261,2298.823422066685,0-6 h,WITHIN_CALIBRATED_SUPPORT,273916369.02528554,47.98776059005807,926.7323687698332,2389.1518375879928,543.6655658155909,ORBIT_DISTINCT,1.1102230246251563e-16,0.0,0,0,SCORED,6,6,6,3,1,2,0,0.3333333333333333,conditional verifier acceptance fraction under the controlled observation model,"(0.1,0.5]",MIXED,DESCRIPTIVE_ONLY,0.3254916439976652,0.7931634599501984,0.5147299442304937,T,T-
active_compensation_first_pass,orbit_unit_812f05a5b480962313951faf,65409,STARLINK-35022,REAL_B,65410,full_pass:65409,2026-03-10T06:43:59Z,315434187,2026-03-09T17:55:17.144544,2026-03-10T03:44:43,12.811626515555554,2.9877777777777776,CAUSAL_GP:65409:315434187,STATIC_TLE:data/tle/starlink_tle.txt:65410,,0.0,0.0,0.0,306.7891796139443,0.3422915644467972,-6.818981268131367,306.7132658284132,0.2734730901835149,6.818981268131367,-306.7132658284132,-0.2734730901835149,12-18 h,WITHIN_CALIBRATED_SUPPORT,4275.98879723855,29.005502435074128,1099.4845501122445,12.141660439634034,1.9720762998401693,ORBIT_DISTINCT,4.440892098500626e-16,0.0,0,0,SCORED,6,6,6,3,0,3,0,0.0,conditional verifier acceptance fraction under the controlled observation model,0,ZERO,DESCRIPTIVE_ONLY,0.02222692885294128,0.9997525539015857,0.0008914039619247535,T,T+
active_compensation_first_pass,orbit_unit_87895c702277a03d0e6cbe7c,65410,STARLINK-35024,REAL_B,65409,full_pass:65410,2026-03-10T06:43:17.500000Z,315434688,2026-03-09T16:20:35.643840,2026-03-10T03:44:43,14.378293377777778,2.97625,CAUSAL_GP:65410:315434688,STATIC_TLE:data/tle/starlink_tle.txt:65409,,0.0,0.0,0.0,314.6632563007331,0.3504483747349621,-6.941896219860581,-314.58666563118254,0.0689181259388505,6.941896219860581,314.58666563118254,-0.0689181259388505,12-18 h,WITHIN_CALIBRATED_SUPPORT,9498.870705892186,29.005502435074128,1099.4845501122445,18.09655019536946,2.939283134015217,ORBIT_DISTINCT,8.751006412148381e-17,0.0,0,0,SCORED,6,6,6,3,1,2,0,0.3333333333333333,conditional verifier acceptance fraction under the controlled observation model,"(0.1,0.5]",MIXED,DESCRIPTIVE_ONLY,0.022061349969714934,0.9997565948104301,0.00021902184179071538,T,T-
active_compensation_first_pass,orbit_unit_882293466ac455e595fbea29,48309,STARLINK-2517,REAL_B,65409,full_pass:48309,2026-03-10T01:24:47Z,315394250,2026-03-09T20:00:00.999360,2026-03-09T22:56:35,5.412777955555555,2.47,CAUSAL_GP:48309:315394250,STATIC_TLE:data/tle/starlink_tle.txt:65409,,0.0,0.0,0.0,11048.577811915471,5.1608416634535885,-8906.243053368631,-908.5944305368264,-6474.902509001297,8906.243053368631,908.5944305368264,6474.902509001297,0-6 h,WITHIN_CALIBRATED_SUPPORT,4346782294.490128,47.98776059005807,926.7323687698332,9517.408340810622,2165.742297872795,ORBIT_DISTINCT,1.1102230246251563e-16,0.0,0,0,SCORED,6,6,6,3,1,2,0,0.3333333333333333,conditional verifier acceptance fraction under the controlled observation model,"(0.1,0.5]",MIXED,DESCRIPTIVE_ONLY,0.8060985952204263,0.08223632453010758,0.5860394540570065,R,R-
active_compensation_first_pass,orbit_unit_8e054c39b424dc0133febc2d,65421,STARLINK-35146,REAL_B,65409,full_pass:65421,2026-03-10T06:45:29.500000Z,315434193,2026-03-09T17:56:44.636640,2026-03-10T03:44:43,12.812462044444445,3.0129166666666665,CAUSAL_GP:65421:315434193,STATIC_TLE:data/tle/starlink_tle.txt:65409,,0.0,0.0,0.0,665.1980857815463,0.7405415970033626,-32.46401053021279,664.4053784298035,0.2728759370632048,32.46401053021279,-664.4053784298035,-0.2728759370632048,12-18 h,WITHIN_CALIBRATED_SUPPORT,40577.67498414121,29.005502435074128,1099.4845501122445,37.40273697874037,6.075038213402107,ORBIT_DISTINCT,3.3306690738754696e-16,0.0,0,0,SCORED,6,6,6,3,1,2,0,0.3333333333333333,conditional verifier acceptance fraction under the controlled observation model,"(0.1,0.5]",MIXED,DESCRIPTIVE_ONLY,0.04880352367831995,0.9988083138411151,0.00041021756210046946,T,T+
active_compensation_first_pass,orbit_unit_908414ff730463d4c3dca03d,48309,STARLINK-2517,REAL_B,65411,full_pass:48309,2026-03-10T01:24:47Z,315394250,2026-03-09T20:00:00.999360,2026-03-09T22:56:35,5.412777955555555,2.47,CAUSAL_GP:48309:315394250,STATIC_TLE:data/tle/starlink_tle.txt:65411,,0.0,0.0,0.0,7303.819589915447,8.441963983698301,-3888.076090145956,4641.616373261284,-4084.6104297399934,3888.076090145956,-4641.616373261284,4084.6104297399934,0-6 h,WITHIN_CALIBRATED_SUPPORT,1114851916.2258554,47.98776059005807,926.7323687698332,4819.959072839079,1096.810062598852,ORBIT_DISTINCT,1.1102230246251563e-16,0.0,0,0,SCORED,6,6,6,3,1,2,0,0.3333333333333333,conditional verifier acceptance fraction under the controlled observation model,"(0.1,0.5]",MIXED,DESCRIPTIVE_ONLY,0.5323346287898887,0.6355053429400244,0.5592430617234454,T,T+
active_compensation_first_pass,orbit_unit_914f4fbcf2c7f5d611adc32b,45230,STARLINK-1227,REAL_B,47767,full_pass:45230,2026-03-10T15:10:45Z,315473124,2026-03-10T05:29:47.380704,2026-03-10T09:52:28,9.682672026666664,5.304722222222222,CAUSAL_GP:45230:315473124,STATIC_TLE:data/tle/starlink_tle.txt:47767,,0.0,0.0,0.0,10686.506093218137,13.362007909591291,-8340.38567884704,3262.2775223770564,5830.688173403283,8340.38567884704,-3262.2775223770564,-5830.688173403283,9-12 h,WITHIN_CALIBRATED_SUPPORT,5390086126.555926,31.32749048335574,948.5696084793932,13117.01602101004,2383.763959545063,ORBIT_DISTINCT,2.220446049250313e-16,0.0,0,0,SCORED,6,6,6,3,1,2,0,0.3333333333333333,conditional verifier acceptance fraction under the controlled observation model,"(0.1,0.5]",MIXED,DESCRIPTIVE_ONLY,0.7804595445970888,0.30527073057557713,0.5456122068843017,R,R-
active_compensation_first_pass,orbit_unit_980127a2f9e6c46c3a1fbfaa,47749,STARLINK-2163,REAL_B,65411,full_pass:47749,2026-03-10T04:40:56Z,315422051,2026-03-09T15:51:19.111968,2026-03-10T03:44:43,12.826913342222223,0.9369444444444444,CAUSAL_GP:47749:315422051,STATIC_TLE:data/tle/starlink_tle.txt:65411,,0.0,0.0,0.0,3517.098496482501,3.9326971637381023,-898.2566488522687,-1876.225018380685,-2836.0000894137083,898.2566488522687,1876.225018380685,2836.0000894137083,12-18 h,WITHIN_CALIBRATED_SUPPORT,382287819.178132,29.005502435074128,1099.4845501122445,3630.4046415298976,589.6586375468307,ORBIT_DISTINCT,2.220446049250313e-16,0.0,0,0,SCORED,6,6,6,3,1,2,0,0.3333333333333333,conditional verifier acceptance fraction under the controlled observation model,"(0.1,0.5]",MIXED,DESCRIPTIVE_ONLY,0.255397069416915,0.5334581957989302,0.8063465075686767,N,N-
active_compensation_first_pass,orbit_unit_9dbb8257ea09b6ccfdfdcdf0,45230,STARLINK-1227,REAL_B,47749,full_pass:45230,2026-03-10T15:10:45Z,315473124,2026-03-10T05:29:47.380704,2026-03-10T09:52:28,9.682672026666664,5.304722222222222,CAUSAL_GP:45230:315473124,STATIC_TLE:data/tle/starlink_tle.txt:47749,,0.0,0.0,0.0,12390.398539010108,7.556316294185812,-11204.554956885257,4286.865850227423,-3098.823221126976,11204.554956885257,-4286.865850227423,3098.823221126976,9-12 h,WITHIN_CALIBRATED_SUPPORT,5440296020.934999,31.32749048335574,948.5696084793932,13177.968417124455,2394.840878630373,ORBIT_DISTINCT,2.220446049250313e-16,0.0,0,0,SCORED,6,6,6,3,0,3,0,0.0,conditional verifier acceptance fraction under the controlled observation model,0,ZERO,DESCRIPTIVE_ONLY,0.9042933463042916,0.3459828864043875,0.2500987527859251,R,R-
active_compensation_first_pass,orbit_unit_9ec992b05608500bb3c0c8d2,65686,STARLINK-35137,REAL_B,65421,full_pass:65686,2026-03-10T13:17:56.500000Z,315485957,2026-03-10T00:29:40.547616,2026-03-10T09:52:28,12.804431217777775,3.424583333333333,CAUSAL_GP:65686:315485957,STATIC_TLE:data/tle/starlink_tle.txt:65421,,0.0,0.0,0.0,1142.5495239333763,9.609293758555348,-94.20976703251478,-1138.655524066292,-2.744439720939169,94.20976703251478,1138.655524066292,2.744439720939169,12-18 h,WITHIN_CALIBRATED_SUPPORT,552715.9358497836,29.005502435074128,1099.4845501122445,138.04185820671248,22.42107480346899,ORBIT_DISTINCT,2.220446049250313e-16,0.0,0,0,SCORED,6,6,6,3,1,2,0,0.3333333333333333,conditional verifier acceptance fraction under the controlled observation model,"(0.1,0.5]",MIXED,DESCRIPTIVE_ONLY,0.08245574048132753,0.996591832751653,0.0024020313023203374,T,T-
active_compensation_first_pass,orbit_unit_aefff8a8a226f04ac8eef7cb,47749,STARLINK-2163,REAL_B,65407,full_pass:47749,2026-03-10T04:40:56Z,315422051,2026-03-09T15:51:19.111968,2026-03-10T03:44:43,12.826913342222223,0.9369444444444444,CAUSAL_GP:47749:315422051,STATIC_TLE:data/tle/starlink_tle.txt:65407,,0.0,0.0,0.0,13461.026507133076,14.885382215730464,-13227.822886426344,633.0842092517482,2413.1184585657584,13227.822886426344,-633.0842092517482,-2413.1184585657584,12-18 h,WITHIN_CALIBRATED_SUPPORT,7970496361.31303,29.005502435074128,1099.4845501122445,16576.868317311528,2692.4529224543858,ORBIT_DISTINCT,2.220446049250313e-16,0.0,0,0,SCORED,6,6,6,3,1,2,0,0.3333333333333333,conditional verifier acceptance fraction under the controlled observation model,"(0.1,0.5]",MIXED,DESCRIPTIVE_ONLY,0.9826756436009427,0.04703090131471573,0.17926704603746477,R,R-
active_compensation_first_pass,orbit_unit_bad0101daeedaba5b2591566,47383,STARLINK-2103,REAL_B,65686,full_pass:47383,2026-03-10T15:51:15Z,315494855,2026-03-10T06:10:56.016192,2026-03-10T15:47:10,9.671939946666663,0.0680555555555555,CAUSAL_GP:47383:315494855,STATIC_TLE:data/tle/starlink_tle.txt:65686,,0.0,0.0,0.0,13436.797147225354,14.411147036823683,-13178.129195082263,-2582.442187979025,464.1345054507592,13178.129195082263,2582.442187979025,-464.1345054507592,9-12 h,WITHIN_CALIBRATED_SUPPORT,7715843674.723241,31.32749048335574,948.5696084793932,15693.828655775904,2852.0498165888075,ORBIT_DISTINCT,7.364392534712851e-17,0.0,0,0,SCORED,6,6,6,3,0,3,0,0.0,conditional verifier acceptance fraction under the controlled observation model,0,ZERO,DESCRIPTIVE_ONLY,0.9807492850186769,0.19219179687566315,0.03454204899912485,R,R-
active_compensation_first_pass,orbit_unit_d23e0d0252de24848cc52f85,65411,STARLINK-34983,REAL_B,48672,full_pass:65411,2026-03-10T06:25:06Z,315434188,2026-03-09T16:02:59.594784,2026-03-10T03:44:43,14.368445893333334,2.6730555555555555,CAUSAL_GP:65411:315434188,STATIC_TLE:data/tle/starlink_tle.txt:48672,,0.0,0.0,0.0,6746.010259721554,12.498898660980464,-3326.1170901742407,-1252.2661127953563,5733.8842950886,3326.1170901742407,1252.2661127953563,-5733.8842950886,12-18 h,WITHIN_CALIBRATED_SUPPORT,2337684572.1737766,29.005502435074128,1099.4845501122445,8977.445120882403,1458.1371999348698,ORBIT_DISTINCT,2.220446049250313e-16,0.0,0,0,SCORED,6,6,6,3,1,2,0,0.3333333333333333,conditional verifier acceptance fraction under the controlled observation model,"(0.1,0.5]",MIXED,DESCRIPTIVE_ONLY,0.4930495155089683,0.1856306267828067,0.8499667320881412,N,N+
active_compensation_first_pass,orbit_unit_dbeb05d0681cba5b1dc7478b,65409,STARLINK-35022,REAL_B,47749,full_pass:65409,2026-03-10T06:43:59Z,315434187,2026-03-09T17:55:17.144544,2026-03-10T03:44:43,12.811626515555554,2.9877777777777776,CAUSAL_GP:65409:315434187,STATIC_TLE:data/tle/starlink_tle.txt:47749,,0.0,0.0,0.0,9651.670877256254,11.081704458859086,-6797.787943062761,5967.637066326038,-3366.3240557971603,6797.787943062761,-5967.637066326038,3366.3240557971603,12-18 h,WITHIN_CALIBRATED_SUPPORT,2056108491.2081397,29.005502435074128,1099.4845501122445,8419.432450685588,1367.5035038784815,ORBIT_DISTINCT,4.440892098500626e-16,0.0,0,0,SCORED,6,6,6,3,1,2,0,0.3333333333333333,conditional verifier acceptance fraction under the controlled observation model,"(0.1,0.5]",MIXED,DESCRIPTIVE_ONLY,0.7043120335859623,0.6183009286390522,0.3487814802854247,R,R-
active_compensation_first_pass,orbit_unit_e2b37b89d4b81f8ac8862c45,44714,STARLINK-1008,REAL_B,47383,full_pass:44714,2026-03-10T02:36:50.500000Z,315393241,2026-03-09T13:49:15.828096,2026-03-09T22:56:35,12.792964417777778,3.6709722222222223,CAUSAL_GP:44714:315393241,STATIC_TLE:data/tle/starlink_tle.txt:47383,,0.0,0.0,0.0,10716.116032861048,5.518267895491907,-8376.835395607373,-939.0731736923708,-6616.790245964612,8376.835395607373,939.0731736923708,6616.790245964612,12-18 h,WITHIN_CALIBRATED_SUPPORT,4155071442.345272,29.005502435074128,1099.4845501122445,11968.75704695101,1943.992934754527,ORBIT_DISTINCT,2.220446049250313e-16,0.0,0,0,SCORED,6,6,6,3,1,2,0,0.3333333333333333,conditional verifier acceptance fraction under the controlled observation model,"(0.1,0.5]",MIXED,DESCRIPTIVE_ONLY,0.7817044318967568,0.08763185941741354,0.6174616088211602,R,R-
active_compensation_first_pass,orbit_unit_eb1128fc4b1dd9e1e9207806,65410,STARLINK-35024,REAL_B,45230,full_pass:65410,2026-03-10T06:43:17.500000Z,315434688,2026-03-09T16:20:35.643840,2026-03-10T03:44:43,14.378293377777778,2.97625,CAUSAL_GP:65410:315434688,STATIC_TLE:data/tle/starlink_tle.txt:45230,,0.0,0.0,0.0,10312.006344914493,4.090970012933194,-7756.251775869432,-3132.451367228105,-6030.404769070632,7756.251775869432,3132.451367228105,6030.404769070632,12-18 h,WITHIN_CALIBRATED_SUPPORT,3535753590.6366425,29.005502435074128,1099.4845501122445,11040.806515792305,1793.273083954833,ORBIT_DISTINCT,8.751006412148381e-17,0.0,0,0,SCORED,6,6,6,3,1,2,0,0.3333333333333333,conditional verifier acceptance fraction under the controlled observation model,"(0.1,0.5]",MIXED,DESCRIPTIVE_ONLY,0.7521573897881215,0.3037674010715593,0.5847945169316744,R,R-
active_compensation_first_pass,orbit_unit_f3e2e8716089c32e74376a09,65409,STARLINK-35022,REAL_B,65686,full_pass:65409,2026-03-10T06:43:59Z,315434187,2026-03-09T17:55:17.144544,2026-03-10T03:44:43,12.811626515555554,2.9877777777777776,CAUSAL_GP:65409:315434187,STATIC_TLE:data/tle/starlink_tle.txt:65686,,0.0,0.0,0.0,7548.48059400171,4.6404047065437855,-4154.4733955951015,2568.850166233844,-5755.07766296453,4154.4733955951015,-2568.850166233844,5755.07766296453,12-18 h,WITHIN_CALIBRATED_SUPPORT,1928712693.32994,29.005502435074128,1099.4845501122445,8154.429324127579,1324.4610890566462,ORBIT_DISTINCT,4.440892098500626e-16,0.0,0,0,SCORED,6,6,6,3,1,2,0,0.3333333333333333,conditional verifier acceptance fraction under the controlled observation model,"(0.1,0.5]",MIXED,DESCRIPTIVE_ONLY,0.5503721369962046,0.3403135418106716,0.7624153750276205,N,N-
active_compensation_first_pass,orbit_unit_f72f9c4076eb5344fbd47a41,65411,STARLINK-34983,REAL_B,65409,full_pass:65411,2026-03-10T06:25:06Z,315434188,2026-03-09T16:02:59.594784,2026-03-10T03:44:43,14.368445893333334,2.6730555555555555,CAUSAL_GP:65411:315434188,STATIC_TLE:data/tle/starlink_tle.txt:65409,,0.0,0.0,0.0,7864.204755452809,8.762718834176113,-4509.89247567806,-6442.550464603064,-11.393180058065354,4509.89247567806,6442.550464603064,11.393180058065354,12-18 h,WITHIN_CALIBRATED_SUPPORT,873516522.606071,29.005502435074128,1099.4845501122445,5487.763233096736,891.3350743854714,ORBIT_DISTINCT,2.220446049250313e-16,0.0,0,0,SCORED,6,6,6,3,1,2,0,0.3333333333333333,conditional verifier acceptance fraction under the controlled observation model,"(0.1,0.5]",MIXED,DESCRIPTIVE_ONLY,0.5734708868752474,0.8192246597007776,0.001448738990444731,T,T-
controlled_altitude_difference_synthetic_B,orbit_unit_03779746f55e02ccb0c3d491,65410,STARLINK-35024,SYNTHETIC_RELATIVE_TO_A,same_plane_altitude_offset:+50km,same_tle_65410_20260311T110240Z:segment:3,2026-03-11T11:06:09.500000Z,315555532,2026-03-10T17:24:38.025504,2026-03-11T02:43:10,17.69207624888889,8.383194444444445,CAUSAL_GP:65410:315555532,SYNTHETIC_RELATIVE_TO_CAUSAL_A:FROZEN_ORIGINAL_PERTURBATION_RULE,2026-03-11T11:06:10Z,50.0,0.0,0.0,50.0015251971302,0.0291350854374805,50.00150724797837,0.0423670816288446,2.70178454542247e-06,-50.00150724797837,-0.0423670816288446,-2.70178454542247e-06,12-18 h,WITHIN_CALIBRATED_SUPPORT,102904.47040267938,29.005502435074128,1099.4845501122445,59.56304949838591,9.674366932428743,ORBIT_DISTINCT,1.1102230246251563e-16,0.0,0,0,SCORED,60,60,3,60,15,45,0,0.25,conditional verifier acceptance fraction under the controlled observation model,"(0.1,0.5]",MIXED,DESCRIPTIVE_ONLY,0.9999996410279134,0.0008473157861047853,5.403404265711352e-08,R,R+
controlled_altitude_difference_synthetic_B,orbit_unit_079d8cca96262f8e28da8b4a,65410,STARLINK-35024,SYNTHETIC_RELATIVE_TO_A,same_plane_altitude_offset:-100km,same_tle_65410_20260312T085425Z:segment:3,2026-03-12T08:57:54.500000Z,315679831,2026-03-11T16:54:40.030272,2026-03-12T03:14:55,16.054019368888888,5.716527777777777,CAUSAL_GP:65410:315679831,SYNTHETIC_RELATIVE_TO_CAUSAL_A:FROZEN_ORIGINAL_PERTURBATION_RULE,2026-03-12T08:57:55Z,-100.0,0.0,0.0,100.0000652476888,0.0553251503597971,-100.00003043766472,-0.0834386489892835,1.376514191520073e-06,100.00003043766472,0.0834386489892835,-1.376514191520073e-06,12-18 h,WITHIN_CALIBRATED_SUPPORT,412298.0124590352,29.005502435074128,1099.4845501122445,119.22447651801222,19.36471256719724,ORBIT_DISTINCT,2.220446049250313e-16,0.0,0,0,SCORED,60,60,3,60,30,30,0,0.5,conditional verifier acceptance fraction under the controlled observation model,"(0.1,0.5]",MIXED,DESCRIPTIVE_ONLY,0.9999996518999864,0.0008343859454752901,1.3765132933769631e-08,R,R-
controlled_altitude_difference_synthetic_B,orbit_unit_08104ebe27c3d3f0bd5b6d7a,65686,STARLINK-35137,SYNTHETIC_RELATIVE_TO_A,same_plane_altitude_offset:-10km,same_tle_65686_20260312T121505Z:segment:2,2026-03-12T12:17:34.500000Z,315682814,2026-03-11T21:55:43.056192,2026-03-12T07:26:32,14.364289946666668,4.850694444444445,CAUSAL_GP:65686:315682814,SYNTHETIC_RELATIVE_TO_CAUSAL_A:FROZEN_ORIGINAL_PERTURBATION_RULE,2026-03-12T12:17:35Z,-10.0,0.0,0.0,10.002997709137087,0.0070593762276073,-10.002994938369213,-0.0074452643395792,-8.282850947338716e-07,10.002994938369213,0.0074452643395792,8.282850947338716e-07,12-18 h,WITHIN_CALIBRATED_SUPPORT,4146.929627032866,29.005502435074128,1099.4845501122445,11.957024975150514,1.942087384779644,ORBIT_DISTINCT,3.3306690738754696e-16,0.0,0,0,SCORED,60,60,3,60,42,18,0,0.7,conditional verifier acceptance fraction under the controlled observation model,"(0.5,0.9]",MIXED,DESCRIPTIVE_ONLY,0.9999997230062471,0.0007443033134735635,8.280368733637586e-08,R,R-
controlled_altitude_difference_synthetic_B,orbit_unit_0896674fef775013dcd4a2dc,65421,STARLINK-35146,SYNTHETIC_RELATIVE_TO_A,same_plane_altitude_offset:+50km,same_tle_65421_20260310T064225Z:segment:3,2026-03-10T06:45:54.500000Z,315434193,2026-03-09T17:56:44.636640,2026-03-10T03:44:43,12.81940648888889,3.019861111111111,CAUSAL_GP:65421:315434193,SYNTHETIC_RELATIVE_TO_CAUSAL_A:FROZEN_ORIGINAL_PERTURBATION_RULE,2026-03-10T06:45:55Z,50.0,0.0,0.0,49.997714546901776,0.0297388148188694,49.99769642210107,0.0425722549844049,-6.238017036253041e-07,-49.99769642210107,-0.0425722549844049,6.238017036253041e-07,12-18 h,WITHIN_CALIBRATED_SUPPORT,102888.79134671604,29.005502435074128,1099.4845501122445,59.55851165878257,9.673629886126164,ORBIT_DISTINCT,1.1102230246251563e-16,0.0,0,0,SCORED,60,60,3,60,23,37,0,0.3833333333333333,conditional verifier acceptance fraction under the controlled observation model,"(0.1,0.5]",MIXED,DESCRIPTIVE_ONLY,0.9999996374874158,0.0008514840202239403,1.247660436638817e-08,R,R+
controlled_altitude_difference_synthetic_B,orbit_unit_0a7d5bcb7b2b1613a7fad7f9,44714,STARLINK-1008,SYNTHETIC_RELATIVE_TO_A,same_plane_altitude_offset:-50km,same_tle_44714_20260310T090420Z:segment:3,2026-03-10T09:07:49.500000Z,315443210,2026-03-09T21:39:16.344864,2026-03-10T08:26:21,11.475876426666668,0.69125,CAUSAL_GP:44714:315443210,SYNTHETIC_RELATIVE_TO_CAUSAL_A:FROZEN_ORIGINAL_PERTURBATION_RULE,2026-03-10T09:07:50Z,-50.0,0.0,0.0,49.997310180828016,0.0266046753171627,-49.99729343765769,-0.0409173150142443,3.4231219920854983e-06,49.99729343765769,0.0409173150142443,-3.4231219920854983e-06,9-12 h,WITHIN_CALIBRATED_SUPPORT,109236.28615092247,31.32749048335574,948.5696084793932,59.05010305093766,10.731214114154003,ORBIT_DISTINCT,2.220446049250313e-16,0.0,0,0,SCORED,60,60,3,60,12,48,0,0.2,conditional verifier acceptance fraction under the controlled observation model,"(0.1,0.5]",MIXED,DESCRIPTIVE_ONLY,0.9999996651185781,0.0008183903267247059,6.846612307151935e-08,R,R-
controlled_altitude_difference_synthetic_B,orbit_unit_0be345ff0c35b47addd05814,65410,STARLINK-35024,SYNTHETIC_RELATIVE_TO_A,same_plane_altitude_offset:+20km,same_tle_65410_20260310T131135Z:segment:2,2026-03-10T13:14:04.500000Z,315434688,2026-03-09T16:20:35.643840,2026-03-10T03:44:43,20.891348933333333,9.489305555555555,CAUSAL_GP:65410:315434688,SYNTHETIC_RELATIVE_TO_CAUSAL_A:FROZEN_ORIGINAL_PERTURBATION_RULE,2026-03-10T13:14:05Z,20.0,0.0,0.0,20.003020056569344,0.0142147623867515,20.0030123295446,0.0175820246797639,3.243460961144251e-06,-20.0030123295446,-0.0175820246797639,-3.243460961144251e-06,18-24 h,WITHIN_CALIBRATED_SUPPORT,22710.30271222999,37.65263471646583,1467.668474883233,24.559175128613266,3.9336659692403857,ORBIT_DISTINCT,2.220446049250313e-16,0.0,0,0,SCORED,60,60,3,60,34,26,0,0.5666666666666667,conditional verifier acceptance fraction under the controlled observation model,"(0.5,0.9]",MIXED,DESCRIPTIVE_ONLY,0.9999996137070939,0.0008789685072574654,1.6214856316554264e-07,R,R+
controlled_altitude_difference_synthetic_B,orbit_unit_0cf791521928209967a08a48,44714,STARLINK-1008,SYNTHETIC_RELATIVE_TO_A,same_plane_altitude_offset:+5km,same_tle_44714_20260311T034020Z:segment:3,2026-03-11T03:43:49.500000Z,315542230,2026-03-10T16:27:18.322272,2026-03-11T02:43:10,11.275327146666667,1.0109722222222222,CAUSAL_GP:44714:315542230,SYNTHETIC_RELATIVE_TO_CAUSAL_A:FROZEN_ORIGINAL_PERTURBATION_RULE,2026-03-11T03:43:50Z,5.0,0.0,0.0,4.997927865763655,0.006030605105734,4.997925389918613,0.0049747546310829,-3.1128111199763e-07,-4.997925389918613,-0.0049747546310829,3.1128111199763e-07,9-12 h,WITHIN_CALIBRATED_SUPPORT,1082.6831547921431,31.32749048335574,948.5696084793932,5.878789184483632,1.0683562298993297,ORBIT_DISTINCT,2.220446049250313e-16,0.0,0,0,SCORED,60,60,3,60,55,5,0,0.9166666666666666,conditional verifier acceptance fraction under the controlled observation model,"(0.9,1)",HIGH,DESCRIPTIVE_ONLY,0.9999995046256949,0.0009953634315454018,6.228203374641299e-08,R,R+
controlled_altitude_difference_synthetic_B,orbit_unit_0d7f59dc2c168fe16e2ac110,44714,STARLINK-1008,SYNTHETIC_RELATIVE_TO_A,same_plane_altitude_offset:-10km,same_tle_44714_20260310T023440Z:segment:2,2026-03-10T02:37:09.500000Z,315393241,2026-03-09T13:49:15.828096,2026-03-09T22:56:35,12.798242195555556,3.67625,CAUSAL_GP:44714:315393241,SYNTHETIC_RELATIVE_TO_CAUSAL_A:FROZEN_ORIGINAL_PERTURBATION_RULE,2026-03-10T02:37:10Z,-10.0,0.0,0.0,10.002920265104246,0.0068214634287282,-10.002917568760974,-0.007344562976713,-9.587903839758385e-07,10.002917568760974,0.007344562976713,9.587903839758385e-07,12-18 h,WITHIN_CALIBRATED_SUPPORT,4146.864479177558,29.005502435074128,1099.4845501122445,11.956931052940291,1.9420721297191248,ORBIT_DISTINCT,2.6059418842835026e-17,0.0,0,0,SCORED,60,60,3,60,38,22,0,0.6333333333333333,conditional verifier acceptance fraction under the controlled observation model,"(0.5,0.9]",MIXED,DESCRIPTIVE_ONLY,0.9999997304443903,0.0007342418795773995,9.585104735070548e-08,R,R-
controlled_altitude_difference_synthetic_B,orbit_unit_104a12044c8bcebaae8a485b,65686,STARLINK-35137,SYNTHETIC_RELATIVE_TO_A,same_plane_altitude_offset:-20km,same_tle_65686_20260312T152900Z:segment:3,2026-03-12T15:32:29.500000Z,315682814,2026-03-11T21:55:43.056192,2026-03-12T07:26:32,17.61290105777778,8.099305555555556,CAUSAL_GP:65686:315682814,SYNTHETIC_RELATIVE_TO_CAUSAL_A:FROZEN_ORIGINAL_PERTURBATION_RULE,2026-03-12T15:32:30Z,-20.0,0.0,0.0,20.00051925949159,0.0101660825601697,-20.00051268523168,-0.0162165711320536,1.1892909448363298e-06,20.00051268523168,0.0162165711320536,-1.1892909448363298e-06,12-18 h,WITHIN_CALIBRATED_SUPPORT,16530.69214544081,29.005502435074128,1099.4845501122445,23.87290790337597,3.8774923840592814,ORBIT_DISTINCT,2.220446049250313e-16,0.0,0,0,SCORED,60,60,3,60,34,26,0,0.5666666666666667,conditional verifier acceptance fraction under the controlled observation model,"(0.5,0.9]",MIXED,DESCRIPTIVE_ONLY,0.9999996712955387,0.0008108075056280225,5.946300340537066e-08,R,R-
controlled_altitude_difference_synthetic_B,orbit_unit_10780a34d54db871a7ed064a,65686,STARLINK-35137,SYNTHETIC_RELATIVE_TO_A,same_plane_altitude_offset:-50km,same_tle_65686_20260311T142130Z:segment:3,2026-03-11T14:24:59.500000Z,315558516,2026-03-10T22:25:41.529216,2026-03-11T07:06:59,15.988325217777778,7.300138888888889,CAUSAL_GP:65686:315558516,SYNTHETIC_RELATIVE_TO_CAUSAL_A:FROZEN_ORIGINAL_PERTURBATION_RULE,2026-03-11T14:25:00Z,-50.0,0.0,0.0,50.00154392121619,0.0268278594733946,-50.001526934476985,-0.0412156048533152,9.274643275603011e-10,50.001526934476985,0.0412156048533152,-9.274643275603011e-10,12-18 h,WITHIN_CALIBRATED_SUPPORT,103139.75963815836,29.005502435074128,1099.4845501122445,59.63110554332003,9.685420751133584,ORBIT_DISTINCT,3.3306690738754696e-16,0.0,0,0,SCORED,60,60,3,60,0,60,0,0.0,conditional verifier acceptance fraction under the controlled observation model,0,ZERO,DESCRIPTIVE_ONLY,0.9999996602757062,0.0008242866443935341,1.8548713796150767e-11,R,R-
controlled_altitude_difference_synthetic_B,orbit_unit_113aa09bd9189ab226f50cd1,65686,STARLINK-35137,SYNTHETIC_RELATIVE_TO_A,same_plane_altitude_offset:-20km,same_tle_65686_20260312T121505Z:segment:2,2026-03-12T12:17:34.500000Z,315682814,2026-03-11T21:55:43.056192,2026-03-12T07:26:32,14.364289946666668,4.850694444444445,CAUSAL_GP:65686:315682814,SYNTHETIC_RELATIVE_TO_CAUSAL_A:FROZEN_ORIGINAL_PERTURBATION_RULE,2026-03-12T12:17:35Z,-20.0,0.0,0.0,20.003001206871872,0.0110878511721192,-20.002994952645903,-0.0158179183029023,-8.215667168798291e-07,20.002994952645903,0.0158179183029023,8.215667168798291e-07,12-18 h,WITHIN_CALIBRATED_SUPPORT,16534.77976946491,29.005502435074128,1099.4845501122445,23.87585930550948,3.877971757554176,ORBIT_DISTINCT,3.3306690738754696e-16,0.0,0,0,SCORED,60,60,3,60,32,28,0,0.5333333333333333,conditional verifier acceptance fraction under the controlled observation model,"(0.5,0.9]",MIXED,DESCRIPTIVE_ONLY,0.9999996873356201,0.0007907772508391482,4.107217253966802e-08,R,R-
controlled_altitude_difference_synthetic_B,orbit_unit_1266d01a3134a6027999109d,65421,STARLINK-35146,SYNTHETIC_RELATIVE_TO_A,same_plane_altitude_offset:-100km,same_tle_65421_20260312T085635Z:segment:3,2026-03-12T09:00:04.500000Z,315679337,2026-03-11T13:48:47.386944,2026-03-12T03:14:55,19.18808696,5.752638888888889,CAUSAL_GP:65421:315679337,SYNTHETIC_RELATIVE_TO_CAUSAL_A:FROZEN_ORIGINAL_PERTURBATION_RULE,2026-03-12T09:00:05Z,-100.0,0.0,0.0,99.99956993536664,0.0555301290702468,-99.99953504448148,-0.0835352967037016,1.413358489799066e-06,99.99953504448148,0.0835352967037016,-1.413358489799066e-06,18-24 h,WITHIN_CALIBRATED_SUPPORT,565329.9665541447,37.65263471646583,1467.668474883233,122.53307090686056,19.62623616667263,ORBIT_DISTINCT,1.1102230246251563e-16,0.0,0,0,SCORED,60,60,3,60,23,37,0,0.3833333333333333,conditional verifier acceptance fraction under the controlled observation model,"(0.1,0.5]",MIXED,DESCRIPTIVE_ONLY,0.9999996510896482,0.0008353565596101416,1.4133645681802148e-08,R,R-
controlled_altitude_difference_synthetic_B,orbit_unit_126fb126e25f4fcb1512de00,65421,STARLINK-35146,SYNTHETIC_RELATIVE_TO_A,same_plane_altitude_offset:+50km,same_tle_65421_20260310T131350Z:segment:2,2026-03-10T13:16:19.500000Z,315434193,2026-03-09T17:56:44.636640,2026-03-10T03:44:43,19.32635093333333,9.526805555555557,CAUSAL_GP:65421:315434193,SYNTHETIC_RELATIVE_TO_CAUSAL_A:FROZEN_ORIGINAL_PERTURBATION_RULE,2026-03-10T13:16:20Z,50.0,0.0,0.0,50.0029646714666,0.0302841193790311,50.00294641827129,0.0427250209575582,3.3947109727705538e-06,-50.00294641827129,-0.0427250209575582,-3.3947109727705538e-06,18-24 h,WITHIN_CALIBRATED_SUPPORT,141630.97631502166,37.65263471646583,1467.668474883233,61.3311967237896,9.823474939273384,ORBIT_DISTINCT,2.220446049250313e-16,0.0,0,0,SCORED,60,60,3,60,21,39,0,0.35,conditional verifier acceptance fraction under the controlled observation model,"(0.1,0.5]",MIXED,DESCRIPTIVE_ONLY,0.9999996349577384,0.000854449755894945,6.789019401299001e-08,R,R+
controlled_altitude_difference_synthetic_B,orbit_unit_132dffb681ee839bb071cf98,65421,STARLINK-35146,SYNTHETIC_RELATIVE_TO_A,same_plane_altitude_offset:-100km,same_tle_65421_20260310T131350Z:segment:2,2026-03-10T13:16:19.500000Z,315434193,2026-03-09T17:56:44.636640,2026-03-10T03:44:43,19.32635093333333,9.526805555555557,CAUSAL_GP:65421:315434193,SYNTHETIC_RELATIVE_TO_CAUSAL_A:FROZEN_ORIGINAL_PERTURBATION_RULE,2026-03-10T13:16:20Z,-100.0,0.0,0.0,99.99708837252274,0.0546968205010399,-99.99705395956396,-0.0829601721794404,3.4012645286907173e-06,99.99705395956396,0.0829601721794404,-3.4012645286907173e-06,18-24 h,WITHIN_CALIBRATED_SUPPORT,565301.827101567,37.65263471646583,1467.668474883233,122.53002131047482,19.625747709977333,ORBIT_DISTINCT,2.220446049250313e-16,0.0,0,0,SCORED,60,60,3,60,0,60,0,0.0,conditional verifier acceptance fraction under the controlled observation model,0,ZERO,DESCRIPTIVE_ONLY,0.999999655860392,0.0008296258774094091,3.4013635637268397e-08,R,R-
controlled_altitude_difference_synthetic_B,orbit_unit_154e14b7a22c30461694b5f5,44714,STARLINK-1008,SYNTHETIC_RELATIVE_TO_A,same_plane_altitude_offset:+10km,same_tle_44714_20260310T023440Z:segment:2,2026-03-10T02:37:09.500000Z,315393241,2026-03-09T13:49:15.828096,2026-03-09T22:56:35,12.798242195555556,3.67625,CAUSAL_GP:44714:315393241,SYNTHETIC_RELATIVE_TO_CAUSAL_A:FROZEN_ORIGINAL_PERTURBATION_RULE,2026-03-10T02:37:10Z,10.0,0.0,0.0,9.997086832939104,0.0095922231046322,9.997082428761614,0.0093839154547752,-9.726143073152116e-07,-9.997082428761614,-0.0093839154547752,9.726143073152116e-07,12-18 h,WITHIN_CALIBRATED_SUPPORT,4095.026606480632,29.005502435074128,1099.4845501122445,11.881962230623431,1.9298955218776304,ORBIT_DISTINCT,2.6059418842835026e-17,0.0,0,0,SCORED,60,60,3,60,46,14,0,0.7666666666666667,conditional verifier acceptance fraction under the controlled observation model,"(0.5,0.9]",MIXED,DESCRIPTIVE_ONLY,0.9999995594539125,0.0009386649942717728,9.728977286768918e-08,R,R+
controlled_altitude_difference_synthetic_B,orbit_unit_172edf74dc3868de3ce2944e,44714,STARLINK-1008,SYNTHETIC_RELATIVE_TO_A,same_plane_altitude_offset:+20km,same_tle_44714_20260312T044740Z:segment:3,2026-03-12T04:51:09.500000Z,315665530,2026-03-11T12:49:19.719264,2026-03-12T03:14:55,16.03049464888889,1.6040277777777778,CAUSAL_GP:44714:315665530,SYNTHETIC_RELATIVE_TO_CAUSAL_A:FROZEN_ORIGINAL_PERTURBATION_RULE,2026-03-12T04:51:10Z,20.0,0.0,0.0,19.99898019978521,0.012528454455581,19.99897269093448,0.0173302815061386,8.070131478632447e-07,-19.99897269093448,-0.0173302815061386,-8.070131478632447e-07,12-18 h,WITHIN_CALIBRATED_SUPPORT,16434.074082273073,29.005502435074128,1099.4845501122445,23.803039857092653,3.866144255944802,ORBIT_DISTINCT,2.220446049250313e-16,0.0,0,0,SCORED,60,60,3,60,34,26,0,0.5666666666666667,conditional verifier acceptance fraction under the controlled observation model,"(0.5,0.9]",MIXED,DESCRIPTIVE_ONLY,0.9999996245383188,0.0008665582611219711,4.035271497853236e-08,R,R+
controlled_altitude_difference_synthetic_B,orbit_unit_175781d0994bf0d32ce39ec4,44714,STARLINK-1008,SYNTHETIC_RELATIVE_TO_A,same_plane_altitude_offset:+10km,same_tle_44714_20260312T044740Z:segment:3,2026-03-12T04:51:09.500000Z,315665530,2026-03-11T12:49:19.719264,2026-03-12T03:14:55,16.03049464888889,1.6040277777777778,CAUSAL_GP:44714:315665530,SYNTHETIC_RELATIVE_TO_CAUSAL_A:FROZEN_ORIGINAL_PERTURBATION_RULE,2026-03-12T04:51:10Z,10.0,0.0,0.0,9.998976733503351,0.0071043836868489,9.998972706941164,0.0089734601119955,8.120712360337734e-07,-9.998972706941164,-0.0089734601119955,-8.120712360337734e-07,12-18 h,WITHIN_CALIBRATED_SUPPORT,4096.574491251579,29.005502435074128,1099.4845501122445,11.88420765812436,1.930260229355624,ORBIT_DISTINCT,2.220446049250313e-16,0.0,0,0,SCORED,60,60,3,60,49,11,0,0.8166666666666667,conditional verifier acceptance fraction under the controlled observation model,"(0.5,0.9]",MIXED,DESCRIPTIVE_ONLY,0.9999995973025746,0.0008974378430073075,8.121543410665056e-08,R,R+
controlled_altitude_difference_synthetic_B,orbit_unit_193838f67fb99f57f6d11648,44714,STARLINK-1008,SYNTHETIC_RELATIVE_TO_A,same_plane_altitude_offset:+100km,same_tle_44714_20260310T023440Z:segment:2,2026-03-10T02:37:09.500000Z,315393241,2026-03-09T13:49:15.828096,2026-03-09T22:56:35,12.798242195555556,3.67625,CAUSAL_GP:44714:315393241,SYNTHETIC_RELATIVE_TO_CAUSAL_A:FROZEN_ORIGINAL_PERTURBATION_RULE,2026-03-10T02:37:10Z,100.0,0.0,0.0,99.99711750958387,0.0574903870611316,99.99708192272917,0.0843632889338117,-1.034627281626399e-06,-99.99708192272917,-0.0843632889338117,1.034627281626399e-06,12-18 h,WITHIN_CALIBRATED_SUPPORT,411803.2955826596,29.005502435074128,1099.4845501122445,119.15292625254666,19.35309120918995,ORBIT_DISTINCT,2.6059418842835026e-17,0.0,0,0,SCORED,60,60,3,60,7,53,0,0.1166666666666666,conditional verifier acceptance fraction under the controlled observation model,"(0.1,0.5]",MIXED,DESCRIPTIVE_ONLY,0.9999996441211946,0.0008436572076762731,1.0346571055183052e-08,R,R+
controlled_altitude_difference_synthetic_B,orbit_unit_19b54ae915fb4b12e26fbc62,65421,STARLINK-35146,SYNTHETIC_RELATIVE_TO_A,same_plane_altitude_offset:-10km,same_tle_65421_20260310T064225Z:segment:3,2026-03-10T06:45:54.500000Z,315434193,2026-03-09T17:56:44.636640,2026-03-10T03:44:43,12.81940648888889,3.019861111111111,CAUSAL_GP:65421:315434193,SYNTHETIC_RELATIVE_TO_CAUSAL_A:FROZEN_ORIGINAL_PERTURBATION_RULE,2026-03-10T06:45:55Z,-10.0,0.0,0.0,10.002306293287488,0.0060526063751068,-10.002303450610846,-0.0075409970511697,-5.842162078550928e-07,10.002303450610846,0.0075409970511697,5.842162078550928e-07,12-18 h,WITHIN_CALIBRATED_SUPPORT,4146.35913043394,29.005502435074128,1099.4845501122445,11.956202477867084,1.9419537928868875,ORBIT_DISTINCT,1.1102230246251563e-16,0.0,0,0,SCORED,60,60,3,60,57,3,0,0.95,conditional verifier acceptance fraction under the controlled observation model,"(0.9,1)",HIGH,DESCRIPTIVE_ONLY,0.999999715797881,0.0007539258277093989,5.840815015304601e-08,R,R-
controlled_altitude_difference_synthetic_B,orbit_unit_1af9047b5f1a3511468caf8c,65409,STARLINK-35022,SYNTHETIC_RELATIVE_TO_A,same_plane_altitude_offset:+50km,same_tle_65409_20260310T064055Z:segment:3,2026-03-10T06:44:24.500000Z,315434187,2026-03-09T17:55:17.144544,2026-03-10T03:44:43,12.818709848888888,2.994861111111111,CAUSAL_GP:65409:315434187,SYNTHETIC_RELATIVE_TO_CAUSAL_A:FROZEN_ORIGINAL_PERTURBATION_RULE,2026-03-10T06:44:25Z,50.0,0.0,0.0,49.99791427210975,0.0296520748893868,49.99789616113787,0.042556096031511,-6.130668097625858e-07,-49.99789616113787,-0.042556096031511,6.130668097625858e-07,12-18 h,WITHIN_CALIBRATED_SUPPORT,102889.61291940116,29.005502435074128,1099.4845501122445,59.55874944731145,9.673668508283694,ORBIT_DISTINCT,4.440892098500626e-16,0.0,0,0,SCORED,60,60,3,60,15,45,0,0.25,conditional verifier acceptance fraction under the controlled observation model,"(0.1,0.5]",MIXED,DESCRIPTIVE_ONLY,0.9999996377654521,0.00085115742628588,1.2261847692806095e-08,R,R+
controlled_altitude_difference_synthetic_B,orbit_unit_1c3afa2b436f61e9a34d497e,65421,STARLINK-35146,SYNTHETIC_RELATIVE_TO_A,same_plane_altitude_offset:+10km,same_tle_65421_20260312T085635Z:segment:3,2026-03-12T09:00:04.500000Z,315679337,2026-03-11T13:48:47.386944,2026-03-12T03:14:55,19.18808696,5.752638888888889,CAUSAL_GP:65421:315679337,SYNTHETIC_RELATIVE_TO_CAUSAL_A:FROZEN_ORIGINAL_PERTURBATION_RULE,2026-03-12T09:00:05Z,10.0,0.0,0.0,10.000469325321856,0.0064944169827673,10.000465467296518,0.0087843105200037,1.3658972815022707e-06,-10.000465467296518,-0.0087843105200037,-1.3658972815022707e-06,18-24 h,WITHIN_CALIBRATED_SUPPORT,5695.389140864941,37.65263471646583,1467.668474883233,12.298836155694296,1.9699160494422376,ORBIT_DISTINCT,1.1102230246251563e-16,0.0,0,0,SCORED,60,60,3,60,37,23,0,0.6166666666666667,conditional verifier acceptance fraction under the controlled observation model,"(0.5,0.9]",MIXED,DESCRIPTIVE_ONLY,0.9999996142155723,0.0008783898269415458,1.3658331794926144e-07,R,R+
controlled_altitude_difference_synthetic_B,orbit_unit_1d4cd5e8f7bed996791dac46,65686,STARLINK-35137,SYNTHETIC_RELATIVE_TO_A,same_plane_altitude_offset:-10km,same_tle_65686_20260310T131505Z:segment:2,2026-03-10T13:17:34.500000Z,315485957,2026-03-10T00:29:40.547616,2026-03-10T09:52:28,12.798320106666663,3.4184722222222224,CAUSAL_GP:65686:315485957,SYNTHETIC_RELATIVE_TO_CAUSAL_A:FROZEN_ORIGINAL_PERTURBATION_RULE,2026-03-10T13:17:35Z,-10.0,0.0,0.0,10.002789512735644,0.0066679017174602,-10.002786769874252,-0.0074075989402526,-8.741901229569748e-07,10.002786769874252,0.0074075989402526,8.741901229569748e-07,12-18 h,WITHIN_CALIBRATED_SUPPORT,4146.757090188604,29.005502435074128,1099.4845501122445,11.956776231019251,1.94204698318808,ORBIT_DISTINCT,2.220446049250313e-16,0.0,0,0,SCORED,60,60,3,60,48,12,0,0.8,conditional verifier acceptance fraction under the controlled observation model,"(0.5,0.9]",MIXED,DESCRIPTIVE_ONLY,0.9999997257903519,0.0007405533157346935,8.739463345139352e-08,R,R-
controlled_altitude_difference_synthetic_B,orbit_unit_1f6bde3e365d98903139cf85,65410,STARLINK-35024,SYNTHETIC_RELATIVE_TO_A,same_plane_altitude_offset:-10km,same_tle_65410_20260311T110240Z:segment:3,2026-03-11T11:06:09.500000Z,315555532,2026-03-10T17:24:38.025504,2026-03-11T02:43:10,17.69207624888889,8.383194444444445,CAUSAL_GP:65410:315555532,SYNTHETIC_RELATIVE_TO_CAUSAL_A:FROZEN_ORIGINAL_PERTURBATION_RULE,2026-03-11T11:06:10Z,-10.0,0.0,0.0,9.99849562958816,0.005272114462421,-9.998492626221896,-0.00774972725827,2.7143476541979794e-06,9.998492626221896,0.00774972725827,-2.7143476541979794e-06,12-18 h,WITHIN_CALIBRATED_SUPPORT,4143.212413460533,29.005502435074128,1099.4845501122445,11.951664770822688,1.9412167681148336,ORBIT_DISTINCT,1.1102230246251563e-16,0.0,0,0,SCORED,60,60,3,60,46,14,0,0.7666666666666667,conditional verifier acceptance fraction under the controlled observation model,"(0.5,0.9]",MIXED,DESCRIPTIVE_ONLY,0.9999996996181849,0.0007750893279721533,2.714756054066289e-07,R,R-
controlled_altitude_difference_synthetic_B,orbit_unit_21fe09de21d8bac2d32a9fe7,65409,STARLINK-35022,SYNTHETIC_RELATIVE_TO_A,same_plane_altitude_offset:-100km,same_tle_65409_20260310T113340Z:segment:3,2026-03-10T11:37:09.500000Z,315434187,2026-03-09T17:55:17.144544,2026-03-10T03:44:43,17.697876515555556,7.874027777777778,CAUSAL_GP:65409:315434187,SYNTHETIC_RELATIVE_TO_CAUSAL_A:FROZEN_ORIGINAL_PERTURBATION_RULE,2026-03-10T11:37:10Z,-100.0,0.0,0.0,99.99814779424284,0.0553545163026971,-99.99811302754046,-0.08338591292474,2.758246878897808e-06,99.99811302754046,0.08338591292474,-2.758246878897808e-06,12-18 h,WITHIN_CALIBRATED_SUPPORT,412282.202376448,29.005502435074128,1099.4845501122445,119.22219059031706,19.36434128158493,ORBIT_DISTINCT,2.220446049250313e-16,0.0,0,0,SCORED,60,60,3,60,0,60,0,0.0,conditional verifier acceptance fraction under the controlled observation model,0,ZERO,DESCRIPTIVE_ONLY,0.9999996523265364,0.0008338745743202729,2.7582979682515752e-08,R,R-
controlled_altitude_difference_synthetic_B,orbit_unit_23235fe4183d87fb128c05e8,65409,STARLINK-35022,SYNTHETIC_RELATIVE_TO_A,same_plane_altitude_offset:-20km,same_tle_65409_20260312T054045Z:segment:2,2026-03-12T05:43:14.500000Z,315679331,2026-03-11T20:03:20.806272,2026-03-12T03:14:55,9.664914924444444,2.4720833333333334,CAUSAL_GP:65409:315679331,SYNTHETIC_RELATIVE_TO_CAUSAL_A:FROZEN_ORIGINAL_PERTURBATION_RULE,2026-03-12T05:43:15Z,-20.0,0.0,0.0,20.00267679359437,0.0107445218958937,-20.00267054214505,-0.0158142783853048,-8.233177233307742e-07,20.00267054214505,0.0158142783853048,8.233177233307742e-07,9-12 h,WITHIN_CALIBRATED_SUPPORT,17504.453627605944,31.32749048335574,948.5696084793932,23.63804071745564,4.295756706119398,ORBIT_DISTINCT,2.220446049250313e-16,0.0,0,0,SCORED,60,60,3,60,33,27,0,0.55,conditional verifier acceptance fraction under the controlled observation model,"(0.5,0.9]",MIXED,DESCRIPTIVE_ONLY,0.9999996874693627,0.0007906081045297467,4.116037727482715e-08,R,R-
controlled_altitude_difference_synthetic_B,orbit_unit_2476edfaa6d10a6b15667dd5,65421,STARLINK-35146,SYNTHETIC_RELATIVE_TO_A,same_plane_altitude_offset:-100km,same_tle_65421_20260310T064225Z:segment:3,2026-03-10T06:45:54.500000Z,315434193,2026-03-09T17:56:44.636640,2026-03-10T03:44:43,12.81940648888889,3.019861111111111,CAUSAL_GP:65421:315434193,SYNTHETIC_RELATIVE_TO_CAUSAL_A:FROZEN_ORIGINAL_PERTURBATION_RULE,2026-03-10T06:45:55Z,-100.0,0.0,0.0,100.00233850791513,0.0549119195375011,-100.00230395876062,-0.0831263574091742,-5.245537479936502e-07,100.00230395876062,0.0831263574091742,5.245537479936502e-07,12-18 h,WITHIN_CALIBRATED_SUPPORT,412316.7148803929,29.005502435074128,1099.4845501122445,119.22718058284232,19.36515176760077,ORBIT_DISTINCT,1.1102230246251563e-16,0.0,0,0,SCORED,60,60,3,60,0,60,0,0.0,conditional verifier acceptance fraction under the controlled observation model,0,ZERO,DESCRIPTIVE_ONLY,0.9999996545165339,0.000831244135381842,5.24541481549586e-09,R,R-
controlled_altitude_difference_synthetic_B,orbit_unit_24dc44c52e25ef861f0f786a,65409,STARLINK-35022,SYNTHETIC_RELATIVE_TO_A,same_plane_altitude_offset:-5km,same_tle_65409_20260312T054045Z:segment:2,2026-03-12T05:43:14.500000Z,315679331,2026-03-11T20:03:20.806272,2026-03-12T03:14:55,9.664914924444444,2.4720833333333334,CAUSAL_GP:65409:315679331,SYNTHETIC_RELATIVE_TO_CAUSAL_A:FROZEN_ORIGINAL_PERTURBATION_RULE,2026-03-12T05:43:15Z,-5.0,0.0,0.0,5.002671585000618,0.0054210119260001,-5.002670524597724,-0.0032572523758247,-8.334142296284597e-07,5.002670524597724,0.0032572523758247,8.334142296284597e-07,9-12 h,WITHIN_CALIBRATED_SUPPORT,1101.3378159771817,31.32749048335574,948.5696084793932,5.929218737987062,1.07752082586726,ORBIT_DISTINCT,2.220446049250313e-16,0.0,0,0,SCORED,60,60,3,60,42,18,0,0.7,conditional verifier acceptance fraction under the controlled observation model,"(0.5,0.9]",MIXED,DESCRIPTIVE_ONLY,0.9999997880326789,0.0006511025799876282,1.6659383200913373e-07,R,R-
controlled_altitude_difference_synthetic_B,orbit_unit_262e462ce54f12f06223a1fb,65410,STARLINK-35024,SYNTHETIC_RELATIVE_TO_A,same_plane_altitude_offset:-50km,same_tle_65410_20260312T085425Z:segment:3,2026-03-12T08:57:54.500000Z,315679831,2026-03-11T16:54:40.030272,2026-03-12T03:14:55,16.054019368888888,5.716527777777777,CAUSAL_GP:65410:315679831,SYNTHETIC_RELATIVE_TO_CAUSAL_A:FROZEN_ORIGINAL_PERTURBATION_RULE,2026-03-12T08:57:55Z,-50.0,0.0,0.0,50.00004717068352,0.0269787628574019,-50.000030047476045,-0.041380213481511,1.3546028903022034e-06,50.000030047476045,0.041380213481511,-1.3546028903022034e-06,12-18 h,WITHIN_CALIBRATED_SUPPORT,103133.59867287448,29.005502435074128,1099.4845501122445,59.62932451019128,9.685131471653245,ORBIT_DISTINCT,2.220446049250313e-16,0.0,0,0,SCORED,60,60,3,60,37,23,0,0.6166666666666667,conditional verifier acceptance fraction under the controlled observation model,"(0.5,0.9]",MIXED,DESCRIPTIVE_ONLY,0.9999996575361735,0.0008276034888577748,2.7092032247050486e-08,R,R-
controlled_altitude_difference_synthetic_B,orbit_unit_2aec8a4115d346f393ab960d,44714,STARLINK-1008,SYNTHETIC_RELATIVE_TO_A,same_plane_altitude_offset:-20km,same_tle_44714_20260310T023440Z:segment:2,2026-03-10T02:37:09.500000Z,315393241,2026-03-09T13:49:15.828096,2026-03-09T22:56:35,12.798242195555556,3.67625,CAUSAL_GP:44714:315393241,SYNTHETIC_RELATIVE_TO_CAUSAL_A:FROZEN_ORIGINAL_PERTURBATION_RULE,2026-03-10T02:37:10Z,-20.0,0.0,0.0,20.00292375839373,0.0108340457463843,-20.00291758291635,-0.0157179886610761,-9.51871975019003e-07,20.00291758291635,0.0157179886610761,9.51871975019003e-07,12-18 h,WITHIN_CALIBRATED_SUPPORT,16534.649674679327,29.005502435074128,1099.4845501122445,23.875765378316316,3.877956501684317,ORBIT_DISTINCT,2.6059418842835026e-17,0.0,0,0,SCORED,60,60,3,60,32,28,0,0.5333333333333333,conditional verifier acceptance fraction under the controlled observation model,"(0.5,0.9]",MIXED,DESCRIPTIVE_ONLY,0.9999996912712632,0.0007857845608435333,4.758664215872809e-08,R,R-
controlled_altitude_difference_synthetic_B,orbit_unit_2d8b60f97c93de2a7a2494e8,44714,STARLINK-1008,SYNTHETIC_RELATIVE_TO_A,same_plane_altitude_offset:-10km,same_tle_44714_20260310T090420Z:segment:3,2026-03-10T09:07:49.500000Z,315443210,2026-03-09T21:39:16.344864,2026-03-10T08:26:21,11.475876426666668,0.69125,CAUSAL_GP:44714:315443210,SYNTHETIC_RELATIVE_TO_CAUSAL_A:FROZEN_ORIGINAL_PERTURBATION_RULE,2026-03-10T09:07:50Z,-10.0,0.0,0.0,9.997296046410884,0.0064926306453736,-9.997293318434782,-0.0073854417804914,3.4206522983026844e-06,9.997293318434782,0.0073854417804914,-3.4206522983026844e-06,9-12 h,WITHIN_CALIBRATED_SUPPORT,4381.038680458483,31.32749048335574,948.5696084793932,11.825669585222473,2.149086721369337,ORBIT_DISTINCT,2.220446049250313e-16,0.0,0,0,SCORED,60,60,3,60,50,10,0,0.8333333333333334,conditional verifier acceptance fraction under the controlled observation model,"(0.5,0.9]",MIXED,DESCRIPTIVE_ONLY,0.9999997271286064,0.0007387439309795008,3.4215774769726134e-07,R,R-
controlled_altitude_difference_synthetic_B,orbit_unit_2f2a32c7c28867ee9878c1bb,65686,STARLINK-35137,SYNTHETIC_RELATIVE_TO_A,same_plane_altitude_offset:+50km,same_tle_65686_20260312T152900Z:segment:3,2026-03-12T15:32:29.500000Z,315682814,2026-03-11T21:55:43.056192,2026-03-12T07:26:32,17.61290105777778,8.099305555555556,CAUSAL_GP:65686:315682814,SYNTHETIC_RELATIVE_TO_CAUSAL_A:FROZEN_ORIGINAL_PERTURBATION_RULE,2026-03-12T15:32:30Z,50.0,0.0,0.0,49.99950508007498,0.0288134406815462,49.99948720437514,0.0422794509038948,1.1573790992258637e-06,-49.99948720437514,-0.0422794509038948,-1.1573790992258637e-06,12-18 h,WITHIN_CALIBRATED_SUPPORT,102896.14735411016,29.005502435074128,1099.4845501122445,59.560640680884966,9.673975686772694,ORBIT_DISTINCT,2.220446049250313e-16,0.0,0,0,SCORED,60,60,3,60,28,32,0,0.4666666666666667,conditional verifier acceptance fraction under the controlled observation model,"(0.1,0.5]",MIXED,DESCRIPTIVE_ONLY,0.9999996424824643,0.0008455973881378147,2.314781111077606e-08,R,R+
controlled_altitude_difference_synthetic_B,orbit_unit_30656c2d9b66677759aa2aba,65409,STARLINK-35022,SYNTHETIC_RELATIVE_TO_A,same_plane_altitude_offset:+100km,same_tle_65409_20260312T054045Z:segment:2,2026-03-12T05:43:14.500000Z,315679331,2026-03-11T20:03:20.806272,2026-03-12T03:14:55,9.664914924444444,2.4720833333333334,CAUSAL_GP:65409:315679331,SYNTHETIC_RELATIVE_TO_CAUSAL_A:FROZEN_ORIGINAL_PERTURBATION_RULE,2026-03-12T05:43:15Z,100.0,0.0,0.0,99.99736446511746,0.0572453758079207,99.99732896498612,0.0842605357509249,-9.038420856199992e-07,-99.99732896498612,-0.0842605357509249,9.038420856199992e-07,9-12 h,WITHIN_CALIBRATED_SUPPORT,436470.9599547332,31.32749048335574,948.5696084793932,118.03610594279915,21.45077926418674,ORBIT_DISTINCT,2.220446049250313e-16,0.0,0,0,SCORED,60,60,3,60,14,46,0,0.2333333333333333,conditional verifier acceptance fraction under the controlled observation model,"(0.1,0.5]",MIXED,DESCRIPTIVE_ONLY,0.9999996449893301,0.0008426275652526611,9.03865907321278e-09,R,R+
controlled_altitude_difference_synthetic_B,orbit_unit_33043f44db0192a738508f4c,65409,STARLINK-35022,SYNTHETIC_RELATIVE_TO_A,same_plane_altitude_offset:-100km,same_tle_65409_20260311T110325Z:segment:3,2026-03-11T11:06:54.500000Z,315556031,2026-03-10T20:33:19.547136,2026-03-11T02:43:10,14.559709128888889,8.395694444444445,CAUSAL_GP:65409:315556031,SYNTHETIC_RELATIVE_TO_CAUSAL_A:FROZEN_ORIGINAL_PERTURBATION_RULE,2026-03-11T11:06:55Z,-100.0,0.0,0.0,99.99824913590788,0.0553278956562895,-99.99821437335856,-0.0833809745598479,2.711526583709656e-06,99.99821437335856,0.0833809745598479,-2.711526583709656e-06,12-18 h,WITHIN_CALIBRATED_SUPPORT,412283.0371539461,29.005502435074128,1099.4845501122445,119.2223112891382,19.36436088576393,ORBIT_DISTINCT,3.3306690738754696e-16,0.0,0,0,SCORED,60,60,3,60,0,60,0,0.0,conditional verifier acceptance fraction under the controlled observation model,0,ZERO,DESCRIPTIVE_ONLY,0.9999996523684203,0.0008338243447295222,2.711574059686198e-08,R,R-
controlled_altitude_difference_synthetic_B,orbit_unit_34cead39e2db07e8bbc9ec3b,65421,STARLINK-35146,SYNTHETIC_RELATIVE_TO_A,same_plane_altitude_offset:+20km,same_tle_65421_20260312T085635Z:segment:3,2026-03-12T09:00:04.500000Z,315679337,2026-03-11T13:48:47.386944,2026-03-12T03:14:55,19.18808696,5.752638888888889,CAUSAL_GP:65421:315679337,SYNTHETIC_RELATIVE_TO_CAUSAL_A:FROZEN_ORIGINAL_PERTURBATION_RULE,2026-03-12T09:00:05Z,20.0,0.0,0.0,20.00047279585713,0.0120215901111701,20.000465451524043,0.0171400178712695,1.3616103178293315e-06,-20.000465451524043,-0.0171400178712695,-1.3616103178293315e-06,18-24 h,WITHIN_CALIBRATED_SUPPORT,22704.51768610697,37.65263471646583,1467.668474883233,24.556046933441213,3.933164923304233,ORBIT_DISTINCT,1.1102230246251563e-16,0.0,0,0,SCORED,60,60,3,60,36,24,0,0.6,conditional verifier acceptance fraction under the controlled observation model,"(0.5,0.9]",MIXED,DESCRIPTIVE_ONLY,0.9999996327920261,0.0008569806347187881,6.807890652021852e-08,R,R+
controlled_altitude_difference_synthetic_B,orbit_unit_39faf6b4d77b52d69d47a835,65421,STARLINK-35146,SYNTHETIC_RELATIVE_TO_A,same_plane_altitude_offset:+20km,same_tle_65421_20260311T110455Z:segment:3,2026-03-11T11:08:24.500000Z,315556037,2026-03-10T20:34:46.163136,2026-03-11T02:43:10,14.560649128888889,8.420694444444445,CAUSAL_GP:65421:315556037,SYNTHETIC_RELATIVE_TO_CAUSAL_A:FROZEN_ORIGINAL_PERTURBATION_RULE,2026-03-11T11:08:25Z,20.0,0.0,0.0,20.001716280561947,0.012915366669975,20.001708733704792,0.017375273429709,2.760419762992683e-06,-20.001708733704792,-0.017375273429709,-2.760419762992683e-06,12-18 h,WITHIN_CALIBRATED_SUPPORT,16438.577817452104,29.005502435074128,1099.4845501122445,23.806301228672268,3.866673975387139,ORBIT_DISTINCT,2.220446049250313e-16,0.0,0,0,SCORED,60,60,3,60,26,34,0,0.4333333333333333,conditional verifier acceptance fraction under the controlled observation model,"(0.1,0.5]",MIXED,DESCRIPTIVE_ONLY,0.9999996226895206,0.000868689125772403,1.380091450289849e-07,R,R+
controlled_altitude_difference_synthetic_B,orbit_unit_3a08c48ab686f0a11ddb65d1,65686,STARLINK-35137,SYNTHETIC_RELATIVE_TO_A,same_plane_altitude_offset:-50km,same_tle_65686_20260312T121505Z:segment:2,2026-03-12T12:17:34.500000Z,315682814,2026-03-11T21:55:43.056192,2026-03-12T07:26:32,14.364289946666668,4.850694444444445,CAUSAL_GP:65686:315682814,SYNTHETIC_RELATIVE_TO_CAUSAL_A:FROZEN_ORIGINAL_PERTURBATION_RULE,2026-03-12T12:17:35Z,-50.0,0.0,0.0,50.00301184462332,0.02686127413464,-50.00299505785317,-0.0409728916637135,-8.013842567322627e-07,50.00299505785317,0.0409728916637135,8.013842567322627e-07,12-18 h,WITHIN_CALIBRATED_SUPPORT,103145.79803950092,29.005502435074128,1099.4845501122445,59.63285109362452,9.685704267412332,ORBIT_DISTINCT,3.3306690738754696e-16,0.0,0,0,SCORED,60,60,3,60,26,34,0,0.4333333333333333,conditional verifier acceptance fraction under the controlled observation model,"(0.1,0.5]",MIXED,DESCRIPTIVE_ONLY,0.9999996642848193,0.0008194084746540961,1.6026719734851995e-08,R,R-
controlled_altitude_difference_synthetic_B,orbit_unit_3a6d8ae8cc5ab39c37dff701,65409,STARLINK-35022,SYNTHETIC_RELATIVE_TO_A,same_plane_altitude_offset:+50km,same_tle_65409_20260311T110325Z:segment:3,2026-03-11T11:06:54.500000Z,315556031,2026-03-10T20:33:19.547136,2026-03-11T02:43:10,14.559709128888889,8.395694444444445,CAUSAL_GP:65409:315556031,SYNTHETIC_RELATIVE_TO_CAUSAL_A:FROZEN_ORIGINAL_PERTURBATION_RULE,2026-03-11T11:06:55Z,50.0,0.0,0.0,50.001803920866806,0.0291093502236305,50.001786012218645,0.0423193702653517,2.679428718010968e-06,-50.001786012218645,-0.0423193702653517,-2.679428718010968e-06,12-18 h,WITHIN_CALIBRATED_SUPPORT,102905.6156583084,29.005502435074128,1099.4845501122445,59.56338094524948,9.674420766787524,ORBIT_DISTINCT,3.3306690738754696e-16,0.0,0,0,SCORED,60,60,3,60,19,41,0,0.3166666666666666,conditional verifier acceptance fraction under the controlled observation model,"(0.1,0.5]",MIXED,DESCRIPTIVE_ONLY,0.9999996418399586,0.0008463568700906596,5.3586641039020316e-08,R,R+
controlled_altitude_difference_synthetic_B,orbit_unit_3ac46a5572e9ad1ab171b4e8,65686,STARLINK-35137,SYNTHETIC_RELATIVE_TO_A,same_plane_altitude_offset:-100km,same_tle_65686_20260312T121505Z:segment:2,2026-03-12T12:17:34.500000Z,315682814,2026-03-11T21:55:43.056192,2026-03-12T07:26:32,14.364289946666668,4.850694444444445,CAUSAL_GP:65686:315682814,SYNTHETIC_RELATIVE_TO_CAUSAL_A:FROZEN_ORIGINAL_PERTURBATION_RULE,2026-03-12T12:17:35Z,-100.0,0.0,0.0,100.00302990801676,0.0548517476170245,-100.00299544530364,-0.0830225888938862,-7.676663784650373e-07,100.00299544530364,0.0830225888938862,7.676663784650373e-07,12-18 h,WITHIN_CALIBRATED_SUPPORT,412322.40275025024,29.005502435074128,1099.4845501122445,119.22800294381314,19.365285337353324,ORBIT_DISTINCT,3.3306690738754696e-16,0.0,0,0,SCORED,60,60,3,60,0,60,0,0.0,conditional verifier acceptance fraction under the controlled observation model,0,ZERO,DESCRIPTIVE_ONLY,0.9999996553833107,0.0008302007346202488,7.67643119584617e-09,R,R-
controlled_altitude_difference_synthetic_B,orbit_unit_3cb046c8ac4f719077e78b42,65421,STARLINK-35146,SYNTHETIC_RELATIVE_TO_A,same_plane_altitude_offset:-50km,same_tle_65421_20260311T110455Z:segment:3,2026-03-11T11:08:24.500000Z,315556037,2026-03-10T20:34:46.163136,2026-03-11T02:43:10,14.560649128888889,8.420694444444445,CAUSAL_GP:65421:315556037,SYNTHETIC_RELATIVE_TO_CAUSAL_A:FROZEN_ORIGINAL_PERTURBATION_RULE,2026-03-11T11:08:25Z,-50.0,0.0,0.0,49.99830838196127,0.0269215646652626,-49.99829136951031,-0.0412454511762749,2.774558712559383e-06,49.99829136951031,0.0412454511762749,-2.774558712559383e-06,12-18 h,WITHIN_CALIBRATED_SUPPORT,103126.42355394988,29.005502435074128,1099.4845501122445,59.62725023496974,9.684794563120503,ORBIT_DISTINCT,2.220446049250313e-16,0.0,0,0,SCORED,60,60,3,60,2,58,0,0.0333333333333333,conditional verifier acceptance fraction under the controlled observation model,"(0,0.1]",RARE,DESCRIPTIVE_ONLY,0.9999996597394687,0.0008249369330894342,5.5493051712133645e-08,R,R-
controlled_altitude_difference_synthetic_B,orbit_unit_3d1f2dc02af11ab000a3a7c2,65410,STARLINK-35024,SYNTHETIC_RELATIVE_TO_A,same_plane_altitude_offset:+20km,same_tle_65410_20260312T085425Z:segment:3,2026-03-12T08:57:54.500000Z,315679831,2026-03-11T16:54:40.030272,2026-03-12T03:14:55,16.054019368888888,5.716527777777777,CAUSAL_GP:65410:315679831,SYNTHETIC_RELATIVE_TO_CAUSAL_A:FROZEN_ORIGINAL_PERTURBATION_RULE,2026-03-12T08:57:55Z,20.0,0.0,0.0,19.99997748803277,0.0121848703425521,19.999970056900334,0.017240791908797,1.324122933965555e-06,-19.999970056900334,-0.017240791908797,-1.324122933965555e-06,12-18 h,WITHIN_CALIBRATED_SUPPORT,16435.713303077624,29.005502435074128,1099.4845501122445,23.80422694755551,3.866337065896884,ORBIT_DISTINCT,2.220446049250313e-16,0.0,0,0,SCORED,60,60,3,60,37,23,0,0.6166666666666667,conditional verifier acceptance fraction under the controlled observation model,"(0.5,0.9]",MIXED,DESCRIPTIVE_ONLY,0.9999996284429602,0.0008620405657512986,6.620622121989188e-08,R,R+
controlled_altitude_difference_synthetic_B,orbit_unit_3eec782b0536289e00dd7045,65421,STARLINK-35146,SYNTHETIC_RELATIVE_TO_A,same_plane_altitude_offset:-10km,same_tle_65421_20260311T110455Z:segment:3,2026-03-11T11:08:24.500000Z,315556037,2026-03-10T20:34:46.163136,2026-03-11T02:43:10,14.560649128888889,8.420694444444445,CAUSAL_GP:65421:315556037,SYNTHETIC_RELATIVE_TO_CAUSAL_A:FROZEN_ORIGINAL_PERTURBATION_RULE,2026-03-11T11:08:25Z,-10.0,0.0,0.0,9.998294222173744,0.0054504064171585,-9.998291248653087,-0.0077110474200108,2.766452763758309e-06,9.998291248653087,0.0077110474200108,-2.766452763758309e-06,12-18 h,WITHIN_CALIBRATED_SUPPORT,4143.045568962849,29.005502435074128,1099.4845501122445,11.95142412547536,1.941177681946308,ORBIT_DISTINCT,2.220446049250313e-16,0.0,0,0,SCORED,60,60,3,60,38,22,0,0.6333333333333333,conditional verifier acceptance fraction under the controlled observation model,"(0.5,0.9]",MIXED,DESCRIPTIVE_ONLY,0.9999997025972038,0.0007712362977786353,2.7669247396450895e-07,R,R-
controlled_altitude_difference_synthetic_B,orbit_unit_4065e50930179a8ac67f3734,65421,STARLINK-35146,SYNTHETIC_RELATIVE_TO_A,same_plane_altitude_offset:+100km,same_tle_65421_20260312T085635Z:segment:3,2026-03-12T09:00:04.500000Z,315679337,2026-03-11T13:48:47.386944,2026-03-12T03:14:55,19.18808696,5.752638888888889,CAUSAL_GP:65421:315679337,SYNTHETIC_RELATIVE_TO_CAUSAL_A:FROZEN_ORIGINAL_PERTURBATION_RULE,2026-03-12T09:00:05Z,100.0,0.0,0.0,100.0005000537546,0.0560233523789316,100.00046496760504,0.0837691098708568,1.3274788202011225e-06,-100.00046496760504,-0.0837691098708568,-1.3274788202011225e-06,18-24 h,WITHIN_CALIBRATED_SUPPORT,566087.469218989,37.65263471646583,1467.668474883233,122.61513630340754,19.639380657721635,ORBIT_DISTINCT,1.1102230246251563e-16,0.0,0,0,SCORED,60,60,3,60,32,28,0,0.5333333333333333,conditional verifier acceptance fraction under the controlled observation model,"(0.5,0.9]",MIXED,DESCRIPTIVE_ONLY,0.999999649140259,0.0008376869098237237,1.3274721821266346e-08,R,R+
controlled_altitude_difference_synthetic_B,orbit_unit_41bebe4dbe561745e3373b05,44714,STARLINK-1008,SYNTHETIC_RELATIVE_TO_A,same_plane_altitude_offset:+20km,same_tle_44714_20260310T023440Z:segment:2,2026-03-10T02:37:09.500000Z,315393241,2026-03-09T13:49:15.828096,2026-03-09T22:56:35,12.798242195555556,3.67625,CAUSAL_GP:44714:315393241,SYNTHETIC_RELATIVE_TO_CAUSAL_A:FROZEN_ORIGINAL_PERTURBATION_RULE,2026-03-10T02:37:10Z,20.0,0.0,0.0,19.997090280224917,0.0144054223422586,19.997082412264252,0.017739012834296,-9.795205002660623e-07,-19.997082412264252,-0.017739012834296,9.795205002660623e-07,12-18 h,WITHIN_CALIBRATED_SUPPORT,16430.97344802373,29.005502435074128,1099.4845501122445,23.80079427873598,3.8657795239644734,ORBIT_DISTINCT,2.6059418842835026e-17,0.0,0,0,SCORED,60,60,3,60,32,28,0,0.5333333333333333,conditional verifier acceptance fraction under the controlled observation model,"(0.5,0.9]",MIXED,DESCRIPTIVE_ONLY,0.9999996065447249,0.0008870796993819686,4.898315137551329e-08,R,R+
controlled_altitude_difference_synthetic_B,orbit_unit_455dcf449c6edd8723567a25,65686,STARLINK-35137,SYNTHETIC_RELATIVE_TO_A,same_plane_altitude_offset:+20km,same_tle_65686_20260310T131505Z:segment:2,2026-03-10T13:17:34.500000Z,315485957,2026-03-10T00:29:40.547616,2026-03-10T09:52:28,12.798320106666663,3.4184722222222224,CAUSAL_GP:65686:315485957,SYNTHETIC_RELATIVE_TO_CAUSAL_A:FROZEN_ORIGINAL_PERTURBATION_RULE,2026-03-10T13:17:35Z,20.0,0.0,0.0,19.997221022693523,0.014183475001883,19.997213211383915,0.0176750928643185,-8.945597524956383e-07,-19.997213211383915,-0.0176750928643185,8.945597524956383e-07,12-18 h,WITHIN_CALIBRATED_SUPPORT,16431.187157023924,29.005502435074128,1099.4845501122445,23.80094906041785,3.8658046639597794,ORBIT_DISTINCT,2.220446049250313e-16,0.0,0,0,SCORED,60,60,3,60,37,23,0,0.6166666666666667,conditional verifier acceptance fraction under the controlled observation model,"(0.5,0.9]",MIXED,DESCRIPTIVE_ONLY,0.9999996093802432,0.0008838774569856582,4.4734203391584335e-08,R,R+
controlled_altitude_difference_synthetic_B,orbit_unit_4b69abaa58302fb09430ff00,65409,STARLINK-35022,SYNTHETIC_RELATIVE_TO_A,same_plane_altitude_offset:-20km,same_tle_65409_20260310T113340Z:segment:3,2026-03-10T11:37:09.500000Z,315434187,2026-03-09T17:55:17.144544,2026-03-10T03:44:43,17.697876515555556,7.874027777777778,CAUSAL_GP:65409:315434187,SYNTHETIC_RELATIVE_TO_CAUSAL_A:FROZEN_ORIGINAL_PERTURBATION_RULE,2026-03-10T11:37:10Z,-20.0,0.0,0.0,19.99811907257239,0.0107120210877926,-19.99811253118562,-0.0161750058035514,2.7418405377233057e-06,19.99811253118562,0.0161750058035514,-2.7418405377233057e-06,12-18 h,WITHIN_CALIBRATED_SUPPORT,16526.730142108965,29.005502435074128,1099.4845501122445,23.870046855335687,3.877027686083168,ORBIT_DISTINCT,2.220446049250313e-16,0.0,0,0,SCORED,60,60,3,60,17,43,0,0.2833333333333333,conditional verifier acceptance fraction under the controlled observation model,"(0.1,0.5]",MIXED,DESCRIPTIVE_ONLY,0.9999996728998989,0.0008088263573615567,1.3710492110649376e-07,R,R-
controlled_altitude_difference_synthetic_B,orbit_unit_4ebe83456a8267863b89afd6,65686,STARLINK-35137,SYNTHETIC_RELATIVE_TO_A,same_plane_altitude_offset:-50km,same_tle_65686_20260312T152900Z:segment:3,2026-03-12T15:32:29.500000Z,315682814,2026-03-11T21:55:43.056192,2026-03-12T07:26:32,17.61290105777778,8.099305555555556,CAUSAL_GP:65686:315682814,SYNTHETIC_RELATIVE_TO_CAUSAL_A:FROZEN_ORIGINAL_PERTURBATION_RULE,2026-03-12T15:32:30Z,-50.0,0.0,0.0,50.00052991336283,0.0269925483472305,-50.000512791984846,-0.0413782025885944,1.203035807861852e-06,50.000512791984846,0.0413782025885944,-1.203035807861852e-06,12-18 h,WITHIN_CALIBRATED_SUPPORT,103135.58876870452,29.005502435074128,1099.4845501122445,59.62989981978546,9.685224914755311,ORBIT_DISTINCT,2.220446049250313e-16,0.0,0,0,SCORED,60,60,3,60,31,29,0,0.5166666666666667,conditional verifier acceptance fraction under the controlled observation model,"(0.5,0.9]",MIXED,DESCRIPTIVE_ONLY,0.9999996575760696,0.0008275552811198491,2.406046115803937e-08,R,R-
controlled_altitude_difference_synthetic_B,orbit_unit_52300a8d3394b0274bf369a1,44714,STARLINK-1008,SYNTHETIC_RELATIVE_TO_A,same_plane_altitude_offset:+20km,same_tle_44714_20260311T034020Z:segment:3,2026-03-11T03:43:49.500000Z,315542230,2026-03-10T16:27:18.322272,2026-03-11T02:43:10,11.275327146666667,1.0109722222222222,CAUSAL_GP:44714:315542230,SYNTHETIC_RELATIVE_TO_CAUSAL_A:FROZEN_ORIGINAL_PERTURBATION_RULE,2026-03-11T03:43:50Z,20.0,0.0,0.0,19.99793303627668,0.0133773391741271,19.997925369386618,0.0175112492241646,-3.208775449792256e-07,-19.997925369386618,-0.0175112492241646,3.208775449792256e-07,9-12 h,WITHIN_CALIBRATED_SUPPORT,17429.837912970917,31.32749048335574,948.5696084793932,23.587606326678102,4.286591231070459,ORBIT_DISTINCT,2.220446049250313e-16,0.0,0,0,SCORED,60,60,3,60,35,25,0,0.5833333333333334,conditional verifier acceptance fraction under the controlled observation model,"(0.5,0.9]",MIXED,DESCRIPTIVE_ONLY,0.9999996166158746,0.0008756529583531865,1.6045535525953946e-08,R,R+
controlled_altitude_difference_synthetic_B,orbit_unit_52dd9da1ac920c7f9faeecf4,65410,STARLINK-35024,SYNTHETIC_RELATIVE_TO_A,same_plane_altitude_offset:-50km,same_tle_65410_20260311T110240Z:segment:3,2026-03-11T11:06:09.500000Z,315555532,2026-03-10T17:24:38.025504,2026-03-11T02:43:10,17.69207624888889,8.383194444444445,CAUSAL_GP:65410:315555532,SYNTHETIC_RELATIVE_TO_CAUSAL_A:FROZEN_ORIGINAL_PERTURBATION_RULE,2026-03-11T11:06:10Z,-50.0,0.0,0.0,49.998509790890246,0.0269508049228664,-49.99849274726543,-0.0412833063985829,2.722811572652972e-06,49.99849274726543,0.0412833063985829,-2.722811572652972e-06,12-18 h,WITHIN_CALIBRATED_SUPPORT,103127.25597001716,29.005502435074128,1099.4845501122445,59.627490884161645,9.684833649913475,ORBIT_DISTINCT,1.1102230246251563e-16,0.0,0,0,SCORED,60,60,3,60,13,47,0,0.2166666666666666,conditional verifier acceptance fraction under the controlled observation model,"(0.1,0.5]",MIXED,DESCRIPTIVE_ONLY,0.9999996591173438,0.0008256907370088205,5.445785452487764e-08,R,R-
controlled_altitude_difference_synthetic_B,orbit_unit_53b482385a42aebc5cfa3313,65410,STARLINK-35024,SYNTHETIC_RELATIVE_TO_A,same_plane_altitude_offset:-20km,same_tle_65410_20260310T064015Z:segment:3,2026-03-10T06:43:44.500000Z,315434688,2026-03-09T16:20:35.643840,2026-03-10T03:44:43,14.385793377777778,2.98375,CAUSAL_GP:65410:315434688,SYNTHETIC_RELATIVE_TO_CAUSAL_A:FROZEN_ORIGINAL_PERTURBATION_RULE,2026-03-10T06:43:45Z,-20.0,0.0,0.0,20.00209222121987,0.0104269059325346,-20.00208587483253,-0.0159336753125174,-5.598737757850358e-07,20.00208587483253,0.0159336753125174,5.598737757850358e-07,12-18 h,WITHIN_CALIBRATED_SUPPORT,16533.281853244083,29.005502435074128,1099.4845501122445,23.874777801931632,3.877796097265811,ORBIT_DISTINCT,4.440892098500626e-16,0.0,0,0,SCORED,60,60,3,60,31,29,0,0.5166666666666667,conditional verifier acceptance fraction under the controlled observation model,"(0.5,0.9]",MIXED,DESCRIPTIVE_ONLY,0.9999996827138248,0.0007966004324094477,2.799076064608259e-08,R,R-
controlled_altitude_difference_synthetic_B,orbit_unit_5601cfc277bf6e4a3af6af28,65686,STARLINK-35137,SYNTHETIC_RELATIVE_TO_A,same_plane_altitude_offset:-10km,same_tle_65686_20260311T142130Z:segment:3,2026-03-11T14:24:59.500000Z,315558516,2026-03-10T22:25:41.529216,2026-03-11T07:06:59,15.988325217777778,7.300138888888889,CAUSAL_GP:65686:315558516,SYNTHETIC_RELATIVE_TO_CAUSAL_A:FROZEN_ORIGINAL_PERTURBATION_RULE,2026-03-11T14:25:00Z,-10.0,0.0,0.0,10.001529763055414,0.0051939925251299,-10.00152681376484,-0.0076808089533688,-2.35070478638022e-08,10.00152681376484,0.0076808089533688,2.35070478638022e-08,12-18 h,WITHIN_CALIBRATED_SUPPORT,4145.718848390933,29.005502435074128,1099.4845501122445,11.955279302007712,1.941803848549216,ORBIT_DISTINCT,3.3306690738754696e-16,0.0,0,0,SCORED,60,60,3,60,33,27,0,0.55,conditional verifier acceptance fraction under the controlled observation model,"(0.5,0.9]",MIXED,DESCRIPTIVE_ONLY,0.9999997051160531,0.0007679634151308424,2.3503452392487733e-09,R,R-
controlled_altitude_difference_synthetic_B,orbit_unit_56de11d55567524279cf1ab5,65421,STARLINK-35146,SYNTHETIC_RELATIVE_TO_A,same_plane_altitude_offset:-10km,same_tle_65421_20260312T085635Z:segment:3,2026-03-12T09:00:04.500000Z,315679337,2026-03-11T13:48:47.386944,2026-03-12T03:14:55,19.18808696,5.752638888888889,CAUSAL_GP:65421:315679337,SYNTHETIC_RELATIVE_TO_CAUSAL_A:FROZEN_ORIGINAL_PERTURBATION_RULE,2026-03-12T09:00:05Z,-10.0,0.0,0.0,9.999537688303295,0.0048144996994535,-9.999534531693053,-0.0079453932781718,1.3744844142848931e-06,9.999534531693053,0.0079453932781718,-1.3744844142848931e-06,18-24 h,WITHIN_CALIBRATED_SUPPORT,5619.628914944251,37.65263471646583,1467.668474883233,12.216762574123925,1.956770247390405,ORBIT_DISTINCT,1.1102230246251563e-16,0.0,0,0,SCORED,60,60,3,60,35,25,0,0.5833333333333334,conditional verifier acceptance fraction under the controlled observation model,"(0.5,0.9]",MIXED,DESCRIPTIVE_ONLY,0.9999996843243817,0.0007945760619979184,1.3745479612449096e-07,R,R-
controlled_altitude_difference_synthetic_B,orbit_unit_57147c979fdf97b212f01541,44714,STARLINK-1008,SYNTHETIC_RELATIVE_TO_A,same_plane_altitude_offset:-50km,same_tle_44714_20260312T044740Z:segment:3,2026-03-12T04:51:09.500000Z,315665530,2026-03-11T12:49:19.719264,2026-03-12T03:14:55,16.03049464888889,1.6040277777777778,CAUSAL_GP:44714:315665530,SYNTHETIC_RELATIVE_TO_CAUSAL_A:FROZEN_ORIGINAL_PERTURBATION_RULE,2026-03-12T04:51:10Z,-50.0,0.0,0.0,50.00104446606942,0.0268869562005755,-50.0010274127101,-0.0412961410222187,8.425142787871209e-07,50.0010274127101,0.0412961410222187,-8.425142787871209e-07,12-18 h,WITHIN_CALIBRATED_SUPPORT,103137.7054599541,29.005502435074128,1099.4845501122445,59.630511720299474,9.685324301038396,ORBIT_DISTINCT,2.220446049250313e-16,0.0,0,0,SCORED,60,60,3,60,12,48,0,0.2,conditional verifier acceptance fraction under the controlled observation model,"(0.1,0.5]",MIXED,DESCRIPTIVE_ONLY,0.9999996589399383,0.000825905567837531,1.684993359206424e-08,R,R-
controlled_altitude_difference_synthetic_B,orbit_unit_57d91d6d38693904d559a0a1,65421,STARLINK-35146,SYNTHETIC_RELATIVE_TO_A,same_plane_altitude_offset:+50km,same_tle_65421_20260311T110455Z:segment:3,2026-03-11T11:08:24.500000Z,315556037,2026-03-10T20:34:46.163136,2026-03-11T02:43:10,14.560649128888889,8.420694444444445,CAUSAL_GP:65421:315556037,SYNTHETIC_RELATIVE_TO_CAUSAL_A:FROZEN_ORIGINAL_PERTURBATION_RULE,2026-03-11T11:08:25Z,50.0,0.0,0.0,50.00172660817058,0.0292575436334306,50.00170862525775,0.0424069929470523,2.754425885598266e-06,-50.00170862525775,-0.0424069929470523,-2.754425885598266e-06,12-18 h,WITHIN_CALIBRATED_SUPPORT,102905.30205734533,29.005502435074128,1099.4845501122445,59.56329018660749,9.674406025561003,ORBIT_DISTINCT,2.220446049250313e-16,0.0,0,0,SCORED,60,60,3,60,10,50,0,0.1666666666666666,conditional verifier acceptance fraction under the controlled observation model,"(0.1,0.5]",MIXED,DESCRIPTIVE_ONLY,0.9999996403541628,0.000848110571848188,5.5086615451958743e-08,R,R+
controlled_altitude_difference_synthetic_B,orbit_unit_5a543377fc82a96ff609c475,44714,STARLINK-1008,SYNTHETIC_RELATIVE_TO_A,same_plane_altitude_offset:-10km,same_tle_44714_20260311T034020Z:segment:3,2026-03-11T03:43:49.500000Z,315542230,2026-03-10T16:27:18.322272,2026-03-11T02:43:10,11.275327146666667,1.0109722222222222,CAUSAL_GP:44714:315542230,SYNTHETIC_RELATIVE_TO_CAUSAL_A:FROZEN_ORIGINAL_PERTURBATION_RULE,2026-03-11T03:43:50Z,-10.0,0.0,0.0,10.002077481261685,0.0057581199890321,-10.00207461247388,-0.0075754648364876,-3.0167628839450344e-07,10.00207461247388,0.0075754648364876,3.0167628839450344e-07,9-12 h,WITHIN_CALIBRATED_SUPPORT,4385.22348160028,31.32749048335574,948.5696084793932,11.831316221441265,2.1501128882879,ORBIT_DISTINCT,2.220446049250313e-16,0.0,0,0,SCORED,60,60,3,60,54,6,0,0.9,conditional verifier acceptance fraction under the controlled observation model,"(0.5,0.9]",HIGH,DESCRIPTIVE_ONLY,0.9999997131808057,0.0007573891374746693,3.016136287283083e-08,R,R-
controlled_altitude_difference_synthetic_B,orbit_unit_5bb5ec8d685de748f82525eb,65686,STARLINK-35137,SYNTHETIC_RELATIVE_TO_A,same_plane_altitude_offset:+20km,same_tle_65686_20260312T121505Z:segment:2,2026-03-12T12:17:34.500000Z,315682814,2026-03-11T21:55:43.056192,2026-03-12T07:26:32,14.364289946666668,4.850694444444445,CAUSAL_GP:65686:315682814,SYNTHETIC_RELATIVE_TO_CAUSAL_A:FROZEN_ORIGINAL_PERTURBATION_RULE,2026-03-12T12:17:35Z,20.0,0.0,0.0,19.99701281990793,0.0142831535767963,19.99700504303169,0.0176360008599001,-8.484190292534777e-07,-19.99700504303169,-0.0176360008599001,8.484190292534777e-07,12-18 h,WITHIN_CALIBRATED_SUPPORT,16430.843647231857,29.005502435074128,1099.4845501122445,23.80070026823637,3.8657642545637896,ORBIT_DISTINCT,3.3306690738754696e-16,0.0,0,0,SCORED,60,60,3,60,36,24,0,0.6,conditional verifier acceptance fraction under the controlled observation model,"(0.5,0.9]",MIXED,DESCRIPTIVE_ONLY,0.9999996110981023,0.0008819317674459192,4.24272883602314e-08,R,R+
controlled_altitude_difference_synthetic_B,orbit_unit_5e673c39ab7b2ba78646e251,65686,STARLINK-35137,SYNTHETIC_RELATIVE_TO_A,same_plane_altitude_offset:-20km,same_tle_65686_20260311T142130Z:segment:3,2026-03-11T14:24:59.500000Z,315558516,2026-03-10T22:25:41.529216,2026-03-11T07:06:59,15.988325217777778,7.300138888888889,CAUSAL_GP:65686:315558516,SYNTHETIC_RELATIVE_TO_CAUSAL_A:FROZEN_ORIGINAL_PERTURBATION_RULE,2026-03-11T14:25:00Z,-20.0,0.0,0.0,20.00153327212073,0.0102607841537581,-20.00152682833648,-0.0160552511246194,-1.7404769181439406e-08,20.00152682833648,0.0160552511246194,1.7404769181439406e-08,12-18 h,WITHIN_CALIBRATED_SUPPORT,16532.36202140176,29.005502435074128,1099.4845501122445,23.874113654108413,3.877688224855092,ORBIT_DISTINCT,3.3306690738754696e-16,0.0,0,0,SCORED,60,60,3,60,21,39,0,0.35,conditional verifier acceptance fraction under the controlled observation model,"(0.1,0.5]",MIXED,DESCRIPTIVE_ONLY,0.9999996778354857,0.0008027010182763397,8.70171748567854e-10,R,R-
controlled_altitude_difference_synthetic_B,orbit_unit_5e8187a17d635ce1d8040da5,65410,STARLINK-35024,SYNTHETIC_RELATIVE_TO_A,same_plane_altitude_offset:-10km,same_tle_65410_20260310T064015Z:segment:3,2026-03-10T06:43:44.500000Z,315434688,2026-03-09T16:20:35.643840,2026-03-10T03:44:43,14.385793377777778,2.98375,CAUSAL_GP:65410:315434688,SYNTHETIC_RELATIVE_TO_CAUSAL_A:FROZEN_ORIGINAL_PERTURBATION_RULE,2026-03-10T06:43:45Z,-10.0,0.0,0.0,10.00208871780354,0.0057529189298115,-10.002085860411617,-0.0075604078309341,-5.664543767380792e-07,10.002085860411617,0.0075604078309341,5.664543767380792e-07,12-18 h,WITHIN_CALIBRATED_SUPPORT,4146.179487459077,29.005502435074128,1099.4845501122445,11.955943470991624,1.9419117243969035,ORBIT_DISTINCT,4.440892098500626e-16,0.0,0,0,SCORED,60,60,3,60,46,14,0,0.7666666666666667,conditional verifier acceptance fraction under the controlled observation model,"(0.5,0.9]",MIXED,DESCRIPTIVE_ONLY,0.9999997143204779,0.0007558829004862462,5.663360851117031e-08,R,R-
controlled_altitude_difference_synthetic_B,orbit_unit_5f44327eab46bf94763fc186,44714,STARLINK-1008,SYNTHETIC_RELATIVE_TO_A,same_plane_altitude_offset:-20km,same_tle_44714_20260311T034020Z:segment:3,2026-03-11T03:43:49.500000Z,315542230,2026-03-10T16:27:18.322272,2026-03-11T02:43:10,11.275327146666667,1.0109722222222222,CAUSAL_GP:44714:315542230,SYNTHETIC_RELATIVE_TO_CAUSAL_A:FROZEN_ORIGINAL_PERTURBATION_RULE,2026-03-11T03:43:50Z,-20.0,0.0,0.0,20.002080986270016,0.0104463223017365,-20.00207462691606,-0.0159499399770015,-2.9526686873282415e-07,20.00207462691606,0.0159499399770015,2.9526686873282415e-07,9-12 h,WITHIN_CALIBRATED_SUPPORT,17503.41467160545,31.32749048335574,948.5696084793932,23.63733920316698,4.295629219465747,ORBIT_DISTINCT,2.220446049250313e-16,0.0,0,0,SCORED,60,60,3,60,38,22,0,0.6333333333333333,conditional verifier acceptance fraction under the controlled observation model,"(0.5,0.9]",MIXED,DESCRIPTIVE_ONLY,0.9999996820653828,0.0007974140284678369,1.4761807480706806e-08,R,R-
controlled_altitude_difference_synthetic_B,orbit_unit_614cd40fb78f9fbeb6f96bea,65409,STARLINK-35022,SYNTHETIC_RELATIVE_TO_A,same_plane_altitude_offset:-10km,same_tle_65409_20260310T113340Z:segment:3,2026-03-10T11:37:09.500000Z,315434187,2026-03-09T17:55:17.144544,2026-03-10T03:44:43,17.697876515555556,7.874027777777778,CAUSAL_GP:65409:315434187,SYNTHETIC_RELATIVE_TO_CAUSAL_A:FROZEN_ORIGINAL_PERTURBATION_RULE,2026-03-10T11:37:10Z,-10.0,0.0,0.0,9.998115560275158,0.0058186064652661,-9.998112516468598,-0.007801579498726,2.739810603280546e-06,9.998112516468598,0.007801579498726,-2.739810603280546e-06,12-18 h,WITHIN_CALIBRATED_SUPPORT,4142.898922297712,29.005502435074128,1099.4845501122445,11.951212608129998,1.94114332681458,ORBIT_DISTINCT,2.220446049250313e-16,0.0,0,0,SCORED,60,60,3,60,38,22,0,0.6333333333333333,conditional verifier acceptance fraction under the controlled observation model,"(0.5,0.9]",MIXED,DESCRIPTIVE_ONLY,0.9999996955619745,0.0007803049936453518,2.7403270013865927e-07,R,R-
controlled_altitude_difference_synthetic_B,orbit_unit_6154426ffc4dfe2debd7199a,65421,STARLINK-35146,SYNTHETIC_RELATIVE_TO_A,same_plane_altitude_offset:+10km,same_tle_65421_20260310T131350Z:segment:2,2026-03-10T13:16:19.500000Z,315434193,2026-03-09T17:56:44.636640,2026-03-10T03:44:43,19.32635093333333,9.526805555555557,CAUSAL_GP:65421:315434193,SYNTHETIC_RELATIVE_TO_CAUSAL_A:FROZEN_ORIGINAL_PERTURBATION_RULE,2026-03-10T13:16:20Z,10.0,0.0,0.0,10.002950908538304,0.0095747459742566,10.00294654428334,0.0093440262061208,3.396371684338817e-06,-10.00294654428334,-0.0093440262061208,-3.396371684338817e-06,18-24 h,WITHIN_CALIBRATED_SUPPORT,5698.2136878364745,37.65263471646583,1467.668474883233,12.301885493816092,1.9704044647711565,ORBIT_DISTINCT,2.220446049250313e-16,0.0,0,0,SCORED,60,60,3,60,36,24,0,0.6,conditional verifier acceptance fraction under the controlled observation model,"(0.5,0.9]",MIXED,DESCRIPTIVE_ONLY,0.9999995637032507,0.000934126968287422,3.3953697417826445e-07,R,R+
controlled_altitude_difference_synthetic_B,orbit_unit_656eba510980ed9de4797b2b,65686,STARLINK-35137,SYNTHETIC_RELATIVE_TO_A,same_plane_altitude_offset:-50km,same_tle_65686_20260310T131505Z:segment:2,2026-03-10T13:17:34.500000Z,315485957,2026-03-10T00:29:40.547616,2026-03-10T09:52:28,12.798320106666663,3.4184722222222224,CAUSAL_GP:65686:315485957,SYNTHETIC_RELATIVE_TO_CAUSAL_A:FROZEN_ORIGINAL_PERTURBATION_RULE,2026-03-10T13:17:35Z,-50.0,0.0,0.0,50.00280364674201,0.0266989598381419,-50.00278688918812,-0.0409371356129319,-8.469753360884624e-07,50.00278688918812,0.0409371356129319,8.469753360884624e-07,12-18 h,WITHIN_CALIBRATED_SUPPORT,103144.9375966576,29.005502435074128,1099.4845501122445,59.632602364311566,9.685663868227593,ORBIT_DISTINCT,2.220446049250313e-16,0.0,0,0,SCORED,60,60,3,60,21,39,0,0.35,conditional verifier acceptance fraction under the controlled observation model,"(0.1,0.5]",MIXED,DESCRIPTIVE_ONLY,0.9999996648677139,0.0008186968055260076,1.6938556927170378e-08,R,R-
controlled_altitude_difference_synthetic_B,orbit_unit_65d28d339ac425582109f70c,65421,STARLINK-35146,SYNTHETIC_RELATIVE_TO_A,same_plane_altitude_offset:+100km,same_tle_65421_20260311T110455Z:segment:3,2026-03-11T11:08:24.500000Z,315556037,2026-03-10T20:34:46.163136,2026-03-11T02:43:10,14.560649128888889,8.420694444444445,CAUSAL_GP:65421:315556037,SYNTHETIC_RELATIVE_TO_CAUSAL_A:FROZEN_ORIGINAL_PERTURBATION_RULE,2026-03-11T11:08:25Z,100.0,0.0,0.0,100.00174353260398,0.0565897581419765,100.00170824750624,0.0840067933819419,2.744523591502457e-06,-100.00170824750624,-0.0840067933819419,-2.744523591502457e-06,12-18 h,WITHIN_CALIBRATED_SUPPORT,411841.3629309074,29.005502435074128,1099.4845501122445,119.15843340992986,19.35398569430662,ORBIT_DISTINCT,2.220446049250313e-16,0.0,0,0,SCORED,60,60,3,60,0,60,0,0.0,conditional verifier acceptance fraction under the controlled observation model,0,ZERO,DESCRIPTIVE_ONLY,0.9999996471551748,0.0008400532872164658,2.7444757406731103e-08,R,R+
controlled_altitude_difference_synthetic_B,orbit_unit_685ab98cbd5ea440981a6933,65409,STARLINK-35022,SYNTHETIC_RELATIVE_TO_A,same_plane_altitude_offset:+20km,same_tle_65409_20260310T064055Z:segment:3,2026-03-10T06:44:24.500000Z,315434187,2026-03-09T17:55:17.144544,2026-03-10T03:44:43,12.818709848888888,2.994861111111111,CAUSAL_GP:65409:315434187,SYNTHETIC_RELATIVE_TO_CAUSAL_A:FROZEN_ORIGINAL_PERTURBATION_RULE,2026-03-10T06:44:25Z,20.0,0.0,0.0,19.99790395098833,0.0134292384957702,19.997896270107766,0.0175272064010094,-5.93360519829389e-07,-19.997896270107766,-0.0175272064010094,5.93360519829389e-07,12-18 h,WITHIN_CALIBRATED_SUPPORT,16432.30765620943,29.005502435074128,1099.4845501122445,23.80176058088607,3.8659364729730665,ORBIT_DISTINCT,4.440892098500626e-16,0.0,0,0,SCORED,60,60,3,60,29,31,0,0.4833333333333333,conditional verifier acceptance fraction under the controlled observation model,"(0.1,0.5]",MIXED,DESCRIPTIVE_ONLY,0.9999996159157188,0.0008764521743861648,2.967113559919184e-08,R,R+
controlled_altitude_difference_synthetic_B,orbit_unit_69663af7a25b4af65f866787,44714,STARLINK-1008,SYNTHETIC_RELATIVE_TO_A,same_plane_altitude_offset:+50km,same_tle_44714_20260310T023440Z:segment:2,2026-03-10T02:37:09.500000Z,315393241,2026-03-09T13:49:15.828096,2026-03-09T22:56:35,12.798242195555556,3.67625,CAUSAL_GP:44714:315393241,SYNTHETIC_RELATIVE_TO_CAUSAL_A:FROZEN_ORIGINAL_PERTURBATION_RULE,2026-03-10T02:37:10Z,50.0,0.0,0.0,49.997100594614736,0.0303357047416951,49.99708230252982,0.0427680030419672,-1.000215171131913e-06,-49.99708230252982,-0.0427680030419672,1.000215171131913e-06,12-18 h,WITHIN_CALIBRATED_SUPPORT,102886.27422314076,29.005502435074128,1099.4845501122445,59.557783119508464,9.6735115551085,ORBIT_DISTINCT,2.6059418842835026e-17,0.0,0,0,SCORED,60,60,3,60,25,35,0,0.4166666666666667,conditional verifier acceptance fraction under the controlled observation model,"(0.1,0.5]",MIXED,DESCRIPTIVE_ONLY,0.9999996341370859,0.0008554096644270969,2.0005463501610484e-08,R,R+
controlled_altitude_difference_synthetic_B,orbit_unit_6a8c565fad45bf383bfefa4c,65686,STARLINK-35137,SYNTHETIC_RELATIVE_TO_A,same_plane_altitude_offset:+50km,same_tle_65686_20260312T121505Z:segment:2,2026-03-12T12:17:34.500000Z,315682814,2026-03-11T21:55:43.056192,2026-03-12T07:26:32,14.364289946666668,4.850694444444445,CAUSAL_GP:65686:315682814,SYNTHETIC_RELATIVE_TO_CAUSAL_A:FROZEN_ORIGINAL_PERTURBATION_RULE,2026-03-12T12:17:35Z,50.0,0.0,0.0,49.99702313582574,0.0301645455530212,49.99700493368992,0.0426626872052775,-8.685170023170485e-07,-49.99700493368992,-0.0426626872052775,8.685170023170485e-07,12-18 h,WITHIN_CALIBRATED_SUPPORT,102885.94931257454,29.005502435074128,1099.4845501122445,59.5576890789357,9.673496280823263,ORBIT_DISTINCT,3.3306690738754696e-16,0.0,0,0,SCORED,60,60,3,60,21,39,0,0.35,conditional verifier acceptance fraction under the controlled observation model,"(0.1,0.5]",MIXED,DESCRIPTIVE_ONLY,0.999999635935608,0.000853304547540296,1.7371374290776644e-08,R,R+
controlled_altitude_difference_synthetic_B,orbit_unit_6b3f8dd565b62a459b080dd0,65409,STARLINK-35022,SYNTHETIC_RELATIVE_TO_A,same_plane_altitude_offset:+10km,same_tle_65409_20260310T113340Z:segment:3,2026-03-10T11:37:09.500000Z,315434187,2026-03-09T17:55:17.144544,2026-03-10T03:44:43,17.697876515555556,7.874027777777778,CAUSAL_GP:65409:315434187,SYNTHETIC_RELATIVE_TO_CAUSAL_A:FROZEN_ORIGINAL_PERTURBATION_RULE,2026-03-10T11:37:10Z,10.0,0.0,0.0,10.001891465894008,0.0077029057334545,10.001887482171195,0.0089268977293257,2.735762841155065e-06,-10.001887482171195,-0.0089268977293257,-2.735762841155065e-06,12-18 h,WITHIN_CALIBRATED_SUPPORT,4098.96899914715,29.005502435074128,1099.4845501122445,11.887680397603049,1.93082427965628,ORBIT_DISTINCT,2.220446049250313e-16,0.0,0,0,SCORED,60,60,3,60,37,23,0,0.6166666666666667,conditional verifier acceptance fraction under the controlled observation model,"(0.5,0.9]",MIXED,DESCRIPTIVE_ONLY,0.9999996017030552,0.0008925209556378424,2.7352454788015755e-07,R,R+
controlled_altitude_difference_synthetic_B,orbit_unit_6c6f22037e3f5ea4fa507005,44714,STARLINK-1008,SYNTHETIC_RELATIVE_TO_A,same_plane_altitude_offset:-50km,same_tle_44714_20260310T023440Z:segment:2,2026-03-10T02:37:09.500000Z,315393241,2026-03-09T13:49:15.828096,2026-03-09T22:56:35,12.798242195555556,3.67625,CAUSAL_GP:44714:315393241,SYNTHETIC_RELATIVE_TO_CAUSAL_A:FROZEN_ORIGINAL_PERTURBATION_RULE,2026-03-10T02:37:10Z,-50.0,0.0,0.0,50.002934394680906,0.0266309291867732,-50.00291768777198,-0.0408752817954809,-9.310933215544992e-07,50.00291768777198,0.0408752817954809,9.310933215544992e-07,12-18 h,WITHIN_CALIBRATED_SUPPORT,103145.47321222692,29.005502435074128,1099.4845501122445,59.632757195510976,9.68568901626565,ORBIT_DISTINCT,2.6059418842835026e-17,0.0,0,0,SCORED,60,60,3,60,22,38,0,0.3666666666666666,conditional verifier acceptance fraction under the controlled observation model,"(0.1,0.5]",MIXED,DESCRIPTIVE_ONLY,0.9999996658814303,0.0008174576610413695,1.8620773617108857e-08,R,R-
controlled_altitude_difference_synthetic_B,orbit_unit_6d02281d2f644a27b485f288,65409,STARLINK-35022,SYNTHETIC_RELATIVE_TO_A,same_plane_altitude_offset:-10km,same_tle_65409_20260312T054045Z:segment:2,2026-03-12T05:43:14.500000Z,315679331,2026-03-11T20:03:20.806272,2026-03-12T03:14:55,9.664914924444444,2.4720833333333334,CAUSAL_GP:65409:315679331,SYNTHETIC_RELATIVE_TO_CAUSAL_A:FROZEN_ORIGINAL_PERTURBATION_RULE,2026-03-12T05:43:15Z,-10.0,0.0,0.0,10.002673295850323,0.0065134432480998,-10.00267052787267,-0.0074413939577451,-8.300498626212516e-07,10.00267052787267,0.0074413939577451,8.300498626212516e-07,9-12 h,WITHIN_CALIBRATED_SUPPORT,4385.743548730608,31.32749048335574,948.5696084793932,11.832017770208422,2.150240381207352,ORBIT_DISTINCT,2.220446049250313e-16,0.0,0,0,SCORED,60,60,3,60,40,20,0,0.6666666666666666,conditional verifier acceptance fraction under the controlled observation model,"(0.5,0.9]",MIXED,DESCRIPTIVE_ONLY,0.9999997232762108,0.00074394051846442,8.298280250396693e-08,R,R-
controlled_altitude_difference_synthetic_B,orbit_unit_6d5a196be61a28182f6b34fb,65409,STARLINK-35022,SYNTHETIC_RELATIVE_TO_A,same_plane_altitude_offset:-100km,same_tle_65409_20260312T054045Z:segment:2,2026-03-12T05:43:14.500000Z,315679331,2026-03-11T20:03:20.806272,2026-03-12T03:14:55,9.664914924444444,2.4720833333333334,CAUSAL_GP:65409:315679331,SYNTHETIC_RELATIVE_TO_CAUSAL_A:FROZEN_ORIGINAL_PERTURBATION_RULE,2026-03-12T05:43:15Z,-100.0,0.0,0.0,100.00270549614,0.0547781684675772,-100.00267103479796,-0.0830208027339018,-7.693108585726804e-07,100.00267103479796,0.0830208027339018,7.693108585726804e-07,9-12 h,WITHIN_CALIBRATED_SUPPORT,436849.29339986446,31.32749048335574,948.5696084793932,118.08725176659424,21.460074028426465,ORBIT_DISTINCT,2.220446049250313e-16,0.0,0,0,SCORED,60,60,3,60,0,60,0,0.0,conditional verifier acceptance fraction under the controlled observation model,0,ZERO,DESCRIPTIVE_ONLY,0.9999996553959032,0.0008301855667005564,7.692900454601953e-09,R,R-
controlled_altitude_difference_synthetic_B,orbit_unit_6e1f99c1bcc541b2adfa7138,65686,STARLINK-35137,SYNTHETIC_RELATIVE_TO_A,same_plane_altitude_offset:+10km,same_tle_65686_20260312T152900Z:segment:3,2026-03-12T15:32:29.500000Z,315682814,2026-03-11T21:55:43.056192,2026-03-12T07:26:32,17.61290105777778,8.099305555555556,CAUSAL_GP:65686:315682814,SYNTHETIC_RELATIVE_TO_CAUSAL_A:FROZEN_ORIGINAL_PERTURBATION_RULE,2026-03-12T15:32:30Z,10.0,0.0,0.0,9.999491279766849,0.0067137271506581,9.999487328273451,0.0088896473794451,1.17558746293156e-06,-9.999487328273451,-0.0088896473794451,-1.17558746293156e-06,12-18 h,WITHIN_CALIBRATED_SUPPORT,4096.996299779773,29.005502435074128,1099.4845501122445,11.884819477965502,1.9303596025356335,ORBIT_DISTINCT,2.220446049250313e-16,0.0,0,0,SCORED,60,60,3,60,45,15,0,0.75,conditional verifier acceptance fraction under the controlled observation model,"(0.5,0.9]",MIXED,DESCRIPTIVE_ONLY,0.9999996048305574,0.00088900996368011,1.1756472704869147e-07,R,R+
controlled_altitude_difference_synthetic_B,orbit_unit_6e4d5e2959fb3e579de4f810,65421,STARLINK-35146,SYNTHETIC_RELATIVE_TO_A,same_plane_altitude_offset:+10km,same_tle_65421_20260311T110455Z:segment:3,2026-03-11T11:08:24.500000Z,315556037,2026-03-10T20:34:46.163136,2026-03-11T02:43:10,14.560649128888889,8.420694444444445,CAUSAL_GP:65421:315556037,SYNTHETIC_RELATIVE_TO_CAUSAL_A:FROZEN_ORIGINAL_PERTURBATION_RULE,2026-03-11T11:08:25Z,10.0,0.0,0.0,10.001712816423336,0.0076957277830903,10.0017087497636,0.0090192627970644,2.7624258738256917e-06,-10.0017087497636,-0.0090192627970644,-2.7624258738256917e-06,12-18 h,WITHIN_CALIBRATED_SUPPORT,4098.823195359616,29.005502435074128,1099.4845501122445,11.887468968309358,1.9307899388261067,ORBIT_DISTINCT,2.220446049250313e-16,0.0,0,0,SCORED,60,60,3,60,36,24,0,0.6,conditional verifier acceptance fraction under the controlled observation model,"(0.5,0.9]",MIXED,DESCRIPTIVE_ONLY,0.9999995934036691,0.0009017718227476299,2.761952802013716e-07,R,R+
controlled_altitude_difference_synthetic_B,orbit_unit_70008be25b86966e9b4c3afc,44714,STARLINK-1008,SYNTHETIC_RELATIVE_TO_A,same_plane_altitude_offset:+100km,same_tle_44714_20260312T044740Z:segment:3,2026-03-12T04:51:09.500000Z,315665530,2026-03-11T12:49:19.719264,2026-03-12T03:14:55,16.03049464888889,1.6040277777777778,CAUSAL_GP:44714:315665530,SYNTHETIC_RELATIVE_TO_CAUSAL_A:FROZEN_ORIGINAL_PERTURBATION_RULE,2026-03-12T04:51:10Z,100.0,0.0,0.0,99.99900745874594,0.0564301912316434,99.99897220505494,0.0839682497935703,7.667124108934331e-07,-99.99897220505494,-0.0839682497935703,-7.667124108934331e-07,12-18 h,WITHIN_CALIBRATED_SUPPORT,411818.8196654728,29.005502435074128,1099.4845501122445,119.15517213362868,19.353455990339626,ORBIT_DISTINCT,2.220446049250313e-16,0.0,0,0,SCORED,60,60,3,60,10,50,0,0.1666666666666666,conditional verifier acceptance fraction under the controlled observation model,"(0.1,0.5]",MIXED,DESCRIPTIVE_ONLY,0.999999647459591,0.0008396908322136194,7.667200209059439e-09,R,R+
controlled_altitude_difference_synthetic_B,orbit_unit_71174280d0d928f60ddbd680,44714,STARLINK-1008,SYNTHETIC_RELATIVE_TO_A,same_plane_altitude_offset:-50km,same_tle_44714_20260311T034020Z:segment:3,2026-03-11T03:43:49.500000Z,315542230,2026-03-10T16:27:18.322272,2026-03-11T02:43:10,11.275327146666667,1.0109722222222222,CAUSAL_GP:44714:315542230,SYNTHETIC_RELATIVE_TO_CAUSAL_A:FROZEN_ORIGINAL_PERTURBATION_RULE,2026-03-11T03:43:50Z,-50.0,0.0,0.0,50.00209163260398,0.0267679875749012,-50.00207473266502,-0.0411103917206823,-2.7601279839473136e-07,50.00207473266502,0.0411103917206823,2.7601279839473136e-07,9-12 h,WITHIN_CALIBRATED_SUPPORT,109257.1793686216,31.32749048335574,948.5696084793932,59.05574992760191,10.732240324768878,ORBIT_DISTINCT,2.220446049250313e-16,0.0,0,0,SCORED,60,60,3,60,9,51,0,0.15,conditional verifier acceptance fraction under the controlled observation model,"(0.1,0.5]",MIXED,DESCRIPTIVE_ONLY,0.9999996620153595,0.0008221734407181513,5.520025050607214e-09,R,R-
controlled_altitude_difference_synthetic_B,orbit_unit_73233ea59213bab316c0eb8b,65409,STARLINK-35022,SYNTHETIC_RELATIVE_TO_A,same_plane_altitude_offset:+5km,same_tle_65409_20260312T054045Z:segment:2,2026-03-12T05:43:14.500000Z,315679331,2026-03-11T20:03:20.806272,2026-03-12T03:14:55,9.664914924444444,2.4720833333333334,CAUSAL_GP:65409:315679331,SYNTHETIC_RELATIVE_TO_CAUSAL_A:FROZEN_ORIGINAL_PERTURBATION_RULE,2026-03-12T05:43:15Z,5.0,0.0,0.0,4.997332083244123,0.0070710824053888,4.997329474274723,0.0051064435236187,-8.401403572833033e-07,-4.997329474274723,-0.0051064435236187,8.401403572833033e-07,9-12 h,WITHIN_CALIBRATED_SUPPORT,1082.4248249161028,31.32749048335574,948.5696084793932,5.878087798545166,1.0682287665708432,ORBIT_DISTINCT,2.220446049250313e-16,0.0,0,0,SCORED,60,60,3,60,46,14,0,0.7666666666666667,conditional verifier acceptance fraction under the controlled observation model,"(0.5,0.9]",MIXED,DESCRIPTIVE_ONLY,0.9999994779275507,0.0010218339383008832,1.681177763031326e-07,R,R+
controlled_altitude_difference_synthetic_B,orbit_unit_74d49d5f4743151fe9f9a525,65410,STARLINK-35024,SYNTHETIC_RELATIVE_TO_A,same_plane_altitude_offset:-20km,same_tle_65410_20260312T085425Z:segment:3,2026-03-12T08:57:54.500000Z,315679831,2026-03-11T16:54:40.030272,2026-03-12T03:14:55,16.054019368888888,5.716527777777777,CAUSAL_GP:65410:315679831,SYNTHETIC_RELATIVE_TO_CAUSAL_A:FROZEN_ORIGINAL_PERTURBATION_RULE,2026-03-12T08:57:55Z,-20.0,0.0,0.0,20.00003651794855,0.0101207946115731,-20.00002994072357,-0.0162200318818196,1.3415120267978864e-06,20.00002994072357,0.0162200318818196,-1.3415120267978864e-06,12-18 h,WITHIN_CALIBRATED_SUPPORT,16529.895453271627,29.005502435074128,1099.4845501122445,23.872332622323658,3.877398945593046,ORBIT_DISTINCT,2.220446049250313e-16,0.0,0,0,SCORED,60,60,3,60,38,22,0,0.6333333333333333,conditional verifier acceptance fraction under the controlled observation model,"(0.5,0.9]",MIXED,DESCRIPTIVE_ONLY,0.9999996711393518,0.0008110001132879596,6.707547886695002e-08,R,R-
controlled_altitude_difference_synthetic_B,orbit_unit_7586c33a864b05a7f5cc6a01,65410,STARLINK-35024,SYNTHETIC_RELATIVE_TO_A,same_plane_altitude_offset:-50km,same_tle_65410_20260310T131135Z:segment:2,2026-03-10T13:14:04.500000Z,315434688,2026-03-09T16:20:35.643840,2026-03-10T03:44:43,20.891348933333333,9.489305555555555,CAUSAL_GP:65410:315434688,SYNTHETIC_RELATIVE_TO_CAUSAL_A:FROZEN_ORIGINAL_PERTURBATION_RULE,2026-03-10T13:14:05Z,-50.0,0.0,0.0,49.9970045996762,0.0269497672868563,-49.99698777175942,-0.0410206115412012,3.2482132077404917e-06,49.99698777175942,0.0410206115412012,-3.2482132077404917e-06,18-24 h,WITHIN_CALIBRATED_SUPPORT,141223.675987204,37.65263471646583,1467.668474883233,61.242945542837866,9.809339665371182,ORBIT_DISTINCT,2.220446049250313e-16,0.0,0,0,SCORED,60,60,3,60,14,46,0,0.2333333333333333,conditional verifier acceptance fraction under the controlled observation model,"(0.1,0.5]",MIXED,DESCRIPTIVE_ONLY,0.9999996634215008,0.0008204613830298719,6.496815626753624e-08,R,R-
controlled_altitude_difference_synthetic_B,orbit_unit_75902747bbb153b9dbe65e0e,65686,STARLINK-35137,SYNTHETIC_RELATIVE_TO_A,same_plane_altitude_offset:+100km,same_tle_65686_20260312T121505Z:segment:2,2026-03-12T12:17:34.500000Z,315682814,2026-03-11T21:55:43.056192,2026-03-12T07:26:32,14.364289946666668,4.850694444444445,CAUSAL_GP:65686:315682814,SYNTHETIC_RELATIVE_TO_CAUSAL_A:FROZEN_ORIGINAL_PERTURBATION_RULE,2026-03-12T12:17:35Z,100.0,0.0,0.0,99.99704004944525,0.0573000743526311,99.99700455458095,0.0842541480505296,-9.019332338766616e-07,-99.99700455458095,-0.0842541480505296,9.019332338766616e-07,12-18 h,WITHIN_CALIBRATED_SUPPORT,411802.645133318,29.005502435074128,1099.4845501122445,119.15283215061272,19.35307592493829,ORBIT_DISTINCT,3.3306690738754696e-16,0.0,0,0,SCORED,60,60,3,60,12,48,0,0.2,conditional verifier acceptance fraction under the controlled observation model,"(0.1,0.5]",MIXED,DESCRIPTIVE_ONLY,0.9999996450408509,0.0008425664200547209,9.019599314446564e-09,R,R+
controlled_altitude_difference_synthetic_B,orbit_unit_7598af76d21770482df3098d,65409,STARLINK-35022,SYNTHETIC_RELATIVE_TO_A,same_plane_altitude_offset:-10km,same_tle_65409_20260310T064055Z:segment:3,2026-03-10T06:44:24.500000Z,315434187,2026-03-09T17:55:17.144544,2026-03-10T03:44:43,12.818709848888888,2.994861111111111,CAUSAL_GP:65409:315434187,SYNTHETIC_RELATIVE_TO_CAUSAL_A:FROZEN_ORIGINAL_PERTURBATION_RULE,2026-03-10T06:44:25Z,-10.0,0.0,0.0,10.00210656595396,0.0057728004575978,-10.002103711692602,-0.0075562718376618,-5.736171484471697e-07,10.002103711692602,0.0075562718376618,5.736171484471697e-07,12-18 h,WITHIN_CALIBRATED_SUPPORT,4146.19419505331,29.005502435074128,1099.4845501122445,11.95596467641819,1.941915168630859,ORBIT_DISTINCT,4.440892098500626e-16,0.0,0,0,SCORED,60,60,3,60,44,16,0,0.7333333333333333,conditional verifier acceptance fraction under the controlled observation model,"(0.5,0.9]",MIXED,DESCRIPTIVE_ONLY,0.9999997146339783,0.0007554680394410608,5.734963376612059e-08,R,R-
controlled_altitude_difference_synthetic_B,orbit_unit_765d1a487b0d18a38cc25698,44714,STARLINK-1008,SYNTHETIC_RELATIVE_TO_A,same_plane_altitude_offset:+100km,same_tle_44714_20260311T034020Z:segment:3,2026-03-11T03:43:49.500000Z,315542230,2026-03-10T16:27:18.322272,2026-03-11T02:43:10,11.275327146666667,1.0109722222222222,CAUSAL_GP:44714:315542230,SYNTHETIC_RELATIVE_TO_CAUSAL_A:FROZEN_ORIGINAL_PERTURBATION_RULE,2026-03-11T03:43:50Z,100.0,0.0,0.0,99.99796028351837,0.0568984998832056,99.99792488187671,0.0841438212773511,-3.718934991070455e-07,-99.99792488187671,-0.0841438212773511,3.718934991070455e-07,9-12 h,WITHIN_CALIBRATED_SUPPORT,436476.1498900336,31.32749048335574,948.5696084793932,118.03680770533106,21.450906795953795,ORBIT_DISTINCT,2.220446049250313e-16,0.0,0,0,SCORED,60,60,3,60,2,58,0,0.0333333333333333,conditional verifier acceptance fraction under the controlled observation model,"(0,0.1]",RARE,DESCRIPTIVE_ONLY,0.9999996459763624,0.0008414553760775024,3.7190108483476826e-09,R,R+
controlled_altitude_difference_synthetic_B,orbit_unit_7858aa3348ccf371734b1982,65686,STARLINK-35137,SYNTHETIC_RELATIVE_TO_A,same_plane_altitude_offset:+10km,same_tle_65686_20260311T142130Z:segment:3,2026-03-11T14:24:59.500000Z,315558516,2026-03-10T22:25:41.529216,2026-03-11T07:06:59,15.988325217777778,7.300138888888889,CAUSAL_GP:65686:315558516,SYNTHETIC_RELATIVE_TO_CAUSAL_A:FROZEN_ORIGINAL_PERTURBATION_RULE,2026-03-11T14:25:00Z,10.0,0.0,0.0,9.998477280052786,0.007592616591738,9.998473184577586,0.0090496969395414,-3.5697502731579795e-08,-9.998473184577586,-0.0090496969395414,3.5697502731579795e-08,12-18 h,WITHIN_CALIBRATED_SUPPORT,4096.165093539478,29.005502435074128,1099.4845501122445,11.883613809654266,1.930163775126864,ORBIT_DISTINCT,3.3306690738754696e-16,0.0,0,0,SCORED,60,60,3,60,37,23,0,0.6166666666666667,conditional verifier acceptance fraction under the controlled observation model,"(0.5,0.9]",MIXED,DESCRIPTIVE_ONLY,0.9999995903901079,0.000905107516481112,3.5702939289362805e-09,R,R+
controlled_altitude_difference_synthetic_B,orbit_unit_79fc674aa26d84230d0ff60a,65409,STARLINK-35022,SYNTHETIC_RELATIVE_TO_A,same_plane_altitude_offset:-50km,same_tle_65409_20260311T110325Z:segment:3,2026-03-11T11:06:54.500000Z,315556031,2026-03-10T20:33:19.547136,2026-03-11T02:43:10,14.559709128888889,8.395694444444445,CAUSAL_GP:65409:315556031,SYNTHETIC_RELATIVE_TO_CAUSAL_A:FROZEN_ORIGINAL_PERTURBATION_RULE,2026-03-11T11:06:55Z,-50.0,0.0,0.0,49.99823106274104,0.0271048004172239,-49.998213983579376,-0.0413262076998321,2.700715221237715e-06,49.998213983579376,0.0413262076998321,-2.700715221237715e-06,12-18 h,WITHIN_CALIBRATED_SUPPORT,103126.10918177284,29.005502435074128,1099.4845501122445,59.62715935058674,9.68477980147084,ORBIT_DISTINCT,3.3306690738754696e-16,0.0,0,0,SCORED,60,60,3,60,2,58,0,0.0333333333333333,conditional verifier acceptance fraction under the controlled observation model,"(0,0.1]",RARE,DESCRIPTIVE_ONLY,0.9999996584046816,0.0008265533964186309,5.401621545067628e-08,R,R-
controlled_altitude_difference_synthetic_B,orbit_unit_7aed3a2600a13693d5faf597,65421,STARLINK-35146,SYNTHETIC_RELATIVE_TO_A,same_plane_altitude_offset:-100km,same_tle_65421_20260311T110455Z:segment:3,2026-03-11T11:08:24.500000Z,315556037,2026-03-10T20:34:46.163136,2026-03-11T02:43:10,14.560649128888889,8.420694444444445,CAUSAL_GP:65421:315556037,SYNTHETIC_RELATIVE_TO_CAUSAL_A:FROZEN_ORIGINAL_PERTURBATION_RULE,2026-03-11T11:08:25Z,-100.0,0.0,0.0,99.99832645694258,0.0551558833503089,-99.99829175884256,-0.0833036772962074,2.7847926418189672e-06,99.99829175884256,0.0833036772962074,-2.7847926418189672e-06,12-18 h,WITHIN_CALIBRATED_SUPPORT,412283.6661137705,29.005502435074128,1099.4845501122445,119.22240222910978,19.36437565644241,ORBIT_DISTINCT,2.220446049250313e-16,0.0,0,0,SCORED,60,60,3,60,0,60,0,0.0,conditional verifier acceptance fraction under the controlled observation model,0,ZERO,DESCRIPTIVE_ONLY,0.999999653013193,0.0008330507144244703,2.7848392473028516e-08,R,R-
controlled_altitude_difference_synthetic_B,orbit_unit_7da69478417048031387aa8e,65409,STARLINK-35022,SYNTHETIC_RELATIVE_TO_A,same_plane_altitude_offset:-20km,same_tle_65409_20260311T110325Z:segment:3,2026-03-11T11:06:54.500000Z,315556031,2026-03-10T20:33:19.547136,2026-03-11T02:43:10,14.559709128888889,8.395694444444445,CAUSAL_GP:65409:315556031,SYNTHETIC_RELATIVE_TO_CAUSAL_A:FROZEN_ORIGINAL_PERTURBATION_RULE,2026-03-11T11:06:55Z,-20.0,0.0,0.0,19.99822041290233,0.0106287497375328,-19.99821387703991,-0.016168215254654,2.694282343895793e-06,19.99821387703991,0.016168215254654,-2.694282343895793e-06,12-18 h,WITHIN_CALIBRATED_SUPPORT,16526.897233317068,29.005502435074128,1099.4845501122445,23.870167522426247,3.877047285108412,ORBIT_DISTINCT,3.3306690738754696e-16,0.0,0,0,SCORED,60,60,3,60,32,28,0,0.5333333333333333,conditional verifier acceptance fraction under the controlled observation model,"(0.5,0.9]",MIXED,DESCRIPTIVE_ONLY,0.9999996731777987,0.0008084827010018696,1.347261050367018e-07,R,R-
controlled_altitude_difference_synthetic_B,orbit_unit_80115f27590ee31635ea53ce,65421,STARLINK-35146,SYNTHETIC_RELATIVE_TO_A,same_plane_altitude_offset:+50km,same_tle_65421_20260312T085635Z:segment:3,2026-03-12T09:00:04.500000Z,315679337,2026-03-11T13:48:47.386944,2026-03-12T03:14:55,19.18808696,5.752638888888889,CAUSAL_GP:65421:315679337,SYNTHETIC_RELATIVE_TO_CAUSAL_A:FROZEN_ORIGINAL_PERTURBATION_RULE,2026-03-12T09:00:05Z,50.0,0.0,0.0,50.00048312755238,0.0286018297877701,50.00046534393431,0.0421708272584488,1.3487765180286717e-06,-50.00046534393431,-0.0421708272584488,-1.3487765180286717e-06,18-24 h,WITHIN_CALIBRATED_SUPPORT,141616.89346346783,37.65263471646583,1467.668474883233,61.32814746283966,9.822986536305152,ORBIT_DISTINCT,1.1102230246251563e-16,0.0,0,0,SCORED,60,60,3,60,31,29,0,0.5166666666666667,conditional verifier acceptance fraction under the controlled observation model,"(0.5,0.9]",MIXED,DESCRIPTIVE_ONLY,0.9999996443310755,0.0008434083956922987,2.6975269710652836e-08,R,R+
controlled_altitude_difference_synthetic_B,orbit_unit_806857481fdfe55b2d2e4824,44714,STARLINK-1008,SYNTHETIC_RELATIVE_TO_A,same_plane_altitude_offset:+5km,same_tle_44714_20260310T090420Z:segment:3,2026-03-10T09:07:49.500000Z,315443210,2026-03-09T21:39:16.344864,2026-03-10T08:26:21,11.475876426666668,0.69125,CAUSAL_GP:44714:315443210,SYNTHETIC_RELATIVE_TO_CAUSAL_A:FROZEN_ORIGINAL_PERTURBATION_RULE,2026-03-10T09:07:50Z,5.0,0.0,0.0,5.002709348482197,0.0072043858339016,5.002706683608777,0.0051636378214483,3.4197423786075376e-06,-5.002706683608777,-0.0051636378214483,-3.4197423786075376e-06,9-12 h,WITHIN_CALIBRATED_SUPPORT,1084.7639344934255,31.32749048335574,948.5696084793932,5.884435616442221,1.0693823596975511,ORBIT_DISTINCT,2.220446049250313e-16,0.0,0,0,SCORED,60,60,3,60,55,5,0,0.9166666666666666,conditional verifier acceptance fraction under the controlled observation model,"(0.9,1)",HIGH,DESCRIPTIVE_ONLY,0.9999994673139623,0.001032168263585996,6.835780654826717e-07,R,R+
controlled_altitude_difference_synthetic_B,orbit_unit_808890f4a5e66eab17336d66,65410,STARLINK-35024,SYNTHETIC_RELATIVE_TO_A,same_plane_altitude_offset:+100km,same_tle_65410_20260310T131135Z:segment:2,2026-03-10T13:14:04.500000Z,315434688,2026-03-09T16:20:35.643840,2026-03-10T03:44:43,20.891348933333333,9.489305555555555,CAUSAL_GP:65410:315434688,SYNTHETIC_RELATIVE_TO_CAUSAL_A:FROZEN_ORIGINAL_PERTURBATION_RULE,2026-03-10T13:14:05Z,100.0,0.0,0.0,100.0030472830282,0.0572106232694728,100.00301184172768,0.0841930807138418,3.238265641414273e-06,-100.00301184172768,-0.0841930807138418,-3.238265641414273e-06,18-24 h,WITHIN_CALIBRATED_SUPPORT,566116.351174489,37.65263471646583,1467.668474883233,122.6182641943552,19.639881654929887,ORBIT_DISTINCT,2.220446049250313e-16,0.0,0,0,SCORED,60,60,3,60,7,53,0,0.1166666666666666,conditional verifier acceptance fraction under the controlled observation model,"(0.1,0.5]",MIXED,DESCRIPTIVE_ONLY,0.9999996455977942,0.0008419051519056102,3.238166965301914e-08,R,R+
controlled_altitude_difference_synthetic_B,orbit_unit_83c942a5250c389c10c17c72,44714,STARLINK-1008,SYNTHETIC_RELATIVE_TO_A,same_plane_altitude_offset:-20km,same_tle_44714_20260310T090420Z:segment:3,2026-03-10T09:07:49.500000Z,315443210,2026-03-09T21:39:16.344864,2026-03-10T08:26:21,11.475876426666668,0.69125,CAUSAL_GP:44714:315443210,SYNTHETIC_RELATIVE_TO_CAUSAL_A:FROZEN_ORIGINAL_PERTURBATION_RULE,2026-03-10T09:07:50Z,-20.0,0.0,0.0,19.99729954225526,0.0106646223720322,-19.997293332641068,-0.0157591554268412,3.421263652825246e-06,19.997293332641068,0.0157591554268412,-3.421263652825246e-06,9-12 h,WITHIN_CALIBRATED_SUPPORT,17495.05279379437,31.32749048335574,948.5696084793932,23.631692414880185,4.2946030249117655,ORBIT_DISTINCT,2.220446049250313e-16,0.0,0,0,SCORED,60,60,3,60,40,20,0,0.6666666666666666,conditional verifier acceptance fraction under the controlled observation model,"(0.5,0.9]",MIXED,DESCRIPTIVE_ONLY,0.9999996894773627,0.0007880641780427075,1.7108628320518732e-07,R,R-
controlled_altitude_difference_synthetic_B,orbit_unit_86964b636c76e976216b8c48,65421,STARLINK-35146,SYNTHETIC_RELATIVE_TO_A,same_plane_altitude_offset:-50km,same_tle_65421_20260310T064225Z:segment:3,2026-03-10T06:45:54.500000Z,315434193,2026-03-09T17:56:44.636640,2026-03-10T03:44:43,12.81940648888889,3.019861111111111,CAUSAL_GP:65421:315434193,SYNTHETIC_RELATIVE_TO_CAUSAL_A:FROZEN_ORIGINAL_PERTURBATION_RULE,2026-03-10T06:45:55Z,-50.0,0.0,0.0,50.00232043906204,0.0267754409869582,-50.00230357059985,-0.0410721830243296,-5.577421617886102e-07,50.00230357059985,0.0410721830243296,5.577421617886102e-07,12-18 h,WITHIN_CALIBRATED_SUPPORT,103142.95294220957,29.005502435074128,1099.4845501122445,59.63202865375631,9.685570684845088,ORBIT_DISTINCT,1.1102230246251563e-16,0.0,0,0,SCORED,60,60,3,60,17,43,0,0.2833333333333333,conditional verifier acceptance fraction under the controlled observation model,"(0.1,0.5]",MIXED,DESCRIPTIVE_ONLY,0.9999996626464124,0.0008214055400565736,1.1154325577116607e-08,R,R-
controlled_altitude_difference_synthetic_B,orbit_unit_86effb69637119061146dd95,65686,STARLINK-35137,SYNTHETIC_RELATIVE_TO_A,same_plane_altitude_offset:-20km,same_tle_65686_20260310T131505Z:segment:2,2026-03-10T13:17:34.500000Z,315485957,2026-03-10T00:29:40.547616,2026-03-10T09:52:28,12.798320106666663,3.4184722222222224,CAUSAL_GP:65686:315485957,SYNTHETIC_RELATIVE_TO_CAUSAL_A:FROZEN_ORIGINAL_PERTURBATION_RULE,2026-03-10T13:17:35Z,-20.0,0.0,0.0,20.002793009022724,0.0108041605219615,-20.00278678410549,-0.0157807294629241,-8.67392957459856e-07,20.00278678410549,0.0157807294629241,8.67392957459856e-07,12-18 h,WITHIN_CALIBRATED_SUPPORT,16534.43523934231,29.005502435074128,1099.4845501122445,23.87561055724372,3.877931355291079,ORBIT_DISTINCT,2.220446049250313e-16,0.0,0,0,SCORED,60,60,3,60,34,26,0,0.5666666666666667,conditional verifier acceptance fraction under the controlled observation model,"(0.5,0.9]",MIXED,DESCRIPTIVE_ONLY,0.9999996887975979,0.000788926299232604,4.336359212778927e-08,R,R-
controlled_altitude_difference_synthetic_B,orbit_unit_895df5d59b89e801ac2c3f15,65421,STARLINK-35146,SYNTHETIC_RELATIVE_TO_A,same_plane_altitude_offset:-50km,same_tle_65421_20260312T085635Z:segment:3,2026-03-12T09:00:04.500000Z,315679337,2026-03-11T13:48:47.386944,2026-03-12T03:14:55,19.18808696,5.752638888888889,CAUSAL_GP:65421:315679337,SYNTHETIC_RELATIVE_TO_CAUSAL_A:FROZEN_ORIGINAL_PERTURBATION_RULE,2026-03-12T09:00:05Z,-50.0,0.0,0.0,49.99955185858967,0.0271924556436636,-49.999534653702526,-0.0414785847821612,1.3917148322661888e-06,49.999534653702526,0.0414785847821612,-1.3917148322661888e-06,18-24 h,WITHIN_CALIBRATED_SUPPORT,141238.10440421832,37.65263471646583,1467.668474883233,61.24607397078292,9.8098407485908,ORBIT_DISTINCT,1.1102230246251563e-16,0.0,0,0,SCORED,60,60,3,60,32,28,0,0.5333333333333333,conditional verifier acceptance fraction under the controlled observation model,"(0.5,0.9]",MIXED,DESCRIPTIVE_ONLY,0.9999996558991732,0.0008295791310184593,2.7834546121578876e-08,R,R-
controlled_altitude_difference_synthetic_B,orbit_unit_8982b8445a9f5ecf6ba8a9c0,65409,STARLINK-35022,SYNTHETIC_RELATIVE_TO_A,same_plane_altitude_offset:+100km,same_tle_65409_20260310T064055Z:segment:3,2026-03-10T06:44:24.500000Z,315434187,2026-03-09T17:55:17.144544,2026-03-10T03:44:43,12.818709848888888,2.994861111111111,CAUSAL_GP:65409:315434187,SYNTHETIC_RELATIVE_TO_CAUSAL_A:FROZEN_ORIGINAL_PERTURBATION_RULE,2026-03-10T06:44:25Z,100.0,0.0,0.0,99.9979311904594,0.0569328481769352,99.9978957825918,0.0841512077419679,-6.458280239485248e-07,-99.9978957825918,-0.0841512077419679,6.458280239485248e-07,12-18 h,WITHIN_CALIBRATED_SUPPORT,411809.9750819325,29.005502435074128,1099.4845501122445,119.15389258606744,19.35324816329384,ORBIT_DISTINCT,4.440892098500626e-16,0.0,0,0,SCORED,60,60,3,60,1,59,0,0.0166666666666666,conditional verifier acceptance fraction under the controlled observation model,"(0,0.1]",RARE,DESCRIPTIVE_ONLY,0.9999996459139985,0.0008415294870619942,6.458413851767184e-09,R,R+
controlled_altitude_difference_synthetic_B,orbit_unit_8a1eb3284211bd1b73615c0d,65410,STARLINK-35024,SYNTHETIC_RELATIVE_TO_A,same_plane_altitude_offset:+10km,same_tle_65410_20260311T110240Z:segment:3,2026-03-11T11:06:09.500000Z,315555532,2026-03-10T17:24:38.025504,2026-03-11T02:43:10,17.69207624888889,8.383194444444445,CAUSAL_GP:65410:315555532,SYNTHETIC_RELATIVE_TO_CAUSAL_A:FROZEN_ORIGINAL_PERTURBATION_RULE,2026-03-11T11:06:10Z,10.0,0.0,0.0,10.001511403855025,0.0074543416518445,10.001507372288948,0.0089801717467357,2.7101423016873127e-06,-10.001507372288948,-0.0089801717467357,-2.7101423016873127e-06,12-18 h,WITHIN_CALIBRATED_SUPPORT,4098.657225652264,29.005502435074128,1099.4845501122445,11.887228291946352,1.930750847619943,ORBIT_DISTINCT,1.1102230246251563e-16,0.0,0,0,SCORED,60,60,3,60,53,7,0,0.8833333333333333,conditional verifier acceptance fraction under the controlled observation model,"(0.5,0.9]",MIXED,DESCRIPTIVE_ONLY,0.9999995969043164,0.000897881468522282,2.709732751634622e-07,R,R+
controlled_altitude_difference_synthetic_B,orbit_unit_8c8974a75aa9577f605ebb73,65686,STARLINK-35137,SYNTHETIC_RELATIVE_TO_A,same_plane_altitude_offset:+20km,same_tle_65686_20260312T152900Z:segment:3,2026-03-12T15:32:29.500000Z,315682814,2026-03-11T21:55:43.056192,2026-03-12T07:26:32,17.61290105777778,8.099305555555556,CAUSAL_GP:65686:315682814,SYNTHETIC_RELATIVE_TO_CAUSAL_A:FROZEN_ORIGINAL_PERTURBATION_RULE,2026-03-12T15:32:30Z,20.0,0.0,0.0,19.99949474832564,0.0122360640334962,19.99948731237029,0.0172461776379982,1.1710278577936606e-06,-19.99948731237029,-0.0172461776379982,-1.1710278577936606e-06,12-18 h,WITHIN_CALIBRATED_SUPPORT,16434.918950144223,29.005502435074128,1099.4845501122445,23.803651700663824,3.8662436329790975,ORBIT_DISTINCT,2.220446049250313e-16,0.0,0,0,SCORED,60,60,3,60,38,22,0,0.6333333333333333,conditional verifier acceptance fraction under the controlled observation model,"(0.5,0.9]",MIXED,DESCRIPTIVE_ONLY,0.9999996281928398,0.0008623306666005677,5.855287208651605e-08,R,R+
controlled_altitude_difference_synthetic_B,orbit_unit_8dd680646e7b2a85860ce7ef,65410,STARLINK-35024,SYNTHETIC_RELATIVE_TO_A,same_plane_altitude_offset:+100km,same_tle_65410_20260312T085425Z:segment:3,2026-03-12T08:57:54.500000Z,315679831,2026-03-11T16:54:40.030272,2026-03-12T03:14:55,16.054019368888888,5.716527777777777,CAUSAL_GP:65410:315679831,SYNTHETIC_RELATIVE_TO_CAUSAL_A:FROZEN_ORIGINAL_PERTURBATION_RULE,2026-03-12T08:57:55Z,100.0,0.0,0.0,100.00000474505866,0.0562156685200342,99.99996957197584,0.0838726156949363,1.2895625545183975e-06,-99.99996957197584,-0.0838726156949363,-1.2895625545183975e-06,12-18 h,WITHIN_CALIBRATED_SUPPORT,411827.0246642845,29.005502435074128,1099.4845501122445,119.15635914006138,19.353648786643337,ORBIT_DISTINCT,2.220446049250313e-16,0.0,0,0,SCORED,60,60,3,60,36,24,0,0.6,conditional verifier acceptance fraction under the controlled observation model,"(0.5,0.9]",MIXED,DESCRIPTIVE_ONLY,0.9999996482691883,0.0008387261171513167,1.2895624933279006e-08,R,R+
controlled_altitude_difference_synthetic_B,orbit_unit_903d96498f13c3cb0fc60e24,65421,STARLINK-35146,SYNTHETIC_RELATIVE_TO_A,same_plane_altitude_offset:-10km,same_tle_65421_20260310T131350Z:segment:2,2026-03-10T13:16:19.500000Z,315434193,2026-03-09T17:56:44.636640,2026-03-10T03:44:43,19.32635093333333,9.526805555555557,CAUSAL_GP:65421:315434193,SYNTHETIC_RELATIVE_TO_CAUSAL_A:FROZEN_ORIGINAL_PERTURBATION_RULE,2026-03-10T13:16:20Z,-10.0,0.0,0.0,9.997056179499104,0.0068945808271774,-9.997053453334557,-0.0073829006026082,3.397225211365651e-06,9.997053453334557,0.0073829006026082,-3.397225211365651e-06,18-24 h,WITHIN_CALIBRATED_SUPPORT,5616.824045922783,37.65263471646583,1467.668474883233,12.213713378506528,1.9562818548865488,ORBIT_DISTINCT,2.220446049250313e-16,0.0,0,0,SCORED,60,60,3,60,41,19,0,0.6833333333333333,conditional verifier acceptance fraction under the controlled observation model,"(0.5,0.9]",MIXED,DESCRIPTIVE_ONLY,0.9999997273032682,0.0007385074636019616,3.3982255879809074e-07,R,R-
controlled_altitude_difference_synthetic_B,orbit_unit_90f94f7d0cb66b0d7346d5ed,65409,STARLINK-35022,SYNTHETIC_RELATIVE_TO_A,same_plane_altitude_offset:+10km,same_tle_65409_20260310T064055Z:segment:3,2026-03-10T06:44:24.500000Z,315434187,2026-03-09T17:55:17.144544,2026-03-10T03:44:43,12.818709848888888,2.994861111111111,CAUSAL_GP:65409:315434187,SYNTHETIC_RELATIVE_TO_CAUSAL_A:FROZEN_ORIGINAL_PERTURBATION_RULE,2026-03-10T06:44:25Z,10.0,0.0,0.0,9.997900493641128,0.0083354465661083,9.997896286347563,0.0091721418823125,-5.867830674688435e-07,-9.997896286347563,-0.0091721418823125,5.867830674688435e-07,12-18 h,WITHIN_CALIBRATED_SUPPORT,4095.692651013623,29.005502435074128,1099.4845501122445,11.882928475165595,1.9300524615294128,ORBIT_DISTINCT,4.440892098500626e-16,0.0,0,0,SCORED,60,60,3,60,40,20,0,0.6666666666666666,conditional verifier acceptance fraction under the controlled observation model,"(0.5,0.9]",MIXED,DESCRIPTIVE_ONLY,0.9999995791822928,0.0009174067983719357,5.86906288817387e-08,R,R+
controlled_altitude_difference_synthetic_B,orbit_unit_91999199b0dd19d31d5fe887,65409,STARLINK-35022,SYNTHETIC_RELATIVE_TO_A,same_plane_altitude_offset:-100km,same_tle_65409_20260310T064055Z:segment:3,2026-03-10T06:44:24.500000Z,315434187,2026-03-09T17:55:17.144544,2026-03-10T03:44:43,12.818709848888888,2.994861111111111,CAUSAL_GP:65409:315434187,SYNTHETIC_RELATIVE_TO_CAUSAL_A:FROZEN_ORIGINAL_PERTURBATION_RULE,2026-03-10T06:44:25Z,-100.0,0.0,0.0,100.002138780802,0.0549061956512293,-100.00210421999144,-0.0831402955558857,-5.141584935586252e-07,100.00210421999144,0.0831402955558857,5.141584935586252e-07,12-18 h,WITHIN_CALIBRATED_SUPPORT,412315.0699493112,29.005502435074128,1099.4845501122445,119.22694275511952,19.36511313907728,ORBIT_DISTINCT,4.440892098500626e-16,0.0,0,0,SCORED,60,60,3,60,0,60,0,0.0,conditional verifier acceptance fraction under the controlled observation model,0,ZERO,DESCRIPTIVE_ONLY,0.9999996543992864,0.000831385174052364,5.1414749707066414e-09,R,R-
controlled_altitude_difference_synthetic_B,orbit_unit_929b273ccdbbab7d75711861,65421,STARLINK-35146,SYNTHETIC_RELATIVE_TO_A,same_plane_altitude_offset:+20km,same_tle_65421_20260310T064225Z:segment:3,2026-03-10T06:45:54.500000Z,315434193,2026-03-09T17:56:44.636640,2026-03-10T03:44:43,12.81940648888889,3.019861111111111,CAUSAL_GP:65421:315434193,SYNTHETIC_RELATIVE_TO_CAUSAL_A:FROZEN_ORIGINAL_PERTURBATION_RULE,2026-03-10T06:45:55Z,20.0,0.0,0.0,19.997704225870667,0.0135856284312105,19.99769653113139,0.0175429239497617,-6.040271323115576e-07,-19.99769653113139,-0.0175429239497617,6.040271323115576e-07,12-18 h,WITHIN_CALIBRATED_SUPPORT,16431.979322098723,29.005502435074128,1099.4845501122445,23.801522788084995,3.865897850121636,ORBIT_DISTINCT,1.1102230246251563e-16,0.0,0,0,SCORED,60,60,3,60,35,25,0,0.5833333333333334,conditional verifier acceptance fraction under the controlled observation model,"(0.5,0.9]",MIXED,DESCRIPTIVE_ONLY,0.9999996152188676,0.0008772468955244741,3.020482378822958e-08,R,R+
controlled_altitude_difference_synthetic_B,orbit_unit_9305b4f037a53b130b57b3c5,44714,STARLINK-1008,SYNTHETIC_RELATIVE_TO_A,same_plane_altitude_offset:+50km,same_tle_44714_20260312T044740Z:segment:3,2026-03-12T04:51:09.500000Z,315665530,2026-03-11T12:49:19.719264,2026-03-12T03:14:55,16.03049464888889,1.6040277777777778,CAUSAL_GP:44714:315665530,SYNTHETIC_RELATIVE_TO_CAUSAL_A:FROZEN_ORIGINAL_PERTURBATION_RULE,2026-03-12T04:51:10Z,50.0,0.0,0.0,49.9989905304399,0.0290340257362165,49.9989725826276,0.0423644269617979,7.918669595596839e-07,-49.9989725826276,-0.0423644269617979,-7.918669595596839e-07,12-18 h,WITHIN_CALIBRATED_SUPPORT,102894.03334910738,29.005502435074128,1099.4845501122445,59.56002884000304,9.673876310175192,ORBIT_DISTINCT,2.220446049250313e-16,0.0,0,0,SCORED,60,60,3,60,26,34,0,0.4333333333333333,conditional verifier acceptance fraction under the controlled observation model,"(0.1,0.5]",MIXED,DESCRIPTIVE_ONLY,0.9999996410365068,0.0008473056458211092,1.583765894388582e-08,R,R+
controlled_altitude_difference_synthetic_B,orbit_unit_94293ef673f08f4cbfafbf10,65409,STARLINK-35022,SYNTHETIC_RELATIVE_TO_A,same_plane_altitude_offset:-50km,same_tle_65409_20260310T064055Z:segment:3,2026-03-10T06:44:24.500000Z,315434187,2026-03-09T17:55:17.144544,2026-03-10T03:44:43,12.818709848888888,2.994861111111111,CAUSAL_GP:65409:315434187,SYNTHETIC_RELATIVE_TO_CAUSAL_A:FROZEN_ORIGINAL_PERTURBATION_RULE,2026-03-10T06:44:25Z,-50.0,0.0,0.0,50.002120712343306,0.0267361093483352,-50.00210383175141,-0.041086865314817,-5.472338564516122e-07,50.00210383175141,0.041086865314817,5.472338564516122e-07,12-18 h,WITHIN_CALIBRATED_SUPPORT,103142.13026578432,29.005502435074128,1099.4845501122445,59.631790838372005,9.685532058325636,ORBIT_DISTINCT,4.440892098500626e-16,0.0,0,0,SCORED,60,60,3,60,8,52,0,0.1333333333333333,conditional verifier acceptance fraction under the controlled observation model,"(0.1,0.5]",MIXED,DESCRIPTIVE_ONLY,0.9999996624024811,0.0008217024544055884,1.0944212938482916e-08,R,R-
controlled_altitude_difference_synthetic_B,orbit_unit_94a346c5a6a2fce56f02ae1a,65410,STARLINK-35024,SYNTHETIC_RELATIVE_TO_A,same_plane_altitude_offset:+10km,same_tle_65410_20260312T085425Z:segment:3,2026-03-12T08:57:54.500000Z,315679831,2026-03-11T16:54:40.030272,2026-03-12T03:14:55,16.054019368888888,5.716527777777777,CAUSAL_GP:65410:315679831,SYNTHETIC_RELATIVE_TO_CAUSAL_A:FROZEN_ORIGINAL_PERTURBATION_RULE,2026-03-12T08:57:55Z,10.0,0.0,0.0,9.99997401973974,0.0066270023582801,9.999970072796572,0.008884742029738,1.3284631634746802e-06,-9.999970072796572,-0.008884742029738,-1.3284631634746802e-06,12-18 h,WITHIN_CALIBRATED_SUPPORT,4097.392908484069,29.005502435074128,1099.4845501122445,11.88539471753607,1.930453034264308,ORBIT_DISTINCT,2.220446049250313e-16,0.0,0,0,SCORED,60,60,3,60,49,11,0,0.8166666666666667,conditional verifier acceptance fraction under the controlled observation model,"(0.5,0.9]",MIXED,DESCRIPTIVE_ONLY,0.9999996053046577,0.0008884765112588996,1.3284666148655202e-07,R,R+
controlled_altitude_difference_synthetic_B,orbit_unit_94ea1606cace4a6af7bde8e5,65686,STARLINK-35137,SYNTHETIC_RELATIVE_TO_A,same_plane_altitude_offset:+50km,same_tle_65686_20260310T131505Z:segment:2,2026-03-10T13:17:34.500000Z,315485957,2026-03-10T00:29:40.547616,2026-03-10T09:52:28,12.798320106666663,3.4184722222222224,CAUSAL_GP:65686:315485957,SYNTHETIC_RELATIVE_TO_CAUSAL_A:FROZEN_ORIGINAL_PERTURBATION_RULE,2026-03-10T13:17:35Z,50.0,0.0,0.0,49.99723133853568,0.030160191624736,49.99721310188855,0.0427032012590657,-9.148926771729292e-07,-49.99721310188855,-0.0427032012590657,9.148926771729292e-07,12-18 h,WITHIN_CALIBRATED_SUPPORT,102886.80896876764,29.005502435074128,1099.4845501122445,59.55793789342233,9.673536693842108,ORBIT_DISTINCT,2.220446049250313e-16,0.0,0,0,SCORED,60,60,3,60,31,29,0,0.5166666666666667,conditional verifier acceptance fraction under the controlled observation model,"(0.5,0.9]",MIXED,DESCRIPTIVE_ONLY,0.9999996352468598,0.0008541113200832771,1.829886681080618e-08,R,R+
controlled_altitude_difference_synthetic_B,orbit_unit_9618fc1fd77f359e563ea0c6,65686,STARLINK-35137,SYNTHETIC_RELATIVE_TO_A,same_plane_altitude_offset:+100km,same_tle_65686_20260312T152900Z:segment:3,2026-03-12T15:32:29.500000Z,315682814,2026-03-11T21:55:43.056192,2026-03-12T07:26:32,17.61290105777778,8.099305555555556,CAUSAL_GP:65686:315682814,SYNTHETIC_RELATIVE_TO_CAUSAL_A:FROZEN_ORIGINAL_PERTURBATION_RULE,2026-03-12T15:32:30Z,100.0,0.0,0.0,99.99952200830636,0.0562355533755798,99.99948682732992,0.0838818240963759,1.1347208683787358e-06,-99.99948682732992,-0.0838818240963759,-1.1347208683787358e-06,12-18 h,WITHIN_CALIBRATED_SUPPORT,411823.0487631908,29.005502435074128,1099.4845501122445,119.15578395313374,19.353555363465045,ORBIT_DISTINCT,2.220446049250313e-16,0.0,0,0,SCORED,60,60,3,60,29,31,0,0.4833333333333333,conditional verifier acceptance fraction under the controlled observation model,"(0.1,0.5]",MIXED,DESCRIPTIVE_ONLY,0.9999996481885541,0.0008388222504644408,1.1347262922761585e-08,R,R+
controlled_altitude_difference_synthetic_B,orbit_unit_965bbdf4b64113b45243ef39,65409,STARLINK-35022,SYNTHETIC_RELATIVE_TO_A,same_plane_altitude_offset:+20km,same_tle_65409_20260312T054045Z:segment:2,2026-03-12T05:43:14.500000Z,315679331,2026-03-11T20:03:20.806272,2026-03-12T03:14:55,9.664914924444444,2.4720833333333334,CAUSAL_GP:65409:315679331,SYNTHETIC_RELATIVE_TO_CAUSAL_A:FROZEN_ORIGINAL_PERTURBATION_RULE,2026-03-12T05:43:15Z,20.0,0.0,0.0,19.99733723428355,0.0140312076843955,19.99732945351129,0.0176405609967611,-8.502223511897e-07,-19.99732945351129,-0.0176405609967611,8.502223511897e-07,9-12 h,WITHIN_CALIBRATED_SUPPORT,17428.801109899017,31.32749048335574,948.5696084793932,23.58690476919621,4.286463736567272,ORBIT_DISTINCT,2.220446049250313e-16,0.0,0,0,SCORED,60,60,3,60,30,30,0,0.5,conditional verifier acceptance fraction under the controlled observation model,"(0.1,0.5]",MIXED,DESCRIPTIVE_ONLY,0.9999996109095843,0.0008821454971773953,4.251677817044931e-08,R,R+
controlled_altitude_difference_synthetic_B,orbit_unit_96bd2c0c7403690f7c57061c,65421,STARLINK-35146,SYNTHETIC_RELATIVE_TO_A,same_plane_altitude_offset:+20km,same_tle_65421_20260310T131350Z:segment:2,2026-03-10T13:16:19.500000Z,315434193,2026-03-09T17:56:44.636640,2026-03-10T03:44:43,19.32635093333333,9.526805555555557,CAUSAL_GP:65421:315434193,SYNTHETIC_RELATIVE_TO_CAUSAL_A:FROZEN_ORIGINAL_PERTURBATION_RULE,2026-03-10T13:16:20Z,20.0,0.0,0.0,20.00295435747165,0.0143700240447981,20.002946527837405,0.0176983490824937,3.3959501450908647e-06,-20.002946527837405,-0.0176983490824937,-3.3959501450908647e-06,18-24 h,WITHIN_CALIBRATED_SUPPORT,22710.156874936663,37.65263471646583,1467.668474883233,24.55909627344734,3.933653338934968,ORBIT_DISTINCT,2.220446049250313e-16,0.0,0,0,SCORED,60,60,3,60,38,22,0,0.6333333333333333,conditional verifier acceptance fraction under the controlled observation model,"(0.5,0.9]",MIXED,DESCRIPTIVE_ONLY,0.9999996085761078,0.000884786755306617,1.6977242883236314e-07,R,R+
controlled_altitude_difference_synthetic_B,orbit_unit_9727036ab376a12eb7ce8404,65410,STARLINK-35024,SYNTHETIC_RELATIVE_TO_A,same_plane_altitude_offset:+100km,same_tle_65410_20260311T110240Z:segment:3,2026-03-11T11:06:09.500000Z,315555532,2026-03-10T17:24:38.025504,2026-03-11T02:43:10,17.69207624888889,8.383194444444445,CAUSAL_GP:65410:315555532,SYNTHETIC_RELATIVE_TO_CAUSAL_A:FROZEN_ORIGINAL_PERTURBATION_RULE,2026-03-11T11:06:10Z,100.0,0.0,0.0,100.00154212127322,0.0564878589291026,100.00150687048178,0.0839658606965123,2.691434772827961e-06,-100.00150687048178,-0.0839658606965123,-2.691434772827961e-06,12-18 h,WITHIN_CALIBRATED_SUPPORT,411839.6990646287,29.005502435074128,1099.4845501122445,119.15819270572034,19.35394659857756,ORBIT_DISTINCT,1.1102230246251563e-16,0.0,0,0,SCORED,60,60,3,60,0,60,0,0.0,conditional verifier acceptance fraction under the controlled observation model,0,ZERO,DESCRIPTIVE_ONLY,0.9999996474975216,0.0008396456586108018,2.691393268279825e-08,R,R+
controlled_altitude_difference_synthetic_B,orbit_unit_97ad7299342d352b284a9113,65409,STARLINK-35022,SYNTHETIC_RELATIVE_TO_A,same_plane_altitude_offset:-10km,same_tle_65409_20260311T110325Z:segment:3,2026-03-11T11:06:54.500000Z,315556031,2026-03-10T20:33:19.547136,2026-03-11T02:43:10,14.559709128888889,8.395694444444445,CAUSAL_GP:65409:315556031,SYNTHETIC_RELATIVE_TO_CAUSAL_A:FROZEN_ORIGINAL_PERTURBATION_RULE,2026-03-11T11:06:55Z,-10.0,0.0,0.0,9.99821690063056,0.0056779329664705,-9.998213862330743,-0.0077945586548919,2.692146815697072e-06,9.998213862330743,0.0077945586548919,-2.692146815697072e-06,12-18 h,WITHIN_CALIBRATED_SUPPORT,4142.982577336517,29.005502435074128,1099.4845501122445,11.95133326930546,1.941162924879081,ORBIT_DISTINCT,3.3306690738754696e-16,0.0,0,0,SCORED,60,60,3,60,47,13,0,0.7833333333333333,conditional verifier acceptance fraction under the controlled observation model,"(0.5,0.9]",MIXED,DESCRIPTIVE_ONLY,0.999999696115833,0.0007795948750021937,2.692626937836572e-07,R,R-
controlled_altitude_difference_synthetic_B,orbit_unit_988a33cfe819e10db7ca2890,44714,STARLINK-1008,SYNTHETIC_RELATIVE_TO_A,same_plane_altitude_offset:-100km,same_tle_44714_20260312T044740Z:segment:3,2026-03-12T04:51:09.500000Z,315665530,2026-03-11T12:49:19.719264,2026-03-12T03:14:55,16.03049464888889,1.6040277777777778,CAUSAL_GP:44714:315665530,SYNTHETIC_RELATIVE_TO_CAUSAL_A:FROZEN_ORIGINAL_PERTURBATION_RULE,2026-03-12T04:51:10Z,-100.0,0.0,0.0,100.00106254524871,0.0551951331671213,-100.00102780243924,-0.0833584699774752,8.680107796976699e-07,100.00102780243924,0.0833584699774752,-8.680107796976699e-07,12-18 h,WITHIN_CALIBRATED_SUPPORT,412306.2240881069,29.005502435074128,1099.4845501122445,119.22566379308164,19.36490540713354,ORBIT_DISTINCT,2.220446049250313e-16,0.0,0,0,SCORED,60,60,3,60,0,60,0,0.0,conditional verifier acceptance fraction under the controlled observation model,0,ZERO,DESCRIPTIVE_ONLY,0.999999652575597,0.0008335758426542416,8.680015567883696e-09,R,R-
controlled_altitude_difference_synthetic_B,orbit_unit_98bd280cda37ceee285cea29,44714,STARLINK-1008,SYNTHETIC_RELATIVE_TO_A,same_plane_altitude_offset:-20km,same_tle_44714_20260312T044740Z:segment:3,2026-03-12T04:51:09.500000Z,315665530,2026-03-11T12:49:19.719264,2026-03-12T03:14:55,16.03049464888889,1.6040277777777778,CAUSAL_GP:44714:315665530,SYNTHETIC_RELATIVE_TO_CAUSAL_A:FROZEN_ORIGINAL_PERTURBATION_RULE,2026-03-12T04:51:10Z,-20.0,0.0,0.0,20.001033813276266,0.0101592430008319,-20.001027306258656,-0.0161336330445474,8.272715543711229e-07,20.001027306258656,0.0161336330445474,-8.272715543711229e-07,12-18 h,WITHIN_CALIBRATED_SUPPORT,16531.53955595195,29.005502435074128,1099.4845501122445,23.87351979226888,3.877591768454836,ORBIT_DISTINCT,2.220446049250313e-16,0.0,0,0,SCORED,60,60,3,60,31,29,0,0.5166666666666667,conditional verifier acceptance fraction under the controlled observation model,"(0.5,0.9]",MIXED,DESCRIPTIVE_ONLY,0.9999996746659364,0.0008066399564725617,4.136143971828084e-08,R,R-
controlled_altitude_difference_synthetic_B,orbit_unit_99a632b3a19b5ccb47280c5b,65686,STARLINK-35137,SYNTHETIC_RELATIVE_TO_A,same_plane_altitude_offset:-100km,same_tle_65686_20260311T142130Z:segment:3,2026-03-11T14:24:59.500000Z,315558516,2026-03-10T22:25:41.529216,2026-03-11T07:06:59,15.988325217777778,7.300138888888889,CAUSAL_GP:65686:315558516,SYNTHETIC_RELATIVE_TO_CAUSAL_A:FROZEN_ORIGINAL_PERTURBATION_RULE,2026-03-11T14:25:00Z,-100.0,0.0,0.0,100.00156199615768,0.0550840164981493,-100.00152732362916,-0.0832743226580383,3.15724051347388e-08,100.00152732362916,0.0832743226580383,-3.15724051347388e-08,12-18 h,WITHIN_CALIBRATED_SUPPORT,412310.3307834562,29.005502435074128,1099.4845501122445,119.2262575535335,19.36500184706618,ORBIT_DISTINCT,3.3306690738754696e-16,0.0,0,0,SCORED,60,60,3,60,0,60,0,0.0,conditional verifier acceptance fraction under the controlled observation model,0,ZERO,DESCRIPTIVE_ONLY,0.9999996532801307,0.0008327302193663528,3.157191198268673e-10,R,R-
controlled_altitude_difference_synthetic_B,orbit_unit_9b256590f31bb98136285142,65686,STARLINK-35137,SYNTHETIC_RELATIVE_TO_A,same_plane_altitude_offset:+10km,same_tle_65686_20260310T131505Z:segment:2,2026-03-10T13:17:34.500000Z,315485957,2026-03-10T00:29:40.547616,2026-03-10T09:52:28,12.798320106666663,3.4184722222222224,CAUSAL_GP:65686:315485957,SYNTHETIC_RELATIVE_TO_CAUSAL_A:FROZEN_ORIGINAL_PERTURBATION_RULE,2026-03-10T13:17:35Z,10.0,0.0,0.0,9.997217572402883,0.0093322020708336,9.99721322780285,0.0093202899083602,-8.877735302448286e-07,-9.99721322780285,-0.0093202899083602,8.877735302448286e-07,12-18 h,WITHIN_CALIBRATED_SUPPORT,4095.133289649296,29.005502435074128,1099.4845501122445,11.882117003381556,1.9299206604235215,ORBIT_DISTINCT,2.220446049250313e-16,0.0,0,0,SCORED,60,60,3,60,46,14,0,0.7666666666666667,conditional verifier acceptance fraction under the controlled observation model,"(0.5,0.9]",MIXED,DESCRIPTIVE_ONLY,0.9999995654190775,0.0009322883933314275,8.880206155515805e-08,R,R+
controlled_altitude_difference_synthetic_B,orbit_unit_9d63f0afc4cfb0443cf2d8e7,65686,STARLINK-35137,SYNTHETIC_RELATIVE_TO_A,same_plane_altitude_offset:-10km,same_tle_65686_20260312T152900Z:segment:3,2026-03-12T15:32:29.500000Z,315682814,2026-03-11T21:55:43.056192,2026-03-12T07:26:32,17.61290105777778,8.099305555555556,CAUSAL_GP:65686:315682814,SYNTHETIC_RELATIVE_TO_CAUSAL_A:FROZEN_ORIGINAL_PERTURBATION_RULE,2026-03-12T15:32:30Z,-10.0,0.0,0.0,10.000515744919069,0.0046345650182276,-10.000512670460475,-0.0078417046757945,1.1847179184343304e-06,10.000512670460475,0.0078417046757945,-1.1847179184343304e-06,12-18 h,WITHIN_CALIBRATED_SUPPORT,4144.882656686518,29.005502435074128,1099.4845501122445,11.954073550980349,1.9416080077055031,ORBIT_DISTINCT,2.220446049250313e-16,0.0,0,0,SCORED,60,60,3,60,41,19,0,0.6833333333333333,conditional verifier acceptance fraction under the controlled observation model,"(0.5,0.9]",MIXED,DESCRIPTIVE_ONLY,0.9999996925699965,0.0007841300264717461,1.1846568203607367e-07,R,R-
controlled_altitude_difference_synthetic_B,orbit_unit_a089a3dcca99396555b17a93,65421,STARLINK-35146,SYNTHETIC_RELATIVE_TO_A,same_plane_altitude_offset:-20km,same_tle_65421_20260311T110455Z:segment:3,2026-03-11T11:08:24.500000Z,315556037,2026-03-10T20:34:46.163136,2026-03-11T02:43:10,14.560649128888889,8.420694444444445,CAUSAL_GP:65421:315556037,SYNTHETIC_RELATIVE_TO_CAUSAL_A:FROZEN_ORIGINAL_PERTURBATION_RULE,2026-03-11T11:08:25Z,-20.0,0.0,0.0,19.99829773230888,0.010420639029952,-19.99829126326142,-0.0160853916537164,2.768472045389103e-06,19.99829126326142,0.0160853916537164,-2.768472045389103e-06,12-18 h,WITHIN_CALIBRATED_SUPPORT,16527.023046068523,29.005502435074128,1099.4845501122445,23.87025837933955,3.877062042296384,ORBIT_DISTINCT,2.220446049250313e-16,0.0,0,0,SCORED,60,60,3,60,23,37,0,0.3833333333333333,conditional verifier acceptance fraction under the controlled observation model,"(0.1,0.5]",MIXED,DESCRIPTIVE_ONLY,0.9999996765200947,0.0008043380426189546,1.384353849736126e-07,R,R-
controlled_altitude_difference_synthetic_B,orbit_unit_a0efe598344f679e52243c57,65410,STARLINK-35024,SYNTHETIC_RELATIVE_TO_A,same_plane_altitude_offset:+10km,same_tle_65410_20260310T064015Z:segment:3,2026-03-10T06:43:44.500000Z,315434688,2026-03-09T16:20:35.643840,2026-03-10T03:44:43,14.385793377777778,2.98375,CAUSAL_GP:65410:315434688,SYNTHETIC_RELATIVE_TO_CAUSAL_A:FROZEN_ORIGINAL_PERTURBATION_RULE,2026-03-10T06:43:45Z,10.0,0.0,0.0,9.99791834089946,0.0083097771137275,9.997914137638263,0.0091677536180001,-5.796052828799247e-07,-9.997914137638263,-0.0091677536180001,5.796052828799247e-07,12-18 h,WITHIN_CALIBRATED_SUPPORT,4095.707264014002,29.005502435074128,1099.4845501122445,11.882949673665854,1.9300559046383807,ORBIT_DISTINCT,4.440892098500626e-16,0.0,0,0,SCORED,60,60,3,60,38,22,0,0.6333333333333333,conditional verifier acceptance fraction under the controlled observation model,"(0.5,0.9]",MIXED,DESCRIPTIVE_ONLY,0.9999995795863647,0.0009169662429124548,5.797259620623995e-08,R,R+
controlled_altitude_difference_synthetic_B,orbit_unit_a40e6d39bf09bbfd09efc559,65421,STARLINK-35146,SYNTHETIC_RELATIVE_TO_A,same_plane_altitude_offset:+100km,same_tle_65421_20260310T131350Z:segment:2,2026-03-10T13:16:19.500000Z,315434193,2026-03-09T17:56:44.636640,2026-03-10T03:44:43,19.32635093333333,9.526805555555557,CAUSAL_GP:65421:315434193,SYNTHETIC_RELATIVE_TO_CAUSAL_A:FROZEN_ORIGINAL_PERTURBATION_RULE,2026-03-10T13:16:20Z,100.0,0.0,0.0,100.00298158406768,0.0574309725174383,100.00294603879402,0.0843164599636416,3.3927223839214093e-06,-100.00294603879402,-0.0843164599636416,-3.3927223839214093e-06,18-24 h,WITHIN_CALIBRATED_SUPPORT,566115.6239739523,37.65263471646583,1467.668474883233,122.61818544014152,19.63986904079408,ORBIT_DISTINCT,2.220446049250313e-16,0.0,0,0,SCORED,60,60,3,60,5,55,0,0.0833333333333333,conditional verifier acceptance fraction under the controlled observation model,"(0,0.1]",RARE,DESCRIPTIVE_ONLY,0.9999996445578611,0.0008431394607245865,3.392621230067336e-08,R,R+
controlled_altitude_difference_synthetic_B,orbit_unit_a49a4b99ec39b579290fa5a4,44714,STARLINK-1008,SYNTHETIC_RELATIVE_TO_A,same_plane_altitude_offset:-5km,same_tle_44714_20260311T034020Z:segment:3,2026-03-11T03:43:49.500000Z,315542230,2026-03-10T16:27:18.322272,2026-03-11T02:43:10,11.275327146666667,1.0109722222222222,CAUSAL_GP:44714:315542230,SYNTHETIC_RELATIVE_TO_CAUSAL_A:FROZEN_ORIGINAL_PERTURBATION_RULE,2026-03-11T03:43:50Z,-5.0,0.0,0.0,5.002075758206565,0.0043192387935043,-5.002074609114972,-0.003390528716535,-3.048793448812148e-07,5.002074609114972,0.003390528716535,3.048793448812148e-07,9-12 h,WITHIN_CALIBRATED_SUPPORT,1101.0772060321046,31.32749048335574,948.5696084793932,5.928517179950487,1.0773933312632709,ORBIT_DISTINCT,2.220446049250313e-16,0.0,0,0,SCORED,60,60,3,60,58,2,0,0.9666666666666668,conditional verifier acceptance fraction under the controlled observation model,"(0.9,1)",HIGH,DESCRIPTIVE_ONLY,0.9999997702770516,0.0006778243434183082,6.095056524904088e-08,R,R-
controlled_altitude_difference_synthetic_B,orbit_unit_a5d1c84f7d70f06267e4b32d,44714,STARLINK-1008,SYNTHETIC_RELATIVE_TO_A,same_plane_altitude_offset:+10km,same_tle_44714_20260311T034020Z:segment:3,2026-03-11T03:43:49.500000Z,315542230,2026-03-10T16:27:18.322272,2026-03-11T02:43:10,11.275327146666667,1.0109722222222222,CAUSAL_GP:44714:315542230,SYNTHETIC_RELATIVE_TO_CAUSAL_A:FROZEN_ORIGINAL_PERTURBATION_RULE,2026-03-11T03:43:50Z,10.0,0.0,0.0,9.997929577279203,0.0082751737605375,9.997925385610856,0.009155107439388,-3.1448092308039577e-07,-9.997925385610856,-0.009155107439388,3.1448092308039577e-07,9-12 h,WITHIN_CALIBRATED_SUPPORT,4348.4353237530695,31.32749048335574,948.5696084793932,11.781584545791612,2.141075118121916,ORBIT_DISTINCT,2.220446049250313e-16,0.0,0,0,SCORED,60,60,3,60,49,11,0,0.8166666666666667,conditional verifier acceptance fraction under the controlled observation model,"(0.5,0.9]",MIXED,DESCRIPTIVE_ONLY,0.999999580746362,0.0009157003326162091,3.1454604740872494e-08,R,R+
controlled_altitude_difference_synthetic_B,orbit_unit_a5efadd3ab7f43993ce5a9af,44714,STARLINK-1008,SYNTHETIC_RELATIVE_TO_A,same_plane_altitude_offset:+100km,same_tle_44714_20260310T090420Z:segment:3,2026-03-10T09:07:49.500000Z,315443210,2026-03-09T21:39:16.344864,2026-03-10T08:26:21,11.475876426666668,0.69125,CAUSAL_GP:44714:315443210,SYNTHETIC_RELATIVE_TO_CAUSAL_A:FROZEN_ORIGINAL_PERTURBATION_RULE,2026-03-10T09:07:50Z,100.0,0.0,0.0,100.00274172656832,0.0573852870468416,100.00270617354462,0.0843255501849178,3.414196349638132e-06,-100.00270617354462,-0.0843255501849178,-3.414196349638132e-06,9-12 h,WITHIN_CALIBRATED_SUPPORT,436517.9117400128,31.32749048335574,948.5696084793932,118.0424544257197,21.451932978168603,ORBIT_DISTINCT,2.220446049250313e-16,0.0,0,0,SCORED,60,60,3,60,2,58,0,0.0333333333333333,conditional verifier acceptance fraction under the controlled observation model,"(0,0.1]",RARE,DESCRIPTIVE_ONLY,0.9999996444795107,0.0008432323827229085,3.4141027442761234e-08,R,R+
controlled_altitude_difference_synthetic_B,orbit_unit_ab265af6b49a1bc3e9643c83,65686,STARLINK-35137,SYNTHETIC_RELATIVE_TO_A,same_plane_altitude_offset:+100km,same_tle_65686_20260311T142130Z:segment:3,2026-03-11T14:24:59.500000Z,315558516,2026-03-10T22:25:41.529216,2026-03-11T07:06:59,15.988325217777778,7.300138888888889,CAUSAL_GP:65686:315558516,SYNTHETIC_RELATIVE_TO_CAUSAL_A:FROZEN_ORIGINAL_PERTURBATION_RULE,2026-03-11T14:25:00Z,100.0,0.0,0.0,99.99850799452786,0.0566216049011567,99.99847268197937,0.0840381049008982,-9.033905001842869e-08,-99.99847268197937,-0.0840381049008982,9.033905001842869e-08,12-18 h,WITHIN_CALIBRATED_SUPPORT,411814.713787189,29.005502435074128,1099.4845501122445,119.15457813715533,19.353359512071837,ORBIT_DISTINCT,3.3306690738754696e-16,0.0,0,0,SCORED,60,60,3,60,0,60,0,0.0,conditional verifier acceptance fraction under the controlled observation model,0,ZERO,DESCRIPTIVE_ONLY,0.9999996468692465,0.0008403935877272986,9.034039790210896e-10,R,R+
controlled_altitude_difference_synthetic_B,orbit_unit_ac43dc20a058de2e59e3e6dc,65410,STARLINK-35024,SYNTHETIC_RELATIVE_TO_A,same_plane_altitude_offset:-10km,same_tle_65410_20260312T085425Z:segment:3,2026-03-12T08:57:54.500000Z,315679831,2026-03-11T16:54:40.030272,2026-03-12T03:14:55,16.054019368888888,5.716527777777777,CAUSAL_GP:65410:315679831,SYNTHETIC_RELATIVE_TO_CAUSAL_A:FROZEN_ORIGINAL_PERTURBATION_RULE,2026-03-12T08:57:55Z,-10.0,0.0,0.0,10.00003300364843,0.0045263678510309,-10.00002992594876,-0.0078456475387252,1.337158026970542e-06,10.00002992594876,0.0078456475387252,-1.337158026970542e-06,12-18 h,WITHIN_CALIBRATED_SUPPORT,4144.483742862585,29.005502435074128,1099.4845501122445,11.953498292242177,1.9415145728635836,ORBIT_DISTINCT,2.220446049250313e-16,0.0,0,0,SCORED,60,60,3,60,48,12,0,0.8,conditional verifier acceptance fraction under the controlled observation model,"(0.5,0.9]",MIXED,DESCRIPTIVE_ONLY,0.9999996922310487,0.000784562164531135,1.337153613875765e-07,R,R-
controlled_altitude_difference_synthetic_B,orbit_unit_b103dcfce0a42e182a35c6a9,65410,STARLINK-35024,SYNTHETIC_RELATIVE_TO_A,same_plane_altitude_offset:-100km,same_tle_65410_20260310T064015Z:segment:3,2026-03-10T06:43:44.500000Z,315434688,2026-03-09T16:20:35.643840,2026-03-10T03:44:43,14.385793377777778,2.98375,CAUSAL_GP:65410:315434688,SYNTHETIC_RELATIVE_TO_CAUSAL_A:FROZEN_ORIGINAL_PERTURBATION_RULE,2026-03-10T06:43:45Z,-100.0,0.0,0.0,100.00212093204456,0.0549114984304199,-100.00208636873911,-0.0831432889820469,-5.07069891853007e-07,100.00208636873911,0.0831432889820469,5.07069891853007e-07,12-18 h,WITHIN_CALIBRATED_SUPPORT,412314.92315158335,29.005502435074128,1099.4845501122445,119.22692153076086,19.36510969176833,ORBIT_DISTINCT,4.440892098500626e-16,0.0,0,0,SCORED,60,60,3,60,0,60,0,0.0,conditional verifier acceptance fraction under the controlled observation model,0,ZERO,DESCRIPTIVE_ONLY,0.9999996543742763,0.0008314152560678799,5.070591374732756e-09,R,R-
controlled_altitude_difference_synthetic_B,orbit_unit_b194ab77a65eb00c47eb086d,65409,STARLINK-35022,SYNTHETIC_RELATIVE_TO_A,same_plane_altitude_offset:+50km,same_tle_65409_20260310T113340Z:segment:3,2026-03-10T11:37:09.500000Z,315434187,2026-03-09T17:55:17.144544,2026-03-10T03:44:43,17.697876515555556,7.874027777777778,CAUSAL_GP:65409:315434187,SYNTHETIC_RELATIVE_TO_CAUSAL_A:FROZEN_ORIGINAL_PERTURBATION_RULE,2026-03-10T11:37:10Z,50.0,0.0,0.0,50.001905259648126,0.0291196132233196,50.001887358142426,0.0423109732443869,2.72771941922656e-06,-50.001887358142426,-0.0423109732443869,-2.72771941922656e-06,12-18 h,WITHIN_CALIBRATED_SUPPORT,102906.03250659555,29.005502435074128,1099.4845501122445,59.56350158428371,9.674440361255796,ORBIT_DISTINCT,2.220446049250313e-16,0.0,0,0,SCORED,60,60,3,60,2,58,0,0.0333333333333333,conditional verifier acceptance fraction under the controlled observation model,"(0,0.1]",RARE,DESCRIPTIVE_ONLY,0.9999996419835283,0.0008461872207604085,5.4552309658245126e-08,R,R+
controlled_altitude_difference_synthetic_B,orbit_unit_b6d75d7d1725e877b2004c96,65409,STARLINK-35022,SYNTHETIC_RELATIVE_TO_A,same_plane_altitude_offset:+50km,same_tle_65409_20260312T054045Z:segment:2,2026-03-12T05:43:14.500000Z,315679331,2026-03-11T20:03:20.806272,2026-03-12T03:14:55,9.664914924444444,2.4720833333333334,CAUSAL_GP:65409:315679331,SYNTHETIC_RELATIVE_TO_CAUSAL_A:FROZEN_ORIGINAL_PERTURBATION_RULE,2026-03-12T05:43:15Z,50.0,0.0,0.0,49.99734755064176,0.0300511172485992,49.99732934414611,0.0426679346661647,-8.703599618797853e-07,-49.99732934414611,-0.0426679346661647,8.703599618797853e-07,9-12 h,WITHIN_CALIBRATED_SUPPORT,109070.63574331552,31.32749048335574,948.5696084793932,59.00531305883837,10.72307439939391,ORBIT_DISTINCT,2.220446049250313e-16,0.0,0,0,SCORED,60,60,3,60,31,29,0,0.5166666666666667,conditional verifier acceptance fraction under the controlled observation model,"(0.5,0.9]",MIXED,DESCRIPTIVE_ONLY,0.9999996358507693,0.0008534039655393083,1.740812272087449e-08,R,R+
controlled_altitude_difference_synthetic_B,orbit_unit_b72d673d05203906c4f3b349,44714,STARLINK-1008,SYNTHETIC_RELATIVE_TO_A,same_plane_altitude_offset:-100km,same_tle_44714_20260311T034020Z:segment:3,2026-03-11T03:43:49.500000Z,315542230,2026-03-10T16:27:18.322272,2026-03-11T02:43:10,11.275327146666667,1.0109722222222222,CAUSAL_GP:44714:315542230,SYNTHETIC_RELATIVE_TO_CAUSAL_A:FROZEN_ORIGINAL_PERTURBATION_RULE,2026-03-11T03:43:50Z,-100.0,0.0,0.0,100.002109706068,0.0549467739522008,-100.00207512115443,-0.0831692698541743,-2.4383340502254214e-07,100.00207512115443,0.0831692698541743,2.4383340502254214e-07,9-12 h,WITHIN_CALIBRATED_SUPPORT,436844.1045669331,31.32749048335574,948.5696084793932,118.08655045283514,21.459946578215177,ORBIT_DISTINCT,2.220446049250313e-16,0.0,0,0,SCORED,60,60,3,60,0,60,0,0.0,conditional verifier acceptance fraction under the controlled observation model,0,ZERO,DESCRIPTIVE_ONLY,0.9999996541581605,0.0008316751526405816,2.438282609629251e-09,R,R-
controlled_altitude_difference_synthetic_B,orbit_unit_b876722ed294af6471bf101a,44714,STARLINK-1008,SYNTHETIC_RELATIVE_TO_A,same_plane_altitude_offset:-100km,same_tle_44714_20260310T090420Z:segment:3,2026-03-10T09:07:49.500000Z,315443210,2026-03-09T21:39:16.344864,2026-03-10T08:26:21,11.475876426666668,0.69125,CAUSAL_GP:44714:315443210,SYNTHETIC_RELATIVE_TO_CAUSAL_A:FROZEN_ORIGINAL_PERTURBATION_RULE,2026-03-10T09:07:50Z,-100.0,0.0,0.0,99.99732824783348,0.0546598018095352,-99.99729382485604,-0.0829723469108287,3.426303138098774e-06,99.99729382485604,0.0829723469108287,-3.426303138098774e-06,9-12 h,WITHIN_CALIBRATED_SUPPORT,436802.32541344006,31.32749048335574,948.5696084793932,118.08090350232068,21.45892035417945,ORBIT_DISTINCT,2.220446049250313e-16,0.0,0,0,SCORED,60,60,3,60,0,60,0,0.0,conditional verifier acceptance fraction under the controlled observation model,0,ZERO,DESCRIPTIVE_ONLY,0.9999996557610284,0.0008297456378553431,3.426394682872947e-08,R,R-
controlled_altitude_difference_synthetic_B,orbit_unit_bbdbcde0d32dcc50cbca94da,65409,STARLINK-35022,SYNTHETIC_RELATIVE_TO_A,same_plane_altitude_offset:+10km,same_tle_65409_20260312T054045Z:segment:2,2026-03-12T05:43:14.500000Z,315679331,2026-03-11T20:03:20.806272,2026-03-12T03:14:55,9.664914924444444,2.4720833333333334,CAUSAL_GP:65409:315679331,SYNTHETIC_RELATIVE_TO_CAUSAL_A:FROZEN_ORIGINAL_PERTURBATION_RULE,2026-03-12T05:43:15Z,10.0,0.0,0.0,9.99733378253138,0.0091404860589761,9.997329469887596,0.0092860034194801,-8.435022404995607e-07,-9.997329469887596,-0.0092860034194801,8.435022404995607e-07,9-12 h,WITHIN_CALIBRATED_SUPPORT,4347.917511262543,31.32749048335574,948.5696084793932,11.780883048263275,2.1409476345141285,ORBIT_DISTINCT,2.220446049250313e-16,0.0,0,0,SCORED,60,60,3,60,44,16,0,0.7333333333333333,conditional verifier acceptance fraction under the controlled observation model,"(0.5,0.9]",MIXED,DESCRIPTIVE_ONLY,0.9999995686206063,0.0009288479930224787,8.437271965185714e-08,R,R+
controlled_altitude_difference_synthetic_B,orbit_unit_bd3d2c9a1dc2f31314d22384,65409,STARLINK-35022,SYNTHETIC_RELATIVE_TO_A,same_plane_altitude_offset:-50km,same_tle_65409_20260312T054045Z:segment:2,2026-03-12T05:43:14.500000Z,315679331,2026-03-11T20:03:20.806272,2026-03-12T03:14:55,9.664914924444444,2.4720833333333334,CAUSAL_GP:65409:315679331,SYNTHETIC_RELATIVE_TO_CAUSAL_A:FROZEN_ORIGINAL_PERTURBATION_RULE,2026-03-12T05:43:15Z,-50.0,0.0,0.0,50.00268743180999,0.0267169208471733,-50.00267064734553,-0.040969944799027,-8.030955207516399e-07,50.00267064734553,0.040969944799027,8.030955207516399e-07,9-12 h,WITHIN_CALIBRATED_SUPPORT,109259.77478643486,31.32749048335574,948.5696084793932,59.05645136175923,10.73236779686021,ORBIT_DISTINCT,2.220446049250313e-16,0.0,0,0,SCORED,60,60,3,60,23,37,0,0.3833333333333333,conditional verifier acceptance fraction under the controlled observation model,"(0.1,0.5]",MIXED,DESCRIPTIVE_ONLY,0.9999996643287529,0.0008193548567744248,1.6061047155652246e-08,R,R-
controlled_altitude_difference_synthetic_B,orbit_unit_bfdf2a2b17c703797b32f28b,65410,STARLINK-35024,SYNTHETIC_RELATIVE_TO_A,same_plane_altitude_offset:+100km,same_tle_65410_20260310T064015Z:segment:3,2026-03-10T06:43:44.500000Z,315434688,2026-03-09T16:20:35.643840,2026-03-10T03:44:43,14.385793377777778,2.98375,CAUSAL_GP:65410:315434688,SYNTHETIC_RELATIVE_TO_CAUSAL_A:FROZEN_ORIGINAL_PERTURBATION_RULE,2026-03-10T06:43:45Z,100.0,0.0,0.0,99.99794903716656,0.0569206042978553,99.9979136339473,0.0841456913675067,-6.385756492477412e-07,-99.9979136339473,-0.0841456913675067,6.385756492477412e-07,12-18 h,WITHIN_CALIBRATED_SUPPORT,411810.121492147,29.005502435074128,1099.4845501122445,119.1539137673725,19.353251603609927,ORBIT_DISTINCT,4.440892098500626e-16,0.0,0,0,SCORED,60,60,3,60,1,59,0,0.0166666666666666,conditional verifier acceptance fraction under the controlled observation model,"(0,0.1]",RARE,DESCRIPTIVE_ONLY,0.9999996459605462,0.0008414741719975877,6.385887464655897e-09,R,R+
controlled_altitude_difference_synthetic_B,orbit_unit_c00abf59d07a6b77e8460904,65409,STARLINK-35022,SYNTHETIC_RELATIVE_TO_A,same_plane_altitude_offset:+20km,same_tle_65409_20260310T113340Z:segment:3,2026-03-10T11:37:09.500000Z,315434187,2026-03-09T17:55:17.144544,2026-03-10T03:44:43,17.697876515555556,7.874027777777778,CAUSAL_GP:65409:315434187,SYNTHETIC_RELATIVE_TO_CAUSAL_A:FROZEN_ORIGINAL_PERTURBATION_RULE,2026-03-10T11:37:10Z,20.0,0.0,0.0,20.001894932205225,0.0128408374083188,20.00188746622872,0.0172819932932024,2.7337450099196303e-06,-20.00188746622872,-0.0172819932932024,-2.7337450099196303e-06,12-18 h,WITHIN_CALIBRATED_SUPPORT,16438.869814478043,29.005502435074128,1099.4845501122445,23.806512662360927,3.866708316931153,ORBIT_DISTINCT,2.220446049250313e-16,0.0,0,0,SCORED,60,60,3,60,26,34,0,0.4333333333333333,conditional verifier acceptance fraction under the controlled observation model,"(0.1,0.5]",MIXED,DESCRIPTIVE_ONLY,0.99999962673654,0.0008640178019021842,1.3667430106924534e-07,R,R+
controlled_altitude_difference_synthetic_B,orbit_unit_c0b30d0cc8868c78b87df4a8,65409,STARLINK-35022,SYNTHETIC_RELATIVE_TO_A,same_plane_altitude_offset:-50km,same_tle_65409_20260310T113340Z:segment:3,2026-03-10T11:37:09.500000Z,315434187,2026-03-09T17:55:17.144544,2026-03-10T03:44:43,17.697876515555556,7.874027777777778,CAUSAL_GP:65409:315434187,SYNTHETIC_RELATIVE_TO_CAUSAL_A:FROZEN_ORIGINAL_PERTURBATION_RULE,2026-03-10T11:37:10Z,-50.0,0.0,0.0,49.99812972198141,0.0271460645354521,-49.9981126377444,-0.0413323057413581,2.747959417348511e-06,49.9981126377444,0.0413323057413581,-2.747959417348511e-06,12-18 h,WITHIN_CALIBRATED_SUPPORT,103125.6917493508,29.005502435074128,1099.4845501122445,59.62703867147389,9.684760200492908,ORBIT_DISTINCT,2.220446049250313e-16,0.0,0,0,SCORED,60,60,3,60,0,60,0,0.0,conditional verifier acceptance fraction under the controlled observation model,0,ZERO,DESCRIPTIVE_ONLY,0.9999996583024782,0.0008266770371449827,5.496124420310836e-08,R,R-
controlled_altitude_difference_synthetic_B,orbit_unit_c3ecf0d1390d3bbdbc41f8fd,65410,STARLINK-35024,SYNTHETIC_RELATIVE_TO_A,same_plane_altitude_offset:+20km,same_tle_65410_20260311T110240Z:segment:3,2026-03-11T11:06:09.500000Z,315555532,2026-03-10T17:24:38.025504,2026-03-11T02:43:10,17.69207624888889,8.383194444444445,CAUSAL_GP:65410:315555532,SYNTHETIC_RELATIVE_TO_CAUSAL_A:FROZEN_ORIGINAL_PERTURBATION_RULE,2026-03-11T11:06:10Z,20.0,0.0,0.0,20.0015148691142,0.0127387847652023,20.00150735627915,0.0173359770450072,2.708046059396452e-06,-20.00150735627915,-0.0173359770450072,-2.708046059396452e-06,12-18 h,WITHIN_CALIBRATED_SUPPORT,16438.24543356402,29.005502435074128,1099.4845501122445,23.806060548759127,3.866634883604354,ORBIT_DISTINCT,1.1102230246251563e-16,0.0,0,0,SCORED,60,60,3,60,42,18,0,0.7,conditional verifier acceptance fraction under the controlled observation model,"(0.5,0.9]",MIXED,DESCRIPTIVE_ONLY,0.9999996243866976,0.000866733202882395,1.353920479082384e-07,R,R+
controlled_altitude_difference_synthetic_B,orbit_unit_c41c997330660ce3da920457,65686,STARLINK-35137,SYNTHETIC_RELATIVE_TO_A,same_plane_altitude_offset:+20km,same_tle_65686_20260311T142130Z:segment:3,2026-03-11T14:24:59.500000Z,315558516,2026-03-10T22:25:41.529216,2026-03-11T07:06:59,15.988325217777778,7.300138888888889,CAUSAL_GP:65686:315558516,SYNTHETIC_RELATIVE_TO_CAUSAL_A:FROZEN_ORIGINAL_PERTURBATION_RULE,2026-03-11T14:25:00Z,20.0,0.0,0.0,19.998480743109678,0.0128765913274273,19.998473168481382,0.0174058053143792,-4.178580681468702e-08,-19.998473168481382,-0.0174058053143792,4.178580681468702e-08,12-18 h,WITHIN_CALIBRATED_SUPPORT,16433.2540302827,29.005502435074128,1099.4845501122445,23.802445969854887,3.866047795419308,ORBIT_DISTINCT,3.3306690738754696e-16,0.0,0,0,SCORED,60,60,3,60,17,43,0,0.2833333333333333,conditional verifier acceptance fraction under the controlled observation model,"(0.1,0.5]",MIXED,DESCRIPTIVE_ONLY,0.9999996212398137,0.0008703563804653631,2.0894490612285138e-09,R,R+
controlled_altitude_difference_synthetic_B,orbit_unit_c49a639b5f609c45aa09aeaf,44714,STARLINK-1008,SYNTHETIC_RELATIVE_TO_A,same_plane_altitude_offset:+50km,same_tle_44714_20260310T090420Z:segment:3,2026-03-10T09:07:49.500000Z,315443210,2026-03-09T21:39:16.344864,2026-03-10T08:26:21,11.475876426666668,0.69125,CAUSAL_GP:44714:315443210,SYNTHETIC_RELATIVE_TO_CAUSAL_A:FROZEN_ORIGINAL_PERTURBATION_RULE,2026-03-10T09:07:50Z,50.0,0.0,0.0,50.00272480968751,0.0301925586404019,50.00270655313858,0.0427288431774375,3.417069486033597e-06,-50.00270655313858,-0.0427288431774375,-3.417069486033597e-06,9-12 h,WITHIN_CALIBRATED_SUPPORT,109094.1069980374,31.32749048335574,948.5696084793932,59.01166148719641,10.724228103460096,ORBIT_DISTINCT,2.220446049250313e-16,0.0,0,0,SCORED,60,60,3,60,15,45,0,0.25,conditional verifier acceptance fraction under the controlled observation model,"(0.1,0.5]",MIXED,DESCRIPTIVE_ONLY,0.9999996348889186,0.0008545302949002337,6.833766557800816e-08,R,R+
controlled_altitude_difference_synthetic_B,orbit_unit_c75c4b33f500f2d173140e7f,44714,STARLINK-1008,SYNTHETIC_RELATIVE_TO_A,same_plane_altitude_offset:+50km,same_tle_44714_20260311T034020Z:segment:3,2026-03-11T03:43:49.500000Z,315542230,2026-03-10T16:27:18.322272,2026-03-11T02:43:10,11.275327146666667,1.0109722222222222,CAUSAL_GP:44714:315542230,SYNTHETIC_RELATIVE_TO_CAUSAL_A:FROZEN_ORIGINAL_PERTURBATION_RULE,2026-03-11T03:43:50Z,50.0,0.0,0.0,49.99794336056979,0.0296105693480937,49.99792526044493,0.0425433626823874,-3.400406711762116e-07,-49.99792526044493,-0.0425433626823874,3.400406711762116e-07,9-12 h,WITHIN_CALIBRATED_SUPPORT,109073.2297202154,31.32749048335574,948.5696084793932,59.00601470281423,10.723201909615703,ORBIT_DISTINCT,2.220446049250313e-16,0.0,0,0,SCORED,60,60,3,60,18,42,0,0.3,conditional verifier acceptance fraction under the controlled observation model,"(0.1,0.5]",MIXED,DESCRIPTIVE_ONLY,0.9999996379826118,0.0008509022536302692,6.80109317145193e-09,R,R+
controlled_altitude_difference_synthetic_B,orbit_unit_c790087079aa9432bb379f79,44714,STARLINK-1008,SYNTHETIC_RELATIVE_TO_A,same_plane_altitude_offset:+20km,same_tle_44714_20260310T090420Z:segment:3,2026-03-10T09:07:49.500000Z,315443210,2026-03-09T21:39:16.344864,2026-03-10T08:26:21,11.475876426666668,0.69125,CAUSAL_GP:44714:315443210,SYNTHETIC_RELATIVE_TO_CAUSAL_A:FROZEN_ORIGINAL_PERTURBATION_RULE,2026-03-10T09:07:50Z,20.0,0.0,0.0,20.002714493037075,0.0141763099274139,20.00270666273708,0.0176989953798178,3.418843510516467e-06,-20.00270666273708,-0.0176989953798178,-3.418843510516467e-06,9-12 h,WITHIN_CALIBRATED_SUPPORT,17438.18423266976,31.32749048335574,948.5696084793932,23.5932531416994,4.287617430482919,ORBIT_DISTINCT,2.220446049250313e-16,0.0,0,0,SCORED,60,60,3,60,37,23,0,0.6166666666666667,conditional verifier acceptance fraction under the controlled observation model,"(0.5,0.9]",MIXED,DESCRIPTIVE_ONLY,0.9999996085381312,0.0008848296757911934,1.7091897760709243e-07,R,R+
controlled_altitude_difference_synthetic_B,orbit_unit_ca8a43fd57eb1d72582518d6,65410,STARLINK-35024,SYNTHETIC_RELATIVE_TO_A,same_plane_altitude_offset:-20km,same_tle_65410_20260311T110240Z:segment:3,2026-03-11T11:06:09.500000Z,315555532,2026-03-10T17:24:38.025504,2026-03-11T02:43:10,17.69207624888889,8.383194444444445,CAUSAL_GP:65410:315555532,SYNTHETIC_RELATIVE_TO_CAUSAL_A:FROZEN_ORIGINAL_PERTURBATION_RULE,2026-03-11T11:06:10Z,-20.0,0.0,0.0,19.998499140842288,0.0103706407367932,-19.99849264087721,-0.0161238656134758,2.716456785734067e-06,19.99849264087721,0.0161238656134758,-2.716456785734067e-06,12-18 h,WITHIN_CALIBRATED_SUPPORT,16527.35629057431,29.005502435074128,1099.4845501122445,23.87049903345906,3.877101129889708,ORBIT_DISTINCT,1.1102230246251563e-16,0.0,0,0,SCORED,60,60,3,60,32,28,0,0.5333333333333333,conditional verifier acceptance fraction under the controlled observation model,"(0.5,0.9]",MIXED,DESCRIPTIVE_ONLY,0.9999996749773556,0.0008062537843425736,1.358330325992482e-07,R,R-
controlled_altitude_difference_synthetic_B,orbit_unit_cd2d47d27943101c0202f0ea,65409,STARLINK-35022,SYNTHETIC_RELATIVE_TO_A,same_plane_altitude_offset:-20km,same_tle_65409_20260310T064055Z:segment:3,2026-03-10T06:44:24.500000Z,315434187,2026-03-09T17:55:17.144544,2026-03-10T03:44:43,12.818709848888888,2.994861111111111,CAUSAL_GP:65409:315434187,SYNTHETIC_RELATIVE_TO_CAUSAL_A:FROZEN_ORIGINAL_PERTURBATION_RULE,2026-03-10T06:44:25Z,-20.0,0.0,0.0,20.00211006929583,0.0104332554486833,-20.002103726107837,-0.015929665673867,-5.670276674862862e-07,20.002103726107837,0.015929665673867,5.670276674862862e-07,12-18 h,WITHIN_CALIBRATED_SUPPORT,16533.311225578018,29.005502435074128,1099.4845501122445,23.87479900938581,3.877799541829096,ORBIT_DISTINCT,4.440892098500626e-16,0.0,0,0,SCORED,60,60,3,60,29,31,0,0.4833333333333333,conditional verifier acceptance fraction under the controlled observation model,"(0.1,0.5]",MIXED,DESCRIPTIVE_ONLY,0.9999996828740579,0.0007963992608119768,2.83483925206821e-08,R,R-
controlled_altitude_difference_synthetic_B,orbit_unit_cd61ece6a5b9adb0258ce786,65686,STARLINK-35137,SYNTHETIC_RELATIVE_TO_A,same_plane_altitude_offset:-100km,same_tle_65686_20260310T131505Z:segment:2,2026-03-10T13:17:34.500000Z,315485957,2026-03-10T00:29:40.547616,2026-03-10T09:52:28,12.798320106666663,3.4184722222222224,CAUSAL_GP:65686:315485957,SYNTHETIC_RELATIVE_TO_CAUSAL_A:FROZEN_ORIGINAL_PERTURBATION_RULE,2026-03-10T13:17:35Z,-100.0,0.0,0.0,100.0028217115532,0.0547355026407575,-100.00278727645632,-0.0829892313548548,-8.128636821425061e-07,100.00278727645632,0.0829892313548548,8.128636821425061e-07,12-18 h,WITHIN_CALIBRATED_SUPPORT,412320.682677883,29.005502435074128,1099.4845501122445,119.22775425370344,19.365244944536062,ORBIT_DISTINCT,2.220446049250313e-16,0.0,0,0,SCORED,60,60,3,60,0,60,0,0.0,conditional verifier acceptance fraction under the controlled observation model,0,ZERO,DESCRIPTIVE_ONLY,0.9999996556587475,0.0008298688970420037,8.128407461212638e-09,R,R-
controlled_altitude_difference_synthetic_B,orbit_unit_ce411654b46a4ccaf5be8489,65410,STARLINK-35024,SYNTHETIC_RELATIVE_TO_A,same_plane_altitude_offset:+50km,same_tle_65410_20260310T064015Z:segment:3,2026-03-10T06:43:44.500000Z,315434688,2026-03-09T16:20:35.643840,2026-03-10T03:44:43,14.385793377777778,2.98375,CAUSAL_GP:65410:315434688,SYNTHETIC_RELATIVE_TO_CAUSAL_A:FROZEN_ORIGINAL_PERTURBATION_RULE,2026-03-10T06:43:45Z,50.0,0.0,0.0,49.997932119255736,0.0296378729169892,49.997914012453165,0.042551204965413,-6.058546340170778e-07,-49.997914012453165,-0.042551204965413,6.058546340170778e-07,12-18 h,WITHIN_CALIBRATED_SUPPORT,102889.68613820554,29.005502435074128,1099.4845501122445,59.55877063905046,9.673671950294484,ORBIT_DISTINCT,4.440892098500626e-16,0.0,0,0,SCORED,60,60,3,60,16,44,0,0.2666666666666666,conditional verifier acceptance fraction under the controlled observation model,"(0.1,0.5]",MIXED,DESCRIPTIVE_ONLY,0.9999996378489707,0.0008510592970909135,1.2117593835120725e-08,R,R+
controlled_altitude_difference_synthetic_B,orbit_unit_cfa465d9fbb6afd5e7e3a9da,44714,STARLINK-1008,SYNTHETIC_RELATIVE_TO_A,same_plane_altitude_offset:+10km,same_tle_44714_20260310T090420Z:segment:3,2026-03-10T09:07:49.500000Z,315443210,2026-03-09T21:39:16.344864,2026-03-10T08:26:21,11.475876426666668,0.69125,CAUSAL_GP:44714:315443210,SYNTHETIC_RELATIVE_TO_CAUSAL_A:FROZEN_ORIGINAL_PERTURBATION_RULE,2026-03-10T09:07:50Z,10.0,0.0,0.0,10.002711043158165,0.0092832996900787,10.002706679186105,0.0093436113049123,3.419441728880201e-06,-10.002706679186105,-0.0093436113049123,-3.419441728880201e-06,9-12 h,WITHIN_CALIBRATED_SUPPORT,4352.604621316256,31.32749048335574,948.5696084793932,11.787231308291762,2.1421013079896727,ORBIT_DISTINCT,2.220446049250313e-16,0.0,0,0,SCORED,60,60,3,60,48,12,0,0.8,conditional verifier acceptance fraction under the controlled observation model,"(0.5,0.9]",MIXED,DESCRIPTIVE_ONLY,0.9999995637210715,0.0009341078898108644,3.4185149547222937e-07,R,R+
controlled_altitude_difference_synthetic_B,orbit_unit_d157faba8ad51bfb502ae831,44714,STARLINK-1008,SYNTHETIC_RELATIVE_TO_A,same_plane_altitude_offset:-100km,same_tle_44714_20260310T023440Z:segment:2,2026-03-10T02:37:09.500000Z,315393241,2026-03-09T13:49:15.828096,2026-03-09T22:56:35,12.798242195555556,3.67625,CAUSAL_GP:44714:315393241,SYNTHETIC_RELATIVE_TO_CAUSAL_A:FROZEN_ORIGINAL_PERTURBATION_RULE,2026-03-10T02:37:10Z,-100.0,0.0,0.0,100.00295245964692,0.0546371884287232,-100.00291807467636,-0.0829288609144747,-8.963800652850296e-07,100.00291807467636,0.0829288609144747,8.963800652850296e-07,12-18 h,WITHIN_CALIBRATED_SUPPORT,412321.75373178953,29.005502435074128,1099.4845501122445,119.22790910801272,19.36527009632768,ORBIT_DISTINCT,2.6059418842835026e-17,0.0,0,0,SCORED,60,60,3,60,0,60,0,0.0,conditional verifier acceptance fraction under the controlled observation model,0,ZERO,DESCRIPTIVE_ONLY,0.999999656160446,0.0008292641254560764,8.96353600806672e-09,R,R-
controlled_altitude_difference_synthetic_B,orbit_unit_d9ea472d8a5f19180ae4921e,65410,STARLINK-35024,SYNTHETIC_RELATIVE_TO_A,same_plane_altitude_offset:+10km,same_tle_65410_20260310T131135Z:segment:2,2026-03-10T13:14:04.500000Z,315434688,2026-03-09T16:20:35.643840,2026-03-10T03:44:43,20.891348933333333,9.489305555555555,CAUSAL_GP:65410:315434688,SYNTHETIC_RELATIVE_TO_CAUSAL_A:FROZEN_ORIGINAL_PERTURBATION_RULE,2026-03-10T13:14:05Z,10.0,0.0,0.0,10.003016602906444,0.009477296088611,10.003012345847822,0.0092285875162492,3.2441276225370075e-06,-10.003012345847822,-0.0092285875162492,-3.2441276225370075e-06,18-24 h,WITHIN_CALIBRATED_SUPPORT,5698.286741365197,37.65263471646583,1467.668474883233,12.30196435127161,1.9704170954433011,ORBIT_DISTINCT,2.220446049250313e-16,0.0,0,0,SCORED,60,60,3,60,44,16,0,0.7333333333333333,conditional verifier acceptance fraction under the controlled observation model,"(0.5,0.9]",MIXED,DESCRIPTIVE_ONLY,0.9999995744225174,0.0009225804457395152,3.2431492931786236e-07,R,R+
controlled_altitude_difference_synthetic_B,orbit_unit_daa8ca289730b139f7f9be2b,65410,STARLINK-35024,SYNTHETIC_RELATIVE_TO_A,same_plane_altitude_offset:-10km,same_tle_65410_20260310T131135Z:segment:2,2026-03-10T13:14:04.500000Z,315434688,2026-03-09T16:20:35.643840,2026-03-10T03:44:43,20.891348933333333,9.489305555555555,CAUSAL_GP:65410:315434688,SYNTHETIC_RELATIVE_TO_CAUSAL_A:FROZEN_ORIGINAL_PERTURBATION_RULE,2026-03-10T13:14:05Z,-10.0,0.0,0.0,9.996990462822476,0.0071292771919994,-9.996987652051118,-0.0074965652480938,3.2454729019804063e-06,9.996987652051118,0.0074965652480938,-3.2454729019804063e-06,18-24 h,WITHIN_CALIBRATED_SUPPORT,5616.751455850799,37.65263471646583,1467.668474883233,12.213634455151388,1.9562692136592,ORBIT_DISTINCT,2.220446049250313e-16,0.0,0,0,SCORED,60,60,3,60,42,18,0,0.7,conditional verifier acceptance fraction under the controlled observation model,"(0.5,0.9]",MIXED,DESCRIPTIVE_ONLY,0.9999997188382473,0.0007498822046467446,3.2464499331572865e-07,R,R-
controlled_altitude_difference_synthetic_B,orbit_unit_de23f0ca822b6df78cb5250e,65421,STARLINK-35146,SYNTHETIC_RELATIVE_TO_A,same_plane_altitude_offset:-20km,same_tle_65421_20260312T085635Z:segment:3,2026-03-12T09:00:04.500000Z,315679337,2026-03-11T13:48:47.386944,2026-03-12T03:14:55,19.18808696,5.752638888888889,CAUSAL_GP:65421:315679337,SYNTHETIC_RELATIVE_TO_CAUSAL_A:FROZEN_ORIGINAL_PERTURBATION_RULE,2026-03-12T09:00:05Z,-20.0,0.0,0.0,19.99954120484147,0.010360513980672,-19.99953454658912,-0.0163194343754802,1.3787848693880278e-06,19.99953454658912,0.0163194343754802,-1.3787848693880278e-06,18-24 h,WITHIN_CALIBRATED_SUPPORT,22552.997837759096,37.65263471646583,1467.668474883233,24.47397170548935,3.9200188575499433,ORBIT_DISTINCT,1.1102230246251563e-16,0.0,0,0,SCORED,60,60,3,60,28,32,0,0.4666666666666667,conditional verifier acceptance fraction under the controlled observation model,"(0.1,0.5]",MIXED,DESCRIPTIVE_ONLY,0.9999996670797452,0.000815990437397114,6.89408249552371e-08,R,R-
controlled_altitude_difference_synthetic_B,orbit_unit_de6649471d9e925e8e26ffa2,65409,STARLINK-35022,SYNTHETIC_RELATIVE_TO_A,same_plane_altitude_offset:+100km,same_tle_65409_20260311T110325Z:segment:3,2026-03-11T11:06:54.500000Z,315556031,2026-03-10T20:33:19.547136,2026-03-11T02:43:10,14.559709128888889,8.395694444444445,CAUSAL_GP:65409:315556031,SYNTHETIC_RELATIVE_TO_CAUSAL_A:FROZEN_ORIGINAL_PERTURBATION_RULE,2026-03-11T11:06:55Z,100.0,0.0,0.0,100.00182084368764,0.0564297941796306,100.00178563504612,0.0839157629235209,2.6689500600696192e-06,-100.00178563504612,-0.0839157629235209,-2.6689500600696192e-06,12-18 h,WITHIN_CALIBRATED_SUPPORT,411841.9899245006,29.005502435074128,1099.4845501122445,119.15852411420656,19.354000426703006,ORBIT_DISTINCT,3.3306690738754696e-16,0.0,0,0,SCORED,60,60,3,60,0,60,0,0.0,conditional verifier acceptance fraction under the controlled observation model,0,ZERO,DESCRIPTIVE_ONLY,0.9999996479199961,0.0008391423497647034,2.668901463545792e-08,R,R+
controlled_altitude_difference_synthetic_B,orbit_unit_df609f07b3d380524e6a2311,44714,STARLINK-1008,SYNTHETIC_RELATIVE_TO_A,same_plane_altitude_offset:-5km,same_tle_44714_20260310T090420Z:segment:3,2026-03-10T09:07:49.500000Z,315443210,2026-03-09T21:39:16.344864,2026-03-10T08:26:21,11.475876426666668,0.69125,CAUSAL_GP:44714:315443210,SYNTHETIC_RELATIVE_TO_CAUSAL_A:FROZEN_ORIGINAL_PERTURBATION_RULE,2026-03-10T09:07:50Z,-5.0,0.0,0.0,4.997294340316644,0.0054625452011602,-4.997293315193568,-0.0032008859314278,3.420347900018328e-06,4.997293315193568,0.0032008859314278,-3.420347900018328e-06,9-12 h,WITHIN_CALIBRATED_SUPPORT,1098.9809363871177,31.32749048335574,948.5696084793932,5.922871031215196,1.0763672529354058,ORBIT_DISTINCT,2.220446049250313e-16,0.0,0,0,SCORED,60,60,3,60,52,8,0,0.8666666666666667,conditional verifier acceptance fraction under the controlled observation model,"(0.5,0.9]",MIXED,DESCRIPTIVE_ONLY,0.9999997948643793,0.0006405237941667814,6.844399523205999e-07,R,R-
controlled_altitude_difference_synthetic_B,orbit_unit_e164129db47740f5e387cc74,65410,STARLINK-35024,SYNTHETIC_RELATIVE_TO_A,same_plane_altitude_offset:-100km,same_tle_65410_20260310T131135Z:segment:2,2026-03-10T13:14:04.500000Z,315434688,2026-03-09T16:20:35.643840,2026-03-10T03:44:43,20.891348933333333,9.489305555555555,CAUSAL_GP:65410:315434688,SYNTHETIC_RELATIVE_TO_CAUSAL_A:FROZEN_ORIGINAL_PERTURBATION_RULE,2026-03-10T13:14:05Z,-100.0,0.0,0.0,99.99702266010438,0.054935748765323,-99.99698815942764,-0.0830658095088558,3.251727143549488e-06,99.99698815942764,0.0830658095088558,-3.251727143549488e-06,18-24 h,WITHIN_CALIBRATED_SUPPORT,565301.097850953,37.65263471646583,1467.668474883233,122.5299422773656,19.62573505117057,ORBIT_DISTINCT,2.220446049250313e-16,0.0,0,0,SCORED,60,60,3,60,0,60,0,0.0,conditional verifier acceptance fraction under the controlled observation model,0,ZERO,DESCRIPTIVE_ONLY,0.9999996549829602,0.0008306828273397823,3.2518239614016255e-08,R,R-
controlled_altitude_difference_synthetic_B,orbit_unit_e2c8a767de55b83ad3d3c84c,65421,STARLINK-35146,SYNTHETIC_RELATIVE_TO_A,same_plane_altitude_offset:-50km,same_tle_65421_20260310T131350Z:segment:2,2026-03-10T13:16:19.500000Z,315434193,2026-03-09T17:56:44.636640,2026-03-10T03:44:43,19.32635093333333,9.526805555555557,CAUSAL_GP:65421:315434193,SYNTHETIC_RELATIVE_TO_CAUSAL_A:FROZEN_ORIGINAL_PERTURBATION_RULE,2026-03-10T13:16:20Z,-50.0,0.0,0.0,49.9970703101878,0.0266976568746378,-49.99705357250949,-0.0409105055869627,3.3989807768364244e-06,49.99705357250949,0.0409105055869627,-3.3989807768364244e-06,18-24 h,WITHIN_CALIBRATED_SUPPORT,141224.04017003777,37.65263471646583,1467.668474883233,61.24302450840408,9.809352313359518,ORBIT_DISTINCT,2.220446049250313e-16,0.0,0,0,SCORED,60,60,3,60,10,50,0,0.1666666666666666,conditional verifier acceptance fraction under the controlled observation model,"(0.1,0.5]",MIXED,DESCRIPTIVE_ONLY,0.999999665226818,0.0008182580565850964,6.798359895387351e-08,R,R-
controlled_altitude_difference_synthetic_B,orbit_unit_e351ef5297a53d661c8b3d38,65409,STARLINK-35022,SYNTHETIC_RELATIVE_TO_A,same_plane_altitude_offset:+20km,same_tle_65409_20260311T110325Z:segment:3,2026-03-11T11:06:54.500000Z,315556031,2026-03-10T20:33:19.547136,2026-03-11T02:43:10,14.559709128888889,8.395694444444445,CAUSAL_GP:65409:315556031,SYNTHETIC_RELATIVE_TO_CAUSAL_A:FROZEN_ORIGINAL_PERTURBATION_RULE,2026-03-11T11:06:55Z,20.0,0.0,0.0,20.001793593015357,0.0127971409960407,20.001786120337822,0.0172897034142294,2.685768206944772e-06,-20.001786120337822,-0.0172897034142294,-2.685768206944772e-06,12-18 h,WITHIN_CALIBRATED_SUPPORT,16438.70319355673,29.005502435074128,1099.4845501122445,23.806392013156657,3.866688720811041,ORBIT_DISTINCT,3.3306690738754696e-16,0.0,0,0,SCORED,60,60,3,60,28,32,0,0.4666666666666667,conditional verifier acceptance fraction under the controlled observation model,"(0.1,0.5]",MIXED,DESCRIPTIVE_ONLY,0.9999996263996278,0.0008644076509352133,1.3427636848940612e-07,R,R+
controlled_altitude_difference_synthetic_B,orbit_unit_e66ed268720f19094cc7048c,65686,STARLINK-35137,SYNTHETIC_RELATIVE_TO_A,same_plane_altitude_offset:-100km,same_tle_65686_20260312T152900Z:segment:3,2026-03-12T15:32:29.500000Z,315682814,2026-03-11T21:55:43.056192,2026-03-12T07:26:32,17.61290105777778,8.099305555555556,CAUSAL_GP:65686:315682814,SYNTHETIC_RELATIVE_TO_CAUSAL_A:FROZEN_ORIGINAL_PERTURBATION_RULE,2026-03-12T15:32:30Z,-100.0,0.0,0.0,100.00054799240982,0.055330559753432,-100.00051318220548,-0.0834390664288045,1.2260399344654616e-06,100.00051318220548,0.0834390664288045,-1.2260399344654616e-06,12-18 h,WITHIN_CALIBRATED_SUPPORT,412301.9917912072,29.005502435074128,1099.4845501122445,119.225051869622,19.364806017123577,ORBIT_DISTINCT,2.220446049250313e-16,0.0,0,0,SCORED,60,60,3,60,8,52,0,0.1333333333333333,conditional verifier acceptance fraction under the controlled observation model,"(0.1,0.5]",MIXED,DESCRIPTIVE_ONLY,0.9999996518998642,0.0008343860919155927,1.2260332158964966e-08,R,R-
controlled_altitude_difference_synthetic_B,orbit_unit_ea22d127e33fdfcf26ffc0d6,65409,STARLINK-35022,SYNTHETIC_RELATIVE_TO_A,same_plane_altitude_offset:+10km,same_tle_65409_20260311T110325Z:segment:3,2026-03-11T11:06:54.500000Z,315556031,2026-03-10T20:33:19.547136,2026-03-11T02:43:10,14.559709128888889,8.395694444444445,CAUSAL_GP:65409:315556031,SYNTHETIC_RELATIVE_TO_CAUSAL_A:FROZEN_ORIGINAL_PERTURBATION_RULE,2026-03-11T11:06:55Z,10.0,0.0,0.0,10.00179012673424,0.0076187872546833,10.001786136291592,0.0089343783574955,2.687890463981546e-06,-10.001786136291592,-0.0089343783574955,-2.687890463981546e-06,12-18 h,WITHIN_CALIBRATED_SUPPORT,4098.885798133683,29.005502435074128,1099.4845501122445,11.887559748718395,1.930804683588081,ORBIT_DISTINCT,3.3306690738754696e-16,0.0,0,0,SCORED,60,60,3,60,48,12,0,0.8,conditional verifier acceptance fraction under the controlled observation model,"(0.5,0.9]",MIXED,DESCRIPTIVE_ONLY,0.9999996010271563,0.0008932779276796054,2.687409383643195e-07,R,R+
controlled_altitude_difference_synthetic_B,orbit_unit_ec32017e35d7ebe6cfe1de8c,65410,STARLINK-35024,SYNTHETIC_RELATIVE_TO_A,same_plane_altitude_offset:+20km,same_tle_65410_20260310T064015Z:segment:3,2026-03-10T06:43:44.500000Z,315434688,2026-03-09T16:20:35.643840,2026-03-10T03:44:43,14.385793377777778,2.98375,CAUSAL_GP:65410:315434688,SYNTHETIC_RELATIVE_TO_CAUSAL_A:FROZEN_ORIGINAL_PERTURBATION_RULE,2026-03-10T06:43:45Z,20.0,0.0,0.0,19.997921798320743,0.013409540432355,19.99791412140299,0.017522692221024,-5.861738294754559e-07,-19.99791412140299,-0.017522692221024,5.861738294754559e-07,12-18 h,WITHIN_CALIBRATED_SUPPORT,16432.336925073116,29.005502435074128,1099.4845501122445,23.80178177846192,3.8659399159318895,ORBIT_DISTINCT,4.440892098500626e-16,0.0,0,0,SCORED,60,60,3,60,24,36,0,0.4,conditional verifier acceptance fraction under the controlled observation model,"(0.1,0.5]",MIXED,DESCRIPTIVE_ONLY,0.9999996161142225,0.0008762256597330732,2.9311737258852455e-08,R,R+
controlled_altitude_difference_synthetic_B,orbit_unit_ee1ef47153ddcdffcc5ead79,65686,STARLINK-35137,SYNTHETIC_RELATIVE_TO_A,same_plane_altitude_offset:+10km,same_tle_65686_20260312T121505Z:segment:2,2026-03-12T12:17:34.500000Z,315682814,2026-03-11T21:55:43.056192,2026-03-12T07:26:32,14.364289946666668,4.850694444444445,CAUSAL_GP:65686:315682814,SYNTHETIC_RELATIVE_TO_CAUSAL_A:FROZEN_ORIGINAL_PERTURBATION_RULE,2026-03-12T12:17:35Z,10.0,0.0,0.0,9.997009368164804,0.0095277124260619,9.997005059402628,0.0092816729288993,-8.417119490289338e-07,-9.997005059402628,-0.0092816729288993,8.417119490289338e-07,12-18 h,WITHIN_CALIBRATED_SUPPORT,4094.9618065161535,29.005502435074128,1099.4845501122445,11.881868219784137,1.9298802524217744,ORBIT_DISTINCT,3.3306690738754696e-16,0.0,0,0,SCORED,60,60,3,60,45,15,0,0.75,conditional verifier acceptance fraction under the controlled observation model,"(0.5,0.9]",MIXED,DESCRIPTIVE_ONLY,0.9999995689948848,0.0009284449565943721,8.419637493882341e-08,R,R+
controlled_altitude_difference_synthetic_B,orbit_unit_f262af9cd51c838b886535c0,65421,STARLINK-35146,SYNTHETIC_RELATIVE_TO_A,same_plane_altitude_offset:+100km,same_tle_65421_20260310T064225Z:segment:3,2026-03-10T06:45:54.500000Z,315434193,2026-03-09T17:56:44.636640,2026-03-10T03:44:43,12.81940648888889,3.019861111111111,CAUSAL_GP:65421:315434193,SYNTHETIC_RELATIVE_TO_CAUSAL_A:FROZEN_ORIGINAL_PERTURBATION_RULE,2026-03-10T06:45:55Z,100.0,0.0,0.0,99.99773146560068,0.0569918240181136,99.99769604344604,0.0841680994092151,-6.566747572378517e-07,-99.99769604344604,-0.0841680994092151,6.566747572378517e-07,12-18 h,WITHIN_CALIBRATED_SUPPORT,411808.3315132021,29.005502435074128,1099.4845501122445,119.1536548091567,19.35320954302336,ORBIT_DISTINCT,1.1102230246251563e-16,0.0,0,0,SCORED,60,60,3,60,4,56,0,0.0666666666666666,conditional verifier acceptance fraction under the controlled observation model,"(0,0.1]",RARE,DESCRIPTIVE_ONLY,0.9999996457704178,0.0008417000883481943,6.5668965446856014e-09,R,R+
controlled_altitude_difference_synthetic_B,orbit_unit_f4a8af8c9fcc0f83153fb0c1,65410,STARLINK-35024,SYNTHETIC_RELATIVE_TO_A,same_plane_altitude_offset:+50km,same_tle_65410_20260312T085425Z:segment:3,2026-03-12T08:57:54.500000Z,315679831,2026-03-11T16:54:40.030272,2026-03-12T03:14:55,16.054019368888888,5.716527777777777,CAUSAL_GP:65410:315679831,SYNTHETIC_RELATIVE_TO_CAUSAL_A:FROZEN_ORIGINAL_PERTURBATION_RULE,2026-03-12T08:57:55Z,50.0,0.0,0.0,49.99998781869556,0.0287861752278235,49.99996994893768,0.0422726274598488,1.311129580017223e-06,-49.99996994893768,-0.0422726274598488,-1.311129580017223e-06,12-18 h,WITHIN_CALIBRATED_SUPPORT,102898.13487188614,29.005502435074128,1099.4845501122445,59.561215907769125,9.674069116440812,ORBIT_DISTINCT,2.220446049250313e-16,0.0,0,0,SCORED,60,60,3,60,31,29,0,0.5166666666666667,conditional verifier acceptance fraction under the controlled observation model,"(0.5,0.9]",MIXED,DESCRIPTIVE_ONLY,0.9999996426047552,0.0008454527551713237,2.6222597988853437e-08,R,R+
controlled_altitude_difference_synthetic_B,orbit_unit_f517b55e1bfd9d97799d784d,65421,STARLINK-35146,SYNTHETIC_RELATIVE_TO_A,same_plane_altitude_offset:-20km,same_tle_65421_20260310T064225Z:segment:3,2026-03-10T06:45:54.500000Z,315434193,2026-03-09T17:56:44.636640,2026-03-10T03:44:43,12.81940648888889,3.019861111111111,CAUSAL_GP:65421:315434193,SYNTHETIC_RELATIVE_TO_CAUSAL_A:FROZEN_ORIGINAL_PERTURBATION_RULE,2026-03-10T06:45:55Z,-20.0,0.0,0.0,20.00230979609156,0.0105763287630877,-20.00230346500811,-0.0159145387800654,-5.77604552631783e-07,20.00230346500811,0.0159145387800654,5.77604552631783e-07,12-18 h,WITHIN_CALIBRATED_SUPPORT,16533.64059102197,29.005502435074128,1099.4845501122445,23.875036817000545,3.8778381670865945,ORBIT_DISTINCT,1.1102230246251563e-16,0.0,0,0,SCORED,60,60,3,60,37,23,0,0.6166666666666667,conditional verifier acceptance fraction under the controlled observation model,"(0.5,0.9]",MIXED,DESCRIPTIVE_ONLY,0.9999996834823822,0.0007956350512666839,2.8876892644900773e-08,R,R-
controlled_altitude_difference_synthetic_B,orbit_unit_f54f14ed6d02c1622463a939,44714,STARLINK-1008,SYNTHETIC_RELATIVE_TO_A,same_plane_altitude_offset:-10km,same_tle_44714_20260312T044740Z:segment:3,2026-03-12T04:51:09.500000Z,315665530,2026-03-11T12:49:19.719264,2026-03-12T03:14:55,16.03049464888889,1.6040277777777778,CAUSAL_GP:44714:315665530,SYNTHETIC_RELATIVE_TO_CAUSAL_A:FROZEN_ORIGINAL_PERTURBATION_RULE,2026-03-12T04:51:10Z,-10.0,0.0,0.0,10.001030300976034,0.0048153253601169,-10.001027291589018,-0.0077584748329179,8.222005947189359e-07,10.001027291589018,0.0077584748329179,-8.222005947189359e-07,12-18 h,WITHIN_CALIBRATED_SUPPORT,4145.306987340639,29.005502435074128,1099.4845501122445,11.954685431997596,1.941707390821876,ORBIT_DISTINCT,2.220446049250313e-16,0.0,0,0,SCORED,60,60,3,60,40,20,0,0.6666666666666666,conditional verifier acceptance fraction under the controlled observation model,"(0.5,0.9]",MIXED,DESCRIPTIVE_ONLY,0.9999996990923009,0.0007757675558847895,8.221158920383378e-08,R,R-
controlled_altitude_difference_synthetic_B,orbit_unit_f65e2cf4373218fe8d405b19,65421,STARLINK-35146,SYNTHETIC_RELATIVE_TO_A,same_plane_altitude_offset:-20km,same_tle_65421_20260310T131350Z:segment:2,2026-03-10T13:16:19.500000Z,315434193,2026-03-09T17:56:44.636640,2026-03-10T03:44:43,19.32635093333333,9.526805555555557,CAUSAL_GP:65421:315434193,SYNTHETIC_RELATIVE_TO_CAUSAL_A:FROZEN_ORIGINAL_PERTURBATION_RULE,2026-03-10T13:16:20Z,-20.0,0.0,0.0,19.997059674381823,0.0109102469629576,-19.997053467534837,-0.0157555491583458,3.397657486914341e-06,19.997053467534837,0.0157555491583458,-3.397657486914341e-06,18-24 h,WITHIN_CALIBRATED_SUPPORT,22547.378194315515,37.65263471646583,1467.668474883233,24.47092236446025,3.91953044175536,ORBIT_DISTINCT,2.220446049250313e-16,0.0,0,0,SCORED,60,60,3,60,30,30,0,0.5,conditional verifier acceptance fraction under the controlled observation model,"(0.1,0.5]",MIXED,DESCRIPTIVE_ONLY,0.9999996896120185,0.0007878932910586943,1.6990785356644557e-07,R,R-
controlled_altitude_difference_synthetic_B,orbit_unit_f805d5b61ca4cfca3a955175,65410,STARLINK-35024,SYNTHETIC_RELATIVE_TO_A,same_plane_altitude_offset:+50km,same_tle_65410_20260310T131135Z:segment:2,2026-03-10T13:14:04.500000Z,315434688,2026-03-09T16:20:35.643840,2026-03-10T03:44:43,20.891348933333333,9.489305555555555,CAUSAL_GP:65410:315434688,SYNTHETIC_RELATIVE_TO_CAUSAL_A:FROZEN_ORIGINAL_PERTURBATION_RULE,2026-03-10T13:14:05Z,50.0,0.0,0.0,50.003030372076005,0.0300818225874925,50.00301222042236,0.0426060446033744,3.241483454985428e-06,-50.00301222042236,-0.0426060446033744,-3.241483454985428e-06,18-24 h,WITHIN_CALIBRATED_SUPPORT,141631.34035202223,37.65263471646583,1467.668474883233,61.33127554415479,9.823487564004736,ORBIT_DISTINCT,2.220446049250313e-16,0.0,0,0,SCORED,60,60,3,60,25,35,0,0.4166666666666667,conditional verifier acceptance fraction under the controlled observation model,"(0.1,0.5]",MIXED,DESCRIPTIVE_ONLY,0.9999996369889284,0.0008520692503302276,6.482574017745176e-08,R,R+
controlled_altitude_difference_synthetic_B,orbit_unit_f84f1efb7d163b286ce19e8f,65686,STARLINK-35137,SYNTHETIC_RELATIVE_TO_A,same_plane_altitude_offset:+50km,same_tle_65686_20260311T142130Z:segment:3,2026-03-11T14:24:59.500000Z,315558516,2026-03-10T22:25:41.529216,2026-03-11T07:06:59,15.988325217777778,7.300138888888889,CAUSAL_GP:65686:315558516,SYNTHETIC_RELATIVE_TO_CAUSAL_A:FROZEN_ORIGINAL_PERTURBATION_RULE,2026-03-11T14:25:00Z,50.0,0.0,0.0,49.99849107015223,0.029269983148252,49.99847305992177,0.0424378176694375,-6.002589358899968e-08,-49.99847305992177,-0.0424378176694375,6.002589358899968e-08,12-18 h,WITHIN_CALIBRATED_SUPPORT,102891.9812351964,29.005502435074128,1099.4845501122445,59.55943490579152,9.673779842020112,ORBIT_DISTINCT,3.3306690738754696e-16,0.0,0,0,SCORED,60,60,3,60,0,60,0,0.0,conditional verifier acceptance fraction under the controlled observation model,0,ZERO,DESCRIPTIVE_ONLY,0.9999996397845201,0.0008487819684376785,1.2005541028183857e-09,R,R+
controlled_altitude_difference_synthetic_B,orbit_unit_f864f3a55db3aebbd328da35,65421,STARLINK-35146,SYNTHETIC_RELATIVE_TO_A,same_plane_altitude_offset:+10km,same_tle_65421_20260310T064225Z:segment:3,2026-03-10T06:45:54.500000Z,315434193,2026-03-09T17:56:44.636640,2026-03-10T03:44:43,12.81940648888889,3.019861111111111,CAUSAL_GP:65421:315434193,SYNTHETIC_RELATIVE_TO_CAUSAL_A:FROZEN_ORIGINAL_PERTURBATION_RULE,2026-03-10T06:45:55Z,10.0,0.0,0.0,9.99770076906612,0.0085672617288029,9.997696547391968,0.0091877119946177,-5.974280448128866e-07,-9.997696547391968,-0.0091877119946177,5.974280448128866e-07,12-18 h,WITHIN_CALIBRATED_SUPPORT,4095.528736624689,29.005502435074128,1099.4845501122445,11.882690688469395,1.93001383966955,ORBIT_DISTINCT,1.1102230246251563e-16,0.0,0,0,SCORED,60,60,3,60,40,20,0,0.6666666666666666,conditional verifier acceptance fraction under the controlled observation model,"(0.5,0.9]",MIXED,DESCRIPTIVE_ONLY,0.9999995777354961,0.0009189824947597343,5.975654389071017e-08,R,R+
controlled_altitude_difference_synthetic_B,orbit_unit_fb0987713d7a9c1a3b876327,65686,STARLINK-35137,SYNTHETIC_RELATIVE_TO_A,same_plane_altitude_offset:+100km,same_tle_65686_20260310T131505Z:segment:2,2026-03-10T13:17:34.500000Z,315485957,2026-03-10T00:29:40.547616,2026-03-10T09:52:28,12.798320106666663,3.4184722222222224,CAUSAL_GP:65686:315485957,SYNTHETIC_RELATIVE_TO_CAUSAL_A:FROZEN_ORIGINAL_PERTURBATION_RULE,2026-03-10T13:17:35Z,100.0,0.0,0.0,99.99724825342057,0.0573359353467379,99.99721272249673,0.0842970222481689,-9.487025067755894e-07,-99.99721272249673,-0.0842970222481689,9.487025067755894e-07,12-18 h,WITHIN_CALIBRATED_SUPPORT,411804.3652536874,29.005502435074128,1099.4845501122445,119.15308100404052,19.35311634428205,ORBIT_DISTINCT,2.220446049250313e-16,0.0,0,0,SCORED,60,60,3,60,19,41,0,0.3166666666666666,conditional verifier acceptance fraction under the controlled observation model,"(0.1,0.5]",MIXED,DESCRIPTIVE_ONLY,0.9999996446809842,0.0008429934195242758,9.487286133827564e-09,R,R+
controlled_altitude_difference_synthetic_B,orbit_unit_fbd230b18b770a392150acc8,65410,STARLINK-35024,SYNTHETIC_RELATIVE_TO_A,same_plane_altitude_offset:-20km,same_tle_65410_20260310T131135Z:segment:2,2026-03-10T13:14:04.500000Z,315434688,2026-03-09T16:20:35.643840,2026-03-10T03:44:43,20.891348933333333,9.489305555555555,CAUSAL_GP:65410:315434688,SYNTHETIC_RELATIVE_TO_CAUSAL_A:FROZEN_ORIGINAL_PERTURBATION_RULE,2026-03-10T13:14:05Z,-20.0,0.0,0.0,19.996993962429187,0.0111754712063467,-19.9969876663878,-0.0158683254635825,3.2461517438520104e-06,19.9969876663878,0.0158683254635825,-3.2461517438520104e-06,18-24 h,WITHIN_CALIBRATED_SUPPORT,22547.23274431743,37.65263471646583,1467.668474883233,24.47084343507608,3.9195177995623354,ORBIT_DISTINCT,2.220446049250313e-16,0.0,0,0,SCORED,60,60,3,60,22,38,0,0.3666666666666666,conditional verifier acceptance fraction under the controlled observation model,"(0.1,0.5]",MIXED,DESCRIPTIVE_ONLY,0.9999996851506081,0.0007935355430619361,1.6233198599504282e-07,R,R-
controlled_altitude_difference_synthetic_B,orbit_unit_fd0702e42070377deca0dde9,65410,STARLINK-35024,SYNTHETIC_RELATIVE_TO_A,same_plane_altitude_offset:-100km,same_tle_65410_20260311T110240Z:segment:3,2026-03-11T11:06:09.500000Z,315555532,2026-03-10T17:24:38.025504,2026-03-11T02:43:10,17.69207624888889,8.383194444444445,CAUSAL_GP:65410:315555532,SYNTHETIC_RELATIVE_TO_CAUSAL_A:FROZEN_ORIGINAL_PERTURBATION_RULE,2026-03-11T11:06:10Z,-100.0,0.0,0.0,99.99852786552708,0.0552095796439907,-99.99849313681707,-0.0833404975588578,2.733493715822988e-06,99.99849313681707,0.0833404975588578,-2.733493715822988e-06,12-18 h,WITHIN_CALIBRATED_SUPPORT,412285.33038707095,29.005502435074128,1099.4845501122445,119.22264286253396,19.364414740674352,ORBIT_DISTINCT,1.1102230246251563e-16,0.0,0,0,SCORED,60,60,3,60,0,60,0,0.0,conditional verifier acceptance fraction under the controlled observation model,0,ZERO,DESCRIPTIVE_ONLY,0.9999996527077875,0.0008334172446111393,2.7335339571187002e-08,R,R-
controlled_altitude_difference_synthetic_B,orbit_unit_fe1c2f67a0ab0e4ccdd3d248,65409,STARLINK-35022,SYNTHETIC_RELATIVE_TO_A,same_plane_altitude_offset:+100km,same_tle_65409_20260310T113340Z:segment:3,2026-03-10T11:37:09.500000Z,315434187,2026-03-09T17:55:17.144544,2026-03-10T03:44:43,17.697876515555556,7.874027777777778,CAUSAL_GP:65409:315434187,SYNTHETIC_RELATIVE_TO_CAUSAL_A:FROZEN_ORIGINAL_PERTURBATION_RULE,2026-03-10T11:37:10Z,100.0,0.0,0.0,100.00192218164425,0.0564268812759096,100.0018869810406,0.0839062262597316,2.7177615109508224e-06,-100.0018869810406,-0.0839062262597316,-2.7177615109508224e-06,12-18 h,WITHIN_CALIBRATED_SUPPORT,411842.82371122425,29.005502435074128,1099.4845501122445,119.15864473418652,19.35402001807644,ORBIT_DISTINCT,2.220446049250313e-16,0.0,0,0,SCORED,60,60,3,60,0,60,0,0.0,conditional verifier acceptance fraction under the controlled observation model,0,ZERO,DESCRIPTIVE_ONLY,0.9999996480007297,0.0008390461346065299,2.7177092716420594e-08,R,R+
controlled_altitude_difference_synthetic_B,orbit_unit_fe7b7eab56414a44d6546ae1,65410,STARLINK-35024,SYNTHETIC_RELATIVE_TO_A,same_plane_altitude_offset:-50km,same_tle_65410_20260310T064015Z:segment:3,2026-03-10T06:43:44.500000Z,315434688,2026-03-09T16:20:35.643840,2026-03-10T03:44:43,14.385793377777778,2.98375,CAUSAL_GP:65410:315434688,SYNTHETIC_RELATIVE_TO_CAUSAL_A:FROZEN_ORIGINAL_PERTURBATION_RULE,2026-03-10T06:43:45Z,-50.0,0.0,0.0,50.0021028640682,0.0267388769259418,-50.00208598048763,-0.0410904950005299,-5.401038727370633e-07,50.00208598048763,0.0410904950005299,5.401038727370633e-07,12-18 h,WITHIN_CALIBRATED_SUPPORT,103142.05688138034,29.005502435074128,1099.4845501122445,59.6317696247118,9.685528612754355,ORBIT_DISTINCT,4.440892098500626e-16,0.0,0,0,SCORED,60,60,3,60,4,56,0,0.0666666666666666,conditional verifier acceptance fraction under the controlled observation model,"(0,0.1]",RARE,DESCRIPTIVE_ONLY,0.9999996623425895,0.000821775338373974,1.0801623167836508e-08,R,R-
same_pair_multi_pass_real_TLE,orbit_unit_0fa0c88af6002789eff58049,65421,,REAL_B,47749,same_tle_65421_20260312T085635Z_segment_3,2026-03-12T09:00:04.500000Z,315679337,2026-03-11T13:48:47.386944,2026-03-12T03:14:55,19.18808696,5.752638888888889,CAUSAL_GP:65421:315679337,STATIC_TLE:data/tle/starlink_tle.txt:47749,,0.0,0.0,0.0,10373.192666562934,11.217790286565354,-7850.545331308396,5931.763628550017,-3284.241823270342,7850.545331308396,-5931.763628550017,3284.241823270342,18-24 h,WITHIN_CALIBRATED_SUPPORT,3074221108.235994,37.65263471646583,1467.668474883233,9035.867722162744,1447.2833543915622,ORBIT_DISTINCT,1.1102230246251563e-16,0.0,0,0,SCORED,60,60,3,60,5,55,0,0.0833333333333333,conditional verifier acceptance fraction under the controlled observation model,"(0,0.1]",RARE,DESCRIPTIVE_ONLY,0.7568109051530426,0.5718358676273826,0.3166085822214413,R,R-
same_pair_multi_pass_real_TLE,orbit_unit_10dd809845b1848248e8de75,65686,,REAL_B,47749,same_tle_65686_20260312T121505Z_segment_2,2026-03-12T12:17:34.500000Z,315682814,2026-03-11T21:55:43.056192,2026-03-12T07:26:32,14.364289946666668,4.850694444444445,CAUSAL_GP:65686:315682814,STATIC_TLE:data/tle/starlink_tle.txt:47749,,0.0,0.0,0.0,10453.28520921759,7.484072577469331,-7970.598087391128,-453.91367804260335,-6747.940438934677,7970.598087391128,453.91367804260335,6747.940438934677,12-18 h,WITHIN_CALIBRATED_SUPPORT,3986637594.636596,29.005502435074128,1099.4845501122445,11723.65912771299,1904.1835692997304,ORBIT_DISTINCT,3.3306690738754696e-16,0.0,0,0,SCORED,60,60,3,60,0,60,0,0.0,conditional verifier acceptance fraction under the controlled observation model,0,ZERO,DESCRIPTIVE_ONLY,0.7624969497974422,0.04342306451586602,0.6455329883264278,R,R-
same_pair_multi_pass_real_TLE,orbit_unit_1a49b921647bcac4749396b5,65421,,REAL_B,65686,same_tle_65421_20260312T085635Z_segment_3,2026-03-12T09:00:04.500000Z,315679337,2026-03-11T13:48:47.386944,2026-03-12T03:14:55,19.18808696,5.752638888888889,CAUSAL_GP:65421:315679337,STATIC_TLE:data/tle/starlink_tle.txt:65686,,0.0,0.0,0.0,4787.385844525175,8.093294296005842,-1669.535178721586,3166.7737885649394,-3178.5624554866254,1669.535178721586,-3166.7737885649394,3178.5624554866254,18-24 h,WITHIN_CALIBRATED_SUPPORT,351121071.0359233,37.65263471646583,1467.668474883233,3053.7308798451927,489.1189210695537,ORBIT_DISTINCT,1.1102230246251563e-16,0.0,0,0,SCORED,60,60,3,60,0,60,0,0.0,conditional verifier acceptance fraction under the controlled observation model,0,ZERO,DESCRIPTIVE_ONLY,0.34873629010514284,0.661482882602087,0.6639453260533845,N,N-
same_pair_multi_pass_real_TLE,orbit_unit_3c0b21fd95defda7027c3f78,65409,,REAL_B,47383,same_tle_65409_20260310T064055Z_segment_3,2026-03-10T06:44:24.500000Z,315434187,2026-03-09T17:55:17.144544,2026-03-10T03:44:43,12.818709848888888,2.994861111111111,CAUSAL_GP:65409:315434187,STATIC_TLE:data/tle/starlink_tle.txt:47383,,0.0,0.0,0.0,9037.719909397818,15.199011916549294,-5965.657838300564,-1103.3047890174694,6698.807823753407,5965.657838300564,1103.3047890174694,-6698.807823753407,12-18 h,WITHIN_CALIBRATED_SUPPORT,4249521257.2244825,29.005502435074128,1099.4845501122445,12104.024850225474,1965.963441201753,ORBIT_DISTINCT,4.440892098500626e-16,0.0,0,0,SCORED,60,60,3,60,0,60,0,0.0,conditional verifier acceptance fraction under the controlled observation model,0,ZERO,DESCRIPTIVE_ONLY,0.6600843905438153,0.12207778068782643,0.7412055132166347,N,N+
same_pair_multi_pass_real_TLE,orbit_unit_4338539a1e1193e95fa38af5,65409,,REAL_B,47383,same_tle_65409_20260311T092530Z_segment_3,2026-03-11T09:28:59.500000Z,315556031,2026-03-10T20:33:19.547136,2026-03-11T02:43:10,12.927764684444444,6.76375,CAUSAL_GP:65409:315556031,STATIC_TLE:data/tle/starlink_tle.txt:47383,,0.0,0.0,0.0,10508.370500764097,13.97532939898926,-8062.597437847036,-3687.4458422604407,5641.198126014338,8062.597437847036,3687.4458422604407,-5641.198126014338,12-18 h,WITHIN_CALIBRATED_SUPPORT,4948839234.870971,29.005502435074128,1099.4845501122445,13062.054050460256,2121.568738329861,ORBIT_DISTINCT,2.220446049250313e-16,0.0,0,0,SCORED,60,60,3,60,21,39,0,0.35,conditional verifier acceptance fraction under the controlled observation model,"(0.1,0.5]",MIXED,DESCRIPTIVE_ONLY,0.7672547743973034,0.3509055796988043,0.53682900936964,R,R-
same_pair_multi_pass_real_TLE,orbit_unit_448680309496d71f10f88a4f,65686,,REAL_B,47749,same_tle_65686_20260312T152900Z_segment_3,2026-03-12T15:32:29.500000Z,315682814,2026-03-11T21:55:43.056192,2026-03-12T07:26:32,17.61290105777778,8.099305555555556,CAUSAL_GP:65686:315682814,STATIC_TLE:data/tle/starlink_tle.txt:47749,,0.0,0.0,0.0,11432.60002244611,5.411736279503325,-9536.684590125584,2659.426916362974,-5716.943132323439,9536.684590125584,-2659.426916362974,5716.943132323439,12-18 h,WITHIN_CALIBRATED_SUPPORT,4456562721.448757,29.005502435074128,1099.4845501122445,12395.379141074389,2013.285872486712,ORBIT_DISTINCT,2.220446049250313e-16,0.0,0,0,SCORED,60,60,3,60,0,60,0,0.0,conditional verifier acceptance fraction under the controlled observation model,0,ZERO,DESCRIPTIVE_ONLY,0.83416585653323,0.2326178569303228,0.5000562532668966,R,R-
same_pair_multi_pass_real_TLE,orbit_unit_4687e9a31465e79d364f459d,65686,,REAL_B,44714,same_tle_65686_20260311T142130Z_segment_3,2026-03-11T14:24:59.500000Z,315558516,2026-03-10T22:25:41.529216,2026-03-11T07:06:59,15.988325217777778,7.300138888888889,CAUSAL_GP:65686:315558516,STATIC_TLE:data/tle/starlink_tle.txt:44714,,0.0,0.0,0.0,11607.827500341968,11.972515124939076,-9836.858021104928,5475.0538828193785,2828.7220666837047,9836.858021104928,-5475.0538828193785,-2828.7220666837047,12-18 h,WITHIN_CALIBRATED_SUPPORT,4734933507.556484,29.005502435074128,1099.4845501122445,12776.64258388265,2075.21155417546,ORBIT_DISTINCT,3.3306690738754696e-16,0.0,0,0,SCORED,60,60,3,60,0,60,0,0.0,conditional verifier acceptance fraction under the controlled observation model,0,ZERO,DESCRIPTIVE_ONLY,0.8474331670431124,0.4716691286683992,0.24369091172317733,R,R-
same_pair_multi_pass_real_TLE,orbit_unit_4717c3235238b0689f7215ee,44714,,REAL_B,65409,same_tle_44714_20260310T023440Z_segment_2,2026-03-10T02:37:09.500000Z,315393241,2026-03-09T13:49:15.828096,2026-03-09T22:56:35,12.798242195555556,3.67625,CAUSAL_GP:44714:315393241,STATIC_TLE:data/tle/starlink_tle.txt:65409,,0.0,0.0,0.0,13131.109875776156,14.809797079705149,-12586.522543201552,-10.685364720335656,3742.376606137608,12586.522543201552,10.685364720335656,-3742.376606137608,12-18 h,WITHIN_CALIBRATED_SUPPORT,7925731416.612364,29.005502435074128,1099.4845501122445,16530.25218367963,2684.8814232527143,ORBIT_DISTINCT,2.6059418842835026e-17,0.0,0,0,SCORED,60,60,3,60,0,60,0,0.0,conditional verifier acceptance fraction under the controlled observation model,0,ZERO,DESCRIPTIVE_ONLY,0.9585269381090746,0.0008137442167053729,0.2850007837525922,R,R-
same_pair_multi_pass_real_TLE,orbit_unit_534778f7511d4e5ccc10de67,65409,,REAL_B,47749,same_tle_65409_20260310T131215Z_segment_2,2026-03-10T13:14:44.500000Z,315434187,2026-03-09T17:55:17.144544,2026-03-10T03:44:43,19.324265404444446,9.500416666666666,CAUSAL_GP:65409:315434187,STATIC_TLE:data/tle/starlink_tle.txt:47749,,0.0,0.0,0.0,10110.702860277255,10.536025486703153,-7456.149695145531,6355.693048813886,-2497.460694717479,7456.149695145531,-6355.693048813886,2497.460694717479,18-24 h,WITHIN_CALIBRATED_SUPPORT,2775032715.9053946,37.65263471646583,1467.668474883233,8584.922288679092,1375.055004034131,ORBIT_DISTINCT,1.1102230246251563e-16,0.0,0,0,SCORED,60,60,3,60,0,60,0,0.0,conditional verifier acceptance fraction under the controlled observation model,0,ZERO,DESCRIPTIVE_ONLY,0.7374511740859397,0.6286104078663034,0.24701158062210066,R,R-
same_pair_multi_pass_real_TLE,orbit_unit_57112ed6cc56dabee5ab7815,44714,,REAL_B,65409,same_tle_44714_20260312T044740Z_segment_3,2026-03-12T04:51:09.500000Z,315665530,2026-03-11T12:49:19.719264,2026-03-12T03:14:55,16.03049464888889,1.6040277777777778,CAUSAL_GP:44714:315665530,STATIC_TLE:data/tle/starlink_tle.txt:65409,,0.0,0.0,0.0,13478.339058791033,14.415982201060054,-13261.71895569611,126.45268423769892,2403.423358984317,13261.71895569611,-126.45268423769892,-2403.423358984317,12-18 h,WITHIN_CALIBRATED_SUPPORT,8012625059.221938,29.005502435074128,1099.4845501122445,16620.619764200128,2699.5591326734657,ORBIT_DISTINCT,2.220446049250313e-16,0.0,0,0,SCORED,60,60,3,60,0,60,0,0.0,conditional verifier acceptance fraction under the controlled observation model,0,ZERO,DESCRIPTIVE_ONLY,0.9839282791336494,0.009381918920879364,0.17831747283555113,R,R-
same_pair_multi_pass_real_TLE,orbit_unit_5a72d4f1a8320be6064c7e9b,65686,,REAL_B,47749,same_tle_65686_20260311T142130Z_segment_3,2026-03-11T14:24:59.500000Z,315558516,2026-03-10T22:25:41.529216,2026-03-11T07:06:59,15.988325217777778,7.300138888888889,CAUSAL_GP:65686:315558516,STATIC_TLE:data/tle/starlink_tle.txt:47749,,0.0,0.0,0.0,11176.63813743132,6.041055968773396,-9113.73337862987,908.2691303180276,-6405.634328092989,9113.73337862987,-908.2691303180276,6405.634328092989,12-18 h,WITHIN_CALIBRATED_SUPPORT,4491924629.444527,29.005502435074128,1099.4845501122445,12444.459364282457,2021.2575947614955,ORBIT_DISTINCT,3.3306690738754696e-16,0.0,0,0,SCORED,60,60,3,60,0,60,0,0.0,conditional verifier acceptance fraction under the controlled observation model,0,ZERO,DESCRIPTIVE_ONLY,0.8154270780322894,0.0812649670813062,0.5731271111516159,R,R-
same_pair_multi_pass_real_TLE,orbit_unit_5e961cd09ae7f28b1393dcc3,44714,,REAL_B,47749,same_tle_44714_20260310T023440Z_segment_2,2026-03-10T02:37:09.500000Z,315393241,2026-03-09T13:49:15.828096,2026-03-09T22:56:35,12.798242195555556,3.67625,CAUSAL_GP:44714:315393241,STATIC_TLE:data/tle/starlink_tle.txt:47749,,0.0,0.0,0.0,10395.210621646142,11.464557684904122,-7882.942258786629,-6687.800403795821,-1092.2229497722446,7882.942258786629,6687.800403795821,1092.2229497722446,12-18 h,WITHIN_CALIBRATED_SUPPORT,2548392164.441009,29.005502435074128,1099.4845501122445,9373.308999548,1522.43431785878,ORBIT_DISTINCT,2.6059418842835026e-17,0.0,0,0,SCORED,60,60,3,60,0,60,0,0.0,conditional verifier acceptance fraction under the controlled observation model,0,ZERO,DESCRIPTIVE_ONLY,0.7583244385998136,0.6433540066874344,0.10506982393390744,R,R-
same_pair_multi_pass_real_TLE,orbit_unit_5f9a1980f00c103f7d284a6e,44714,,REAL_B,65409,same_tle_44714_20260310T090420Z_segment_3,2026-03-10T09:07:49.500000Z,315443210,2026-03-09T21:39:16.344864,2026-03-10T08:26:21,11.475876426666668,0.69125,CAUSAL_GP:44714:315443210,STATIC_TLE:data/tle/starlink_tle.txt:65409,,0.0,0.0,0.0,13657.228272472665,14.198129039757813,-13614.265493085177,1073.434962141112,-139.2715055924,13614.265493085177,-1073.434962141112,139.2715055924,9-12 h,WITHIN_CALIBRATED_SUPPORT,8052638520.396049,31.32749048335574,948.5696084793932,16032.686433871526,2913.630663752678,ORBIT_DISTINCT,2.220446049250313e-16,0.0,0,0,SCORED,60,60,3,60,0,60,0,0.0,conditional verifier acceptance fraction under the controlled observation model,0,ZERO,DESCRIPTIVE_ONLY,0.996854209468397,0.07859830272477132,0.010197640605679403,R,R-
same_pair_multi_pass_real_TLE,orbit_unit_61e8cff4fa33193ff9bd39d3,65686,,REAL_B,65421,same_tle_65686_20260311T142130Z_segment_3,2026-03-11T14:24:59.500000Z,315558516,2026-03-10T22:25:41.529216,2026-03-11T07:06:59,15.988325217777778,7.300138888888889,CAUSAL_GP:65686:315558516,STATIC_TLE:data/tle/starlink_tle.txt:65421,,0.0,0.0,0.0,2587.287720213371,9.25261802632594,-485.9898648259323,-2148.57073197277,-1357.024468520509,485.9898648259323,2148.57073197277,1357.024468520509,12-18 h,WITHIN_CALIBRATED_SUPPORT,89099420.95911096,29.005502435074128,1099.4845501122445,1752.6582620124525,284.6707694897453,ORBIT_DISTINCT,3.3306690738754696e-16,0.0,0,0,SCORED,60,60,3,60,0,60,0,0.0,conditional verifier acceptance fraction under the controlled observation model,0,ZERO,DESCRIPTIVE_ONLY,0.1878375802695238,0.8304336294672243,0.5244969308665047,T,T-
same_pair_multi_pass_real_TLE,orbit_unit_64858c14ddb2a80aa0952079,65686,,REAL_B,44714,same_tle_65686_20260312T152900Z_segment_3,2026-03-12T15:32:29.500000Z,315682814,2026-03-11T21:55:43.056192,2026-03-12T07:26:32,17.61290105777778,8.099305555555556,CAUSAL_GP:65686:315682814,STATIC_TLE:data/tle/starlink_tle.txt:44714,,0.0,0.0,0.0,10402.59394058615,13.276931749734,-7900.442425897232,5352.667975445119,4140.762696949319,7900.442425897232,-5352.667975445119,-4140.762696949319,12-18 h,WITHIN_CALIBRATED_SUPPORT,3847050956.6111474,29.005502435074128,1099.4845501122445,11516.586477832465,1870.5503551932416,ORBIT_DISTINCT,2.220446049250313e-16,0.0,0,0,SCORED,60,60,3,60,0,60,0,0.0,conditional verifier acceptance fraction under the controlled observation model,0,ZERO,DESCRIPTIVE_ONLY,0.759468500935457,0.5145512750008884,0.3980509784962347,R,R-
same_pair_multi_pass_real_TLE,orbit_unit_6843755a94a0380de08c306d,65421,,REAL_B,65686,same_tle_65421_20260311T110455Z_segment_3,2026-03-11T11:08:24.500000Z,315556037,2026-03-10T20:34:46.163136,2026-03-11T02:43:10,14.560649128888889,8.420694444444445,CAUSAL_GP:65421:315556037,STATIC_TLE:data/tle/starlink_tle.txt:65686,,0.0,0.0,0.0,2593.80176952296,9.25066912188055,-488.6264203059625,2153.1446046533583,-1361.256828233215,488.6264203059625,-2153.1446046533583,1361.256828233215,12-18 h,WITHIN_CALIBRATED_SUPPORT,88391581.18659393,29.005502435074128,1099.4845501122445,1745.6824870828952,283.5377481472366,ORBIT_DISTINCT,2.220446049250313e-16,0.0,0,0,SCORED,60,60,3,60,0,60,0,0.0,conditional verifier acceptance fraction under the controlled observation model,0,ZERO,DESCRIPTIVE_ONLY,0.18838232977064723,0.8301114718760312,0.5248114347934812,T,T+
same_pair_multi_pass_real_TLE,orbit_unit_69e7bcdfe31dc40a7f14539f,65686,,REAL_B,44714,same_tle_65686_20260312T121505Z_segment_2,2026-03-12T12:17:34.500000Z,315682814,2026-03-11T21:55:43.056192,2026-03-12T07:26:32,14.364289946666668,4.850694444444445,CAUSAL_GP:65686:315682814,STATIC_TLE:data/tle/starlink_tle.txt:44714,,0.0,0.0,0.0,12611.772154567185,10.636936432794906,-11610.956459122071,4727.584705674046,1375.6561466312764,11610.956459122071,-4727.584705674046,-1375.6561466312764,12-18 h,WITHIN_CALIBRATED_SUPPORT,5826886261.970309,29.005502435074128,1099.4845501122445,14173.531528038626,2302.097456147018,ORBIT_DISTINCT,3.3306690738754696e-16,0.0,0,0,SCORED,60,60,3,60,0,60,0,0.0,conditional verifier acceptance fraction under the controlled observation model,0,ZERO,DESCRIPTIVE_ONLY,0.9206443247483916,0.3748549091859399,0.10907714869659307,R,R-
same_pair_multi_pass_real_TLE,orbit_unit_7e5e2ed47165a019c95b95c8,65410,,REAL_B,45230,same_tle_65410_20260310T131135Z_segment_2,2026-03-10T13:14:04.500000Z,315434688,2026-03-09T16:20:35.643840,2026-03-10T03:44:43,20.891348933333333,9.489305555555555,CAUSAL_GP:65410:315434688,STATIC_TLE:data/tle/starlink_tle.txt:45230,,0.0,0.0,0.0,7257.471038616031,9.141421416404237,-3838.218504545804,1195.6879682271783,-6042.29218677394,3838.218504545804,-1195.6879682271783,6042.29218677394,18-24 h,WITHIN_CALIBRATED_SUPPORT,1430188250.103293,37.65263471646583,1467.668474883233,6163.095783230393,987.1487955398294,ORBIT_DISTINCT,2.220446049250313e-16,0.0,0,0,SCORED,60,60,3,60,0,60,0,0.0,conditional verifier acceptance fraction under the controlled observation model,0,ZERO,DESCRIPTIVE_ONLY,0.5288644603778861,0.16475270267908515,0.8325616670908795,N,N-
same_pair_multi_pass_real_TLE,orbit_unit_7f0c99e21a52875d5689e262,65421,,REAL_B,65686,same_tle_65421_20260310T064225Z_segment_3,2026-03-10T06:45:54.500000Z,315434193,2026-03-09T17:56:44.636640,2026-03-10T03:44:43,12.81940648888889,3.019861111111111,CAUSAL_GP:65421:315434193,STATIC_TLE:data/tle/starlink_tle.txt:65686,,0.0,0.0,0.0,7238.897059224215,5.370647461430525,-3820.7844970468936,3171.555288880761,-5267.302299160698,3820.7844970468936,-3171.555288880761,5267.302299160698,12-18 h,WITHIN_CALIBRATED_SUPPORT,1617292364.9583943,29.005502435074128,1099.4845501122445,7467.136180736257,1212.829362418973,ORBIT_DISTINCT,1.1102230246251563e-16,0.0,0,0,SCORED,60,60,3,60,0,60,0,0.0,conditional verifier acceptance fraction under the controlled observation model,0,ZERO,DESCRIPTIVE_ONLY,0.5278130723213189,0.4381268669706229,0.7276387902835005,N,N-
same_pair_multi_pass_real_TLE,orbit_unit_8226dc0359789a2795020342,65421,,REAL_B,47749,same_tle_65421_20260310T131350Z_segment_2,2026-03-10T13:16:19.500000Z,315434193,2026-03-09T17:56:44.636640,2026-03-10T03:44:43,19.32635093333333,9.526805555555557,CAUSAL_GP:65421:315434193,STATIC_TLE:data/tle/starlink_tle.txt:47749,,0.0,0.0,0.0,10522.398277300752,11.022887110229028,-8076.534898908003,6364.350072275207,-2232.822807657046,8076.534898908003,-6364.350072275207,2232.822807657046,18-24 h,WITHIN_CALIBRATED_SUPPORT,3287326522.8022943,37.65263471646583,1467.668474883233,9343.80435366738,1496.6058516533303,ORBIT_DISTINCT,2.220446049250313e-16,0.0,0,0,SCORED,60,60,3,60,0,60,0,0.0,conditional verifier acceptance fraction under the controlled observation model,0,ZERO,DESCRIPTIVE_ONLY,0.7675564720194025,0.6048383557201578,0.2121971387904753,R,R-
same_pair_multi_pass_real_TLE,orbit_unit_893a0af82834c948fd258132,44714,,REAL_B,47749,same_tle_44714_20260311T034020Z_segment_3,2026-03-11T03:43:49.500000Z,315542230,2026-03-10T16:27:18.322272,2026-03-11T02:43:10,11.275327146666667,1.0109722222222222,CAUSAL_GP:44714:315542230,STATIC_TLE:data/tle/starlink_tle.txt:47749,,0.0,0.0,0.0,10384.140454892617,11.469979612145709,-7866.785017651485,-6662.339277411202,-1247.9189980345525,7866.785017651485,6662.339277411202,1247.9189980345525,9-12 h,WITHIN_CALIBRATED_SUPPORT,2702122274.001624,31.32749048335574,948.5696084793932,9287.304724363792,1687.7880035970454,ORBIT_DISTINCT,2.220446049250313e-16,0.0,0,0,SCORED,60,60,3,60,0,60,0,0.0,conditional verifier acceptance fraction under the controlled observation model,0,ZERO,DESCRIPTIVE_ONLY,0.757576907961116,0.6415879394497364,0.12017547369041796,R,R-
same_pair_multi_pass_real_TLE,orbit_unit_8a2d15c625c2a616fb8b8a19,65686,,REAL_B,65421,same_tle_65686_20260310T131505Z_segment_2,2026-03-10T13:17:34.500000Z,315485957,2026-03-10T00:29:40.547616,2026-03-10T09:52:28,12.798320106666663,3.4184722222222224,CAUSAL_GP:65686:315485957,STATIC_TLE:data/tle/starlink_tle.txt:65421,,0.0,0.0,0.0,1023.063157517672,9.62600908301359,-75.57375330722755,-1007.4160289445916,161.43040824639343,75.57375330722755,1007.4160289445916,-161.43040824639343,12-18 h,WITHIN_CALIBRATED_SUPPORT,1850594.5520028945,29.005502435074128,1099.4845501122445,252.58958727505623,41.0261793375077,ORBIT_DISTINCT,2.220446049250313e-16,0.0,0,0,SCORED,60,60,3,60,0,60,0,0.0,conditional verifier acceptance fraction under the controlled observation model,0,ZERO,DESCRIPTIVE_ONLY,0.073870076106149,0.9847056083897633,0.15779124393266494,T,T-
same_pair_multi_pass_real_TLE,orbit_unit_8bb357fa3f3c6160faa12256,65409,,REAL_B,47383,same_tle_65409_20260310T113340Z_segment_3,2026-03-10T11:37:09.500000Z,315434187,2026-03-09T17:55:17.144544,2026-03-10T03:44:43,17.697876515555556,7.874027777777778,CAUSAL_GP:65409:315434187,STATIC_TLE:data/tle/starlink_tle.txt:47383,,0.0,0.0,0.0,11825.667066444352,12.601074372203332,-10209.670074858706,-4050.663146890288,4381.913577347923,10209.670074858706,4050.663146890288,-4381.913577347923,12-18 h,WITHIN_CALIBRATED_SUPPORT,5959655592.271076,29.005502435074128,1099.4845501122445,14334.098514951742,2328.1771139502016,ORBIT_DISTINCT,2.220446049250313e-16,0.0,0,0,SCORED,60,60,3,60,0,60,0,0.0,conditional verifier acceptance fraction under the controlled observation model,0,ZERO,DESCRIPTIVE_ONLY,0.8633483436912341,0.34253147193566386,0.3705426131758538,R,R-
same_pair_multi_pass_real_TLE,orbit_unit_90b220cc47c908983a04ec8d,65686,,REAL_B,47749,same_tle_65686_20260310T131505Z_segment_2,2026-03-10T13:17:34.500000Z,315485957,2026-03-10T00:29:40.547616,2026-03-10T09:52:28,12.798320106666663,3.4184722222222224,CAUSAL_GP:65686:315485957,STATIC_TLE:data/tle/starlink_tle.txt:47749,,0.0,0.0,0.0,10464.969286017096,7.459952090796032,-7988.427546261155,-439.72152039990215,-6745.906349773493,7988.427546261155,439.72152039990215,6745.906349773493,12-18 h,WITHIN_CALIBRATED_SUPPORT,3995337518.037737,29.005502435074128,1099.4845501122445,11736.444256716994,1906.2601592377,ORBIT_DISTINCT,2.220446049250313e-16,0.0,0,0,SCORED,60,60,3,60,0,60,0,0.0,conditional verifier acceptance fraction under the controlled observation model,0,ZERO,DESCRIPTIVE_ONLY,0.7633493542054629,0.04201842436245291,0.6446178832829565,R,R-
same_pair_multi_pass_real_TLE,orbit_unit_968e340e78a34ed283cd0d79,65409,,REAL_B,47749,same_tle_65409_20260312T085505Z_segment_3,2026-03-12T08:58:34.500000Z,315679331,2026-03-11T20:03:20.806272,2026-03-12T03:14:55,12.92047048,5.7276388888888885,CAUSAL_GP:65409:315679331,STATIC_TLE:data/tle/starlink_tle.txt:47749,,0.0,0.0,0.0,9926.103014498452,10.772962118235313,-7187.9067696107,5956.534802613003,-3373.604966661041,7187.9067696107,-5956.534802613003,3373.604966661041,12-18 h,WITHIN_CALIBRATED_SUPPORT,2259662058.600974,29.005502435074128,1099.4845501122445,8826.358239912199,1433.5973226537117,ORBIT_DISTINCT,2.220446049250313e-16,0.0,0,0,SCORED,60,60,3,60,7,53,0,0.1166666666666666,conditional verifier acceptance fraction under the controlled observation model,"(0.1,0.5]",MIXED,DESCRIPTIVE_ONLY,0.7241418670662356,0.6000879493102838,0.3398720486512604,R,R-
same_pair_multi_pass_real_TLE,orbit_unit_9b5c1cf2c5fe3fb376542a14,65410,,REAL_B,45230,same_tle_65410_20260311T110240Z_segment_3,2026-03-11T11:06:09.500000Z,315555532,2026-03-10T17:24:38.025504,2026-03-11T02:43:10,17.69207624888889,8.383194444444445,CAUSAL_GP:65410:315555532,STATIC_TLE:data/tle/starlink_tle.txt:45230,,0.0,0.0,0.0,8799.571661946658,7.262707460702009,-5645.644765537596,997.964420520989,-6675.569161537226,5645.644765537596,-997.964420520989,6675.569161537226,12-18 h,WITHIN_CALIBRATED_SUPPORT,2873887927.6498485,29.005502435074128,1099.4845501122445,9953.933102509232,1616.7406146176709,ORBIT_DISTINCT,1.1102230246251563e-16,0.0,0,0,SCORED,60,60,3,60,0,60,0,0.0,conditional verifier acceptance fraction under the controlled observation model,0,ZERO,DESCRIPTIVE_ONLY,0.6415817703891118,0.11341056802078675,0.7586243305916147,N,N-
same_pair_multi_pass_real_TLE,orbit_unit_9bc3c5aaf88b96035dd39f7f,65410,,REAL_B,45230,same_tle_65410_20260310T064015Z_segment_3,2026-03-10T06:43:44.500000Z,315434688,2026-03-09T16:20:35.643840,2026-03-10T03:44:43,14.385793377777778,2.98375,CAUSAL_GP:65410:315434688,STATIC_TLE:data/tle/starlink_tle.txt:45230,,0.0,0.0,0.0,10342.7487081958,3.994380800610522,-7802.667470554506,-2927.181204514953,-6125.556413973412,7802.667470554506,2927.181204514953,6125.556413973412,12-18 h,WITHIN_CALIBRATED_SUPPORT,3603893220.0263166,29.005502435074128,1099.4845501122445,11146.685838281906,1810.470246036824,ORBIT_DISTINCT,4.440892098500626e-16,0.0,0,0,SCORED,60,60,3,60,0,60,0,0.0,conditional verifier acceptance fraction under the controlled observation model,0,ZERO,DESCRIPTIVE_ONLY,0.754409460259971,0.2830177245044537,0.5922561387495957,R,R-
same_pair_multi_pass_real_TLE,orbit_unit_a11d83247bd38a500c6412b6,65686,,REAL_B,65421,same_tle_65686_20260312T121505Z_segment_2,2026-03-12T12:17:34.500000Z,315682814,2026-03-11T21:55:43.056192,2026-03-12T07:26:32,14.364289946666668,4.850694444444445,CAUSAL_GP:65686:315682814,STATIC_TLE:data/tle/starlink_tle.txt:65421,,0.0,0.0,0.0,992.3513499699328,9.622561484015227,-71.6863048352997,-979.5368420446248,141.8797045509069,71.6863048352997,979.5368420446248,-141.8797045509069,12-18 h,WITHIN_CALIBRATED_SUPPORT,1495881.2625668196,29.005502435074128,1099.4845501122445,227.09541433781916,36.88535737303945,ORBIT_DISTINCT,3.3306690738754696e-16,0.0,0,0,SCORED,60,60,3,60,0,60,0,0.0,conditional verifier acceptance fraction under the controlled observation model,0,ZERO,DESCRIPTIVE_ONLY,0.07223883439819143,0.987086722937701,0.14297325695703006,T,T-
same_pair_multi_pass_real_TLE,orbit_unit_a43b1d824ecd15413d05e9e6,44714,,REAL_B,65409,same_tle_44714_20260311T034020Z_segment_3,2026-03-11T03:43:49.500000Z,315542230,2026-03-10T16:27:18.322272,2026-03-11T02:43:10,11.275327146666667,1.0109722222222222,CAUSAL_GP:44714:315542230,STATIC_TLE:data/tle/starlink_tle.txt:65409,,0.0,0.0,0.0,13291.590841283334,14.628798242660542,-12896.454238296672,-8.443269424751634,3216.7971466675144,12896.454238296672,8.443269424751634,-3216.7971466675144,9-12 h,WITHIN_CALIBRATED_SUPPORT,8358596132.674759,31.32749048335574,948.5696084793932,16334.425613344994,2968.465923544956,ORBIT_DISTINCT,2.220446049250313e-16,0.0,0,0,SCORED,60,60,3,60,0,60,0,0.0,conditional verifier acceptance fraction under the controlled observation model,0,ZERO,DESCRIPTIVE_ONLY,0.97027168472871,0.0006352339253874005,0.24201746691421064,R,R-
same_pair_multi_pass_real_TLE,orbit_unit_ad716ff611712ba6e00fb636,65421,,REAL_B,47749,same_tle_65421_20260311T110455Z_segment_3,2026-03-11T11:08:24.500000Z,315556037,2026-03-10T20:34:46.163136,2026-03-11T02:43:10,14.560649128888889,8.420694444444445,CAUSAL_GP:65421:315556037,STATIC_TLE:data/tle/starlink_tle.txt:47749,,0.0,0.0,0.0,10489.744278639382,11.066935424281654,-8027.1785371836,6125.967761841775,-2841.066480091917,8027.1785371836,-6125.967761841775,2841.066480091917,12-18 h,WITHIN_CALIBRATED_SUPPORT,2640816336.180098,29.005502435074128,1099.4845501122445,9541.769092480245,1549.7959920212445,ORBIT_DISTINCT,2.220446049250313e-16,0.0,0,0,SCORED,60,60,3,60,0,60,0,0.0,conditional verifier acceptance fraction under the controlled observation model,0,ZERO,DESCRIPTIVE_ONLY,0.7652406316071606,0.583995910588239,0.2708423012634613,R,R-
same_pair_multi_pass_real_TLE,orbit_unit_ba78985c658138ef4bef56f9,44714,,REAL_B,47749,same_tle_44714_20260310T090420Z_segment_3,2026-03-10T09:07:49.500000Z,315443210,2026-03-09T21:39:16.344864,2026-03-10T08:26:21,11.475876426666668,0.69125,CAUSAL_GP:44714:315443210,STATIC_TLE:data/tle/starlink_tle.txt:47749,,0.0,0.0,0.0,10318.61009265841,11.564318852211048,-7772.158941584295,-6635.535101883741,-1427.2118072423557,7772.158941584295,6635.535101883741,1427.2118072423557,9-12 h,WITHIN_CALIBRATED_SUPPORT,2642686209.522016,31.32749048335574,948.5696084793932,9184.59468788553,1669.1224410294406,ORBIT_DISTINCT,2.220446049250313e-16,0.0,0,0,SCORED,60,60,3,60,0,60,0,0.0,conditional verifier acceptance fraction under the controlled observation model,0,ZERO,DESCRIPTIVE_ONLY,0.7532176205702463,0.6430648161233324,0.13831434606273216,R,R-
same_pair_multi_pass_real_TLE,orbit_unit_c3a7b9d76a49bdb79048cc52,65421,,REAL_B,47749,same_tle_65421_20260310T064225Z_segment_3,2026-03-10T06:45:54.500000Z,315434193,2026-03-09T17:56:44.636640,2026-03-10T03:44:43,12.81940648888889,3.019861111111111,CAUSAL_GP:65421:315434193,STATIC_TLE:data/tle/starlink_tle.txt:47749,,0.0,0.0,0.0,10128.91708333015,11.49652148085984,-7486.607811013698,5893.087278723632,-3437.6135749079986,7486.607811013698,-5893.087278723632,3437.6135749079986,12-18 h,WITHIN_CALIBRATED_SUPPORT,2436878319.0327835,29.005502435074128,1099.4845501122445,9165.933997874448,1488.7519950815135,ORBIT_DISTINCT,1.1102230246251563e-16,0.0,0,0,SCORED,60,60,3,60,0,60,0,0.0,conditional verifier acceptance fraction under the controlled observation model,0,ZERO,DESCRIPTIVE_ONLY,0.7391321055767076,0.5818082259180785,0.3393860909934304,R,R-
same_pair_multi_pass_real_TLE,orbit_unit_c57a6f9b62fda32828caa6d3,65409,,REAL_B,47749,same_tle_65409_20260311T110325Z_segment_3,2026-03-11T11:06:54.500000Z,315556031,2026-03-10T20:33:19.547136,2026-03-11T02:43:10,14.559709128888889,8.395694444444445,CAUSAL_GP:65409:315556031,STATIC_TLE:data/tle/starlink_tle.txt:47749,,0.0,0.0,0.0,10067.192448985832,10.609450801727716,-7392.785322000343,6128.899820622331,-3021.8663068556125,7392.785322000343,-6128.899820622331,3021.8663068556125,12-18 h,WITHIN_CALIBRATED_SUPPORT,2300673524.153593,29.005502435074128,1099.4845501122445,8906.094540852113,1446.5482752933715,ORBIT_DISTINCT,3.3306690738754696e-16,0.0,0,0,SCORED,60,60,3,60,0,60,0,0.0,conditional verifier acceptance fraction under the controlled observation model,0,ZERO,DESCRIPTIVE_ONLY,0.7343442930551201,0.6087993104015567,0.3001697168469284,R,R-
same_pair_multi_pass_real_TLE,orbit_unit_dbea98e58ee20dd22a5cc550,65421,,REAL_B,65686,same_tle_65421_20260310T131350Z_segment_2,2026-03-10T13:16:19.500000Z,315434193,2026-03-09T17:56:44.636640,2026-03-10T03:44:43,19.32635093333333,9.526805555555557,CAUSAL_GP:65421:315434193,STATIC_TLE:data/tle/starlink_tle.txt:65686,,0.0,0.0,0.0,905.9174847817492,9.639597017592209,-59.777476804253794,813.6538508990345,393.80268335472186,59.777476804253794,-813.6538508990345,-393.80268335472186,18-24 h,WITHIN_CALIBRATED_SUPPORT,6003752.372065637,37.65263471646583,1467.668474883233,399.3132306121345,63.95837230283578,ORBIT_DISTINCT,2.220446049250313e-16,0.0,0,0,SCORED,60,60,3,60,5,55,0,0.0833333333333333,conditional verifier acceptance fraction under the controlled observation model,"(0,0.1]",RARE,DESCRIPTIVE_ONLY,0.06598556469925647,0.8981544837883966,0.4347003893512394,T,T+
same_pair_multi_pass_real_TLE,orbit_unit_df624eb2ae18157472d6c489,65410,,REAL_B,45230,same_tle_65410_20260312T085425Z_segment_3,2026-03-12T08:57:54.500000Z,315679831,2026-03-11T16:54:40.030272,2026-03-12T03:14:55,16.054019368888888,5.716527777777777,CAUSAL_GP:65410:315679831,STATIC_TLE:data/tle/starlink_tle.txt:45230,,0.0,0.0,0.0,9936.521204335091,5.086636517871969,-7201.31428244994,-208.7781084908128,-6843.386438818025,7201.31428244994,208.7781084908128,6843.386438818025,12-18 h,WITHIN_CALIBRATED_SUPPORT,3635177056.174706,29.005502435074128,1099.4845501122445,11194.961076535988,1818.311220811513,ORBIT_DISTINCT,2.220446049250313e-16,0.0,0,0,SCORED,60,60,3,60,17,43,0,0.2833333333333333,conditional verifier acceptance fraction under the controlled observation model,"(0.1,0.5]",MIXED,DESCRIPTIVE_ONLY,0.7247319393137468,0.02101118733583815,0.6887104951612643,R,R-
same_pair_multi_pass_real_TLE,orbit_unit_e1b673a537d048421367d0b9,44714,,REAL_B,47749,same_tle_44714_20260312T044740Z_segment_3,2026-03-12T04:51:09.500000Z,315665530,2026-03-11T12:49:19.719264,2026-03-12T03:14:55,16.03049464888889,1.6040277777777778,CAUSAL_GP:44714:315665530,STATIC_TLE:data/tle/starlink_tle.txt:47749,,0.0,0.0,0.0,10366.75272980994,11.489157267727578,-7841.395565974558,-6637.381823753078,-1388.250793138141,7841.395565974558,6637.381823753078,1388.250793138141,12-18 h,WITHIN_CALIBRATED_SUPPORT,2520635933.8225565,29.005502435074128,1099.4845501122445,9322.123779880596,1514.1206972374446,ORBIT_DISTINCT,2.220446049250313e-16,0.0,0,0,SCORED,60,60,3,60,0,60,0,0.0,conditional verifier acceptance fraction under the controlled observation model,0,ZERO,DESCRIPTIVE_ONLY,0.7563984374225851,0.6402565969059015,0.1339137557652147,R,R-
same_pair_multi_pass_real_TLE,orbit_unit_ed7a185bcf098759983586ed,65686,,REAL_B,44714,same_tle_65686_20260310T131505Z_segment_2,2026-03-10T13:17:34.500000Z,315485957,2026-03-10T00:29:40.547616,2026-03-10T09:52:28,12.798320106666663,3.4184722222222224,CAUSAL_GP:65686:315485957,STATIC_TLE:data/tle/starlink_tle.txt:44714,,0.0,0.0,0.0,12597.917995952324,10.658171693105826,-11585.723633804831,4744.844363411547,1401.7837496694206,11585.723633804831,-4744.844363411547,-1401.7837496694206,12-18 h,WITHIN_CALIBRATED_SUPPORT,5810261842.744637,29.005502435074128,1099.4845501122445,14153.298162950308,2298.8111066435818,ORBIT_DISTINCT,2.220446049250313e-16,0.0,0,0,SCORED,60,60,3,60,0,60,0,0.0,conditional verifier acceptance fraction under the controlled observation model,0,ZERO,DESCRIPTIVE_ONLY,0.9196538378426731,0.376637184409047,0.1112710647997399,R,R-
same_pair_multi_pass_real_TLE,orbit_unit_edc9922fbb194474433e5fee,65409,,REAL_B,47749,same_tle_65409_20260310T064055Z_segment_3,2026-03-10T06:44:24.500000Z,315434187,2026-03-09T17:55:17.144544,2026-03-10T03:44:43,12.818709848888888,2.994861111111111,CAUSAL_GP:65409:315434187,STATIC_TLE:data/tle/starlink_tle.txt:47749,,0.0,0.0,0.0,9668.48018679469,11.063202005024452,-6821.3180064459575,5956.44810622894,-3386.717545822103,6821.3180064459575,-5956.44810622894,3386.717545822103,12-18 h,WITHIN_CALIBRATED_SUPPORT,2072521983.4095252,29.005502435074128,1099.4845501122445,8452.970951842992,1372.9509040585076,ORBIT_DISTINCT,4.440892098500626e-16,0.0,0,0,SCORED,60,60,3,60,0,60,0,0.0,conditional verifier acceptance fraction under the controlled observation model,0,ZERO,DESCRIPTIVE_ONLY,0.7055212271896244,0.6160687089543111,0.3502843756609976,R,R-
same_pair_multi_pass_real_TLE,orbit_unit_f7da9ce4ede19438b11778f5,65409,,REAL_B,47383,same_tle_65409_20260312T054045Z_segment_2,2026-03-12T05:43:14.500000Z,315679331,2026-03-11T20:03:20.806272,2026-03-12T03:14:55,9.664914924444444,2.4720833333333334,CAUSAL_GP:65409:315679331,STATIC_TLE:data/tle/starlink_tle.txt:47383,,0.0,0.0,0.0,8958.557608623385,15.257109445886435,-5862.27640126432,-469.8828314472557,6757.86060428258,5862.27640126432,469.8828314472557,-6757.86060428258,9-12 h,WITHIN_CALIBRATED_SUPPORT,4355013231.114672,31.32749048335574,948.5696084793932,11790.492219482516,2142.693915527801,ORBIT_DISTINCT,2.220446049250313e-16,0.0,0,0,SCORED,60,60,3,60,0,60,0,0.0,conditional verifier acceptance fraction under the controlled observation model,0,ZERO,DESCRIPTIVE_ONLY,0.6543772622080782,0.0524507238748962,0.75434694953321,N,N+
same_pair_multi_pass_real_TLE,orbit_unit_f9ebff79997a584e3a24f750,65686,,REAL_B,65421,same_tle_65686_20260312T152900Z_segment_3,2026-03-12T15:32:29.500000Z,315682814,2026-03-11T21:55:43.056192,2026-03-12T07:26:32,17.61290105777778,8.099305555555556,CAUSAL_GP:65686:315682814,STATIC_TLE:data/tle/starlink_tle.txt:65421,,0.0,0.0,0.0,4373.058140810238,8.3685645598198,-1392.3106687452482,-2995.068566314444,-2866.1250474604203,1392.3106687452482,2995.068566314444,2866.1250474604203,12-18 h,WITHIN_CALIBRATED_SUPPORT,417549694.4580905,29.005502435074128,1099.4845501122445,3794.144690164878,616.2536713029759,ORBIT_DISTINCT,2.220446049250313e-16,0.0,0,0,SCORED,60,60,3,60,0,60,0,0.0,conditional verifier acceptance fraction under the controlled observation model,0,ZERO,DESCRIPTIVE_ONLY,0.3183837543233033,0.6848910922001872,0.655405200473595,T,T-
segment_local_heatmap_and_direction_sensitivity,orbit_unit_00083ba4f539c11fd2eb129f,65421,STARLINK-35146,REAL_B,65410,65421_20260310T064222Z:segment:0.0:59.0,2026-03-10T06:42:51.500000Z,315434193,2026-03-09T17:56:44.636640,2026-03-10T03:44:43,12.768573155555556,2.969027777777778,CAUSAL_GP:65421:315434193,STATIC_TLE:data/tle/starlink_tle.txt:65410,,0.0,0.0,0.0,974.4576134756852,1.085658397208678,-69.80306625054584,971.954249520138,0.3305185248457292,69.80306625054584,-971.954249520138,-0.3305185248457292,12-18 h,WITHIN_CALIBRATED_SUPPORT,169185.94178698177,29.005502435074128,1099.4845501122445,76.37336751040503,12.404737289028706,ORBIT_DISTINCT,2.220446049250313e-16,0.0,0,0,SCORED,200,200,100,200,8,192,0,0.04,conditional verifier acceptance fraction under the controlled observation model,"(0,0.1]",RARE,DESCRIPTIVE_ONLY,0.07163273731483609,0.9974310181162028,0.0003391820437082319,T,T+
segment_local_heatmap_and_direction_sensitivity,orbit_unit_039db0a7b0f47fe671ce1da6,65410,STARLINK-35024,REAL_B,45230,65410_20260310T064012Z:segment:0.0:59.0,2026-03-10T06:40:41.500000Z,315434688,2026-03-09T16:20:35.643840,2026-03-10T03:44:43,14.334960044444443,2.932916666666667,CAUSAL_GP:65410:315434688,STATIC_TLE:data/tle/starlink_tle.txt:45230,,0.0,0.0,0.0,9974.465690128112,5.018971656699242,-7255.943261527711,-4234.157959682492,-5377.095829673385,7255.943261527711,4234.157959682492,5377.095829673385,12-18 h,WITHIN_CALIBRATED_SUPPORT,2993943692.3846235,29.005502435074128,1099.4845501122445,10159.717162513904,1650.1645330049266,ORBIT_DISTINCT,2.220446049250313e-16,0.0,0,0,SCORED,200,200,100,200,0,200,0,0.0,conditional verifier acceptance fraction under the controlled observation model,0,ZERO,DESCRIPTIVE_ONLY,0.7274518241823251,0.4244997267245207,0.5390861021252679,R,R-
segment_local_heatmap_and_direction_sensitivity,orbit_unit_09052dc2d5b44caf00ce6959,65409,STARLINK-35022,REAL_B,65686,65409_20260310T064053Z:segment:0.0:59.0,2026-03-10T06:41:22.500000Z,315434187,2026-03-09T17:55:17.144544,2026-03-10T03:44:43,12.768154293333332,2.944305555555556,CAUSAL_GP:65409:315434187,STATIC_TLE:data/tle/starlink_tle.txt:65686,,0.0,0.0,0.0,8153.139437606343,3.120755273702446,-4847.301478868932,1936.419947148408,-6263.196376475249,4847.301478868932,-1936.419947148408,6263.196376475249,12-18 h,WITHIN_CALIBRATED_SUPPORT,2381338430.9666166,29.005502435074128,1099.4845501122445,9060.879693102952,1471.6888342670527,ORBIT_DISTINCT,2.220446049250313e-16,0.0,0,0,SCORED,200,200,100,200,8,192,0,0.04,conditional verifier acceptance fraction under the controlled observation model,"(0,0.1]",RARE,DESCRIPTIVE_ONLY,0.5945318997625333,0.23750605051799728,0.7681944390140398,N,N-
segment_local_heatmap_and_direction_sensitivity,orbit_unit_0d54b366492d22eb4a2aaa94,65409,STARLINK-35022,REAL_B,47383,65409_20260310T064053Z:segment:0.0:59.0,2026-03-10T06:41:22.500000Z,315434187,2026-03-09T17:55:17.144544,2026-03-10T03:44:43,12.768154293333332,2.944305555555556,CAUSAL_GP:65409:315434187,STATIC_TLE:data/tle/starlink_tle.txt:47383,,0.0,0.0,0.0,8987.747852502713,15.23576052776356,-5901.204212642724,476.3923864328953,6762.281463751981,5901.204212642724,-476.3923864328953,-6762.281463751981,12-18 h,WITHIN_CALIBRATED_SUPPORT,4245019690.6242495,29.005502435074128,1099.4845501122445,12097.612185358235,1964.9218814854053,ORBIT_DISTINCT,2.220446049250313e-16,0.0,0,0,SCORED,200,200,100,200,4,196,0,0.02,conditional verifier acceptance fraction under the controlled observation model,"(0,0.1]",RARE,DESCRIPTIVE_ONLY,0.6565831963120199,0.05300464524049146,0.752388871464498,N,N+
segment_local_heatmap_and_direction_sensitivity,orbit_unit_162cee6dc4496501293ebaf6,44714,STARLINK-1008,SYNTHETIC_RELATIVE_TO_A,synthetic_same_plane_altitude_offset_-10,44714_20260310T023437Z:segment:0.0:59.0,2026-03-10T02:35:06.500000Z,315393241,2026-03-09T13:49:15.828096,2026-03-09T22:56:35,12.76407552888889,3.642083333333333,CAUSAL_GP:44714:315393241,SYNTHETIC_RELATIVE_TO_CAUSAL_A:FROZEN_ORIGINAL_PERTURBATION_RULE,2026-03-10T02:35:07Z,-10.0,0.0,0.0,10.003487957885612,0.0076340109520734,-10.00348541464938,-0.0071331940881642,-1.311204951726097e-06,10.00348541464938,0.0071331940881642,1.311204951726097e-06,12-18 h,WITHIN_CALIBRATED_SUPPORT,4147.331433485211,29.005502435074128,1099.4845501122445,11.957604234246489,1.9421814693688413,ORBIT_DISTINCT,4.440892098500626e-16,0.0,0,0,SCORED,100,100,100,100,29,71,0,0.29,conditional verifier acceptance fraction under the controlled observation model,"(0.1,0.5]",MIXED,DESCRIPTIVE_ONLY,0.9999997457650528,0.0007130706927618382,1.3107477684246046e-07,R,R-
segment_local_heatmap_and_direction_sensitivity,orbit_unit_1b373b67814be87a7fd42df0,44714,STARLINK-1008,REAL_B,47749,44714_20260310T023437Z:segment:0.0:59.0,2026-03-10T02:35:06.500000Z,315393241,2026-03-09T13:49:15.828096,2026-03-09T22:56:35,12.76407552888889,3.642083333333333,CAUSAL_GP:44714:315393241,STATIC_TLE:data/tle/starlink_tle.txt:47749,,0.0,0.0,0.0,10395.761816623612,11.460758846655851,-7883.324264674557,-6710.246810935054,-947.4439415072284,7883.324264674557,6710.246810935054,947.4439415072284,12-18 h,WITHIN_CALIBRATED_SUPPORT,2552374394.594351,29.005502435074128,1099.4845501122445,9380.629714067558,1523.623365079603,ORBIT_DISTINCT,4.440892098500626e-16,0.0,0,0,SCORED,200,200,100,200,8,192,0,0.04,conditional verifier acceptance fraction under the controlled observation model,"(0,0.1]",RARE,DESCRIPTIVE_ONLY,0.7583209776957879,0.6454790836208714,0.0911375191370962,R,R-
segment_local_heatmap_and_direction_sensitivity,orbit_unit_1e157262f22b02d41b3c8b49,65410,STARLINK-35024,REAL_B,65421,65410_20260310T064012Z:segment:0.0:59.0,2026-03-10T06:40:41.500000Z,315434688,2026-03-09T16:20:35.643840,2026-03-10T03:44:43,14.334960044444443,2.932916666666667,CAUSAL_GP:65410:315434688,STATIC_TLE:data/tle/starlink_tle.txt:65421,,0.0,0.0,0.0,978.2219367413278,1.0894288290264331,-69.00647927695678,-975.78473739071,-0.6400117941572034,69.00647927695678,975.78473739071,0.6400117941572034,12-18 h,WITHIN_CALIBRATED_SUPPORT,322404.3244941499,29.005502435074128,1099.4845501122445,105.42903535478725,17.12402541414295,ORBIT_DISTINCT,2.220446049250313e-16,0.0,0,0,SCORED,200,200,100,200,8,192,0,0.04,conditional verifier acceptance fraction under the controlled observation model,"(0,0.1]",RARE,DESCRIPTIVE_ONLY,0.07054276405498788,0.9975085415087533,0.0006542603167224232,T,T-
segment_local_heatmap_and_direction_sensitivity,orbit_unit_206a4059c719a31d6970e75e,65421,STARLINK-35146,REAL_B,65411,65421_20260310T064222Z:segment:0.0:59.0,2026-03-10T06:42:51.500000Z,315434193,2026-03-09T17:56:44.636640,2026-03-10T03:44:43,12.768573155555556,2.969027777777778,CAUSAL_GP:65421:315434193,STATIC_TLE:data/tle/starlink_tle.txt:65411,,0.0,0.0,0.0,8399.342961487047,9.355592219083778,-5152.719793176987,6633.121933886202,-11.58999059100688,5152.719793176987,-6633.121933886202,11.58999059100688,12-18 h,WITHIN_CALIBRATED_SUPPORT,1055190785.4801,29.005502435074128,1099.4845501122445,6031.499534678747,979.6499699505256,ORBIT_DISTINCT,2.220446049250313e-16,0.0,0,0,SCORED,200,200,100,200,4,196,0,0.02,conditional verifier acceptance fraction under the controlled observation model,"(0,0.1]",RARE,DESCRIPTIVE_ONLY,0.613467007693746,0.7897191440212189,0.0013798687164162358,T,T+
segment_local_heatmap_and_direction_sensitivity,orbit_unit_239d32e6ed93ab3d8bf26832,44714,STARLINK-1008,SYNTHETIC_RELATIVE_TO_A,synthetic_same_plane_phase_offset_60,44714_20260310T023437Z:segment:0.0:59.0,2026-03-10T02:35:06.500000Z,315393241,2026-03-09T13:49:15.828096,2026-03-09T22:56:35,12.76407552888889,3.642083333333333,CAUSAL_GP:44714:315393241,SYNTHETIC_RELATIVE_TO_CAUSAL_A:FROZEN_ORIGINAL_PERTURBATION_RULE,2026-03-10T02:35:07Z,0.0,60.0,0.0,457.77797759494047,0.503476872419514,-15.311133482816617,457.5218529888038,-0.0002765326381961,15.311133482816617,-457.5218529888038,0.0002765326381961,12-18 h,WITHIN_CALIBRATED_SUPPORT,12072.341705029285,29.005502435074128,1099.4845501122445,20.40119295347593,3.3136084897156635,ORBIT_DISTINCT,4.440892098500626e-16,0.0,0,0,SCORED,100,100,100,100,4,96,0,0.04,conditional verifier acceptance fraction under the controlled observation model,"(0,0.1]",RARE,DESCRIPTIVE_ONLY,0.033446636212728656,0.9994405047453744,6.040758877238669e-07,T,T+
segment_local_heatmap_and_direction_sensitivity,orbit_unit_4695716f1da0a7700724a60d,44714,STARLINK-1008,SYNTHETIC_RELATIVE_TO_A,synthetic_same_plane_altitude_offset_10,44714_20260310T023437Z:segment:0.0:59.0,2026-03-10T02:35:06.500000Z,315393241,2026-03-09T13:49:15.828096,2026-03-09T22:56:35,12.76407552888889,3.642083333333333,CAUSAL_GP:44714:315393241,SYNTHETIC_RELATIVE_TO_CAUSAL_A:FROZEN_ORIGINAL_PERTURBATION_RULE,2026-03-10T02:35:07Z,10.0,0.0,0.0,9.996519185250506,0.0106328805387301,9.99651458236111,0.0095930037712648,-1.325115209560579e-06,-9.99651458236111,-0.0095930037712648,1.325115209560579e-06,12-18 h,WITHIN_CALIBRATED_SUPPORT,4094.5626688140296,29.005502435074128,1099.4845501122445,11.881289140250392,1.9297861969974857,ORBIT_DISTINCT,4.440892098500626e-16,0.0,0,0,SCORED,100,100,100,100,25,75,0,0.25,conditional verifier acceptance fraction under the controlled observation model,"(0.1,0.5]",MIXED,DESCRIPTIVE_ONLY,0.9999995395507866,0.000959634408086659,1.3255766182250092e-07,R,R+
segment_local_heatmap_and_direction_sensitivity,orbit_unit_5688e91c8302b1c99c8991f2,44714,STARLINK-1008,REAL_B,65421,44714_20260310T023437Z:segment:0.0:59.0,2026-03-10T02:35:06.500000Z,315393241,2026-03-09T13:49:15.828096,2026-03-09T22:56:35,12.76407552888889,3.642083333333333,CAUSAL_GP:44714:315393241,STATIC_TLE:data/tle/starlink_tle.txt:65421,,0.0,0.0,0.0,12910.500612721366,14.9234440675376,-12167.707752688397,671.201056252652,4263.496600013987,12167.707752688397,-671.201056252652,-4263.496600013987,12-18 h,WITHIN_CALIBRATED_SUPPORT,7762358228.557926,29.005502435074128,1099.4845501122445,16358.995927348013,2657.0655898261366,ORBIT_DISTINCT,4.440892098500626e-16,0.0,0,0,SCORED,200,200,100,200,8,192,0,0.04,conditional verifier acceptance fraction under the controlled observation model,"(0,0.1]",RARE,DESCRIPTIVE_ONLY,0.9424659908771422,0.05198877072135249,0.33023480095054936,R,R-
segment_local_heatmap_and_direction_sensitivity,orbit_unit_6a9531995b67c2963c9426b6,65409,STARLINK-35022,REAL_B,48309,65409_20260310T064053Z:segment:0.0:59.0,2026-03-10T06:41:22.500000Z,315434187,2026-03-09T17:55:17.144544,2026-03-10T03:44:43,12.768154293333332,2.944305555555556,CAUSAL_GP:65409:315434187,STATIC_TLE:data/tle/starlink_tle.txt:48309,,0.0,0.0,0.0,9368.155235941404,8.32796652694248,-6399.643972143046,-1390.6594961362584,-6698.727918068888,6399.643972143046,1390.6594961362584,6698.727918068888,12-18 h,WITHIN_CALIBRATED_SUPPORT,3197315784.12061,29.005502435074128,1099.4845501122445,10499.1120203443,1705.2898232189496,ORBIT_DISTINCT,2.220446049250313e-16,0.0,0,0,SCORED,200,200,100,200,4,196,0,0.02,conditional verifier acceptance fraction under the controlled observation model,"(0,0.1]",RARE,DESCRIPTIVE_ONLY,0.6831274472897809,0.148445394115687,0.7150530439940703,N,N-
segment_local_heatmap_and_direction_sensitivity,orbit_unit_751b0eefa7a940247e443936,65686,STARLINK-35137,REAL_B,65410,65686_20260310T131505Z:segment:0.0:59.0,2026-03-10T13:15:34.500000Z,315485957,2026-03-10T00:29:40.547616,2026-03-10T09:52:28,12.764986773333332,3.3851388888888887,CAUSAL_GP:65686:315485957,STATIC_TLE:data/tle/starlink_tle.txt:65410,,0.0,0.0,0.0,133.3373942017206,9.5937075123829,-1.1248825518146504,-83.33649223646356,104.07989428065108,1.1248825518146504,83.33649223646356,-104.07989428065108,12-18 h,WITHIN_CALIBRATED_SUPPORT,525582.3138547299,29.005502435074128,1099.4845501122445,134.61088356317646,21.86380804300325,ORBIT_DISTINCT,1.1102230246251563e-16,0.0,0,0,SCORED,200,200,100,200,8,192,0,0.04,conditional verifier acceptance fraction under the controlled observation model,"(0,0.1]",RARE,DESCRIPTIVE_ONLY,0.008436362196435777,0.6250046563110965,0.78057543349912,N,N+
segment_local_heatmap_and_direction_sensitivity,orbit_unit_7abb89cd4a6ed0336244e190,65686,STARLINK-35137,REAL_B,65421,65686_20260310T131505Z:segment:0.0:59.0,2026-03-10T13:15:34.500000Z,315485957,2026-03-10T00:29:40.547616,2026-03-10T09:52:28,12.764986773333332,3.3851388888888887,CAUSAL_GP:65686:315485957,STATIC_TLE:data/tle/starlink_tle.txt:65421,,0.0,0.0,0.0,1094.3438432571245,9.616253661215165,-88.06428924522783,-286.43465896315786,1052.5152323739385,88.06428924522783,286.43465896315786,-1052.5152323739385,12-18 h,WITHIN_CALIBRATED_SUPPORT,55157327.26160205,29.005502435074128,1099.4845501122445,1378.9909322183787,223.97886587613505,ORBIT_DISTINCT,1.1102230246251563e-16,0.0,0,0,SCORED,200,200,100,200,4,196,0,0.02,conditional verifier acceptance fraction under the controlled observation model,"(0,0.1]",RARE,DESCRIPTIVE_ONLY,0.08047222980952656,0.26174100647437726,0.9617774512636813,N,N+
segment_local_heatmap_and_direction_sensitivity,orbit_unit_8efe2ae5533bdc3630ec1c81,65686,STARLINK-35137,REAL_B,47749,65686_20260310T131505Z:segment:0.0:59.0,2026-03-10T13:15:34.500000Z,315485957,2026-03-10T00:29:40.547616,2026-03-10T09:52:28,12.764986773333332,3.3851388888888887,CAUSAL_GP:65686:315485957,STATIC_TLE:data/tle/starlink_tle.txt:47749,,0.0,0.0,0.0,9854.49217344026,8.431063301626045,-7082.386775406965,-951.9132153240216,-6785.622653112045,7082.386775406965,951.9132153240216,6785.622653112045,12-18 h,WITHIN_CALIBRATED_SUPPORT,3551262222.815137,29.005502435074128,1099.4845501122445,11064.99378624234,1797.201635823788,ORBIT_DISTINCT,1.1102230246251563e-16,0.0,0,0,SCORED,200,200,100,200,4,196,0,0.02,conditional verifier acceptance fraction under the controlled observation model,"(0,0.1]",RARE,DESCRIPTIVE_ONLY,0.7186962707723642,0.09659688176419783,0.6885816674958244,R,R-
segment_local_heatmap_and_direction_sensitivity,orbit_unit_931c23f3cb9115dcb3bc09bb,65410,STARLINK-35024,REAL_B,65686,65410_20260310T064012Z:segment:0.0:59.0,2026-03-10T06:40:41.500000Z,315434688,2026-03-09T16:20:35.643840,2026-03-10T03:44:43,14.334960044444443,2.932916666666667,CAUSAL_GP:65410:315434688,STATIC_TLE:data/tle/starlink_tle.txt:65686,,0.0,0.0,0.0,8207.38424245752,2.888287756735189,-4911.907824975187,1648.553376370064,-6365.264282615953,4911.907824975187,-1648.553376370064,6365.264282615953,12-18 h,WITHIN_CALIBRATED_SUPPORT,2456568204.156289,29.005502435074128,1099.4845501122445,9202.889698797338,1494.7544246747605,ORBIT_DISTINCT,2.220446049250313e-16,0.0,0,0,SCORED,200,200,100,200,8,192,0,0.04,conditional verifier acceptance fraction under the controlled observation model,"(0,0.1]",RARE,DESCRIPTIVE_ONLY,0.5984742129612327,0.20086221476532712,0.7755533425239044,N,N-
segment_local_heatmap_and_direction_sensitivity,orbit_unit_984c28b86ed7c916eca821d0,65421,STARLINK-35146,REAL_B,44714,65421_20260310T064222Z:segment:0.0:59.0,2026-03-10T06:42:51.500000Z,315434193,2026-03-09T17:56:44.636640,2026-03-10T03:44:43,12.768573155555556,2.969027777777778,CAUSAL_GP:65421:315434193,STATIC_TLE:data/tle/starlink_tle.txt:44714,,0.0,0.0,0.0,13572.942428761404,14.164638947950458,-13445.215963965606,-1813.687625566938,-401.8346098350612,13445.215963965606,1813.687625566938,401.8346098350612,12-18 h,WITHIN_CALIBRATED_SUPPORT,7402293342.041094,29.005502435074128,1099.4845501122445,15975.076605184322,2594.708534129021,ORBIT_DISTINCT,2.220446049250313e-16,0.0,0,0,SCORED,200,200,100,200,4,196,0,0.02,conditional verifier acceptance fraction under the controlled observation model,"(0,0.1]",RARE,DESCRIPTIVE_ONLY,0.9905896259807938,0.13362523528602677,0.029605563564725924,R,R-
segment_local_heatmap_and_direction_sensitivity,orbit_unit_9da6b606e814d633c5875acd,44714,STARLINK-1008,REAL_B,65686,44714_20260310T023437Z:segment:0.0:59.0,2026-03-10T02:35:06.500000Z,315393241,2026-03-09T13:49:15.828096,2026-03-09T22:56:35,12.76407552888889,3.642083333333333,CAUSAL_GP:44714:315393241,STATIC_TLE:data/tle/starlink_tle.txt:65686,,0.0,0.0,0.0,8228.45273941892,15.054614747434334,-4946.004516799445,-853.1418073710395,6520.477195816721,4946.004516799445,853.1418073710395,-6520.477195816721,12-18 h,WITHIN_CALIBRATED_SUPPORT,3555939321.8543367,29.005502435074128,1099.4845501122445,11072.277822183158,1798.384725625837,ORBIT_DISTINCT,4.440892098500626e-16,0.0,0,0,SCORED,200,200,100,200,8,192,0,0.04,conditional verifier acceptance fraction under the controlled observation model,"(0,0.1]",RARE,DESCRIPTIVE_ONLY,0.6010856078816981,0.10368192349018548,0.7924305336992417,N,N+
segment_local_heatmap_and_direction_sensitivity,orbit_unit_a1862b3f717d9758a530bf7c,44714,STARLINK-1008,SYNTHETIC_RELATIVE_TO_A,synthetic_same_plane_phase_offset_-60,44714_20260310T023437Z:segment:0.0:59.0,2026-03-10T02:35:06.500000Z,315393241,2026-03-09T13:49:15.828096,2026-03-09T22:56:35,12.76407552888889,3.642083333333333,CAUSAL_GP:44714:315393241,SYNTHETIC_RELATIVE_TO_CAUSAL_A:FROZEN_ORIGINAL_PERTURBATION_RULE,2026-03-10T02:35:07Z,0.0,-60.0,0.0,457.7755130560269,0.5173954018641408,-15.310968659715485,-457.519392586079,0.0002739022099262,15.310968659715485,457.519392586079,-0.0002739022099262,12-18 h,WITHIN_CALIBRATED_SUPPORT,28367.929512907285,29.005502435074128,1099.4845501122445,31.273293678429983,5.079479992691352,ORBIT_DISTINCT,4.440892098500626e-16,0.0,0,0,SCORED,100,100,100,100,4,96,0,0.04,conditional verifier acceptance fraction under the controlled observation model,"(0,0.1]",RARE,DESCRIPTIVE_ONLY,0.033446456228080484,0.9994405107686125,5.983330303049157e-07,T,T-
segment_local_heatmap_and_direction_sensitivity,orbit_unit_cbd52cc0053eb9f66ad0abbf,44714,STARLINK-1008,REAL_B,65410,44714_20260310T023437Z:segment:0.0:59.0,2026-03-10T02:35:06.500000Z,315393241,2026-03-09T13:49:15.828096,2026-03-09T22:56:35,12.76407552888889,3.642083333333333,CAUSAL_GP:44714:315393241,STATIC_TLE:data/tle/starlink_tle.txt:65410,,0.0,0.0,0.0,13046.489851751374,14.941723412412053,-12425.038181146863,-219.9315903230863,3972.524857627975,12425.038181146863,219.9315903230863,-3972.524857627975,12-18 h,WITHIN_CALIBRATED_SUPPORT,7882635323.282779,29.005502435074128,1099.4845501122445,16485.24937587646,2677.57196412757,ORBIT_DISTINCT,4.440892098500626e-16,0.0,0,0,SCORED,200,200,100,200,8,192,0,0.04,conditional verifier acceptance fraction under the controlled observation model,"(0,0.1]",RARE,DESCRIPTIVE_ONLY,0.9523663699841006,0.016857529712757374,0.3044899358193805,R,R-
segment_local_heatmap_and_direction_sensitivity,orbit_unit_d70706124708d0800d467de5,65410,STARLINK-35024,REAL_B,47749,65410_20260310T064012Z:segment:0.0:59.0,2026-03-10T06:40:41.500000Z,315434688,2026-03-09T16:20:35.643840,2026-03-10T03:44:43,14.334960044444443,2.932916666666667,CAUSAL_GP:65410:315434688,STATIC_TLE:data/tle/starlink_tle.txt:47749,,0.0,0.0,0.0,9339.690892010294,10.968833041917495,-6366.610770522466,6080.9733032467975,-3117.3477412966217,6366.610770522466,-6080.9733032467975,3117.3477412966217,12-18 h,WITHIN_CALIBRATED_SUPPORT,1793195156.081456,29.005502435074128,1099.4845501122445,7862.733975068684,1277.0832623160072,ORBIT_DISTINCT,2.220446049250313e-16,0.0,0,0,SCORED,200,200,100,200,4,196,0,0.02,conditional verifier acceptance fraction under the controlled observation model,"(0,0.1]",RARE,DESCRIPTIVE_ONLY,0.6816725354335685,0.651089353337037,0.3337741877478385,R,R-
segment_local_heatmap_and_direction_sensitivity,orbit_unit_e78e86fa148232911fd635b0,65409,STARLINK-35022,REAL_B,65411,65409_20260310T064053Z:segment:0.0:59.0,2026-03-10T06:41:22.500000Z,315434187,2026-03-09T17:55:17.144544,2026-03-10T03:44:43,12.768154293333332,2.944305555555556,CAUSAL_GP:65409:315434187,STATIC_TLE:data/tle/starlink_tle.txt:65411,,0.0,0.0,0.0,7861.359862359932,8.756630525825004,-4514.312711012703,6435.981574535563,-10.040166913761858,4514.312711012703,-6435.981574535563,10.040166913761858,12-18 h,WITHIN_CALIBRATED_SUPPORT,806999939.2560334,29.005502435074128,1099.4845501122445,5274.685311183493,856.7264702399771,ORBIT_DISTINCT,2.220446049250313e-16,0.0,0,0,SCORED,200,200,100,200,8,192,0,0.04,conditional verifier acceptance fraction under the controlled observation model,"(0,0.1]",RARE,DESCRIPTIVE_ONLY,0.574240689912589,0.8186855311573944,0.0012771539643966713,T,T+
segment_local_heatmap_and_direction_sensitivity,orbit_unit_e88e0236957454d7fd514c50,65410,STARLINK-35024,REAL_B,65411,65410_20260310T064012Z:segment:0.0:59.0,2026-03-10T06:40:41.500000Z,315434688,2026-03-09T16:20:35.643840,2026-03-10T03:44:43,14.334960044444443,2.932916666666667,CAUSAL_GP:65410:315434688,STATIC_TLE:data/tle/starlink_tle.txt:65411,,0.0,0.0,0.0,7603.974411876122,8.46986886005759,-4223.828584834337,6322.943642994956,-9.090099717377656,4223.828584834337,-6322.943642994956,9.090099717377656,12-18 h,WITHIN_CALIBRATED_SUPPORT,705197685.1348494,29.005502435074128,1099.4845501122445,4930.7756503734745,800.8678753845645,ORBIT_DISTINCT,2.220446049250313e-16,0.0,0,0,SCORED,200,200,100,200,4,196,0,0.02,conditional verifier acceptance fraction under the controlled observation model,"(0,0.1]",RARE,DESCRIPTIVE_ONLY,0.5554764332501474,0.8315314203477047,0.0011954405979037036,T,T+
segment_local_heatmap_and_direction_sensitivity,orbit_unit_e8ef71ef04007ad514938c2e,65686,STARLINK-35137,REAL_B,44714,65686_20260310T131505Z:segment:0.0:59.0,2026-03-10T13:15:34.500000Z,315485957,2026-03-10T00:29:40.547616,2026-03-10T09:52:28,12.764986773333332,3.3851388888888887,CAUSAL_GP:65686:315485957,STATIC_TLE:data/tle/starlink_tle.txt:44714,,0.0,0.0,0.0,13036.04225996488,9.982746081653836,-12404.76385619192,3973.590832869676,520.3915531970429,12404.76385619192,-3973.590832869676,-520.3915531970429,12-18 h,WITHIN_CALIBRATED_SUPPORT,6395290431.572614,29.005502435074128,1099.4845501122445,14848.751514748652,2411.768233022193,ORBIT_DISTINCT,1.1102230246251563e-16,0.0,0,0,SCORED,200,200,100,200,4,196,0,0.02,conditional verifier acceptance fraction under the controlled observation model,"(0,0.1]",RARE,DESCRIPTIVE_ONLY,0.9515743819186837,0.3048157372942102,0.03991944355651736,R,R-
segment_local_heatmap_and_direction_sensitivity,orbit_unit_ebdb3d51bcde8a467940cc71,65409,STARLINK-35022,REAL_B,47749,65409_20260310T064053Z:segment:0.0:59.0,2026-03-10T06:41:22.500000Z,315434187,2026-03-09T17:55:17.144544,2026-03-10T03:44:43,12.768154293333332,2.944305555555556,CAUSAL_GP:65409:315434187,STATIC_TLE:data/tle/starlink_tle.txt:47749,,0.0,0.0,0.0,9560.447509681318,11.180965541297686,-6671.034569120167,6063.966406268301,-3182.41508710365,6671.034569120167,-6063.966406268301,3182.41508710365,12-18 h,WITHIN_CALIBRATED_SUPPORT,1953234060.9106555,29.005502435074128,1099.4845501122445,8206.102704408457,1332.8539978429849,ORBIT_DISTINCT,2.220446049250313e-16,0.0,0,0,SCORED,200,200,100,200,4,196,0,0.02,conditional verifier acceptance fraction under the controlled observation model,"(0,0.1]",RARE,DESCRIPTIVE_ONLY,0.6977743000382348,0.6342764185596615,0.3328730254395519,R,R-
segment_local_heatmap_and_direction_sensitivity,orbit_unit_ed62a656ff5819b2c12f5eb6,65421,STARLINK-35146,REAL_B,47749,65421_20260310T064222Z:segment:0.0:59.0,2026-03-10T06:42:51.500000Z,315434193,2026-03-09T17:56:44.636640,2026-03-10T03:44:43,12.768573155555556,2.969027777777778,CAUSAL_GP:65421:315434193,STATIC_TLE:data/tle/starlink_tle.txt:47749,,0.0,0.0,0.0,10018.422137267362,11.618374228547507,-7325.283709679057,5984.866304992653,-3300.0569698965755,7325.283709679057,-5984.866304992653,3300.0569698965755,12-18 h,WITHIN_CALIBRATED_SUPPORT,2318092071.930175,29.005502435074128,1099.4845501122445,8939.745276342093,1452.0139048307742,ORBIT_DISTINCT,2.220446049250313e-16,0.0,0,0,SCORED,200,200,100,200,0,200,0,0.0,conditional verifier acceptance fraction under the controlled observation model,0,ZERO,DESCRIPTIVE_ONLY,0.7311813785955231,0.5973861175932733,0.3293988738626563,R,R-
segment_local_heatmap_and_direction_sensitivity,orbit_unit_f5f814b3690a7369740f43ab,65686,STARLINK-35137,REAL_B,65409,65686_20260310T131505Z:segment:0.0:59.0,2026-03-10T13:15:34.500000Z,315485957,2026-03-10T00:29:40.547616,2026-03-10T09:52:28,12.764986773333332,3.3851388888888887,CAUSAL_GP:65686:315485957,STATIC_TLE:data/tle/starlink_tle.txt:65409,,0.0,0.0,0.0,435.7393543059085,9.59795914398142,-13.562325713269104,-148.65958678794382,409.3716837645406,13.562325713269104,148.65958678794382,-409.3716837645406,12-18 h,WITHIN_CALIBRATED_SUPPORT,8175082.516483317,29.005502435074128,1099.4845501122445,530.8916272814249,86.22863414362094,ORBIT_DISTINCT,1.1102230246251563e-16,0.0,0,0,SCORED,200,200,100,200,8,192,0,0.04,conditional verifier acceptance fraction under the controlled observation model,"(0,0.1]",RARE,DESCRIPTIVE_ONLY,0.031124858425681114,0.3411663080667673,0.9394875163769196,N,N+
segment_local_heatmap_and_direction_sensitivity,orbit_unit_f6233a57fa037b3e866e6bc7,44714,STARLINK-1008,REAL_B,65409,44714_20260310T023437Z:segment:0.0:59.0,2026-03-10T02:35:06.500000Z,315393241,2026-03-09T13:49:15.828096,2026-03-09T22:56:35,12.76407552888889,3.642083333333333,CAUSAL_GP:44714:315393241,STATIC_TLE:data/tle/starlink_tle.txt:65409,,0.0,0.0,0.0,13010.166461225692,14.943256846522347,-12355.607426436827,63.6071196237076,4074.230063081129,12355.607426436827,-63.6071196237076,-4074.230063081129,12-18 h,WITHIN_CALIBRATED_SUPPORT,7861833180.8773,29.005502435074128,1099.4845501122445,16463.482857719835,2674.036596390996,ORBIT_DISTINCT,4.440892098500626e-16,0.0,0,0,SCORED,200,200,100,200,4,196,0,0.02,conditional verifier acceptance fraction under the controlled observation model,"(0,0.1]",RARE,DESCRIPTIVE_ONLY,0.9496886502767162,0.004889031959220233,0.31315741233777383,R,R-
segment_local_heatmap_and_direction_sensitivity,orbit_unit_f6998bc7a2d72b5c8c91108f,65421,STARLINK-35146,REAL_B,65686,65421_20260310T064222Z:segment:0.0:59.0,2026-03-10T06:42:51.500000Z,315434193,2026-03-09T17:56:44.636640,2026-03-10T03:44:43,12.768573155555556,2.969027777777778,CAUSAL_GP:65421:315434193,STATIC_TLE:data/tle/starlink_tle.txt:65686,,0.0,0.0,0.0,8043.896166551772,3.682416699699688,-4718.610207996423,2544.635467679549,-5996.9837068217485,4718.610207996423,-2544.635467679549,5996.9837068217485,12-18 h,WITHIN_CALIBRATED_SUPPORT,2202900933.1300125,29.005502435074128,1099.4845501122445,8714.797237619601,1415.4773291238748,ORBIT_DISTINCT,2.220446049250313e-16,0.0,0,0,SCORED,200,200,100,200,8,192,0,0.04,conditional verifier acceptance fraction under the controlled observation model,"(0,0.1]",RARE,DESCRIPTIVE_ONLY,0.5866075481701774,0.3163436492704473,0.7455322125810724,N,N-
